<revista numero="2488" dataPublicacao="11/09/2018" diretoria="Programa">
  <despacho>
    <codigo>734</codigo>
    <titulo>Transferência de Titularidade</titulo>
    <processo-programa>
      <numero inid="Np">BR 51 2017 001632-1</numero>
      <titulo inid="54">ASSEMBLEIA LEGISLATIVA SOFTWARE MÓVEL ALMT INTERATIVA</titulo>
      <titularLista>
        <titular sequencia="1" inid="73">
          <nome>ASSEMBLEIA LEGISLATIVA DO ESTADO DE MATO GROSSO - ALMT</nome>
        </titular>
      </titularLista>
    </processo-programa>
  </despacho>
</revista>