<revista numero="2644" dataPublicacao="08/09/2021" diretoria="Programa">
  <despacho>
    <codigo>730</codigo>
    <titulo>Expedição do Certificado de Registro</titulo>
    <processo-programa>
      <numero inid="Np">BR 51 2021 002097-9</numero>
      <titulo inid="54">CPQD4048 - CPQD IM 4.214.0</titulo>
      <dataCriacao inid="Dl">24/04/2021</dataCriacao>
      <campoAplicacaoLista>
        <campoAplicacao>
          <codigo inid="Cp">TC-02</codigo>
        </campoAplicacao>
        <campoAplicacao>
          <codigo inid="Cp">TC-03</codigo>
        </campoAplicacao>
        <campoAplicacao>
          <codigo inid="Cp">TC-04</codigo>
        </campoAplicacao>
      </campoAplicacaoLista>
      <linguagemLista>
        <linguagem inid="Lg">C++</linguagem>
        <linguagem inid="Lg">JAVA</linguagem>
      </linguagemLista>
      <tipoProgramaLista>
        <tipoPrograma>
          <codigo inid="Tp">AP-01</codigo>
        </tipoPrograma>
      </tipoProgramaLista>
      <titularLista>
        <titular sequencia="1" inid="73">
          <nome>FUNDACAO CPQD - CENTRO DE PESQUISA E DESENVOLVIMENTO EM TELECOMUNICACOES</nome>
        </titular>
      </titularLista>
      <criadorLista>
        <criador sequencia="1" inid="Cr">
          <nome>HAMILTON VALIM DE SOUZA</nome>
        </criador>
      </criadorLista>
    </processo-programa>
  </despacho>
  <despacho>
    <codigo>730</codigo>
    <titulo>Expedição do Certificado de Registro</titulo>
    <processo-programa>
      <numero inid="Np">BR 51 2021 002098-7</numero>
      <titulo inid="54">CPQD4061 - CPQD Supervisão Óptica - 6.5.0</titulo>
      <dataCriacao inid="Dl">08/06/2021</dataCriacao>
      <campoAplicacaoLista>
        <campoAplicacao>
          <codigo inid="Cp">TC-02</codigo>
        </campoAplicacao>
        <campoAplicacao>
          <codigo inid="Cp">TC-03</codigo>
        </campoAplicacao>
        <campoAplicacao>
          <codigo inid="Cp">TC-04</codigo>
        </campoAplicacao>
      </campoAplicacaoLista>
      <linguagemLista>
        <linguagem inid="Lg">JAVA</linguagem>
      </linguagemLista>
      <tipoProgramaLista>
        <tipoPrograma>
          <codigo inid="Tp">AP-01</codigo>
        </tipoPrograma>
      </tipoProgramaLista>
      <titularLista>
        <titular sequencia="1" inid="73">
          <nome>FUNDACAO CPQD - CENTRO DE PESQUISA E DESENVOLVIMENTO EM TELECOMUNICACOES</nome>
        </titular>
      </titularLista>
      <criadorLista>
        <criador sequencia="1" inid="Cr">
          <nome>HAMILTON VALIM DE SOUZA</nome>
        </criador>
        <criador sequencia="2" inid="Cr">
          <nome>RODRIGO PEREIRA</nome>
        </criador>
      </criadorLista>
    </processo-programa>
  </despacho>
  <despacho>
    <codigo>730</codigo>
    <titulo>Expedição do Certificado de Registro</titulo>
    <processo-programa>
      <numero inid="Np">BR 51 2021 002099-5</numero>
      <titulo inid="54">CPQD4062 - CPQD Utils cpqd-utils-auditing - 1.0.2</titulo>
      <dataCriacao inid="Dl">24/04/2021</dataCriacao>
      <campoAplicacaoLista>
        <campoAplicacao>
          <codigo inid="Cp">TC-02</codigo>
        </campoAplicacao>
        <campoAplicacao>
          <codigo inid="Cp">TC-03</codigo>
        </campoAplicacao>
        <campoAplicacao>
          <codigo inid="Cp">TC-04</codigo>
        </campoAplicacao>
      </campoAplicacaoLista>
      <linguagemLista>
        <linguagem inid="Lg">C++</linguagem>
        <linguagem inid="Lg">JAVA</linguagem>
      </linguagemLista>
      <tipoProgramaLista>
        <tipoPrograma>
          <codigo inid="Tp">AP-01</codigo>
        </tipoPrograma>
      </tipoProgramaLista>
      <titularLista>
        <titular sequencia="1" inid="73">
          <nome>FUNDACAO CPQD - CENTRO DE PESQUISA E DESENVOLVIMENTO EM TELECOMUNICACOES</nome>
        </titular>
      </titularLista>
      <criadorLista>
        <criador sequencia="1" inid="Cr">
          <nome>HAMILTON VALIM DE SOUZA</nome>
        </criador>
      </criadorLista>
    </processo-programa>
  </despacho>
  <despacho>
    <codigo>730</codigo>
    <titulo>Expedição do Certificado de Registro</titulo>
    <processo-programa>
      <numero inid="Np">BR 51 2021 002107-0</numero>
      <titulo inid="54">Teste Caixa e Blocos Virtual Controlado por Leap Motion para Avaliação da Função Manual</titulo>
      <dataCriacao inid="Dl">30/06/2021</dataCriacao>
      <campoAplicacaoLista>
        <campoAplicacao>
          <codigo inid="Cp">IN-02</codigo>
        </campoAplicacao>
        <campoAplicacao>
          <codigo inid="Cp">SD-06</codigo>
        </campoAplicacao>
      </campoAplicacaoLista>
      <linguagemLista>
        <linguagem inid="Lg">C#</linguagem>
        <linguagem inid="Lg">JSON</linguagem>
        <linguagem inid="Lg">UNITY</linguagem>
      </linguagemLista>
      <tipoProgramaLista>
        <tipoPrograma>
          <codigo inid="Tp">AP-01</codigo>
        </tipoPrograma>
        <tipoPrograma>
          <codigo inid="Tp">ET-02</codigo>
        </tipoPrograma>
      </tipoProgramaLista>
      <titularLista>
        <titular sequencia="1" inid="73">
          <nome>ANA GRASIELLE DIONÍSIO CORRÊA</nome>
        </titular>
        <titular sequencia="2" inid="73">
          <nome>SILVANA MARIA BLASCOVI-ASSIS</nome>
        </titular>
      </titularLista>
      <criadorLista>
        <criador sequencia="1" inid="Cr">
          <nome>ANA GRASIELLE DIONÍSIO CORRÊA</nome>
        </criador>
        <criador sequencia="2" inid="Cr">
          <nome>DANIELE ALVES DEUTNER</nome>
        </criador>
        <criador sequencia="3" inid="Cr">
          <nome>DIEGO CLEMENTINO POMPEO</nome>
        </criador>
        <criador sequencia="4" inid="Cr">
          <nome>NATÁLIA REGINA KINTSCHNER</nome>
        </criador>
        <criador sequencia="5" inid="Cr">
          <nome>SILVANA MARIA BLASCOVI-ASSIS</nome>
        </criador>
      </criadorLista>
    </processo-programa>
  </despacho>
  <despacho>
    <codigo>730</codigo>
    <titulo>Expedição do Certificado de Registro</titulo>
    <processo-programa>
      <numero inid="Np">BR 51 2021 002108-8</numero>
      <titulo inid="54">Findout</titulo>
      <dataCriacao inid="Dl">01/08/2018</dataCriacao>
      <campoAplicacaoLista>
        <campoAplicacao>
          <codigo inid="Cp">AD-01</codigo>
        </campoAplicacao>
        <campoAplicacao>
          <codigo inid="Cp">AD-07</codigo>
        </campoAplicacao>
        <campoAplicacao>
          <codigo inid="Cp">AD-09</codigo>
        </campoAplicacao>
        <campoAplicacao>
          <codigo inid="Cp">IF-07</codigo>
        </campoAplicacao>
        <campoAplicacao>
          <codigo inid="Cp">IF-10</codigo>
        </campoAplicacao>
      </campoAplicacaoLista>
      <linguagemLista>
        <linguagem inid="Lg">FRAMEWORK</linguagem>
        <linguagem inid="Lg">JAVA</linguagem>
        <linguagem inid="Lg">JAVA SCRIPT</linguagem>
        <linguagem inid="Lg">JQUERY</linguagem>
        <linguagem inid="Lg">MYSQL</linguagem>
        <linguagem inid="Lg">PHP</linguagem>
      </linguagemLista>
      <tipoProgramaLista>
        <tipoPrograma>
          <codigo inid="Tp">AP-01</codigo>
        </tipoPrograma>
        <tipoPrograma>
          <codigo inid="Tp">AP-02</codigo>
        </tipoPrograma>
        <tipoPrograma>
          <codigo inid="Tp">AP-03</codigo>
        </tipoPrograma>
        <tipoPrograma>
          <codigo inid="Tp">CD-01</codigo>
        </tipoPrograma>
        <tipoPrograma>
          <codigo inid="Tp">CT-03</codigo>
        </tipoPrograma>
        <tipoPrograma>
          <codigo inid="Tp">TI-03</codigo>
        </tipoPrograma>
      </tipoProgramaLista>
      <titularLista>
        <titular sequencia="1" inid="73">
          <nome>3A SOLUÇÕES EM COBRANÇAS E TELEATENDIMENTO LTDA.</nome>
        </titular>
      </titularLista>
      <criadorLista>
        <criador sequencia="1" inid="Cr">
          <nome>HERBERT PEREIRA FRANCK</nome>
        </criador>
      </criadorLista>
    </processo-programa>
  </despacho>
  <despacho>
    <codigo>730</codigo>
    <titulo>Expedição do Certificado de Registro</titulo>
    <processo-programa>
      <numero inid="Np">BR 51 2021 002109-6</numero>
      <titulo inid="54">TRUE FEELINGS</titulo>
      <dataCriacao inid="Dl">03/08/2020</dataCriacao>
      <campoAplicacaoLista>
        <campoAplicacao>
          <codigo inid="Cp">IN-02</codigo>
        </campoAplicacao>
        <campoAplicacao>
          <codigo inid="Cp">PS-01</codigo>
        </campoAplicacao>
      </campoAplicacaoLista>
      <linguagemLista>
        <linguagem inid="Lg">OUTROS</linguagem>
      </linguagemLista>
      <tipoProgramaLista>
        <tipoPrograma>
          <codigo inid="Tp">AP-01</codigo>
        </tipoPrograma>
      </tipoProgramaLista>
      <titularLista>
        <titular sequencia="1" inid="73">
          <nome>UNIVERSIDADE FEDERAL DE JUIZ DE FORA</nome>
        </titular>
        <titular sequencia="2" inid="73">
          <nome>UNIVERSIDADE FEDERAL DE VIÇOSA</nome>
        </titular>
      </titularLista>
      <criadorLista>
        <criador sequencia="1" inid="Cr">
          <nome>ANTONIO FERNANDES DE CARVALHO</nome>
        </criador>
        <criador sequencia="2" inid="Cr">
          <nome>NAYARA CRISTINA PIMENTA PENA</nome>
        </criador>
        <criador sequencia="3" inid="Cr">
          <nome>RODRIGO STEPHANI</nome>
        </criador>
        <criador sequencia="4" inid="Cr">
          <nome>SAMUEL JOSÉ SILVA SOARES DA ROCHA</nome>
        </criador>
        <criador sequencia="5" inid="Cr">
          <nome>VINÍCIUS RODRIGUES ARRUDA PINTO *</nome>
        </criador>
        <criador sequencia="6" inid="Cr">
          <nome>ÍTALO TULER PERRONE</nome>
        </criador>
        <criador sequencia="7" inid="Cr">
          <nome>ÍTALO TULER PERRONE</nome>
        </criador>
        <criador sequencia="8" inid="Cr">
          <nome>VINÍCIUS RODRIGUES ARRUDA PINTO *</nome>
        </criador>
        <criador sequencia="9" inid="Cr">
          <nome>ÍTALO TULER PERRONE</nome>
        </criador>
        <criador sequencia="10" inid="Cr">
          <nome>ÍTALO TULER PERRONE</nome>
        </criador>
      </criadorLista>
    </processo-programa>
  </despacho>
  <despacho>
    <codigo>730</codigo>
    <titulo>Expedição do Certificado de Registro</titulo>
    <processo-programa>
      <numero inid="Np">BR 51 2021 002110-0</numero>
      <titulo inid="54">JusDS - Sistema de Gestão de Departamentos Jurídico e Administrativo</titulo>
      <dataCriacao inid="Dl">31/08/2019</dataCriacao>
      <campoAplicacaoLista>
        <campoAplicacao>
          <codigo inid="Cp">AD-01</codigo>
        </campoAplicacao>
        <campoAplicacao>
          <codigo inid="Cp">AD-02</codigo>
        </campoAplicacao>
        <campoAplicacao>
          <codigo inid="Cp">AD-11</codigo>
        </campoAplicacao>
      </campoAplicacaoLista>
      <linguagemLista>
        <linguagem inid="Lg">JAVA</linguagem>
        <linguagem inid="Lg">MAKER</linguagem>
      </linguagemLista>
      <tipoProgramaLista>
        <tipoPrograma>
          <codigo inid="Tp">AP-01</codigo>
        </tipoPrograma>
        <tipoPrograma>
          <codigo inid="Tp">AT-02</codigo>
        </tipoPrograma>
        <tipoPrograma>
          <codigo inid="Tp">AT-06</codigo>
        </tipoPrograma>
      </tipoProgramaLista>
      <titularLista>
        <titular sequencia="1" inid="73">
          <nome>DESIGNSOFT TECNOLOGIA LTDA</nome>
        </titular>
      </titularLista>
      <criadorLista>
        <criador sequencia="1" inid="Cr">
          <nome>MARCIO ROBERTO BATISTA DA SILVA</nome>
        </criador>
        <criador sequencia="2" inid="Cr">
          <nome>ROBERTO SOBREIRA BARBALHO</nome>
        </criador>
      </criadorLista>
    </processo-programa>
  </despacho>
  <despacho>
    <codigo>730</codigo>
    <titulo>Expedição do Certificado de Registro</titulo>
    <processo-programa>
      <numero inid="Np">BR 51 2021 002111-8</numero>
      <titulo inid="54">Saudetech</titulo>
      <dataCriacao inid="Dl">01/03/1998</dataCriacao>
      <campoAplicacaoLista>
        <campoAplicacao>
          <codigo inid="Cp">AD-08</codigo>
        </campoAplicacao>
        <campoAplicacao>
          <codigo inid="Cp">SD-01</codigo>
        </campoAplicacao>
        <campoAplicacao>
          <codigo inid="Cp">SD-02</codigo>
        </campoAplicacao>
        <campoAplicacao>
          <codigo inid="Cp">SD-05</codigo>
        </campoAplicacao>
        <campoAplicacao>
          <codigo inid="Cp">SD-10</codigo>
        </campoAplicacao>
        <campoAplicacao>
          <codigo inid="Cp">SD-11</codigo>
        </campoAplicacao>
      </campoAplicacaoLista>
      <linguagemLista>
        <linguagem inid="Lg">ACTIVE SERVER PAGES</linguagem>
        <linguagem inid="Lg">CSS</linguagem>
        <linguagem inid="Lg">HTML</linguagem>
        <linguagem inid="Lg">JAVA SCRIPT</linguagem>
        <linguagem inid="Lg">PHP</linguagem>
      </linguagemLista>
      <tipoProgramaLista>
        <tipoPrograma>
          <codigo inid="Tp">AP-01</codigo>
        </tipoPrograma>
      </tipoProgramaLista>
      <titularLista>
        <titular sequencia="1" inid="73">
          <nome>OLOS TECNOLOGIA LTDA.</nome>
        </titular>
      </titularLista>
      <criadorLista>
        <criador sequencia="1" inid="Cr">
          <nome>ALFREDO ROEDER JUNIOR</nome>
        </criador>
      </criadorLista>
    </processo-programa>
  </despacho>
  <despacho>
    <codigo>730</codigo>
    <titulo>Expedição do Certificado de Registro</titulo>
    <processo-programa>
      <numero inid="Np">BR 51 2021 002112-6</numero>
      <titulo inid="54">Chicobel App</titulo>
      <dataCriacao inid="Dl">29/07/2021</dataCriacao>
      <campoAplicacaoLista>
        <campoAplicacao>
          <codigo inid="Cp">AD-06</codigo>
        </campoAplicacao>
        <campoAplicacao>
          <codigo inid="Cp">AD-08</codigo>
        </campoAplicacao>
      </campoAplicacaoLista>
      <linguagemLista>
        <linguagem inid="Lg">PHP</linguagem>
      </linguagemLista>
      <tipoProgramaLista>
        <tipoPrograma>
          <codigo inid="Tp">AP-01</codigo>
        </tipoPrograma>
      </tipoProgramaLista>
      <titularLista>
        <titular sequencia="1" inid="73">
          <nome>ANTONIO ASSIS BANDEIRA</nome>
        </titular>
      </titularLista>
      <criadorLista>
        <criador sequencia="1" inid="Cr">
          <nome>ANTONIO ASSIS BANDEIRA</nome>
        </criador>
      </criadorLista>
    </processo-programa>
  </despacho>
  <despacho>
    <codigo>730</codigo>
    <titulo>Expedição do Certificado de Registro</titulo>
    <processo-programa>
      <numero inid="Np">BR 51 2021 002113-4</numero>
      <titulo inid="54">CISSLiveScan</titulo>
      <dataCriacao inid="Dl">19/09/2016</dataCriacao>
      <campoAplicacaoLista>
        <campoAplicacao>
          <codigo inid="Cp">SV-03</codigo>
        </campoAplicacao>
      </campoAplicacaoLista>
      <linguagemLista>
        <linguagem inid="Lg">C++</linguagem>
      </linguagemLista>
      <tipoProgramaLista>
        <tipoPrograma>
          <codigo inid="Tp">AP-01</codigo>
        </tipoPrograma>
        <tipoPrograma>
          <codigo inid="Tp">AT-03</codigo>
        </tipoPrograma>
        <tipoPrograma>
          <codigo inid="Tp">CD-02</codigo>
        </tipoPrograma>
        <tipoPrograma>
          <codigo inid="Tp">FA-01</codigo>
        </tipoPrograma>
        <tipoPrograma>
          <codigo inid="Tp">GI-01</codigo>
        </tipoPrograma>
        <tipoPrograma>
          <codigo inid="Tp">GI-02</codigo>
        </tipoPrograma>
        <tipoPrograma>
          <codigo inid="Tp">GI-06</codigo>
        </tipoPrograma>
      </tipoProgramaLista>
      <titularLista>
        <titular sequencia="1" inid="73">
          <nome>CISS CONSULTORIA EM INFORMATICA SERVICOS E SOFTWARE S/A</nome>
        </titular>
      </titularLista>
      <criadorLista>
        <criador sequencia="1" inid="Cr">
          <nome>GILSON ANTONIO TEDESCO</nome>
        </criador>
      </criadorLista>
    </processo-programa>
  </despacho>
  <despacho>
    <codigo>730</codigo>
    <titulo>Expedição do Certificado de Registro</titulo>
    <processo-programa>
      <numero inid="Np">BR 51 2021 002114-2</numero>
      <titulo inid="54">PERSEC - Middleware para criptografia múltipla em serviços da Web</titulo>
      <dataCriacao inid="Dl">01/06/2015</dataCriacao>
      <campoAplicacaoLista>
        <campoAplicacao>
          <codigo inid="Cp">IF-10</codigo>
        </campoAplicacao>
      </campoAplicacaoLista>
      <linguagemLista>
        <linguagem inid="Lg">JAVA</linguagem>
      </linguagemLista>
      <tipoProgramaLista>
        <tipoPrograma>
          <codigo inid="Tp">PD-01</codigo>
        </tipoPrograma>
        <tipoPrograma>
          <codigo inid="Tp">PD-03</codigo>
        </tipoPrograma>
        <tipoPrograma>
          <codigo inid="Tp">TC-01</codigo>
        </tipoPrograma>
      </tipoProgramaLista>
      <titularLista>
        <titular sequencia="1" inid="73">
          <nome>INSTITUTO FEDERAL DE EDUCAÇÃO, CIÊNCIA E TECNOLOGIA BAIANO</nome>
        </titular>
      </titularLista>
      <criadorLista>
        <criador sequencia="1" inid="Cr">
          <nome>ALEXANDRO DOS SANTOS SILVA</nome>
        </criador>
        <criador sequencia="2" inid="Cr">
          <nome>ALLAN DELON BARBOSA ARAÚJO</nome>
        </criador>
        <criador sequencia="3" inid="Cr">
          <nome>PAULO CAETANO DA SILVA</nome>
        </criador>
      </criadorLista>
    </processo-programa>
  </despacho>
  <despacho>
    <codigo>730</codigo>
    <titulo>Expedição do Certificado de Registro</titulo>
    <processo-programa>
      <numero inid="Np">BR 51 2021 002115-0</numero>
      <titulo inid="54">Mulheres App</titulo>
      <dataCriacao inid="Dl">01/08/2020</dataCriacao>
      <campoAplicacaoLista>
        <campoAplicacao>
          <codigo inid="Cp">PR-03</codigo>
        </campoAplicacao>
      </campoAplicacaoLista>
      <linguagemLista>
        <linguagem inid="Lg">HTML</linguagem>
        <linguagem inid="Lg">JAVA SCRIPT</linguagem>
        <linguagem inid="Lg">PHP</linguagem>
      </linguagemLista>
      <tipoProgramaLista>
        <tipoPrograma>
          <codigo inid="Tp">GI-01</codigo>
        </tipoPrograma>
      </tipoProgramaLista>
      <titularLista>
        <titular sequencia="1" inid="73">
          <nome>INSTITUTO FEDERAL DE EDUCAÇÃO, CIÊNCIA E TECNOLOGIA DO RIO GRANDE DO NORTE</nome>
        </titular>
      </titularLista>
      <criadorLista>
        <criador sequencia="1" inid="Cr">
          <nome>ARI BARRETO DE OLIVEIRA</nome>
        </criador>
      </criadorLista>
    </processo-programa>
  </despacho>
  <despacho>
    <codigo>730</codigo>
    <titulo>Expedição do Certificado de Registro</titulo>
    <processo-programa>
      <numero inid="Np">BR 51 2021 002116-9</numero>
      <titulo inid="54">PINKapp</titulo>
      <dataCriacao inid="Dl">25/06/2021</dataCriacao>
      <campoAplicacaoLista>
        <campoAplicacao>
          <codigo inid="Cp">AH-02</codigo>
        </campoAplicacao>
        <campoAplicacao>
          <codigo inid="Cp">AH-03</codigo>
        </campoAplicacao>
        <campoAplicacao>
          <codigo inid="Cp">AH-05</codigo>
        </campoAplicacao>
        <campoAplicacao>
          <codigo inid="Cp">AN-01</codigo>
        </campoAplicacao>
        <campoAplicacao>
          <codigo inid="Cp">AN-02</codigo>
        </campoAplicacao>
        <campoAplicacao>
          <codigo inid="Cp">AN-03</codigo>
        </campoAplicacao>
        <campoAplicacao>
          <codigo inid="Cp">AN-04</codigo>
        </campoAplicacao>
        <campoAplicacao>
          <codigo inid="Cp">AN-06</codigo>
        </campoAplicacao>
        <campoAplicacao>
          <codigo inid="Cp">AN-07</codigo>
        </campoAplicacao>
        <campoAplicacao>
          <codigo inid="Cp">CO-02</codigo>
        </campoAplicacao>
        <campoAplicacao>
          <codigo inid="Cp">CO-03</codigo>
        </campoAplicacao>
        <campoAplicacao>
          <codigo inid="Cp">CO-05</codigo>
        </campoAplicacao>
        <campoAplicacao>
          <codigo inid="Cp">EC-02</codigo>
        </campoAplicacao>
        <campoAplicacao>
          <codigo inid="Cp">EC-03</codigo>
        </campoAplicacao>
        <campoAplicacao>
          <codigo inid="Cp">EC-04</codigo>
        </campoAplicacao>
      </campoAplicacaoLista>
      <linguagemLista>
        <linguagem inid="Lg">IOS</linguagem>
        <linguagem inid="Lg">JAVA</linguagem>
        <linguagem inid="Lg">JAVA SCRIPT</linguagem>
        <linguagem inid="Lg">OUTROS</linguagem>
        <linguagem inid="Lg">SQL</linguagem>
      </linguagemLista>
      <tipoProgramaLista>
        <tipoPrograma>
          <codigo inid="Tp">AP-01</codigo>
        </tipoPrograma>
      </tipoProgramaLista>
      <titularLista>
        <titular sequencia="1" inid="73">
          <nome>JOAO LUIZ DARQUES FERREIRA</nome>
        </titular>
      </titularLista>
      <criadorLista>
        <criador sequencia="1" inid="Cr">
          <nome>BREYNER GONÇALVES DA SILVA</nome>
        </criador>
        <criador sequencia="2" inid="Cr">
          <nome>JOAO LUIZ DARQUES FERREIRA</nome>
        </criador>
        <criador sequencia="3" inid="Cr">
          <nome>PAULO FELIPE BARBOSA BRAGA</nome>
        </criador>
      </criadorLista>
    </processo-programa>
  </despacho>
  <despacho>
    <codigo>730</codigo>
    <titulo>Expedição do Certificado de Registro</titulo>
    <processo-programa>
      <numero inid="Np">BR 51 2021 002117-7</numero>
      <titulo inid="54">CPQD4049 - PlatIA - Extensão do JupyterLab para acesso remoto a GPU</titulo>
      <dataCriacao inid="Dl">25/05/2021</dataCriacao>
      <campoAplicacaoLista>
        <campoAplicacao>
          <codigo inid="Cp">IF-07</codigo>
        </campoAplicacao>
      </campoAplicacaoLista>
      <linguagemLista>
        <linguagem inid="Lg">JAVA SCRIPT</linguagem>
        <linguagem inid="Lg">OUTROS</linguagem>
        <linguagem inid="Lg">PYTHON</linguagem>
      </linguagemLista>
      <tipoProgramaLista>
        <tipoPrograma>
          <codigo inid="Tp">DS-01</codigo>
        </tipoPrograma>
      </tipoProgramaLista>
      <titularLista>
        <titular sequencia="1" inid="73">
          <nome>FUNDACAO CPQD - CENTRO DE PESQUISA E DESENVOLVIMENTO EM TELECOMUNICACOES</nome>
        </titular>
      </titularLista>
      <criadorLista>
        <criador sequencia="1" inid="Cr">
          <nome>FÁBIO BERANIZO FONTES LOPES</nome>
        </criador>
        <criador sequencia="2" inid="Cr">
          <nome>LUAN EDUARDO DA COSTA</nome>
        </criador>
        <criador sequencia="3" inid="Cr">
          <nome>MIGUEL FIGUEIRA FERRAZ</nome>
        </criador>
      </criadorLista>
    </processo-programa>
  </despacho>
  <despacho>
    <codigo>730</codigo>
    <titulo>Expedição do Certificado de Registro</titulo>
    <processo-programa>
      <numero inid="Np">BR 51 2021 002118-5</numero>
      <titulo inid="54">Zoneamento de agregados miúdos - parte 1</titulo>
      <dataCriacao inid="Dl">23/06/2021</dataCriacao>
      <campoAplicacaoLista>
        <campoAplicacao>
          <codigo inid="Cp">CC-06</codigo>
        </campoAplicacao>
      </campoAplicacaoLista>
      <linguagemLista>
        <linguagem inid="Lg">EXCEL</linguagem>
        <linguagem inid="Lg">HTML</linguagem>
        <linguagem inid="Lg">JAVA</linguagem>
      </linguagemLista>
      <tipoProgramaLista>
        <tipoPrograma>
          <codigo inid="Tp">SO-02</codigo>
        </tipoPrograma>
      </tipoProgramaLista>
      <titularLista>
        <titular sequencia="1" inid="73">
          <nome>INSTITUTO FEDERAL DE EDUCAÇÃO, CIÊNCIA E TECNOLOGIA GOIANO</nome>
        </titular>
      </titularLista>
      <criadorLista>
        <criador sequencia="1" inid="Cr">
          <nome>ALEXSANDRO DOS SANTOS FELIPE</nome>
        </criador>
        <criador sequencia="2" inid="Cr">
          <nome>BRUNNO DE OLIVEIRA SANTIRSO</nome>
        </criador>
        <criador sequencia="3" inid="Cr">
          <nome>DIEGO PORTILHO BARBOSA</nome>
        </criador>
        <criador sequencia="4" inid="Cr">
          <nome>FERNANDO MASSAO KAWAHARA</nome>
        </criador>
        <criador sequencia="5" inid="Cr">
          <nome>FLÁVIO HIOCHIO SATO</nome>
        </criador>
        <criador sequencia="6" inid="Cr">
          <nome>GILBERTO COLODRO</nome>
        </criador>
        <criador sequencia="7" inid="Cr">
          <nome>IDALCI CRUVINEL DOS REIS</nome>
        </criador>
        <criador sequencia="8" inid="Cr">
          <nome>LAVINNIA BARROS RIBEIRO</nome>
        </criador>
        <criador sequencia="9" inid="Cr">
          <nome>MATHEUS SILVA DE ARAUJO</nome>
        </criador>
      </criadorLista>
    </processo-programa>
  </despacho>
  <despacho>
    <codigo>730</codigo>
    <titulo>Expedição do Certificado de Registro</titulo>
    <processo-programa>
      <numero inid="Np">BR 51 2021 002119-3</numero>
      <titulo inid="54">Zoneamento de agregados miúdos - tipo 2</titulo>
      <dataCriacao inid="Dl">23/06/2021</dataCriacao>
      <campoAplicacaoLista>
        <campoAplicacao>
          <codigo inid="Cp">CC-06</codigo>
        </campoAplicacao>
      </campoAplicacaoLista>
      <linguagemLista>
        <linguagem inid="Lg">EXCEL</linguagem>
        <linguagem inid="Lg">HTML</linguagem>
        <linguagem inid="Lg">JAVA</linguagem>
      </linguagemLista>
      <tipoProgramaLista>
        <tipoPrograma>
          <codigo inid="Tp">SO-02</codigo>
        </tipoPrograma>
      </tipoProgramaLista>
      <titularLista>
        <titular sequencia="1" inid="73">
          <nome>INSTITUTO FEDERAL DE EDUCAÇÃO, CIÊNCIA E TECNOLOGIA GOIANO</nome>
        </titular>
      </titularLista>
      <criadorLista>
        <criador sequencia="1" inid="Cr">
          <nome>ALEXSANDRO DOS SANTOS FELIPE</nome>
        </criador>
        <criador sequencia="2" inid="Cr">
          <nome>BRUNNO DE OLIVEIRA SANTIRSO</nome>
        </criador>
        <criador sequencia="3" inid="Cr">
          <nome>DIEGO PORTILHO BARBOSA</nome>
        </criador>
        <criador sequencia="4" inid="Cr">
          <nome>FERNANDO MASSAO KAWAHARA</nome>
        </criador>
        <criador sequencia="5" inid="Cr">
          <nome>FLÁVIO HIOCHIO SATO</nome>
        </criador>
        <criador sequencia="6" inid="Cr">
          <nome>GILBERTO COLODRO</nome>
        </criador>
        <criador sequencia="7" inid="Cr">
          <nome>IDALCI CRUVINEL DOS REIS</nome>
        </criador>
        <criador sequencia="8" inid="Cr">
          <nome>LAVINNIA BARROS RIBEIRO</nome>
        </criador>
        <criador sequencia="9" inid="Cr">
          <nome>MATHEUS SILVA DE ARAUJO</nome>
        </criador>
      </criadorLista>
    </processo-programa>
  </despacho>
  <despacho>
    <codigo>730</codigo>
    <titulo>Expedição do Certificado de Registro</titulo>
    <processo-programa>
      <numero inid="Np">BR 51 2021 002120-7</numero>
      <titulo inid="54">Middeverse</titulo>
      <dataCriacao inid="Dl">01/07/2017</dataCriacao>
      <campoAplicacaoLista>
        <campoAplicacao>
          <codigo inid="Cp">IF-10</codigo>
        </campoAplicacao>
      </campoAplicacaoLista>
      <linguagemLista>
        <linguagem inid="Lg">JAVA</linguagem>
      </linguagemLista>
      <tipoProgramaLista>
        <tipoPrograma>
          <codigo inid="Tp">AP-01</codigo>
        </tipoPrograma>
        <tipoPrograma>
          <codigo inid="Tp">AP-03</codigo>
        </tipoPrograma>
        <tipoPrograma>
          <codigo inid="Tp">AP-04</codigo>
        </tipoPrograma>
        <tipoPrograma>
          <codigo inid="Tp">CT-02</codigo>
        </tipoPrograma>
        <tipoPrograma>
          <codigo inid="Tp">TI-03</codigo>
        </tipoPrograma>
        <tipoPrograma>
          <codigo inid="Tp">TI-04</codigo>
        </tipoPrograma>
      </tipoProgramaLista>
      <titularLista>
        <titular sequencia="1" inid="73">
          <nome>VAIL SAMUEL HADDAD</nome>
        </titular>
      </titularLista>
      <criadorLista>
        <criador sequencia="1" inid="Cr">
          <nome>VAIL SAMUEL HADDAD</nome>
        </criador>
      </criadorLista>
    </processo-programa>
  </despacho>
  <despacho>
    <codigo>730</codigo>
    <titulo>Expedição do Certificado de Registro</titulo>
    <processo-programa>
      <numero inid="Np">BR 51 2021 002121-5</numero>
      <titulo inid="54">APP DE BPF (BOAS PRÁTICAS) PARA FABRICAÇÃO DE RAÇÃO</titulo>
      <dataCriacao inid="Dl">27/08/2020</dataCriacao>
      <campoAplicacaoLista>
        <campoAplicacao>
          <codigo inid="Cp">AD-06</codigo>
        </campoAplicacao>
      </campoAplicacaoLista>
      <linguagemLista>
        <linguagem inid="Lg">JAVA SCRIPT</linguagem>
      </linguagemLista>
      <tipoProgramaLista>
        <tipoPrograma>
          <codigo inid="Tp">AP-03</codigo>
        </tipoPrograma>
        <tipoPrograma>
          <codigo inid="Tp">AT-06</codigo>
        </tipoPrograma>
        <tipoPrograma>
          <codigo inid="Tp">SO-01</codigo>
        </tipoPrograma>
      </tipoProgramaLista>
      <titularLista>
        <titular sequencia="1" inid="73">
          <nome>JOÃO FRANZ TEGETHOFF</nome>
        </titular>
      </titularLista>
      <criadorLista>
        <criador sequencia="1" inid="Cr">
          <nome>JOÃO FRANZ TEGETHOFF</nome>
        </criador>
      </criadorLista>
    </processo-programa>
  </despacho>
  <despacho>
    <codigo>730</codigo>
    <titulo>Expedição do Certificado de Registro</titulo>
    <processo-programa>
      <numero inid="Np">BR 51 2021 002122-3</numero>
      <titulo inid="54">Identificação pessoal por meio da microestrutura do esmalte dental</titulo>
      <dataCriacao inid="Dl">10/06/2021</dataCriacao>
      <campoAplicacaoLista>
        <campoAplicacao>
          <codigo inid="Cp">BL-01</codigo>
        </campoAplicacao>
      </campoAplicacaoLista>
      <linguagemLista>
        <linguagem inid="Lg">PYTHON</linguagem>
      </linguagemLista>
      <tipoProgramaLista>
        <tipoPrograma>
          <codigo inid="Tp">TC-04</codigo>
        </tipoPrograma>
      </tipoProgramaLista>
      <titularLista>
        <titular sequencia="1" inid="73">
          <nome>UNIVERSIDADE ESTADUAL DE CAMPINAS - UNICAMP</nome>
        </titular>
      </titularLista>
      <criadorLista>
        <criador sequencia="1" inid="Cr">
          <nome>GIOVANI BRESSAN FOGALLI</nome>
        </criador>
        <criador sequencia="2" inid="Cr">
          <nome>SERGIO ROBERTO PERES LINE</nome>
        </criador>
      </criadorLista>
    </processo-programa>
  </despacho>
  <despacho>
    <codigo>730</codigo>
    <titulo>Expedição do Certificado de Registro</titulo>
    <processo-programa>
      <numero inid="Np">BR 51 2021 002123-1</numero>
      <titulo inid="54">Radar da Ciência</titulo>
      <dataCriacao inid="Dl">28/09/2020</dataCriacao>
      <campoAplicacaoLista>
        <campoAplicacao>
          <codigo inid="Cp">AD-10</codigo>
        </campoAplicacao>
      </campoAplicacaoLista>
      <linguagemLista>
        <linguagem inid="Lg">C#</linguagem>
      </linguagemLista>
      <tipoProgramaLista>
        <tipoPrograma>
          <codigo inid="Tp">DS-04</codigo>
        </tipoPrograma>
      </tipoProgramaLista>
      <titularLista>
        <titular sequencia="1" inid="73">
          <nome>FUNDAÇÃO UNIVERSIDADE FEDERAL DO TOCANTINS</nome>
        </titular>
      </titularLista>
      <criadorLista>
        <criador sequencia="1" inid="Cr">
          <nome>KLEBER ABREU SOUSA</nome>
        </criador>
        <criador sequencia="2" inid="Cr">
          <nome>MARCIA THIELY DE MACEDO</nome>
        </criador>
      </criadorLista>
    </processo-programa>
  </despacho>
  <despacho>
    <codigo>730</codigo>
    <titulo>Expedição do Certificado de Registro</titulo>
    <processo-programa>
      <numero inid="Np">BR 51 2021 002124-0</numero>
      <titulo inid="54">pycluster-geo</titulo>
      <dataCriacao inid="Dl">28/07/2021</dataCriacao>
      <campoAplicacaoLista>
        <campoAplicacao>
          <codigo inid="Cp">GL-06</codigo>
        </campoAplicacao>
        <campoAplicacao>
          <codigo inid="Cp">IN-04</codigo>
        </campoAplicacao>
        <campoAplicacao>
          <codigo inid="Cp">MT-04</codigo>
        </campoAplicacao>
        <campoAplicacao>
          <codigo inid="Cp">PD-01</codigo>
        </campoAplicacao>
      </campoAplicacaoLista>
      <linguagemLista>
        <linguagem inid="Lg">PYTHON</linguagem>
      </linguagemLista>
      <tipoProgramaLista>
        <tipoPrograma>
          <codigo inid="Tp">DS-05</codigo>
        </tipoPrograma>
      </tipoProgramaLista>
      <titularLista>
        <titular sequencia="1" inid="73">
          <nome>SERVIÇO NACIONAL DE APRENDIZAGEM INDUSTRIAL</nome>
        </titular>
      </titularLista>
      <criadorLista>
        <criador sequencia="1" inid="Cr">
          <nome>ALLISON AMORIM DO NASCIMENTO</nome>
        </criador>
        <criador sequencia="2" inid="Cr">
          <nome>LÍLIAN LEFOL NANI GUARIEIRO</nome>
        </criador>
      </criadorLista>
    </processo-programa>
  </despacho>
  <despacho>
    <codigo>730</codigo>
    <titulo>Expedição do Certificado de Registro</titulo>
    <processo-programa>
      <numero inid="Np">BR 51 2021 002125-8</numero>
      <titulo inid="54">Realque</titulo>
      <dataCriacao inid="Dl">26/08/2021</dataCriacao>
      <campoAplicacaoLista>
        <campoAplicacao>
          <codigo inid="Cp">EN-04</codigo>
        </campoAplicacao>
      </campoAplicacaoLista>
      <linguagemLista>
        <linguagem inid="Lg">PYTHON</linguagem>
      </linguagemLista>
      <tipoProgramaLista>
        <tipoPrograma>
          <codigo inid="Tp">AP-01</codigo>
        </tipoPrograma>
        <tipoPrograma>
          <codigo inid="Tp">FA-03</codigo>
        </tipoPrograma>
        <tipoPrograma>
          <codigo inid="Tp">GI-04</codigo>
        </tipoPrograma>
        <tipoPrograma>
          <codigo inid="Tp">GI-06</codigo>
        </tipoPrograma>
      </tipoProgramaLista>
      <titularLista>
        <titular sequencia="1" inid="73">
          <nome>VANDER SILVIO DA SILVA JÚNIOR</nome>
        </titular>
      </titularLista>
      <criadorLista>
        <criador sequencia="1" inid="Cr">
          <nome>VANDER SILVIO DA SILVA JÚNIOR</nome>
        </criador>
      </criadorLista>
    </processo-programa>
  </despacho>
  <despacho>
    <codigo>730</codigo>
    <titulo>Expedição do Certificado de Registro</titulo>
    <processo-programa>
      <numero inid="Np">BR 51 2021 002126-6</numero>
      <titulo inid="54">Simulador para Detecção e Resolução de Conflitos no Tráfego Aéreo em Rota</titulo>
      <dataCriacao inid="Dl">30/08/2021</dataCriacao>
      <campoAplicacaoLista>
        <campoAplicacao>
          <codigo inid="Cp">TP-02</codigo>
        </campoAplicacao>
      </campoAplicacaoLista>
      <linguagemLista>
        <linguagem inid="Lg">JAVA</linguagem>
        <linguagem inid="Lg">SQL</linguagem>
      </linguagemLista>
      <tipoProgramaLista>
        <tipoPrograma>
          <codigo inid="Tp">SM-03</codigo>
        </tipoPrograma>
      </tipoProgramaLista>
      <titularLista>
        <titular sequencia="1" inid="73">
          <nome>AGNALDO VOLPE LOVATO</nome>
        </titular>
      </titularLista>
      <criadorLista>
        <criador sequencia="1" inid="Cr">
          <nome>AGNALDO VOLPE LOVATO</nome>
        </criador>
        <criador sequencia="2" inid="Cr">
          <nome>CRISTIANO HORA DE OLIVEIRA FONTES</nome>
        </criador>
        <criador sequencia="3" inid="Cr">
          <nome>EMERSON HENRIQUE MACEDO DOS SANTOS</nome>
        </criador>
        <criador sequencia="4" inid="Cr">
          <nome>JOSÉ CARLOS MARTINS OLIVEIRA</nome>
        </criador>
        <criador sequencia="5" inid="Cr">
          <nome>RICARDO DE ARAÚJO KALID</nome>
        </criador>
      </criadorLista>
    </processo-programa>
  </despacho>
  <despacho>
    <codigo>730</codigo>
    <titulo>Expedição do Certificado de Registro</titulo>
    <processo-programa>
      <numero inid="Np">BR 51 2021 002127-4</numero>
      <titulo inid="54">Plataforma de Sistemas Infomaster</titulo>
      <dataCriacao inid="Dl">01/01/2010</dataCriacao>
      <campoAplicacaoLista>
        <campoAplicacao>
          <codigo inid="Cp">AD-05</codigo>
        </campoAplicacao>
        <campoAplicacao>
          <codigo inid="Cp">AD-06</codigo>
        </campoAplicacao>
        <campoAplicacao>
          <codigo inid="Cp">AD-08</codigo>
        </campoAplicacao>
        <campoAplicacao>
          <codigo inid="Cp">AD-09</codigo>
        </campoAplicacao>
        <campoAplicacao>
          <codigo inid="Cp">ED-01</codigo>
        </campoAplicacao>
        <campoAplicacao>
          <codigo inid="Cp">ED-02</codigo>
        </campoAplicacao>
        <campoAplicacao>
          <codigo inid="Cp">ED-03</codigo>
        </campoAplicacao>
        <campoAplicacao>
          <codigo inid="Cp">ED-06</codigo>
        </campoAplicacao>
        <campoAplicacao>
          <codigo inid="Cp">FN-05</codigo>
        </campoAplicacao>
        <campoAplicacao>
          <codigo inid="Cp">SV-03</codigo>
        </campoAplicacao>
        <campoAplicacao>
          <codigo inid="Cp">SV-04</codigo>
        </campoAplicacao>
      </campoAplicacaoLista>
      <linguagemLista>
        <linguagem inid="Lg">CSS</linguagem>
        <linguagem inid="Lg">HTML</linguagem>
        <linguagem inid="Lg">JAVA SCRIPT</linguagem>
        <linguagem inid="Lg">JQUERY</linguagem>
        <linguagem inid="Lg">JSON</linguagem>
        <linguagem inid="Lg">MYSQL</linguagem>
        <linguagem inid="Lg">PHP</linguagem>
        <linguagem inid="Lg">SQL</linguagem>
        <linguagem inid="Lg">XML</linguagem>
      </linguagemLista>
      <tipoProgramaLista>
        <tipoPrograma>
          <codigo inid="Tp">AP-01</codigo>
        </tipoPrograma>
        <tipoPrograma>
          <codigo inid="Tp">AP-02</codigo>
        </tipoPrograma>
        <tipoPrograma>
          <codigo inid="Tp">AP-03</codigo>
        </tipoPrograma>
        <tipoPrograma>
          <codigo inid="Tp">AT-01</codigo>
        </tipoPrograma>
        <tipoPrograma>
          <codigo inid="Tp">AT-03</codigo>
        </tipoPrograma>
        <tipoPrograma>
          <codigo inid="Tp">AT-04</codigo>
        </tipoPrograma>
        <tipoPrograma>
          <codigo inid="Tp">AT-05</codigo>
        </tipoPrograma>
        <tipoPrograma>
          <codigo inid="Tp">AT-06</codigo>
        </tipoPrograma>
        <tipoPrograma>
          <codigo inid="Tp">GI-03</codigo>
        </tipoPrograma>
        <tipoPrograma>
          <codigo inid="Tp">GI-04</codigo>
        </tipoPrograma>
        <tipoPrograma>
          <codigo inid="Tp">GI-06</codigo>
        </tipoPrograma>
        <tipoPrograma>
          <codigo inid="Tp">GI-07</codigo>
        </tipoPrograma>
        <tipoPrograma>
          <codigo inid="Tp">PD-02</codigo>
        </tipoPrograma>
        <tipoPrograma>
          <codigo inid="Tp">PD-03</codigo>
        </tipoPrograma>
        <tipoPrograma>
          <codigo inid="Tp">PD-05</codigo>
        </tipoPrograma>
        <tipoPrograma>
          <codigo inid="Tp">SO-07</codigo>
        </tipoPrograma>
        <tipoPrograma>
          <codigo inid="Tp">UT-06</codigo>
        </tipoPrograma>
      </tipoProgramaLista>
      <titularLista>
        <titular sequencia="1" inid="73">
          <nome>LILIANE APARECIDA DE REZENDE INFORMATICA ME</nome>
        </titular>
      </titularLista>
      <criadorLista>
        <criador sequencia="1" inid="Cr">
          <nome>LILIANE APARECIDA DE REZENDE</nome>
        </criador>
        <criador sequencia="2" inid="Cr">
          <nome>LUIZ FERNANDO RODRIGUES</nome>
        </criador>
      </criadorLista>
    </processo-programa>
  </despacho>
  <despacho>
    <codigo>730</codigo>
    <titulo>Expedição do Certificado de Registro</titulo>
    <processo-programa>
      <numero inid="Np">BR 51 2021 002128-2</numero>
      <titulo inid="54">NovaGenesis</titulo>
      <dataCriacao inid="Dl">Não informado</dataCriacao>
      <campoAplicacaoLista>
        <campoAplicacao>
          <codigo inid="Cp">IF-02</codigo>
        </campoAplicacao>
        <campoAplicacao>
          <codigo inid="Cp">IF-07</codigo>
        </campoAplicacao>
        <campoAplicacao>
          <codigo inid="Cp">IF-10</codigo>
        </campoAplicacao>
        <campoAplicacao>
          <codigo inid="Cp">IN-02</codigo>
        </campoAplicacao>
        <campoAplicacao>
          <codigo inid="Cp">TC-01</codigo>
        </campoAplicacao>
        <campoAplicacao>
          <codigo inid="Cp">TC-02</codigo>
        </campoAplicacao>
        <campoAplicacao>
          <codigo inid="Cp">TC-04</codigo>
        </campoAplicacao>
      </campoAplicacaoLista>
      <linguagemLista>
        <linguagem inid="Lg">C</linguagem>
        <linguagem inid="Lg">C++</linguagem>
      </linguagemLista>
      <tipoProgramaLista>
        <tipoPrograma>
          <codigo inid="Tp">AV-01</codigo>
        </tipoPrograma>
        <tipoPrograma>
          <codigo inid="Tp">CD-01</codigo>
        </tipoPrograma>
        <tipoPrograma>
          <codigo inid="Tp">CD-04</codigo>
        </tipoPrograma>
        <tipoPrograma>
          <codigo inid="Tp">CD-05</codigo>
        </tipoPrograma>
        <tipoPrograma>
          <codigo inid="Tp">CD-06</codigo>
        </tipoPrograma>
        <tipoPrograma>
          <codigo inid="Tp">DS-05</codigo>
        </tipoPrograma>
        <tipoPrograma>
          <codigo inid="Tp">GI-01</codigo>
        </tipoPrograma>
        <tipoPrograma>
          <codigo inid="Tp">GI-07</codigo>
        </tipoPrograma>
        <tipoPrograma>
          <codigo inid="Tp">IA-03</codigo>
        </tipoPrograma>
        <tipoPrograma>
          <codigo inid="Tp">PD-01</codigo>
        </tipoPrograma>
        <tipoPrograma>
          <codigo inid="Tp">PD-04</codigo>
        </tipoPrograma>
        <tipoPrograma>
          <codigo inid="Tp">SO-04</codigo>
        </tipoPrograma>
        <tipoPrograma>
          <codigo inid="Tp">SO-06</codigo>
        </tipoPrograma>
        <tipoPrograma>
          <codigo inid="Tp">SO-07</codigo>
        </tipoPrograma>
        <tipoPrograma>
          <codigo inid="Tp">SO-08</codigo>
        </tipoPrograma>
        <tipoPrograma>
          <codigo inid="Tp">TI-01</codigo>
        </tipoPrograma>
        <tipoPrograma>
          <codigo inid="Tp">TI-02</codigo>
        </tipoPrograma>
        <tipoPrograma>
          <codigo inid="Tp">TI-03</codigo>
        </tipoPrograma>
        <tipoPrograma>
          <codigo inid="Tp">TI-04</codigo>
        </tipoPrograma>
        <tipoPrograma>
          <codigo inid="Tp">UT-06</codigo>
        </tipoPrograma>
      </tipoProgramaLista>
      <titularLista>
        <titular sequencia="1" inid="73">
          <nome>FUNDAÇÃO INSTITUTO NACIONAL DE TELECOMUNICAÇÕES</nome>
        </titular>
      </titularLista>
      <criadorLista>
        <criador sequencia="1" inid="Cr">
          <nome>ANTÔNIO MARCOS ALBERTI</nome>
        </criador>
      </criadorLista>
    </processo-programa>
  </despacho>
  <despacho>
    <codigo>730</codigo>
    <titulo>Expedição do Certificado de Registro</titulo>
    <processo-programa>
      <numero inid="Np">BR 51 2021 002129-0</numero>
      <titulo inid="54">Plataforma Web Q21</titulo>
      <dataCriacao inid="Dl">01/09/2017</dataCriacao>
      <campoAplicacaoLista>
        <campoAplicacao>
          <codigo inid="Cp">AD-05</codigo>
        </campoAplicacao>
        <campoAplicacao>
          <codigo inid="Cp">SD-11</codigo>
        </campoAplicacao>
      </campoAplicacaoLista>
      <linguagemLista>
        <linguagem inid="Lg">.NET</linguagem>
        <linguagem inid="Lg">C#</linguagem>
        <linguagem inid="Lg">CSS</linguagem>
        <linguagem inid="Lg">JQUERY</linguagem>
        <linguagem inid="Lg">JSON</linguagem>
        <linguagem inid="Lg">SQL</linguagem>
        <linguagem inid="Lg">T-SQL</linguagem>
      </linguagemLista>
      <tipoProgramaLista>
        <tipoPrograma>
          <codigo inid="Tp">AP-02</codigo>
        </tipoPrograma>
        <tipoPrograma>
          <codigo inid="Tp">AP-03</codigo>
        </tipoPrograma>
        <tipoPrograma>
          <codigo inid="Tp">AP-04</codigo>
        </tipoPrograma>
        <tipoPrograma>
          <codigo inid="Tp">AT-06</codigo>
        </tipoPrograma>
        <tipoPrograma>
          <codigo inid="Tp">AV-01</codigo>
        </tipoPrograma>
        <tipoPrograma>
          <codigo inid="Tp">FA-01</codigo>
        </tipoPrograma>
        <tipoPrograma>
          <codigo inid="Tp">GI-01</codigo>
        </tipoPrograma>
      </tipoProgramaLista>
      <titularLista>
        <titular sequencia="1" inid="73">
          <nome>TECNOLOGIA DE SAUDE APLICATIVO Q21 LTDA</nome>
        </titular>
      </titularLista>
      <criadorLista>
        <criador sequencia="1" inid="Cr">
          <nome>FERNANDA BARTOLOMEO FREIRE MAIA</nome>
        </criador>
      </criadorLista>
    </processo-programa>
  </despacho>
  <despacho>
    <codigo>730</codigo>
    <titulo>Expedição do Certificado de Registro</titulo>
    <processo-programa>
      <numero inid="Np">BR 51 2021 002130-4</numero>
      <titulo inid="54">Aplicação Mobile Q21</titulo>
      <dataCriacao inid="Dl">01/09/2017</dataCriacao>
      <campoAplicacaoLista>
        <campoAplicacao>
          <codigo inid="Cp">SD-11</codigo>
        </campoAplicacao>
      </campoAplicacaoLista>
      <linguagemLista>
        <linguagem inid="Lg">IOS</linguagem>
        <linguagem inid="Lg">JAVA</linguagem>
        <linguagem inid="Lg">OUTROS</linguagem>
      </linguagemLista>
      <tipoProgramaLista>
        <tipoPrograma>
          <codigo inid="Tp">AP-01</codigo>
        </tipoPrograma>
        <tipoPrograma>
          <codigo inid="Tp">AV-01</codigo>
        </tipoPrograma>
        <tipoPrograma>
          <codigo inid="Tp">FA-01</codigo>
        </tipoPrograma>
      </tipoProgramaLista>
      <titularLista>
        <titular sequencia="1" inid="73">
          <nome>TECNOLOGIA DE SAUDE APLICATIVO Q21 LTDA</nome>
        </titular>
      </titularLista>
      <criadorLista>
        <criador sequencia="1" inid="Cr">
          <nome>FERNANDA BARTOLOMEO FREIRE MAIA</nome>
        </criador>
      </criadorLista>
    </processo-programa>
  </despacho>
  <despacho>
    <codigo>730</codigo>
    <titulo>Expedição do Certificado de Registro</titulo>
    <processo-programa>
      <numero inid="Np">BR 51 2021 002131-2</numero>
      <titulo inid="54">VISITA VIRTUAL</titulo>
      <dataCriacao inid="Dl">04/08/2021</dataCriacao>
      <campoAplicacaoLista>
        <campoAplicacao>
          <codigo inid="Cp">CC-03</codigo>
        </campoAplicacao>
        <campoAplicacao>
          <codigo inid="Cp">DI-03</codigo>
        </campoAplicacao>
        <campoAplicacao>
          <codigo inid="Cp">EC-14</codigo>
        </campoAplicacao>
        <campoAplicacao>
          <codigo inid="Cp">FN-05</codigo>
        </campoAplicacao>
        <campoAplicacao>
          <codigo inid="Cp">FN-06</codigo>
        </campoAplicacao>
        <campoAplicacao>
          <codigo inid="Cp">IF-02</codigo>
        </campoAplicacao>
        <campoAplicacao>
          <codigo inid="Cp">SV-03</codigo>
        </campoAplicacao>
      </campoAplicacaoLista>
      <linguagemLista>
        <linguagem inid="Lg">PHP</linguagem>
      </linguagemLista>
      <tipoProgramaLista>
        <tipoPrograma>
          <codigo inid="Tp">AP-04</codigo>
        </tipoPrograma>
        <tipoPrograma>
          <codigo inid="Tp">AT-03</codigo>
        </tipoPrograma>
        <tipoPrograma>
          <codigo inid="Tp">AT-04</codigo>
        </tipoPrograma>
        <tipoPrograma>
          <codigo inid="Tp">AT-06</codigo>
        </tipoPrograma>
        <tipoPrograma>
          <codigo inid="Tp">GI-01</codigo>
        </tipoPrograma>
        <tipoPrograma>
          <codigo inid="Tp">GI-04</codigo>
        </tipoPrograma>
        <tipoPrograma>
          <codigo inid="Tp">TC-03</codigo>
        </tipoPrograma>
        <tipoPrograma>
          <codigo inid="Tp">TC-04</codigo>
        </tipoPrograma>
      </tipoProgramaLista>
      <titularLista>
        <titular sequencia="1" inid="73">
          <nome>MEET INTERMEDIAÇÃO DE NEGÓCIOS E INDICAÇÃO DE CLIENTES LTDA. - EPP.</nome>
        </titular>
      </titularLista>
      <criadorLista>
        <criador sequencia="1" inid="Cr">
          <nome>SAMUEL AIALA FERREIRA</nome>
        </criador>
        <criador sequencia="2" inid="Cr">
          <nome>THIAGO ANTUNES ALVES</nome>
        </criador>
      </criadorLista>
    </processo-programa>
  </despacho>
  <despacho>
    <codigo>730</codigo>
    <titulo>Expedição do Certificado de Registro</titulo>
    <processo-programa>
      <numero inid="Np">BR 51 2021 002132-0</numero>
      <titulo inid="54">Sigraweb</titulo>
      <dataCriacao inid="Dl">01/01/2015</dataCriacao>
      <campoAplicacaoLista>
        <campoAplicacao>
          <codigo inid="Cp">SV-03</codigo>
        </campoAplicacao>
      </campoAplicacaoLista>
      <linguagemLista>
        <linguagem inid="Lg">JAVA</linguagem>
        <linguagem inid="Lg">JAVA SCRIPT</linguagem>
        <linguagem inid="Lg">SQL</linguagem>
      </linguagemLista>
      <tipoProgramaLista>
        <tipoPrograma>
          <codigo inid="Tp">AP-01</codigo>
        </tipoPrograma>
        <tipoPrograma>
          <codigo inid="Tp">AP-03</codigo>
        </tipoPrograma>
        <tipoPrograma>
          <codigo inid="Tp">AP-04</codigo>
        </tipoPrograma>
        <tipoPrograma>
          <codigo inid="Tp">AT-01</codigo>
        </tipoPrograma>
      </tipoProgramaLista>
      <titularLista>
        <titular sequencia="1" inid="73">
          <nome>SIGRAWEB DESENVOLVIMENTO DE SOFTWARE LTDA</nome>
        </titular>
      </titularLista>
      <criadorLista>
        <criador sequencia="1" inid="Cr">
          <nome>ANDRÉ DO NASCIMENTO CAMPOS</nome>
        </criador>
        <criador sequencia="2" inid="Cr">
          <nome>LUCAS FERREIRA DA COSTA</nome>
        </criador>
      </criadorLista>
    </processo-programa>
  </despacho>
  <despacho>
    <codigo>730</codigo>
    <titulo>Expedição do Certificado de Registro</titulo>
    <processo-programa>
      <numero inid="Np">BR 51 2021 002133-9</numero>
      <titulo inid="54">Integre-se</titulo>
      <dataCriacao inid="Dl">16/08/2021</dataCriacao>
      <campoAplicacaoLista>
        <campoAplicacao>
          <codigo inid="Cp">CC-03</codigo>
        </campoAplicacao>
      </campoAplicacaoLista>
      <linguagemLista>
        <linguagem inid="Lg">C#</linguagem>
      </linguagemLista>
      <tipoProgramaLista>
        <tipoPrograma>
          <codigo inid="Tp">CD-01</codigo>
        </tipoPrograma>
        <tipoPrograma>
          <codigo inid="Tp">GI-02</codigo>
        </tipoPrograma>
        <tipoPrograma>
          <codigo inid="Tp">PD-04</codigo>
        </tipoPrograma>
        <tipoPrograma>
          <codigo inid="Tp">TI-03</codigo>
        </tipoPrograma>
      </tipoProgramaLista>
      <titularLista>
        <titular sequencia="1" inid="73">
          <nome>ONEXIMO GRUPPI NETO</nome>
        </titular>
      </titularLista>
      <criadorLista>
        <criador sequencia="1" inid="Cr">
          <nome>ONEXIMO GRUPPI NETO</nome>
        </criador>
      </criadorLista>
    </processo-programa>
  </despacho>
  <despacho>
    <codigo>730</codigo>
    <titulo>Expedição do Certificado de Registro</titulo>
    <processo-programa>
      <numero inid="Np">BR 51 2021 002134-7</numero>
      <titulo inid="54">Sistema PDC - Programa de Doação de Corpos</titulo>
      <dataCriacao inid="Dl">08/12/2014</dataCriacao>
      <campoAplicacaoLista>
        <campoAplicacao>
          <codigo inid="Cp">AD-05</codigo>
        </campoAplicacao>
        <campoAplicacao>
          <codigo inid="Cp">AD-06</codigo>
        </campoAplicacao>
        <campoAplicacao>
          <codigo inid="Cp">AD-09</codigo>
        </campoAplicacao>
        <campoAplicacao>
          <codigo inid="Cp">BL-05</codigo>
        </campoAplicacao>
        <campoAplicacao>
          <codigo inid="Cp">CO-02</codigo>
        </campoAplicacao>
        <campoAplicacao>
          <codigo inid="Cp">IF-08</codigo>
        </campoAplicacao>
        <campoAplicacao>
          <codigo inid="Cp">IF-09</codigo>
        </campoAplicacao>
        <campoAplicacao>
          <codigo inid="Cp">IF-10</codigo>
        </campoAplicacao>
      </campoAplicacaoLista>
      <linguagemLista>
        <linguagem inid="Lg">CSS</linguagem>
        <linguagem inid="Lg">HTML</linguagem>
        <linguagem inid="Lg">JAVA SCRIPT</linguagem>
        <linguagem inid="Lg">MYSQL</linguagem>
        <linguagem inid="Lg">PHP</linguagem>
      </linguagemLista>
      <tipoProgramaLista>
        <tipoPrograma>
          <codigo inid="Tp">AP-02</codigo>
        </tipoPrograma>
        <tipoPrograma>
          <codigo inid="Tp">AP-03</codigo>
        </tipoPrograma>
        <tipoPrograma>
          <codigo inid="Tp">AT-01</codigo>
        </tipoPrograma>
        <tipoPrograma>
          <codigo inid="Tp">AT-06</codigo>
        </tipoPrograma>
        <tipoPrograma>
          <codigo inid="Tp">AV-02</codigo>
        </tipoPrograma>
        <tipoPrograma>
          <codigo inid="Tp">FA-01</codigo>
        </tipoPrograma>
        <tipoPrograma>
          <codigo inid="Tp">FA-03</codigo>
        </tipoPrograma>
        <tipoPrograma>
          <codigo inid="Tp">GI-01</codigo>
        </tipoPrograma>
        <tipoPrograma>
          <codigo inid="Tp">GI-02</codigo>
        </tipoPrograma>
        <tipoPrograma>
          <codigo inid="Tp">GI-03</codigo>
        </tipoPrograma>
        <tipoPrograma>
          <codigo inid="Tp">GI-04</codigo>
        </tipoPrograma>
        <tipoPrograma>
          <codigo inid="Tp">GI-06</codigo>
        </tipoPrograma>
        <tipoPrograma>
          <codigo inid="Tp">GI-07</codigo>
        </tipoPrograma>
        <tipoPrograma>
          <codigo inid="Tp">IA-02</codigo>
        </tipoPrograma>
        <tipoPrograma>
          <codigo inid="Tp">SO-01</codigo>
        </tipoPrograma>
        <tipoPrograma>
          <codigo inid="Tp">SO-05</codigo>
        </tipoPrograma>
        <tipoPrograma>
          <codigo inid="Tp">SO-07</codigo>
        </tipoPrograma>
      </tipoProgramaLista>
      <titularLista>
        <titular sequencia="1" inid="73">
          <nome>INOVE4 ESTRATÉGIA E DESENVOLVIMENTO LTDA ME</nome>
        </titular>
      </titularLista>
      <criadorLista>
        <criador sequencia="1" inid="Cr">
          <nome>GUILHERME RAMOS COELHO</nome>
        </criador>
      </criadorLista>
    </processo-programa>
  </despacho>
  <despacho>
    <codigo>730</codigo>
    <titulo>Expedição do Certificado de Registro</titulo>
    <processo-programa>
      <numero inid="Np">BR 51 2021 002135-5</numero>
      <titulo inid="54">SoluçãoAtrio+</titulo>
      <dataCriacao inid="Dl">Não informado</dataCriacao>
      <campoAplicacaoLista>
        <campoAplicacao>
          <codigo inid="Cp">AD-01</codigo>
        </campoAplicacao>
        <campoAplicacao>
          <codigo inid="Cp">ED-03</codigo>
        </campoAplicacao>
      </campoAplicacaoLista>
      <linguagemLista>
        <linguagem inid="Lg">AJAX</linguagem>
        <linguagem inid="Lg">HTML</linguagem>
        <linguagem inid="Lg">JAVA</linguagem>
        <linguagem inid="Lg">JAVA SCRIPT</linguagem>
        <linguagem inid="Lg">JQUERY</linguagem>
        <linguagem inid="Lg">MYSQL</linguagem>
        <linguagem inid="Lg">PHP</linguagem>
        <linguagem inid="Lg">XML</linguagem>
      </linguagemLista>
      <tipoProgramaLista>
        <tipoPrograma>
          <codigo inid="Tp">AP-01</codigo>
        </tipoPrograma>
        <tipoPrograma>
          <codigo inid="Tp">AP-02</codigo>
        </tipoPrograma>
      </tipoProgramaLista>
      <titularLista>
        <titular sequencia="1" inid="73">
          <nome>CATTEDRA SOLUCOES EM TI EIRELI</nome>
        </titular>
      </titularLista>
      <criadorLista>
        <criador sequencia="1" inid="Cr">
          <nome>ANTONELLA LATORRACA VIEIRA</nome>
        </criador>
        <criador sequencia="2" inid="Cr">
          <nome>ANTONIO MACDOWELL DE FIGUEIREDO</nome>
        </criador>
        <criador sequencia="3" inid="Cr">
          <nome>MARCOS SPOSITO DE ARAUJO</nome>
        </criador>
      </criadorLista>
    </processo-programa>
  </despacho>
  <despacho>
    <codigo>730</codigo>
    <titulo>Expedição do Certificado de Registro</titulo>
    <processo-programa>
      <numero inid="Np">BR 51 2021 002136-3</numero>
      <titulo inid="54">PortGo, um jogo para estudantes do ensino médio testarem conhecimentos sobre a língua portuguesa</titulo>
      <dataCriacao inid="Dl">02/03/2021</dataCriacao>
      <campoAplicacaoLista>
        <campoAplicacao>
          <codigo inid="Cp">ED-06</codigo>
        </campoAplicacao>
      </campoAplicacaoLista>
      <linguagemLista>
        <linguagem inid="Lg">MYSQL</linguagem>
        <linguagem inid="Lg">PHP</linguagem>
      </linguagemLista>
      <tipoProgramaLista>
        <tipoPrograma>
          <codigo inid="Tp">AP-01</codigo>
        </tipoPrograma>
      </tipoProgramaLista>
      <titularLista>
        <titular sequencia="1" inid="73">
          <nome>FUND INTEG DESENV EDUCACAO NOROESTE DO ESTADO</nome>
        </titular>
      </titularLista>
      <criadorLista>
        <criador sequencia="1" inid="Cr">
          <nome>BARBARA GÜNDEL</nome>
        </criador>
        <criador sequencia="2" inid="Cr">
          <nome>EDSON LUIZ PADOIN</nome>
        </criador>
        <criador sequencia="3" inid="Cr">
          <nome>FABIANA DINIZ KURTZ DA SILVA</nome>
        </criador>
        <criador sequencia="4" inid="Cr">
          <nome>ROSITA DA SILVA SANTOS</nome>
        </criador>
        <criador sequencia="5" inid="Cr">
          <nome>TAISE NEVES POSSANI</nome>
        </criador>
      </criadorLista>
    </processo-programa>
  </despacho>
  <despacho>
    <codigo>730</codigo>
    <titulo>Expedição do Certificado de Registro</titulo>
    <processo-programa>
      <numero inid="Np">BR 51 2021 002137-1</numero>
      <titulo inid="54">VISITA VIRTUAL APP - ANDROID</titulo>
      <dataCriacao inid="Dl">24/03/2021</dataCriacao>
      <campoAplicacaoLista>
        <campoAplicacao>
          <codigo inid="Cp">CC-03</codigo>
        </campoAplicacao>
        <campoAplicacao>
          <codigo inid="Cp">DI-03</codigo>
        </campoAplicacao>
        <campoAplicacao>
          <codigo inid="Cp">EC-14</codigo>
        </campoAplicacao>
        <campoAplicacao>
          <codigo inid="Cp">FN-05</codigo>
        </campoAplicacao>
        <campoAplicacao>
          <codigo inid="Cp">FN-06</codigo>
        </campoAplicacao>
        <campoAplicacao>
          <codigo inid="Cp">IF-02</codigo>
        </campoAplicacao>
        <campoAplicacao>
          <codigo inid="Cp">SV-03</codigo>
        </campoAplicacao>
      </campoAplicacaoLista>
      <linguagemLista>
        <linguagem inid="Lg">OUTROS</linguagem>
      </linguagemLista>
      <tipoProgramaLista>
        <tipoPrograma>
          <codigo inid="Tp">AP-01</codigo>
        </tipoPrograma>
        <tipoPrograma>
          <codigo inid="Tp">AP-04</codigo>
        </tipoPrograma>
        <tipoPrograma>
          <codigo inid="Tp">AT-03</codigo>
        </tipoPrograma>
        <tipoPrograma>
          <codigo inid="Tp">GI-06</codigo>
        </tipoPrograma>
        <tipoPrograma>
          <codigo inid="Tp">GI-07</codigo>
        </tipoPrograma>
        <tipoPrograma>
          <codigo inid="Tp">IA-01</codigo>
        </tipoPrograma>
        <tipoPrograma>
          <codigo inid="Tp">TC-03</codigo>
        </tipoPrograma>
        <tipoPrograma>
          <codigo inid="Tp">TC-04</codigo>
        </tipoPrograma>
        <tipoPrograma>
          <codigo inid="Tp">TI-03</codigo>
        </tipoPrograma>
      </tipoProgramaLista>
      <titularLista>
        <titular sequencia="1" inid="73">
          <nome>MEET INTERMEDIAÇÃO DE NEGÓCIOS E INDICAÇÃO DE CLIENTES LTDA. - EPP.</nome>
        </titular>
      </titularLista>
      <criadorLista>
        <criador sequencia="1" inid="Cr">
          <nome>LENNON WAGNER SALLES HENK</nome>
        </criador>
        <criador sequencia="2" inid="Cr">
          <nome>SAMUEL AIALA FERREIRA</nome>
        </criador>
      </criadorLista>
    </processo-programa>
  </despacho>
  <despacho>
    <codigo>730</codigo>
    <titulo>Expedição do Certificado de Registro</titulo>
    <processo-programa>
      <numero inid="Np">BR 51 2021 002138-0</numero>
      <titulo inid="54">SOFTWARE LORAWAN PARA ARMADILHAS DE CONTAGENS DE INSETOS EM ESP32 PARA ENVIO PELA INTERNET EM TEMPO REAL</titulo>
      <dataCriacao inid="Dl">04/09/2019</dataCriacao>
      <campoAplicacaoLista>
        <campoAplicacao>
          <codigo inid="Cp">AG-05</codigo>
        </campoAplicacao>
      </campoAplicacaoLista>
      <linguagemLista>
        <linguagem inid="Lg">C</linguagem>
        <linguagem inid="Lg">C++</linguagem>
      </linguagemLista>
      <tipoProgramaLista>
        <tipoPrograma>
          <codigo inid="Tp">AT-01</codigo>
        </tipoPrograma>
      </tipoProgramaLista>
      <titularLista>
        <titular sequencia="1" inid="73">
          <nome>INSTITUTO FEDERAL DE EDUCAÇÃO, CIÊNCIA E TECNOLOGIA GOIANO</nome>
        </titular>
        <titular sequencia="2" inid="73">
          <nome>LIVEFARM TECNOLOGIA AGROPECUÁRIA LTDA</nome>
        </titular>
      </titularLista>
      <criadorLista>
        <criador sequencia="1" inid="Cr">
          <nome>ALDEIR DE SOUZA MOREIRA</nome>
        </criador>
        <criador sequencia="2" inid="Cr">
          <nome>JOÉLCIO COSME CARVALHO ERVILHA</nome>
        </criador>
        <criador sequencia="3" inid="Cr">
          <nome>TAVVS MICAEL ALVES</nome>
        </criador>
      </criadorLista>
    </processo-programa>
  </despacho>
  <despacho>
    <codigo>730</codigo>
    <titulo>Expedição do Certificado de Registro</titulo>
    <processo-programa>
      <numero inid="Np">BR 51 2021 002139-8</numero>
      <titulo inid="54">SISTEMA DE MOVIMENTAÇÃO COMPUTADORIZADO APLICADO EM REGISTROS BIFURCADAS PENDULARES E DISTRIBUIDORES ROTATIVOS</titulo>
      <dataCriacao inid="Dl">01/07/2020</dataCriacao>
      <campoAplicacaoLista>
        <campoAplicacao>
          <codigo inid="Cp">AG-05</codigo>
        </campoAplicacao>
        <campoAplicacao>
          <codigo inid="Cp">IN-05</codigo>
        </campoAplicacao>
      </campoAplicacaoLista>
      <linguagemLista>
        <linguagem inid="Lg">C</linguagem>
      </linguagemLista>
      <tipoProgramaLista>
        <tipoPrograma>
          <codigo inid="Tp">AT-05</codigo>
        </tipoPrograma>
      </tipoProgramaLista>
      <titularLista>
        <titular sequencia="1" inid="73">
          <nome>JONATAN SCHUMANN</nome>
        </titular>
      </titularLista>
      <criadorLista>
        <criador sequencia="1" inid="Cr">
          <nome>ALDO FERNANDO BAUM</nome>
        </criador>
      </criadorLista>
    </processo-programa>
  </despacho>
  <despacho>
    <codigo>730</codigo>
    <titulo>Expedição do Certificado de Registro</titulo>
    <processo-programa>
      <numero inid="Np">BR 51 2021 002140-1</numero>
      <titulo inid="54">CPQD4121 - CPQD IM 4.12.32</titulo>
      <dataCriacao inid="Dl">03/04/2021</dataCriacao>
      <campoAplicacaoLista>
        <campoAplicacao>
          <codigo inid="Cp">TC-02</codigo>
        </campoAplicacao>
        <campoAplicacao>
          <codigo inid="Cp">TC-03</codigo>
        </campoAplicacao>
        <campoAplicacao>
          <codigo inid="Cp">TC-04</codigo>
        </campoAplicacao>
      </campoAplicacaoLista>
      <linguagemLista>
        <linguagem inid="Lg">JAVA</linguagem>
      </linguagemLista>
      <tipoProgramaLista>
        <tipoPrograma>
          <codigo inid="Tp">AP-01</codigo>
        </tipoPrograma>
      </tipoProgramaLista>
      <titularLista>
        <titular sequencia="1" inid="73">
          <nome>FUNDACAO CPQD - CENTRO DE PESQUISA E DESENVOLVIMENTO EM TELECOMUNICACOES</nome>
        </titular>
      </titularLista>
      <criadorLista>
        <criador sequencia="1" inid="Cr">
          <nome>HAMILTON VALIM DE SOUZA</nome>
        </criador>
      </criadorLista>
    </processo-programa>
  </despacho>
  <despacho>
    <codigo>730</codigo>
    <titulo>Expedição do Certificado de Registro</titulo>
    <processo-programa>
      <numero inid="Np">BR 51 2021 002141-0</numero>
      <titulo inid="54">CPQD4122 - CPQD OM - 3.11.18</titulo>
      <dataCriacao inid="Dl">02/04/2021</dataCriacao>
      <campoAplicacaoLista>
        <campoAplicacao>
          <codigo inid="Cp">TC-02</codigo>
        </campoAplicacao>
        <campoAplicacao>
          <codigo inid="Cp">TC-03</codigo>
        </campoAplicacao>
        <campoAplicacao>
          <codigo inid="Cp">TC-04</codigo>
        </campoAplicacao>
      </campoAplicacaoLista>
      <linguagemLista>
        <linguagem inid="Lg">JAVA</linguagem>
      </linguagemLista>
      <tipoProgramaLista>
        <tipoPrograma>
          <codigo inid="Tp">AP-01</codigo>
        </tipoPrograma>
      </tipoProgramaLista>
      <titularLista>
        <titular sequencia="1" inid="73">
          <nome>FUNDACAO CPQD - CENTRO DE PESQUISA E DESENVOLVIMENTO EM TELECOMUNICACOES</nome>
        </titular>
      </titularLista>
      <criadorLista>
        <criador sequencia="1" inid="Cr">
          <nome>HAMILTON VALIM DE SOUZA</nome>
        </criador>
      </criadorLista>
    </processo-programa>
  </despacho>
  <despacho>
    <codigo>730</codigo>
    <titulo>Expedição do Certificado de Registro</titulo>
    <processo-programa>
      <numero inid="Np">BR 51 2021 002142-8</numero>
      <titulo inid="54">CPQD4123 - CPQD ITSM - 2.5.9</titulo>
      <dataCriacao inid="Dl">16/01/2021</dataCriacao>
      <campoAplicacaoLista>
        <campoAplicacao>
          <codigo inid="Cp">TC-02</codigo>
        </campoAplicacao>
        <campoAplicacao>
          <codigo inid="Cp">TC-03</codigo>
        </campoAplicacao>
        <campoAplicacao>
          <codigo inid="Cp">TC-04</codigo>
        </campoAplicacao>
      </campoAplicacaoLista>
      <linguagemLista>
        <linguagem inid="Lg">JAVA</linguagem>
      </linguagemLista>
      <tipoProgramaLista>
        <tipoPrograma>
          <codigo inid="Tp">AP-01</codigo>
        </tipoPrograma>
      </tipoProgramaLista>
      <titularLista>
        <titular sequencia="1" inid="73">
          <nome>FUNDACAO CPQD - CENTRO DE PESQUISA E DESENVOLVIMENTO EM TELECOMUNICACOES</nome>
        </titular>
      </titularLista>
      <criadorLista>
        <criador sequencia="1" inid="Cr">
          <nome>HAMILTON VALIM DE SOUZA</nome>
        </criador>
      </criadorLista>
    </processo-programa>
  </despacho>
  <despacho>
    <codigo>730</codigo>
    <titulo>Expedição do Certificado de Registro</titulo>
    <processo-programa>
      <numero inid="Np">BR 51 2021 002144-4</numero>
      <titulo inid="54">CPQD4124 - CPQD Plant Management - 8.72.563.0.0</titulo>
      <dataCriacao inid="Dl">26/03/2021</dataCriacao>
      <campoAplicacaoLista>
        <campoAplicacao>
          <codigo inid="Cp">TC-02</codigo>
        </campoAplicacao>
        <campoAplicacao>
          <codigo inid="Cp">TC-03</codigo>
        </campoAplicacao>
        <campoAplicacao>
          <codigo inid="Cp">TC-04</codigo>
        </campoAplicacao>
      </campoAplicacaoLista>
      <linguagemLista>
        <linguagem inid="Lg">C</linguagem>
        <linguagem inid="Lg">C++</linguagem>
        <linguagem inid="Lg">JAVA</linguagem>
        <linguagem inid="Lg">JAVA SCRIPT</linguagem>
      </linguagemLista>
      <tipoProgramaLista>
        <tipoPrograma>
          <codigo inid="Tp">AP-01</codigo>
        </tipoPrograma>
      </tipoProgramaLista>
      <titularLista>
        <titular sequencia="1" inid="73">
          <nome>FUNDACAO CPQD - CENTRO DE PESQUISA E DESENVOLVIMENTO EM TELECOMUNICACOES</nome>
        </titular>
      </titularLista>
      <criadorLista>
        <criador sequencia="1" inid="Cr">
          <nome>HAMILTON VALIM DE SOUZA</nome>
        </criador>
      </criadorLista>
    </processo-programa>
  </despacho>
  <despacho>
    <codigo>730</codigo>
    <titulo>Expedição do Certificado de Registro</titulo>
    <processo-programa>
      <numero inid="Np">BR 51 2021 002146-0</numero>
      <titulo inid="54">GESTSIM - Gestão Simplificada de Conselhos Profissionais</titulo>
      <dataCriacao inid="Dl">31/07/2021</dataCriacao>
      <campoAplicacaoLista>
        <campoAplicacao>
          <codigo inid="Cp">AD-02</codigo>
        </campoAplicacao>
        <campoAplicacao>
          <codigo inid="Cp">AD-05</codigo>
        </campoAplicacao>
      </campoAplicacaoLista>
      <linguagemLista>
        <linguagem inid="Lg">MYSQL</linguagem>
        <linguagem inid="Lg">PHP</linguagem>
      </linguagemLista>
      <tipoProgramaLista>
        <tipoPrograma>
          <codigo inid="Tp">AP-01</codigo>
        </tipoPrograma>
        <tipoPrograma>
          <codigo inid="Tp">AP-02</codigo>
        </tipoPrograma>
        <tipoPrograma>
          <codigo inid="Tp">AP-03</codigo>
        </tipoPrograma>
        <tipoPrograma>
          <codigo inid="Tp">AT-06</codigo>
        </tipoPrograma>
        <tipoPrograma>
          <codigo inid="Tp">AV-01</codigo>
        </tipoPrograma>
        <tipoPrograma>
          <codigo inid="Tp">GI-01</codigo>
        </tipoPrograma>
      </tipoProgramaLista>
      <titularLista>
        <titular sequencia="1" inid="73">
          <nome>BM12 CONSULTORIA EM GESTÃO ORGANIZACIONAL LTDA</nome>
        </titular>
      </titularLista>
      <criadorLista>
        <criador sequencia="1" inid="Cr">
          <nome>BRIGIDA MOTA NEVES</nome>
        </criador>
      </criadorLista>
    </processo-programa>
  </despacho>
  <despacho>
    <codigo>730</codigo>
    <titulo>Expedição do Certificado de Registro</titulo>
    <processo-programa>
      <numero inid="Np">BR 51 2021 002147-9</numero>
      <titulo inid="54">Space Ball</titulo>
      <dataCriacao inid="Dl">27/12/2019</dataCriacao>
      <campoAplicacaoLista>
        <campoAplicacao>
          <codigo inid="Cp">TB-06</codigo>
        </campoAplicacao>
      </campoAplicacaoLista>
      <linguagemLista>
        <linguagem inid="Lg">.NET</linguagem>
        <linguagem inid="Lg">C#</linguagem>
      </linguagemLista>
      <tipoProgramaLista>
        <tipoPrograma>
          <codigo inid="Tp">AP-01</codigo>
        </tipoPrograma>
      </tipoProgramaLista>
      <titularLista>
        <titular sequencia="1" inid="73">
          <nome>DS GAMES E SISTEMAS LTDA</nome>
        </titular>
      </titularLista>
      <criadorLista>
        <criador sequencia="1" inid="Cr">
          <nome>DOUGLAS SERRANO NASCIMENTO</nome>
        </criador>
      </criadorLista>
    </processo-programa>
  </despacho>
  <despacho>
    <codigo>730</codigo>
    <titulo>Expedição do Certificado de Registro</titulo>
    <processo-programa>
      <numero inid="Np">BR 51 2021 002148-7</numero>
      <titulo inid="54">Erental/Efleet</titulo>
      <dataCriacao inid="Dl">01/02/2002</dataCriacao>
      <campoAplicacaoLista>
        <campoAplicacao>
          <codigo inid="Cp">AD-01</codigo>
        </campoAplicacao>
        <campoAplicacao>
          <codigo inid="Cp">AD-05</codigo>
        </campoAplicacao>
        <campoAplicacao>
          <codigo inid="Cp">SV-04</codigo>
        </campoAplicacao>
      </campoAplicacaoLista>
      <linguagemLista>
        <linguagem inid="Lg">ACTIVE SERVER PAGES</linguagem>
      </linguagemLista>
      <tipoProgramaLista>
        <tipoPrograma>
          <codigo inid="Tp">AT-02</codigo>
        </tipoPrograma>
        <tipoPrograma>
          <codigo inid="Tp">AT-03</codigo>
        </tipoPrograma>
        <tipoPrograma>
          <codigo inid="Tp">FA-01</codigo>
        </tipoPrograma>
        <tipoPrograma>
          <codigo inid="Tp">GI-01</codigo>
        </tipoPrograma>
        <tipoPrograma>
          <codigo inid="Tp">GI-04</codigo>
        </tipoPrograma>
        <tipoPrograma>
          <codigo inid="Tp">GI-05</codigo>
        </tipoPrograma>
        <tipoPrograma>
          <codigo inid="Tp">GI-06</codigo>
        </tipoPrograma>
        <tipoPrograma>
          <codigo inid="Tp">GI-07</codigo>
        </tipoPrograma>
        <tipoPrograma>
          <codigo inid="Tp">IA-02</codigo>
        </tipoPrograma>
        <tipoPrograma>
          <codigo inid="Tp">PD-05</codigo>
        </tipoPrograma>
        <tipoPrograma>
          <codigo inid="Tp">SO-05</codigo>
        </tipoPrograma>
        <tipoPrograma>
          <codigo inid="Tp">SO-07</codigo>
        </tipoPrograma>
      </tipoProgramaLista>
      <titularLista>
        <titular sequencia="1" inid="73">
          <nome>EUROIT SOLUÇÕES EM INFORMÁTICA EIRELI EPP.</nome>
        </titular>
      </titularLista>
      <criadorLista>
        <criador sequencia="1" inid="Cr">
          <nome>JULIAN BERGELGRITSCH</nome>
        </criador>
      </criadorLista>
    </processo-programa>
  </despacho>
  <despacho>
    <codigo>730</codigo>
    <titulo>Expedição do Certificado de Registro</titulo>
    <processo-programa>
      <numero inid="Np">BR 51 2021 002149-5</numero>
      <titulo inid="54">ZION WMS</titulo>
      <dataCriacao inid="Dl">01/10/2019</dataCriacao>
      <campoAplicacaoLista>
        <campoAplicacao>
          <codigo inid="Cp">AD-01</codigo>
        </campoAplicacao>
        <campoAplicacao>
          <codigo inid="Cp">AD-02</codigo>
        </campoAplicacao>
        <campoAplicacao>
          <codigo inid="Cp">AD-05</codigo>
        </campoAplicacao>
        <campoAplicacao>
          <codigo inid="Cp">AD-08</codigo>
        </campoAplicacao>
        <campoAplicacao>
          <codigo inid="Cp">AD-09</codigo>
        </campoAplicacao>
      </campoAplicacaoLista>
      <linguagemLista>
        <linguagem inid="Lg">DELPHI</linguagem>
      </linguagemLista>
      <tipoProgramaLista>
        <tipoPrograma>
          <codigo inid="Tp">AP-01</codigo>
        </tipoPrograma>
        <tipoPrograma>
          <codigo inid="Tp">AP-03</codigo>
        </tipoPrograma>
        <tipoPrograma>
          <codigo inid="Tp">AP-04</codigo>
        </tipoPrograma>
        <tipoPrograma>
          <codigo inid="Tp">AT-06</codigo>
        </tipoPrograma>
        <tipoPrograma>
          <codigo inid="Tp">AV-01</codigo>
        </tipoPrograma>
        <tipoPrograma>
          <codigo inid="Tp">AV-02</codigo>
        </tipoPrograma>
        <tipoPrograma>
          <codigo inid="Tp">CD-01</codigo>
        </tipoPrograma>
        <tipoPrograma>
          <codigo inid="Tp">CD-02</codigo>
        </tipoPrograma>
        <tipoPrograma>
          <codigo inid="Tp">CD-03</codigo>
        </tipoPrograma>
        <tipoPrograma>
          <codigo inid="Tp">CD-04</codigo>
        </tipoPrograma>
        <tipoPrograma>
          <codigo inid="Tp">CD-06</codigo>
        </tipoPrograma>
        <tipoPrograma>
          <codigo inid="Tp">FA-01</codigo>
        </tipoPrograma>
        <tipoPrograma>
          <codigo inid="Tp">FA-03</codigo>
        </tipoPrograma>
        <tipoPrograma>
          <codigo inid="Tp">FA-04</codigo>
        </tipoPrograma>
        <tipoPrograma>
          <codigo inid="Tp">GI-01</codigo>
        </tipoPrograma>
        <tipoPrograma>
          <codigo inid="Tp">GI-02</codigo>
        </tipoPrograma>
        <tipoPrograma>
          <codigo inid="Tp">GI-03</codigo>
        </tipoPrograma>
        <tipoPrograma>
          <codigo inid="Tp">GI-04</codigo>
        </tipoPrograma>
        <tipoPrograma>
          <codigo inid="Tp">GI-06</codigo>
        </tipoPrograma>
        <tipoPrograma>
          <codigo inid="Tp">GI-07</codigo>
        </tipoPrograma>
        <tipoPrograma>
          <codigo inid="Tp">IA-02</codigo>
        </tipoPrograma>
        <tipoPrograma>
          <codigo inid="Tp">PD-02</codigo>
        </tipoPrograma>
        <tipoPrograma>
          <codigo inid="Tp">PD-03</codigo>
        </tipoPrograma>
        <tipoPrograma>
          <codigo inid="Tp">PD-04</codigo>
        </tipoPrograma>
        <tipoPrograma>
          <codigo inid="Tp">PD-05</codigo>
        </tipoPrograma>
        <tipoPrograma>
          <codigo inid="Tp">SO-01</codigo>
        </tipoPrograma>
        <tipoPrograma>
          <codigo inid="Tp">SO-02</codigo>
        </tipoPrograma>
        <tipoPrograma>
          <codigo inid="Tp">SO-04</codigo>
        </tipoPrograma>
        <tipoPrograma>
          <codigo inid="Tp">SO-05</codigo>
        </tipoPrograma>
        <tipoPrograma>
          <codigo inid="Tp">SO-06</codigo>
        </tipoPrograma>
        <tipoPrograma>
          <codigo inid="Tp">SO-07</codigo>
        </tipoPrograma>
        <tipoPrograma>
          <codigo inid="Tp">SO-08</codigo>
        </tipoPrograma>
        <tipoPrograma>
          <codigo inid="Tp">SO-09</codigo>
        </tipoPrograma>
        <tipoPrograma>
          <codigo inid="Tp">TI-02</codigo>
        </tipoPrograma>
        <tipoPrograma>
          <codigo inid="Tp">TI-03</codigo>
        </tipoPrograma>
      </tipoProgramaLista>
      <titularLista>
        <titular sequencia="1" inid="73">
          <nome>ZION LOGTEC TECNOLOGIA EM LOGÍSTICA LTDA</nome>
        </titular>
      </titularLista>
      <criadorLista>
        <criador sequencia="1" inid="Cr">
          <nome>EDUARDO DE SOUSA CANAL</nome>
        </criador>
        <criador sequencia="2" inid="Cr">
          <nome>THIAGO BRICHI CASTALDELLI</nome>
        </criador>
      </criadorLista>
    </processo-programa>
  </despacho>
  <despacho>
    <codigo>730</codigo>
    <titulo>Expedição do Certificado de Registro</titulo>
    <processo-programa>
      <numero inid="Np">BR 51 2021 002150-9</numero>
      <titulo inid="54">BrainsFit, Inteligência a Serviço da Vida</titulo>
      <dataCriacao inid="Dl">Não informado</dataCriacao>
      <campoAplicacaoLista>
        <campoAplicacao>
          <codigo inid="Cp">SD-08</codigo>
        </campoAplicacao>
      </campoAplicacaoLista>
      <linguagemLista>
        <linguagem inid="Lg">PYTHON</linguagem>
      </linguagemLista>
      <tipoProgramaLista>
        <tipoPrograma>
          <codigo inid="Tp">CD-01</codigo>
        </tipoPrograma>
        <tipoPrograma>
          <codigo inid="Tp">IA-01</codigo>
        </tipoPrograma>
        <tipoPrograma>
          <codigo inid="Tp">TC-03</codigo>
        </tipoPrograma>
        <tipoPrograma>
          <codigo inid="Tp">TC-04</codigo>
        </tipoPrograma>
        <tipoPrograma>
          <codigo inid="Tp">UT-04</codigo>
        </tipoPrograma>
      </tipoProgramaLista>
      <titularLista>
        <titular sequencia="1" inid="73">
          <nome>LUIS ANDRE DUTRA E SILVA</nome>
        </titular>
      </titularLista>
      <criadorLista>
        <criador sequencia="1" inid="Cr">
          <nome>LUÍS ANDRÉ DUTRA E SILVA</nome>
        </criador>
      </criadorLista>
    </processo-programa>
  </despacho>
  <despacho>
    <codigo>732</codigo>
    <titulo>Alteração de Razão Social</titulo>
    <processo-programa>
      <numero inid="Np">BR 51 2015 000031-4</numero>
      <titulo inid="54">FIGURA FISCAL</titulo>
      <titularLista>
        <titular sequencia="1" inid="73">
          <nome>ALLCATEIA CORPORAÇÃO LTDA</nome>
        </titular>
      </titularLista>
    </processo-programa>
  </despacho>
  <despacho>
    <codigo>742</codigo>
    <titulo>Petição não conhecida</titulo>
    <processo-programa>
      <numero inid="Np">BR 51 2021 002011-1</numero>
      <titulo inid="54">APP DE BPF (BOAS PRÁTICAS) PARA FABRICAÇÃO DE RAÇÃO</titulo>
      <titularLista>
        <titular sequencia="1" inid="73">
          <nome>JOÃO FRANZ TEGETHOFF</nome>
        </titular>
      </titularLista>
    </processo-programa>
    <comentario inid="co">Pagamento da GRU fora do prazo ou não realizado referente ao protocolo 870210076429</comentario>
  </despacho>
</revista>