<revista numero="2622" dataPublicacao="06/04/2021" diretoria="Programa">
  <despacho>
    <codigo>730</codigo>
    <titulo>Expedição do Certificado de Registro</titulo>
    <processo-programa>
      <numero inid="Np">BR 51 2021 000564-3</numero>
      <titulo inid="54">RIVERDATA&apos;S INTELLIGENT ANALYTICS MANAGEMENT SYSTEM (v1.0)</titulo>
      <dataCriacao inid="Dl">22/03/2021</dataCriacao>
      <campoAplicacaoLista>
        <campoAplicacao>
          <codigo inid="Cp">AD-05</codigo>
        </campoAplicacao>
        <campoAplicacao>
          <codigo inid="Cp">EC-14</codigo>
        </campoAplicacao>
        <campoAplicacao>
          <codigo inid="Cp">IF-01</codigo>
        </campoAplicacao>
        <campoAplicacao>
          <codigo inid="Cp">IF-07</codigo>
        </campoAplicacao>
        <campoAplicacao>
          <codigo inid="Cp">IF-09</codigo>
        </campoAplicacao>
        <campoAplicacao>
          <codigo inid="Cp">IF-10</codigo>
        </campoAplicacao>
        <campoAplicacao>
          <codigo inid="Cp">IN-02</codigo>
        </campoAplicacao>
        <campoAplicacao>
          <codigo inid="Cp">IN-03</codigo>
        </campoAplicacao>
        <campoAplicacao>
          <codigo inid="Cp">MT-04</codigo>
        </campoAplicacao>
        <campoAplicacao>
          <codigo inid="Cp">MT-05</codigo>
        </campoAplicacao>
        <campoAplicacao>
          <codigo inid="Cp">MT-06</codigo>
        </campoAplicacao>
      </campoAplicacaoLista>
      <linguagemLista>
        <linguagem inid="Lg">CSS</linguagem>
        <linguagem inid="Lg">HTML</linguagem>
        <linguagem inid="Lg">JAVA SCRIPT</linguagem>
        <linguagem inid="Lg">MYSQL</linguagem>
        <linguagem inid="Lg">PHP</linguagem>
        <linguagem inid="Lg">PYTHON</linguagem>
      </linguagemLista>
      <tipoProgramaLista>
        <tipoPrograma>
          <codigo inid="Tp">AP-03</codigo>
        </tipoPrograma>
        <tipoPrograma>
          <codigo inid="Tp">AT-06</codigo>
        </tipoPrograma>
        <tipoPrograma>
          <codigo inid="Tp">CD-01</codigo>
        </tipoPrograma>
        <tipoPrograma>
          <codigo inid="Tp">DS-07</codigo>
        </tipoPrograma>
        <tipoPrograma>
          <codigo inid="Tp">FA-01</codigo>
        </tipoPrograma>
        <tipoPrograma>
          <codigo inid="Tp">FA-04</codigo>
        </tipoPrograma>
        <tipoPrograma>
          <codigo inid="Tp">GI-01</codigo>
        </tipoPrograma>
        <tipoPrograma>
          <codigo inid="Tp">GI-02</codigo>
        </tipoPrograma>
        <tipoPrograma>
          <codigo inid="Tp">GI-03</codigo>
        </tipoPrograma>
        <tipoPrograma>
          <codigo inid="Tp">GI-04</codigo>
        </tipoPrograma>
        <tipoPrograma>
          <codigo inid="Tp">GI-06</codigo>
        </tipoPrograma>
        <tipoPrograma>
          <codigo inid="Tp">GI-07</codigo>
        </tipoPrograma>
        <tipoPrograma>
          <codigo inid="Tp">IA-01</codigo>
        </tipoPrograma>
        <tipoPrograma>
          <codigo inid="Tp">PD-05</codigo>
        </tipoPrograma>
        <tipoPrograma>
          <codigo inid="Tp">SO-02</codigo>
        </tipoPrograma>
        <tipoPrograma>
          <codigo inid="Tp">SO-04</codigo>
        </tipoPrograma>
        <tipoPrograma>
          <codigo inid="Tp">SO-05</codigo>
        </tipoPrograma>
        <tipoPrograma>
          <codigo inid="Tp">SO-06</codigo>
        </tipoPrograma>
      </tipoProgramaLista>
      <titularLista>
        <titular sequencia="1" inid="73">
          <nome>CLAUDIO DE SOUZA ROCHA JUNIOR</nome>
        </titular>
      </titularLista>
      <criadorLista>
        <criador sequencia="1" inid="Cr">
          <nome>CLAUDIO DE SOUZA ROCHA JUNIOR</nome>
        </criador>
        <criador sequencia="2" inid="Cr">
          <nome>MARCOS DOS SANTOS</nome>
        </criador>
        <criador sequencia="3" inid="Cr">
          <nome>VLADIMIR SIMÕES DA LUZ JUNIOR</nome>
        </criador>
      </criadorLista>
    </processo-programa>
  </despacho>
  <despacho>
    <codigo>730</codigo>
    <titulo>Expedição do Certificado de Registro</titulo>
    <processo-programa>
      <numero inid="Np">BR 51 2021 000585-6</numero>
      <titulo inid="54">ETI EDUCACIONAL</titulo>
      <dataCriacao inid="Dl">20/04/2004</dataCriacao>
      <campoAplicacaoLista>
        <campoAplicacao>
          <codigo inid="Cp">AD-01</codigo>
        </campoAplicacao>
        <campoAplicacao>
          <codigo inid="Cp">AD-02</codigo>
        </campoAplicacao>
        <campoAplicacao>
          <codigo inid="Cp">AD-05</codigo>
        </campoAplicacao>
        <campoAplicacao>
          <codigo inid="Cp">ED-03</codigo>
        </campoAplicacao>
        <campoAplicacao>
          <codigo inid="Cp">ED-04</codigo>
        </campoAplicacao>
        <campoAplicacao>
          <codigo inid="Cp">ED-06</codigo>
        </campoAplicacao>
      </campoAplicacaoLista>
      <linguagemLista>
        <linguagem inid="Lg">JAVA SCRIPT</linguagem>
        <linguagem inid="Lg">MYSQL</linguagem>
        <linguagem inid="Lg">OUTROS</linguagem>
      </linguagemLista>
      <tipoProgramaLista>
        <tipoPrograma>
          <codigo inid="Tp">AP-01</codigo>
        </tipoPrograma>
        <tipoPrograma>
          <codigo inid="Tp">AP-02</codigo>
        </tipoPrograma>
        <tipoPrograma>
          <codigo inid="Tp">AP-03</codigo>
        </tipoPrograma>
        <tipoPrograma>
          <codigo inid="Tp">AV-01</codigo>
        </tipoPrograma>
        <tipoPrograma>
          <codigo inid="Tp">FA-01</codigo>
        </tipoPrograma>
        <tipoPrograma>
          <codigo inid="Tp">FA-02</codigo>
        </tipoPrograma>
        <tipoPrograma>
          <codigo inid="Tp">FA-04</codigo>
        </tipoPrograma>
        <tipoPrograma>
          <codigo inid="Tp">GI-01</codigo>
        </tipoPrograma>
        <tipoPrograma>
          <codigo inid="Tp">GI-02</codigo>
        </tipoPrograma>
        <tipoPrograma>
          <codigo inid="Tp">GI-03</codigo>
        </tipoPrograma>
        <tipoPrograma>
          <codigo inid="Tp">GI-04</codigo>
        </tipoPrograma>
        <tipoPrograma>
          <codigo inid="Tp">GI-07</codigo>
        </tipoPrograma>
        <tipoPrograma>
          <codigo inid="Tp">LG-07</codigo>
        </tipoPrograma>
        <tipoPrograma>
          <codigo inid="Tp">SO-05</codigo>
        </tipoPrograma>
        <tipoPrograma>
          <codigo inid="Tp">SO-06</codigo>
        </tipoPrograma>
        <tipoPrograma>
          <codigo inid="Tp">SO-07</codigo>
        </tipoPrograma>
        <tipoPrograma>
          <codigo inid="Tp">TC-02</codigo>
        </tipoPrograma>
        <tipoPrograma>
          <codigo inid="Tp">UT-01</codigo>
        </tipoPrograma>
        <tipoPrograma>
          <codigo inid="Tp">UT-06</codigo>
        </tipoPrograma>
      </tipoProgramaLista>
      <titularLista>
        <titular sequencia="1" inid="73">
          <nome>MARCELO ZUCCARONE</nome>
        </titular>
      </titularLista>
      <criadorLista>
        <criador sequencia="1" inid="Cr">
          <nome>MARCELO ZUCCARONE</nome>
        </criador>
      </criadorLista>
    </processo-programa>
  </despacho>
  <despacho>
    <codigo>730</codigo>
    <titulo>Expedição do Certificado de Registro</titulo>
    <processo-programa>
      <numero inid="Np">BR 51 2021 000592-9</numero>
      <titulo inid="54">LandiFy</titulo>
      <dataCriacao inid="Dl">01/01/2019</dataCriacao>
      <campoAplicacaoLista>
        <campoAplicacao>
          <codigo inid="Cp">AH-03</codigo>
        </campoAplicacao>
        <campoAplicacao>
          <codigo inid="Cp">AH-04</codigo>
        </campoAplicacao>
        <campoAplicacao>
          <codigo inid="Cp">EC-11</codigo>
        </campoAplicacao>
        <campoAplicacao>
          <codigo inid="Cp">GC-05</codigo>
        </campoAplicacao>
        <campoAplicacao>
          <codigo inid="Cp">TP-02</codigo>
        </campoAplicacao>
        <campoAplicacao>
          <codigo inid="Cp">UB-01</codigo>
        </campoAplicacao>
        <campoAplicacao>
          <codigo inid="Cp">UB-02</codigo>
        </campoAplicacao>
        <campoAplicacao>
          <codigo inid="Cp">UB-03</codigo>
        </campoAplicacao>
      </campoAplicacaoLista>
      <linguagemLista>
        <linguagem inid="Lg">DJANGO</linguagem>
        <linguagem inid="Lg">HTML</linguagem>
        <linguagem inid="Lg">NODEJS</linguagem>
        <linguagem inid="Lg">POSTGREE SQL</linguagem>
        <linguagem inid="Lg">PYTHON</linguagem>
      </linguagemLista>
      <tipoProgramaLista>
        <tipoPrograma>
          <codigo inid="Tp">AP-01</codigo>
        </tipoPrograma>
        <tipoPrograma>
          <codigo inid="Tp">AP-02</codigo>
        </tipoPrograma>
        <tipoPrograma>
          <codigo inid="Tp">AP-03</codigo>
        </tipoPrograma>
        <tipoPrograma>
          <codigo inid="Tp">AT-01</codigo>
        </tipoPrograma>
        <tipoPrograma>
          <codigo inid="Tp">AT-06</codigo>
        </tipoPrograma>
        <tipoPrograma>
          <codigo inid="Tp">GI-01</codigo>
        </tipoPrograma>
        <tipoPrograma>
          <codigo inid="Tp">GI-04</codigo>
        </tipoPrograma>
        <tipoPrograma>
          <codigo inid="Tp">GI-06</codigo>
        </tipoPrograma>
        <tipoPrograma>
          <codigo inid="Tp">GI-08</codigo>
        </tipoPrograma>
        <tipoPrograma>
          <codigo inid="Tp">IA-02</codigo>
        </tipoPrograma>
        <tipoPrograma>
          <codigo inid="Tp">UT-06</codigo>
        </tipoPrograma>
      </tipoProgramaLista>
      <titularLista>
        <titular sequencia="1" inid="73">
          <nome>SYSTEMRAISE TECNOLOGIA LTDA</nome>
        </titular>
      </titularLista>
      <criadorLista>
        <criador sequencia="1" inid="Cr">
          <nome>RODRIGO SANTIAGO LIMA LEÃO</nome>
        </criador>
      </criadorLista>
    </processo-programa>
  </despacho>
  <despacho>
    <codigo>730</codigo>
    <titulo>Expedição do Certificado de Registro</titulo>
    <processo-programa>
      <numero inid="Np">BR 51 2021 000593-7</numero>
      <titulo inid="54">D-TROP APP</titulo>
      <dataCriacao inid="Dl">20/06/2020</dataCriacao>
      <campoAplicacaoLista>
        <campoAplicacao>
          <codigo inid="Cp">SD-08</codigo>
        </campoAplicacao>
      </campoAplicacaoLista>
      <linguagemLista>
        <linguagem inid="Lg">JAVA SCRIPT</linguagem>
      </linguagemLista>
      <tipoProgramaLista>
        <tipoPrograma>
          <codigo inid="Tp">AP-01</codigo>
        </tipoPrograma>
      </tipoProgramaLista>
      <titularLista>
        <titular sequencia="1" inid="73">
          <nome>FUNDACAO DE ENSINO SUPERIOR DO VALE DO SAPUCAI</nome>
        </titular>
      </titularLista>
      <criadorLista>
        <criador sequencia="1" inid="Cr">
          <nome>CLAUDEMIRO FREITAS MACHADO</nome>
        </criador>
        <criador sequencia="2" inid="Cr">
          <nome>GERALDO MAGELA SALOMÉ</nome>
        </criador>
        <criador sequencia="3" inid="Cr">
          <nome>JOSÉ DIAS DA SILVA NETO</nome>
        </criador>
        <criador sequencia="4" inid="Cr">
          <nome>PEDRO EDUARDO RODRIGUES MARINHO</nome>
        </criador>
        <criador sequencia="5" inid="Cr">
          <nome>RAFAEL MONTEIRO RIBEIRO</nome>
        </criador>
        <criador sequencia="6" inid="Cr">
          <nome>RAILTON DA SILVA MIRANDA</nome>
        </criador>
      </criadorLista>
    </processo-programa>
  </despacho>
  <despacho>
    <codigo>730</codigo>
    <titulo>Expedição do Certificado de Registro</titulo>
    <processo-programa>
      <numero inid="Np">BR 51 2021 000594-5</numero>
      <titulo inid="54">Transitabile Sistema de Processamento de Multas</titulo>
      <dataCriacao inid="Dl">18/11/2020</dataCriacao>
      <campoAplicacaoLista>
        <campoAplicacao>
          <codigo inid="Cp">AD-01</codigo>
        </campoAplicacao>
        <campoAplicacao>
          <codigo inid="Cp">AD-02</codigo>
        </campoAplicacao>
        <campoAplicacao>
          <codigo inid="Cp">IF-02</codigo>
        </campoAplicacao>
        <campoAplicacao>
          <codigo inid="Cp">IF-07</codigo>
        </campoAplicacao>
        <campoAplicacao>
          <codigo inid="Cp">IF-10</codigo>
        </campoAplicacao>
        <campoAplicacao>
          <codigo inid="Cp">TP-02</codigo>
        </campoAplicacao>
        <campoAplicacao>
          <codigo inid="Cp">TP-04</codigo>
        </campoAplicacao>
        <campoAplicacao>
          <codigo inid="Cp">UB-03</codigo>
        </campoAplicacao>
      </campoAplicacaoLista>
      <linguagemLista>
        <linguagem inid="Lg">C</linguagem>
        <linguagem inid="Lg">C++</linguagem>
        <linguagem inid="Lg">HTML</linguagem>
        <linguagem inid="Lg">JAVA</linguagem>
        <linguagem inid="Lg">JAVA SCRIPT</linguagem>
        <linguagem inid="Lg">MYSQL</linguagem>
        <linguagem inid="Lg">PHP</linguagem>
        <linguagem inid="Lg">PYTHON</linguagem>
      </linguagemLista>
      <tipoProgramaLista>
        <tipoPrograma>
          <codigo inid="Tp">AP-01</codigo>
        </tipoPrograma>
        <tipoPrograma>
          <codigo inid="Tp">AP-03</codigo>
        </tipoPrograma>
        <tipoPrograma>
          <codigo inid="Tp">CT-03</codigo>
        </tipoPrograma>
        <tipoPrograma>
          <codigo inid="Tp">DS-04</codigo>
        </tipoPrograma>
        <tipoPrograma>
          <codigo inid="Tp">GI-01</codigo>
        </tipoPrograma>
        <tipoPrograma>
          <codigo inid="Tp">GI-02</codigo>
        </tipoPrograma>
        <tipoPrograma>
          <codigo inid="Tp">GI-04</codigo>
        </tipoPrograma>
        <tipoPrograma>
          <codigo inid="Tp">GI-06</codigo>
        </tipoPrograma>
        <tipoPrograma>
          <codigo inid="Tp">GI-07</codigo>
        </tipoPrograma>
        <tipoPrograma>
          <codigo inid="Tp">PD-05</codigo>
        </tipoPrograma>
        <tipoPrograma>
          <codigo inid="Tp">SO-05</codigo>
        </tipoPrograma>
        <tipoPrograma>
          <codigo inid="Tp">SO-06</codigo>
        </tipoPrograma>
        <tipoPrograma>
          <codigo inid="Tp">TC-04</codigo>
        </tipoPrograma>
        <tipoPrograma>
          <codigo inid="Tp">TI-03</codigo>
        </tipoPrograma>
        <tipoPrograma>
          <codigo inid="Tp">UT-05</codigo>
        </tipoPrograma>
      </tipoProgramaLista>
      <titularLista>
        <titular sequencia="1" inid="73">
          <nome>TRANSITABILE SISTEMA DE CONTROLE DE VAGAS AUTOMOTIVAS LTDA</nome>
        </titular>
      </titularLista>
      <criadorLista>
        <criador sequencia="1" inid="Cr">
          <nome>JORGE WILSON GONÇALVES LESSA</nome>
        </criador>
        <criador sequencia="2" inid="Cr">
          <nome>ROGÉRIO VALIM FERREIRA</nome>
        </criador>
      </criadorLista>
    </processo-programa>
  </despacho>
  <despacho>
    <codigo>730</codigo>
    <titulo>Expedição do Certificado de Registro</titulo>
    <processo-programa>
      <numero inid="Np">BR 51 2021 000595-3</numero>
      <titulo inid="54">BEEVOTER</titulo>
      <dataCriacao inid="Dl">01/07/2020</dataCriacao>
      <campoAplicacaoLista>
        <campoAplicacao>
          <codigo inid="Cp">AH-05</codigo>
        </campoAplicacao>
        <campoAplicacao>
          <codigo inid="Cp">AN-01</codigo>
        </campoAplicacao>
        <campoAplicacao>
          <codigo inid="Cp">AN-02</codigo>
        </campoAplicacao>
        <campoAplicacao>
          <codigo inid="Cp">IN-02</codigo>
        </campoAplicacao>
      </campoAplicacaoLista>
      <linguagemLista>
        <linguagem inid="Lg">.NET</linguagem>
        <linguagem inid="Lg">C#</linguagem>
        <linguagem inid="Lg">CSS</linguagem>
        <linguagem inid="Lg">HTML</linguagem>
        <linguagem inid="Lg">JAVA SCRIPT</linguagem>
        <linguagem inid="Lg">SQL</linguagem>
      </linguagemLista>
      <tipoProgramaLista>
        <tipoPrograma>
          <codigo inid="Tp">IA-02</codigo>
        </tipoPrograma>
        <tipoPrograma>
          <codigo inid="Tp">PD-01</codigo>
        </tipoPrograma>
        <tipoPrograma>
          <codigo inid="Tp">PD-03</codigo>
        </tipoPrograma>
        <tipoPrograma>
          <codigo inid="Tp">PD-04</codigo>
        </tipoPrograma>
        <tipoPrograma>
          <codigo inid="Tp">TC-02</codigo>
        </tipoPrograma>
      </tipoProgramaLista>
      <titularLista>
        <titular sequencia="1" inid="73">
          <nome>UBIRATAN DE ALMEIDA ELIAS</nome>
        </titular>
      </titularLista>
      <criadorLista>
        <criador sequencia="1" inid="Cr">
          <nome>UBIRATAN DE ALMEIDA ELIAS</nome>
        </criador>
      </criadorLista>
    </processo-programa>
  </despacho>
  <despacho>
    <codigo>730</codigo>
    <titulo>Expedição do Certificado de Registro</titulo>
    <processo-programa>
      <numero inid="Np">BR 51 2021 000596-1</numero>
      <titulo inid="54">Dilema do Prisioneiro</titulo>
      <dataCriacao inid="Dl">01/03/2021</dataCriacao>
      <campoAplicacaoLista>
        <campoAplicacao>
          <codigo inid="Cp">PS-01</codigo>
        </campoAplicacao>
        <campoAplicacao>
          <codigo inid="Cp">PS-02</codigo>
        </campoAplicacao>
      </campoAplicacaoLista>
      <linguagemLista>
        <linguagem inid="Lg">OUTROS</linguagem>
      </linguagemLista>
      <tipoProgramaLista>
        <tipoPrograma>
          <codigo inid="Tp">AP-01</codigo>
        </tipoPrograma>
      </tipoProgramaLista>
      <titularLista>
        <titular sequencia="1" inid="73">
          <nome>ANDERSON</nome>
        </titular>
        <titular sequencia="2" inid="73">
          <nome>ANDRÉ LUIZ FERREIRA</nome>
        </titular>
        <titular sequencia="3" inid="73">
          <nome>PEDRO BORDINI FALEIROS</nome>
        </titular>
        <titular sequencia="4" inid="73">
          <nome>YASMIN CAROLINA CARNEIRO</nome>
        </titular>
      </titularLista>
      <criadorLista>
        <criador sequencia="1" inid="Cr">
          <nome>ANDERSON BELGAMO</nome>
        </criador>
        <criador sequencia="2" inid="Cr">
          <nome>ANDRÉ LUIZ FERREIRA</nome>
        </criador>
        <criador sequencia="3" inid="Cr">
          <nome>PEDRO BORDINI FALEIROS</nome>
        </criador>
        <criador sequencia="4" inid="Cr">
          <nome>YASMIN CAROLINA CARNEIRO</nome>
        </criador>
      </criadorLista>
    </processo-programa>
  </despacho>
  <despacho>
    <codigo>730</codigo>
    <titulo>Expedição do Certificado de Registro</titulo>
    <processo-programa>
      <numero inid="Np">BR 51 2021 000597-0</numero>
      <titulo inid="54">RAIOS 7 (Room Acoustics Integrated and Optmized Software) versão 7</titulo>
      <dataCriacao inid="Dl">01/10/2019</dataCriacao>
      <campoAplicacaoLista>
        <campoAplicacao>
          <codigo inid="Cp">FQ-02</codigo>
        </campoAplicacao>
        <campoAplicacao>
          <codigo inid="Cp">UB-05</codigo>
        </campoAplicacao>
      </campoAplicacaoLista>
      <linguagemLista>
        <linguagem inid="Lg">C++</linguagem>
      </linguagemLista>
      <tipoProgramaLista>
        <tipoPrograma>
          <codigo inid="Tp">IA-01</codigo>
        </tipoPrograma>
        <tipoPrograma>
          <codigo inid="Tp">SM-01</codigo>
        </tipoPrograma>
        <tipoPrograma>
          <codigo inid="Tp">TC-01</codigo>
        </tipoPrograma>
      </tipoProgramaLista>
      <titularLista>
        <titular sequencia="1" inid="73">
          <nome>ROBERTO AIZIK TENENBAUM</nome>
        </titular>
      </titularLista>
      <criadorLista>
        <criador sequencia="1" inid="Cr">
          <nome>ROBERTO AIZIK TENENBAUM</nome>
        </criador>
        <criador sequencia="2" inid="Cr">
          <nome>VIVIANE SUZEY GOMES DE MELO</nome>
        </criador>
      </criadorLista>
    </processo-programa>
  </despacho>
  <despacho>
    <codigo>730</codigo>
    <titulo>Expedição do Certificado de Registro</titulo>
    <processo-programa>
      <numero inid="Np">BR 51 2021 000598-8</numero>
      <titulo inid="54">CPQD4005 - Viver 360 - Solução para monitoramento da saúde de idosos com morbidades crônicas - Edição Prefeituras</titulo>
      <dataCriacao inid="Dl">25/02/2021</dataCriacao>
      <campoAplicacaoLista>
        <campoAplicacao>
          <codigo inid="Cp">IN-02</codigo>
        </campoAplicacao>
      </campoAplicacaoLista>
      <linguagemLista>
        <linguagem inid="Lg">JAVA</linguagem>
        <linguagem inid="Lg">JAVA SCRIPT</linguagem>
        <linguagem inid="Lg">OUTROS</linguagem>
      </linguagemLista>
      <tipoProgramaLista>
        <tipoPrograma>
          <codigo inid="Tp">AP-01</codigo>
        </tipoPrograma>
      </tipoProgramaLista>
      <titularLista>
        <titular sequencia="1" inid="73">
          <nome>FUNDACAO CPQD - CENTRO DE PESQUISA E DESENVOLVIMENTO EM TELECOMUNICACOES</nome>
        </titular>
      </titularLista>
      <criadorLista>
        <criador sequencia="1" inid="Cr">
          <nome>086.319.078-20 ANALISTA DE BANCO DE DADOS</nome>
        </criador>
        <criador sequencia="2" inid="Cr">
          <nome>ACOLITO@CPQD.COM.BR</nome>
        </criador>
        <criador sequencia="3" inid="Cr">
          <nome>ALFREDO HENRIQUE GALLINUCCI COLITO</nome>
        </criador>
        <criador sequencia="4" inid="Cr">
          <nome>DAMARIS PIRES ARRUDA</nome>
        </criador>
        <criador sequencia="5" inid="Cr">
          <nome>FERNANDA CORSINI JORDÃO MEDEIROS</nome>
        </criador>
        <criador sequencia="6" inid="Cr">
          <nome>FERNANDA MORAES CAPISTRANO CUNHA SOARES</nome>
        </criador>
        <criador sequencia="7" inid="Cr">
          <nome>FERNANDO HENRIQUE DE ARAÚJO BUFFALO</nome>
        </criador>
        <criador sequencia="8" inid="Cr">
          <nome>GIANCARLO SCHAFFER TORRES JUNIOR</nome>
        </criador>
        <criador sequencia="9" inid="Cr">
          <nome>MARIA ESTELA DE OLIVEIRA PAIVA</nome>
        </criador>
        <criador sequencia="10" inid="Cr">
          <nome>RODRIGO DE JESUS RIBEIRO PEREIRA</nome>
        </criador>
      </criadorLista>
    </processo-programa>
  </despacho>
  <despacho>
    <codigo>730</codigo>
    <titulo>Expedição do Certificado de Registro</titulo>
    <processo-programa>
      <numero inid="Np">BR 51 2021 000599-6</numero>
      <titulo inid="54">CPQD4006 - Viver 360 - Solução para monitoramento da saúde de idosos com morbidades crônicas - Módulo Administrativo</titulo>
      <dataCriacao inid="Dl">25/02/2021</dataCriacao>
      <campoAplicacaoLista>
        <campoAplicacao>
          <codigo inid="Cp">IN-02</codigo>
        </campoAplicacao>
      </campoAplicacaoLista>
      <linguagemLista>
        <linguagem inid="Lg">JAVA</linguagem>
        <linguagem inid="Lg">JAVA SCRIPT</linguagem>
        <linguagem inid="Lg">OUTROS</linguagem>
      </linguagemLista>
      <tipoProgramaLista>
        <tipoPrograma>
          <codigo inid="Tp">AP-01</codigo>
        </tipoPrograma>
      </tipoProgramaLista>
      <titularLista>
        <titular sequencia="1" inid="73">
          <nome>FUNDACAO CPQD - CENTRO DE PESQUISA E DESENVOLVIMENTO EM TELECOMUNICACOES</nome>
        </titular>
      </titularLista>
      <criadorLista>
        <criador sequencia="1" inid="Cr">
          <nome>ALFREDO HENRIQUE GALLINUCCI COLITO</nome>
        </criador>
        <criador sequencia="2" inid="Cr">
          <nome>CLAUDINEI MARTINS</nome>
        </criador>
        <criador sequencia="3" inid="Cr">
          <nome>DAMARIS PIRES ARRUDA</nome>
        </criador>
        <criador sequencia="4" inid="Cr">
          <nome>FATIMA IZUMI OBATA</nome>
        </criador>
        <criador sequencia="5" inid="Cr">
          <nome>FERNANDA CORSINI JORDÃO MEDEIROS</nome>
        </criador>
        <criador sequencia="6" inid="Cr">
          <nome>FERNANDA MORAES CAPISTRANO CUNHA SOARES</nome>
        </criador>
        <criador sequencia="7" inid="Cr">
          <nome>FERNANDO HENRIQUE DE ARAÚJO BUFFALO</nome>
        </criador>
        <criador sequencia="8" inid="Cr">
          <nome>GIANCARLO SCHAFFER TORRES JUNIOR</nome>
        </criador>
        <criador sequencia="9" inid="Cr">
          <nome>MARIA ESTELA DE OLIVEIRA PAIVA</nome>
        </criador>
        <criador sequencia="10" inid="Cr">
          <nome>RODRIGO DE JESUS RIBEIRO PEREIRA</nome>
        </criador>
      </criadorLista>
    </processo-programa>
  </despacho>
  <despacho>
    <codigo>730</codigo>
    <titulo>Expedição do Certificado de Registro</titulo>
    <processo-programa>
      <numero inid="Np">BR 51 2021 000600-3</numero>
      <titulo inid="54">Plataforma GeoPorTour</titulo>
      <dataCriacao inid="Dl">31/08/2020</dataCriacao>
      <campoAplicacaoLista>
        <campoAplicacao>
          <codigo inid="Cp">SV-04</codigo>
        </campoAplicacao>
      </campoAplicacaoLista>
      <linguagemLista>
        <linguagem inid="Lg">OUTROS</linguagem>
      </linguagemLista>
      <tipoProgramaLista>
        <tipoPrograma>
          <codigo inid="Tp">AP-01</codigo>
        </tipoPrograma>
      </tipoProgramaLista>
      <titularLista>
        <titular sequencia="1" inid="73">
          <nome>FUNDAÇÃO UNIVERSIDADE FEDERAL DO TOCANTINS</nome>
        </titular>
      </titularLista>
      <criadorLista>
        <criador sequencia="1" inid="Cr">
          <nome>ARY HENRIQUE MORAIS DE OLIVEIRA</nome>
        </criador>
        <criador sequencia="2" inid="Cr">
          <nome>DEOCLECÍ DOS SANTOS DIAS</nome>
        </criador>
        <criador sequencia="3" inid="Cr">
          <nome>GENIAS BRANDÃO DE ALENCAR</nome>
        </criador>
        <criador sequencia="4" inid="Cr">
          <nome>GLENDA MICHELE BOTELHO</nome>
        </criador>
        <criador sequencia="5" inid="Cr">
          <nome>MATEUS DA SILVA ROSÁRIO</nome>
        </criador>
        <criador sequencia="6" inid="Cr">
          <nome>ROSANE BALSAN</nome>
        </criador>
      </criadorLista>
    </processo-programa>
  </despacho>
  <despacho>
    <codigo>730</codigo>
    <titulo>Expedição do Certificado de Registro</titulo>
    <processo-programa>
      <numero inid="Np">BR 51 2021 000601-1</numero>
      <titulo inid="54">AgregaOn irrigação</titulo>
      <dataCriacao inid="Dl">15/11/2020</dataCriacao>
      <campoAplicacaoLista>
        <campoAplicacao>
          <codigo inid="Cp">AG-01</codigo>
        </campoAplicacao>
        <campoAplicacao>
          <codigo inid="Cp">AG-02</codigo>
        </campoAplicacao>
        <campoAplicacao>
          <codigo inid="Cp">AG-06</codigo>
        </campoAplicacao>
        <campoAplicacao>
          <codigo inid="Cp">AG-09</codigo>
        </campoAplicacao>
        <campoAplicacao>
          <codigo inid="Cp">EN-01</codigo>
        </campoAplicacao>
        <campoAplicacao>
          <codigo inid="Cp">ME-02</codigo>
        </campoAplicacao>
        <campoAplicacao>
          <codigo inid="Cp">ME-03</codigo>
        </campoAplicacao>
      </campoAplicacaoLista>
      <linguagemLista>
        <linguagem inid="Lg">PHP</linguagem>
      </linguagemLista>
      <tipoProgramaLista>
        <tipoPrograma>
          <codigo inid="Tp">AP-02</codigo>
        </tipoPrograma>
        <tipoPrograma>
          <codigo inid="Tp">AT-05</codigo>
        </tipoPrograma>
        <tipoPrograma>
          <codigo inid="Tp">AT-06</codigo>
        </tipoPrograma>
        <tipoPrograma>
          <codigo inid="Tp">AV-01</codigo>
        </tipoPrograma>
        <tipoPrograma>
          <codigo inid="Tp">GI-04</codigo>
        </tipoPrograma>
        <tipoPrograma>
          <codigo inid="Tp">PD-04</codigo>
        </tipoPrograma>
        <tipoPrograma>
          <codigo inid="Tp">TC-01</codigo>
        </tipoPrograma>
      </tipoProgramaLista>
      <titularLista>
        <titular sequencia="1" inid="73">
          <nome>AL CORTEZ SERVIÇOS AGRÍCOLAS E LTDA - ME</nome>
        </titular>
        <titular sequencia="2" inid="73">
          <nome>LILIAN HENRIQUE NUNES</nome>
        </titular>
      </titularLista>
      <criadorLista>
        <criador sequencia="1" inid="Cr">
          <nome>LILIAN HENRIQUE NUNES CORTEZ</nome>
        </criador>
      </criadorLista>
    </processo-programa>
  </despacho>
  <despacho>
    <codigo>730</codigo>
    <titulo>Expedição do Certificado de Registro</titulo>
    <processo-programa>
      <numero inid="Np">BR 51 2021 000602-0</numero>
      <titulo inid="54">Visualizer of automated operations</titulo>
      <dataCriacao inid="Dl">15/02/2021</dataCriacao>
      <campoAplicacaoLista>
        <campoAplicacao>
          <codigo inid="Cp">AD-05</codigo>
        </campoAplicacao>
        <campoAplicacao>
          <codigo inid="Cp">AD-09</codigo>
        </campoAplicacao>
        <campoAplicacao>
          <codigo inid="Cp">EC-01</codigo>
        </campoAplicacao>
        <campoAplicacao>
          <codigo inid="Cp">IF-02</codigo>
        </campoAplicacao>
        <campoAplicacao>
          <codigo inid="Cp">MT-06</codigo>
        </campoAplicacao>
      </campoAplicacaoLista>
      <linguagemLista>
        <linguagem inid="Lg">JAVA SCRIPT</linguagem>
        <linguagem inid="Lg">OUTROS</linguagem>
        <linguagem inid="Lg">PHP</linguagem>
      </linguagemLista>
      <tipoProgramaLista>
        <tipoPrograma>
          <codigo inid="Tp">AP-01</codigo>
        </tipoPrograma>
        <tipoPrograma>
          <codigo inid="Tp">AP-03</codigo>
        </tipoPrograma>
      </tipoProgramaLista>
      <titularLista>
        <titular sequencia="1" inid="73">
          <nome>BTK INVESTIMENTOS - EMPRESA SIMPLES DE CREDITO</nome>
        </titular>
      </titularLista>
      <criadorLista>
        <criador sequencia="1" inid="Cr">
          <nome>ANGELO RAFAEL LENARTE HOMEN</nome>
        </criador>
        <criador sequencia="2" inid="Cr">
          <nome>DAVI BASTOS VALENTIM</nome>
        </criador>
        <criador sequencia="3" inid="Cr">
          <nome>ERIC SILVA BATISTA</nome>
        </criador>
        <criador sequencia="4" inid="Cr">
          <nome>MARCO ANTONIO DE AMARAL</nome>
        </criador>
        <criador sequencia="5" inid="Cr">
          <nome>THIAGO SAK DE OLIVEIRA</nome>
        </criador>
      </criadorLista>
    </processo-programa>
  </despacho>
  <despacho>
    <codigo>730</codigo>
    <titulo>Expedição do Certificado de Registro</titulo>
    <processo-programa>
      <numero inid="Np">BR 51 2021 000603-8</numero>
      <titulo inid="54">nCommand</titulo>
      <dataCriacao inid="Dl">24/05/2017</dataCriacao>
      <campoAplicacaoLista>
        <campoAplicacao>
          <codigo inid="Cp">ED-04</codigo>
        </campoAplicacao>
        <campoAplicacao>
          <codigo inid="Cp">IF-10</codigo>
        </campoAplicacao>
        <campoAplicacao>
          <codigo inid="Cp">SD-06</codigo>
        </campoAplicacao>
        <campoAplicacao>
          <codigo inid="Cp">TC-02</codigo>
        </campoAplicacao>
      </campoAplicacaoLista>
      <linguagemLista>
        <linguagem inid="Lg">.NET</linguagem>
        <linguagem inid="Lg">C#</linguagem>
        <linguagem inid="Lg">JAVA SCRIPT</linguagem>
        <linguagem inid="Lg">T-SQL</linguagem>
      </linguagemLista>
      <tipoProgramaLista>
        <tipoPrograma>
          <codigo inid="Tp">AP-01</codigo>
        </tipoPrograma>
        <tipoPrograma>
          <codigo inid="Tp">AP-03</codigo>
        </tipoPrograma>
        <tipoPrograma>
          <codigo inid="Tp">FA-01</codigo>
        </tipoPrograma>
        <tipoPrograma>
          <codigo inid="Tp">TC-01</codigo>
        </tipoPrograma>
        <tipoPrograma>
          <codigo inid="Tp">TC-04</codigo>
        </tipoPrograma>
      </tipoProgramaLista>
      <titularLista>
        <titular sequencia="1" inid="73">
          <nome>NESS HEALTH TECNOLOGIA E PROCESSOS LTDA.</nome>
        </titular>
      </titularLista>
      <criadorLista>
        <criador sequencia="1" inid="Cr">
          <nome>ELIAS SIMÕES DE OLIVEIRA SILVA</nome>
        </criador>
        <criador sequencia="2" inid="Cr">
          <nome>MARCOS VENICIUS DOS SANTOS SILVA</nome>
        </criador>
        <criador sequencia="3" inid="Cr">
          <nome>PABLO JUAN MORAIS DA CRUZ</nome>
        </criador>
      </criadorLista>
    </processo-programa>
  </despacho>
  <despacho>
    <codigo>730</codigo>
    <titulo>Expedição do Certificado de Registro</titulo>
    <processo-programa>
      <numero inid="Np">BR 51 2021 000604-6</numero>
      <titulo inid="54">SysHidronefrose - software para estruturação de laudos de ultrassonografia em pacientes com dilatação do trato urinário</titulo>
      <dataCriacao inid="Dl">24/09/2020</dataCriacao>
      <campoAplicacaoLista>
        <campoAplicacao>
          <codigo inid="Cp">SD-08</codigo>
        </campoAplicacao>
        <campoAplicacao>
          <codigo inid="Cp">SD-09</codigo>
        </campoAplicacao>
      </campoAplicacaoLista>
      <linguagemLista>
        <linguagem inid="Lg">PHP</linguagem>
      </linguagemLista>
      <tipoProgramaLista>
        <tipoPrograma>
          <codigo inid="Tp">FA-01</codigo>
        </tipoPrograma>
        <tipoPrograma>
          <codigo inid="Tp">GI-04</codigo>
        </tipoPrograma>
      </tipoProgramaLista>
      <titularLista>
        <titular sequencia="1" inid="73">
          <nome>FUNDAÇÃO UNIVERSIDADE ESTADUAL DO CEARÁ - FUNECE</nome>
        </titular>
      </titularLista>
      <criadorLista>
        <criador sequencia="1" inid="Cr">
          <nome>HARLEY SILVEIRA MENEZES</nome>
        </criador>
        <criador sequencia="2" inid="Cr">
          <nome>MANOEL MIQUEIAS MAIA</nome>
        </criador>
        <criador sequencia="3" inid="Cr">
          <nome>ROMMEL PRATA REGADAS</nome>
        </criador>
      </criadorLista>
    </processo-programa>
  </despacho>
  <despacho>
    <codigo>730</codigo>
    <titulo>Expedição do Certificado de Registro</titulo>
    <processo-programa>
      <numero inid="Np">BR 51 2021 000605-4</numero>
      <titulo inid="54">BATUQUE-SE: Pulseira e Aplicativo para Auxiliar Surdos com Percussão</titulo>
      <dataCriacao inid="Dl">26/11/2019</dataCriacao>
      <campoAplicacaoLista>
        <campoAplicacao>
          <codigo inid="Cp">SD-04</codigo>
        </campoAplicacao>
      </campoAplicacaoLista>
      <linguagemLista>
        <linguagem inid="Lg">C</linguagem>
        <linguagem inid="Lg">C#</linguagem>
      </linguagemLista>
      <tipoProgramaLista>
        <tipoPrograma>
          <codigo inid="Tp">AP-01</codigo>
        </tipoPrograma>
        <tipoPrograma>
          <codigo inid="Tp">ET-01</codigo>
        </tipoPrograma>
      </tipoProgramaLista>
      <titularLista>
        <titular sequencia="1" inid="73">
          <nome>INSTITUTO FEDERAL DE EDUCAÇÃO, CIÊNCIA E TECNOLOGIA DO RIO GRANDE DO NORTE</nome>
        </titular>
      </titularLista>
      <criadorLista>
        <criador sequencia="1" inid="Cr">
          <nome>ELENILSON VIEIRA DA SILVA FILHO</nome>
        </criador>
        <criador sequencia="2" inid="Cr">
          <nome>LUCAS GUIMARÃES PESSOA DE CARVALHO</nome>
        </criador>
        <criador sequencia="3" inid="Cr">
          <nome>LUÍS RODRIGUES DA SILVA FILHO</nome>
        </criador>
        <criador sequencia="4" inid="Cr">
          <nome>MARIA ELIZA GURGEL FERNANDES</nome>
        </criador>
      </criadorLista>
    </processo-programa>
  </despacho>
  <despacho>
    <codigo>730</codigo>
    <titulo>Expedição do Certificado de Registro</titulo>
    <processo-programa>
      <numero inid="Np">BR 51 2021 000608-9</numero>
      <titulo inid="54">1bora - Aplicativo para promoção de reuniões e divulgações</titulo>
      <dataCriacao inid="Dl">07/12/2020</dataCriacao>
      <campoAplicacaoLista>
        <campoAplicacao>
          <codigo inid="Cp">SV-01</codigo>
        </campoAplicacao>
        <campoAplicacao>
          <codigo inid="Cp">TB-06</codigo>
        </campoAplicacao>
      </campoAplicacaoLista>
      <linguagemLista>
        <linguagem inid="Lg">OUTROS</linguagem>
      </linguagemLista>
      <tipoProgramaLista>
        <tipoPrograma>
          <codigo inid="Tp">AP-01</codigo>
        </tipoPrograma>
      </tipoProgramaLista>
      <titularLista>
        <titular sequencia="1" inid="73">
          <nome>JOÃO REIS DE MIRANDA</nome>
        </titular>
      </titularLista>
      <criadorLista>
        <criador sequencia="1" inid="Cr">
          <nome>JOÃO REIS DE MIRANDA</nome>
        </criador>
      </criadorLista>
    </processo-programa>
  </despacho>
  <despacho>
    <codigo>730</codigo>
    <titulo>Expedição do Certificado de Registro</titulo>
    <processo-programa>
      <numero inid="Np">BR 51 2021 000609-7</numero>
      <titulo inid="54">Retratos da Atenção Primária à Saúde</titulo>
      <dataCriacao inid="Dl">02/01/2019</dataCriacao>
      <campoAplicacaoLista>
        <campoAplicacao>
          <codigo inid="Cp">SD-01</codigo>
        </campoAplicacao>
      </campoAplicacaoLista>
      <linguagemLista>
        <linguagem inid="Lg">PHP</linguagem>
      </linguagemLista>
      <tipoProgramaLista>
        <tipoPrograma>
          <codigo inid="Tp">FA-01</codigo>
        </tipoPrograma>
      </tipoProgramaLista>
      <titularLista>
        <titular sequencia="1" inid="73">
          <nome>INSTITUTO FEDERAL DE EDUCAÇÃO, CIÊNCIA E TECNOLOGIA DO RIO GRANDE DO NORTE</nome>
        </titular>
        <titular sequencia="2" inid="73">
          <nome>UNIVERSIDADE FEDERAL DO RIO GRANDE DO NORTE</nome>
        </titular>
      </titularLista>
      <criadorLista>
        <criador sequencia="1" inid="Cr">
          <nome>ALEIKA LWIZA ALVES FONSÊCA</nome>
        </criador>
        <criador sequencia="2" inid="Cr">
          <nome>ALEX FABIANO DE ARAÚJO FURTUNATO</nome>
        </criador>
        <criador sequencia="3" inid="Cr">
          <nome>ALIADNE CASTORINA SOARES DE SOUSA</nome>
        </criador>
        <criador sequencia="4" inid="Cr">
          <nome>ARTHUR MEIRELES DA SILVA</nome>
        </criador>
        <criador sequencia="5" inid="Cr">
          <nome>BEATRIZ SOARES DE SOUZA</nome>
        </criador>
        <criador sequencia="6" inid="Cr">
          <nome>CEFAS RODRIGUES FREIRE</nome>
        </criador>
        <criador sequencia="7" inid="Cr">
          <nome>CESIMAR XAVIER DE SOUZA DIAS</nome>
        </criador>
        <criador sequencia="8" inid="Cr">
          <nome>DANIEL SOUZA AFFONSO FERREIRA</nome>
        </criador>
        <criador sequencia="9" inid="Cr">
          <nome>DENISE LINS DE SOUSA</nome>
        </criador>
        <criador sequencia="10" inid="Cr">
          <nome>DIEGO FERREIRA DE LIMA</nome>
        </criador>
        <criador sequencia="11" inid="Cr">
          <nome>ISAQUE KAIO DE ARAUJO RODRIGUES</nome>
        </criador>
        <criador sequencia="12" inid="Cr">
          <nome>JANAÍNA LUANA RODRIGUES DA SILVA</nome>
        </criador>
        <criador sequencia="13" inid="Cr">
          <nome>JORDANA CRISLAYNE DE LIMA PAIVA</nome>
        </criador>
        <criador sequencia="14" inid="Cr">
          <nome>JOÃO PAULO PEREIRA DE MEDEIROS</nome>
        </criador>
        <criador sequencia="15" inid="Cr">
          <nome>JOÃO PAULO QUEIROZ DOS SANTOS</nome>
        </criador>
        <criador sequencia="16" inid="Cr">
          <nome>KARILANY DANTAS COUTINHO</nome>
        </criador>
        <criador sequencia="17" inid="Cr">
          <nome>KATHLEEN NOEMI DUARTE REGO</nome>
        </criador>
        <criador sequencia="18" inid="Cr">
          <nome>KATIA MOTTA GALVÃO GOMES</nome>
        </criador>
        <criador sequencia="19" inid="Cr">
          <nome>LUIZ GUILHERME PORTELA OLIVEIRA DE CERQUEIRA</nome>
        </criador>
        <criador sequencia="20" inid="Cr">
          <nome>MARIA DE FATIMA PEREIRA</nome>
        </criador>
        <criador sequencia="21" inid="Cr">
          <nome>MAYRA DANTAS DE AZEVEDO</nome>
        </criador>
        <criador sequencia="22" inid="Cr">
          <nome>MILENA CRISTINA DUARTE DE ALMEIDA</nome>
        </criador>
        <criador sequencia="23" inid="Cr">
          <nome>PABLO HOLANDA CARDOSO</nome>
        </criador>
        <criador sequencia="24" inid="Cr">
          <nome>RENATA CLARISSE CARLOS DE ANDRADE</nome>
        </criador>
        <criador sequencia="25" inid="Cr">
          <nome>RENATA PELLA TEIXEIRA</nome>
        </criador>
        <criador sequencia="26" inid="Cr">
          <nome>RICARDO ALEXSANDRO DE MEDEIROS VALENTIM</nome>
        </criador>
        <criador sequencia="27" inid="Cr">
          <nome>RODRIGO DANTAS DA SILVA</nome>
        </criador>
        <criador sequencia="28" inid="Cr">
          <nome>WELKSON RENNY DE MEDEIROS</nome>
        </criador>
        <criador sequencia="29" inid="Cr">
          <nome>ÍTALO EPIFÂNIO DE LIMA E SILVA</nome>
        </criador>
        <criador sequencia="30" inid="Cr">
          <nome>JORDANA CRISLAYNE DE LIMA PAIVA</nome>
        </criador>
        <criador sequencia="31" inid="Cr">
          <nome>JOÃO PAULO PEREIRA DE MEDEIROS</nome>
        </criador>
        <criador sequencia="32" inid="Cr">
          <nome>ÍTALO EPIFÂNIO DE LIMA E SILVA</nome>
        </criador>
      </criadorLista>
    </processo-programa>
  </despacho>
  <despacho>
    <codigo>730</codigo>
    <titulo>Expedição do Certificado de Registro</titulo>
    <processo-programa>
      <numero inid="Np">BR 51 2021 000614-3</numero>
      <titulo inid="54">Calculadora TestBUG: Aplicação para o Ensino e Aprendizagem de Procedimentos de Testes de Verificação em Softwares</titulo>
      <dataCriacao inid="Dl">01/12/2019</dataCriacao>
      <campoAplicacaoLista>
        <campoAplicacao>
          <codigo inid="Cp">ED-04</codigo>
        </campoAplicacao>
        <campoAplicacao>
          <codigo inid="Cp">ED-06</codigo>
        </campoAplicacao>
      </campoAplicacaoLista>
      <linguagemLista>
        <linguagem inid="Lg">C#</linguagem>
      </linguagemLista>
      <tipoProgramaLista>
        <tipoPrograma>
          <codigo inid="Tp">AP-01</codigo>
        </tipoPrograma>
        <tipoPrograma>
          <codigo inid="Tp">FA-01</codigo>
        </tipoPrograma>
      </tipoProgramaLista>
      <titularLista>
        <titular sequencia="1" inid="73">
          <nome>CARLOS ALEXANDRE GOUVEA DA SILVA</nome>
        </titular>
        <titular sequencia="2" inid="73">
          <nome>EDSON LEONARDO DOS SANTOS</nome>
        </titular>
      </titularLista>
      <criadorLista>
        <criador sequencia="1" inid="Cr">
          <nome>CARLOS ALEXANDRE GOUVEA DA SILVA</nome>
        </criador>
        <criador sequencia="2" inid="Cr">
          <nome>EDSON LEONARDO DOS SANTOS</nome>
        </criador>
      </criadorLista>
    </processo-programa>
  </despacho>
  <despacho>
    <codigo>730</codigo>
    <titulo>Expedição do Certificado de Registro</titulo>
    <processo-programa>
      <numero inid="Np">BR 51 2021 000615-1</numero>
      <titulo inid="54">Cooperação - Core (Conjunto de classes, bibliotecas, e serviços agregados utilizados pelas aplicação do Cooperação)</titulo>
      <dataCriacao inid="Dl">10/07/2017</dataCriacao>
      <campoAplicacaoLista>
        <campoAplicacao>
          <codigo inid="Cp">IF-01</codigo>
        </campoAplicacao>
        <campoAplicacao>
          <codigo inid="Cp">SM-01</codigo>
        </campoAplicacao>
        <campoAplicacao>
          <codigo inid="Cp">SV-01</codigo>
        </campoAplicacao>
      </campoAplicacaoLista>
      <linguagemLista>
        <linguagem inid="Lg">.NET</linguagem>
        <linguagem inid="Lg">C#</linguagem>
        <linguagem inid="Lg">SQL</linguagem>
      </linguagemLista>
      <tipoProgramaLista>
        <tipoPrograma>
          <codigo inid="Tp">DS-05</codigo>
        </tipoPrograma>
      </tipoProgramaLista>
      <titularLista>
        <titular sequencia="1" inid="73">
          <nome>COMPANHIA PERNAMBUCANA DE SANEAMENTO - COMPESA</nome>
        </titular>
      </titularLista>
      <criadorLista>
        <criador sequencia="1" inid="Cr">
          <nome>ANDERSON SANTOS QUADROS</nome>
        </criador>
        <criador sequencia="2" inid="Cr">
          <nome>APRIGIO TRAJANO DA CUNHA NETO</nome>
        </criador>
        <criador sequencia="3" inid="Cr">
          <nome>CLIVER RICARDO SANTOS DE ASSIS</nome>
        </criador>
        <criador sequencia="4" inid="Cr">
          <nome>FÁBIO RODRIGO DE LIMA E SILVA</nome>
        </criador>
        <criador sequencia="5" inid="Cr">
          <nome>IGOR BARRETO BANDEIRA</nome>
        </criador>
        <criador sequencia="6" inid="Cr">
          <nome>JOÃO MARCELO MONTE DA SILVA</nome>
        </criador>
        <criador sequencia="7" inid="Cr">
          <nome>KÁTIA MARIA DO NASCIMENTO LIMA</nome>
        </criador>
        <criador sequencia="8" inid="Cr">
          <nome>LUIZ VALENTIM ARGENTON</nome>
        </criador>
      </criadorLista>
    </processo-programa>
  </despacho>
  <despacho>
    <codigo>730</codigo>
    <titulo>Expedição do Certificado de Registro</titulo>
    <processo-programa>
      <numero inid="Np">BR 51 2021 000616-0</numero>
      <titulo inid="54">SGIP (Cooperação - Sistema de Gestão da Informação da Produção)</titulo>
      <dataCriacao inid="Dl">06/02/2017</dataCriacao>
      <campoAplicacaoLista>
        <campoAplicacao>
          <codigo inid="Cp">IF-01</codigo>
        </campoAplicacao>
        <campoAplicacao>
          <codigo inid="Cp">SM-01</codigo>
        </campoAplicacao>
        <campoAplicacao>
          <codigo inid="Cp">SV-01</codigo>
        </campoAplicacao>
      </campoAplicacaoLista>
      <linguagemLista>
        <linguagem inid="Lg">.NET</linguagem>
        <linguagem inid="Lg">C#</linguagem>
        <linguagem inid="Lg">CSS</linguagem>
        <linguagem inid="Lg">HTML</linguagem>
        <linguagem inid="Lg">JAVA SCRIPT</linguagem>
        <linguagem inid="Lg">JQUERY</linguagem>
        <linguagem inid="Lg">JSON</linguagem>
        <linguagem inid="Lg">SQL</linguagem>
      </linguagemLista>
      <tipoProgramaLista>
        <tipoPrograma>
          <codigo inid="Tp">AP-01</codigo>
        </tipoPrograma>
        <tipoPrograma>
          <codigo inid="Tp">AP-02</codigo>
        </tipoPrograma>
        <tipoPrograma>
          <codigo inid="Tp">AP-03</codigo>
        </tipoPrograma>
        <tipoPrograma>
          <codigo inid="Tp">AP-04</codigo>
        </tipoPrograma>
      </tipoProgramaLista>
      <titularLista>
        <titular sequencia="1" inid="73">
          <nome>COMPANHIA PERNAMBUCANA DE SANEAMENTO - COMPESA</nome>
        </titular>
      </titularLista>
      <criadorLista>
        <criador sequencia="1" inid="Cr">
          <nome>ANDERSON SANTOS QUADROS</nome>
        </criador>
        <criador sequencia="2" inid="Cr">
          <nome>APRIGIO TRAJANO DA CUNHA NETO</nome>
        </criador>
        <criador sequencia="3" inid="Cr">
          <nome>CLIVER RICARDO SANTOS DE ASSIS</nome>
        </criador>
        <criador sequencia="4" inid="Cr">
          <nome>FÁBIO RODRIGO DE LIMA E SILVA</nome>
        </criador>
        <criador sequencia="5" inid="Cr">
          <nome>IGOR BARRETO BANDEIRA</nome>
        </criador>
        <criador sequencia="6" inid="Cr">
          <nome>JOÃO MARCELO MONTE DA SILVA</nome>
        </criador>
        <criador sequencia="7" inid="Cr">
          <nome>KÁTIA MARIA DO NASCIMENTO LIMA</nome>
        </criador>
        <criador sequencia="8" inid="Cr">
          <nome>LUIZ VALENTIM ARGENTON</nome>
        </criador>
      </criadorLista>
    </processo-programa>
  </despacho>
  <despacho>
    <codigo>730</codigo>
    <titulo>Expedição do Certificado de Registro</titulo>
    <processo-programa>
      <numero inid="Np">BR 51 2021 000617-8</numero>
      <titulo inid="54">SGDA (Cooperação - Sistema de Gestão da Distribuição de Água)</titulo>
      <dataCriacao inid="Dl">10/12/2016</dataCriacao>
      <campoAplicacaoLista>
        <campoAplicacao>
          <codigo inid="Cp">IF-01</codigo>
        </campoAplicacao>
        <campoAplicacao>
          <codigo inid="Cp">SM-01</codigo>
        </campoAplicacao>
        <campoAplicacao>
          <codigo inid="Cp">SV-01</codigo>
        </campoAplicacao>
      </campoAplicacaoLista>
      <linguagemLista>
        <linguagem inid="Lg">.NET</linguagem>
        <linguagem inid="Lg">C#</linguagem>
        <linguagem inid="Lg">CSS</linguagem>
        <linguagem inid="Lg">HTML</linguagem>
        <linguagem inid="Lg">JAVA SCRIPT</linguagem>
        <linguagem inid="Lg">JQUERY</linguagem>
        <linguagem inid="Lg">JSON</linguagem>
        <linguagem inid="Lg">SQL</linguagem>
      </linguagemLista>
      <tipoProgramaLista>
        <tipoPrograma>
          <codigo inid="Tp">AP-01</codigo>
        </tipoPrograma>
        <tipoPrograma>
          <codigo inid="Tp">AP-02</codigo>
        </tipoPrograma>
        <tipoPrograma>
          <codigo inid="Tp">AP-03</codigo>
        </tipoPrograma>
        <tipoPrograma>
          <codigo inid="Tp">AP-04</codigo>
        </tipoPrograma>
      </tipoProgramaLista>
      <titularLista>
        <titular sequencia="1" inid="73">
          <nome>COMPANHIA PERNAMBUCANA DE SANEAMENTO - COMPESA</nome>
        </titular>
      </titularLista>
      <criadorLista>
        <criador sequencia="1" inid="Cr">
          <nome>ANDERSON SANTOS QUADROS</nome>
        </criador>
        <criador sequencia="2" inid="Cr">
          <nome>APRIGIO TRAJANO DA CUNHA NETO</nome>
        </criador>
        <criador sequencia="3" inid="Cr">
          <nome>CLIVER RICARDO SANTOS DE ASSIS</nome>
        </criador>
        <criador sequencia="4" inid="Cr">
          <nome>FÁBIO RODRIGO DE LIMA E SILVA</nome>
        </criador>
        <criador sequencia="5" inid="Cr">
          <nome>IGOR BARRETO BANDEIRA</nome>
        </criador>
        <criador sequencia="6" inid="Cr">
          <nome>JOÃO MARCELO MONTE DA SILVA</nome>
        </criador>
        <criador sequencia="7" inid="Cr">
          <nome>KÁTIA MARIA DO NASCIMENTO LIMA</nome>
        </criador>
        <criador sequencia="8" inid="Cr">
          <nome>LUIZ VALENTIM ARGENTON</nome>
        </criador>
      </criadorLista>
    </processo-programa>
  </despacho>
  <despacho>
    <codigo>730</codigo>
    <titulo>Expedição do Certificado de Registro</titulo>
    <processo-programa>
      <numero inid="Np">BR 51 2021 000618-6</numero>
      <titulo inid="54">SGCO (Cooperação - Sistema de Gestão do Controle Operacional)</titulo>
      <dataCriacao inid="Dl">10/07/2017</dataCriacao>
      <campoAplicacaoLista>
        <campoAplicacao>
          <codigo inid="Cp">IF-01</codigo>
        </campoAplicacao>
        <campoAplicacao>
          <codigo inid="Cp">SM-01</codigo>
        </campoAplicacao>
        <campoAplicacao>
          <codigo inid="Cp">SV-01</codigo>
        </campoAplicacao>
      </campoAplicacaoLista>
      <linguagemLista>
        <linguagem inid="Lg">.NET</linguagem>
        <linguagem inid="Lg">C#</linguagem>
        <linguagem inid="Lg">CSS</linguagem>
        <linguagem inid="Lg">HTML</linguagem>
        <linguagem inid="Lg">JAVA SCRIPT</linguagem>
        <linguagem inid="Lg">JQUERY</linguagem>
        <linguagem inid="Lg">JSON</linguagem>
        <linguagem inid="Lg">SQL</linguagem>
      </linguagemLista>
      <tipoProgramaLista>
        <tipoPrograma>
          <codigo inid="Tp">AP-01</codigo>
        </tipoPrograma>
        <tipoPrograma>
          <codigo inid="Tp">AP-02</codigo>
        </tipoPrograma>
        <tipoPrograma>
          <codigo inid="Tp">AP-03</codigo>
        </tipoPrograma>
        <tipoPrograma>
          <codigo inid="Tp">AP-04</codigo>
        </tipoPrograma>
        <tipoPrograma>
          <codigo inid="Tp">CD-01</codigo>
        </tipoPrograma>
      </tipoProgramaLista>
      <titularLista>
        <titular sequencia="1" inid="73">
          <nome>COMPANHIA PERNAMBUCANA DE SANEAMENTO - COMPESA</nome>
        </titular>
      </titularLista>
      <criadorLista>
        <criador sequencia="1" inid="Cr">
          <nome>ANDERSON SANTOS QUADROS</nome>
        </criador>
        <criador sequencia="2" inid="Cr">
          <nome>APRIGIO TRAJANO DA CUNHA NETO</nome>
        </criador>
        <criador sequencia="3" inid="Cr">
          <nome>CLIVER RICARDO SANTOS DE ASSIS</nome>
        </criador>
        <criador sequencia="4" inid="Cr">
          <nome>FÁBIO RODRIGO DE LIMA E SILVA</nome>
        </criador>
        <criador sequencia="5" inid="Cr">
          <nome>IGOR BARRETO BANDEIRA</nome>
        </criador>
        <criador sequencia="6" inid="Cr">
          <nome>JOÃO MARCELO MONTE DA SILVA</nome>
        </criador>
        <criador sequencia="7" inid="Cr">
          <nome>KÁTIA MARIA DO NASCIMENTO LIMA</nome>
        </criador>
        <criador sequencia="8" inid="Cr">
          <nome>LUIZ VALENTIM ARGENTON</nome>
        </criador>
      </criadorLista>
    </processo-programa>
  </despacho>
  <despacho>
    <codigo>730</codigo>
    <titulo>Expedição do Certificado de Registro</titulo>
    <processo-programa>
      <numero inid="Np">BR 51 2021 000619-4</numero>
      <titulo inid="54">Sistema de Gestão PMAQ-AB</titulo>
      <dataCriacao inid="Dl">02/01/2019</dataCriacao>
      <campoAplicacaoLista>
        <campoAplicacao>
          <codigo inid="Cp">SD-01</codigo>
        </campoAplicacao>
      </campoAplicacaoLista>
      <linguagemLista>
        <linguagem inid="Lg">PYTHON</linguagem>
      </linguagemLista>
      <tipoProgramaLista>
        <tipoPrograma>
          <codigo inid="Tp">FA-01</codigo>
        </tipoPrograma>
      </tipoProgramaLista>
      <titularLista>
        <titular sequencia="1" inid="73">
          <nome>INSTITUTO FEDERAL DE EDUCAÇÃO, CIÊNCIA E TECNOLOGIA DO RIO GRANDE DO NORTE</nome>
        </titular>
        <titular sequencia="2" inid="73">
          <nome>UNIVERSIDADE FEDERAL DO RIO GRANDE DO NORTE</nome>
        </titular>
      </titularLista>
      <criadorLista>
        <criador sequencia="1" inid="Cr">
          <nome>ALIADNE CASTORINA SOARES DE SOUSA</nome>
        </criador>
        <criador sequencia="2" inid="Cr">
          <nome>CEFAS RODRIGUES FREIRE</nome>
        </criador>
        <criador sequencia="3" inid="Cr">
          <nome>DANIELE MONTENEGRO DA SILVA BARROS</nome>
        </criador>
        <criador sequencia="4" inid="Cr">
          <nome>DENISE LINS DE SOUSA</nome>
        </criador>
        <criador sequencia="5" inid="Cr">
          <nome>DIEGO FERREIRA DE LIMA</nome>
        </criador>
        <criador sequencia="6" inid="Cr">
          <nome>JAILTON CARLOS DE PAIVA</nome>
        </criador>
        <criador sequencia="7" inid="Cr">
          <nome>JANAÍNA LUANA RODRIGUES DA SILVA</nome>
        </criador>
        <criador sequencia="8" inid="Cr">
          <nome>JORDANA CRISLAYNE DE LIMA PAIVA</nome>
        </criador>
        <criador sequencia="9" inid="Cr">
          <nome>JOÃO PAULO QUEIROZ DOS SANTOS</nome>
        </criador>
        <criador sequencia="10" inid="Cr">
          <nome>KARILANY DANTAS COUTINHO</nome>
        </criador>
        <criador sequencia="11" inid="Cr">
          <nome>KATIA MOTTA GALVÃO GOMES</nome>
        </criador>
        <criador sequencia="12" inid="Cr">
          <nome>LUIZ GUILHERME PORTELA OLIVEIRA DE CERQUEIRA</nome>
        </criador>
        <criador sequencia="13" inid="Cr">
          <nome>MARIA DE FATIMA PEREIRA</nome>
        </criador>
        <criador sequencia="14" inid="Cr">
          <nome>MILENA CRISTINA DUARTE DE ALMEIDA</nome>
        </criador>
        <criador sequencia="15" inid="Cr">
          <nome>PABLO HOLANDA CARDOSO</nome>
        </criador>
        <criador sequencia="16" inid="Cr">
          <nome>PHILIPPI SEDIR GRILO DE MORAIS</nome>
        </criador>
        <criador sequencia="17" inid="Cr">
          <nome>RENATA CLARISSE CARLOS DE ANDRADE</nome>
        </criador>
        <criador sequencia="18" inid="Cr">
          <nome>RENATA PELLA TEIXEIRA</nome>
        </criador>
        <criador sequencia="19" inid="Cr">
          <nome>RICARDO ALEXSANDRO DE MEDEIROS VALENTIM</nome>
        </criador>
        <criador sequencia="20" inid="Cr">
          <nome>RODRIGO DANTAS DA SILVA</nome>
        </criador>
        <criador sequencia="21" inid="Cr">
          <nome>JOÃO PAULO QUEIROZ DOS SANTOS</nome>
        </criador>
      </criadorLista>
    </processo-programa>
  </despacho>
  <despacho>
    <codigo>730</codigo>
    <titulo>Expedição do Certificado de Registro</titulo>
    <processo-programa>
      <numero inid="Np">BR 51 2021 000620-8</numero>
      <titulo inid="54">SGEE (Cooperação - Sistema de Gestão da Eficiência Energética)</titulo>
      <dataCriacao inid="Dl">22/09/2020</dataCriacao>
      <campoAplicacaoLista>
        <campoAplicacao>
          <codigo inid="Cp">EN-01</codigo>
        </campoAplicacao>
        <campoAplicacao>
          <codigo inid="Cp">IF-01</codigo>
        </campoAplicacao>
        <campoAplicacao>
          <codigo inid="Cp">SM-01</codigo>
        </campoAplicacao>
        <campoAplicacao>
          <codigo inid="Cp">SV-01</codigo>
        </campoAplicacao>
      </campoAplicacaoLista>
      <linguagemLista>
        <linguagem inid="Lg">.NET</linguagem>
        <linguagem inid="Lg">C#</linguagem>
        <linguagem inid="Lg">CSS</linguagem>
        <linguagem inid="Lg">HTML</linguagem>
        <linguagem inid="Lg">JAVA SCRIPT</linguagem>
        <linguagem inid="Lg">JQUERY</linguagem>
        <linguagem inid="Lg">SQL</linguagem>
      </linguagemLista>
      <tipoProgramaLista>
        <tipoPrograma>
          <codigo inid="Tp">AP-01</codigo>
        </tipoPrograma>
        <tipoPrograma>
          <codigo inid="Tp">AP-02</codigo>
        </tipoPrograma>
        <tipoPrograma>
          <codigo inid="Tp">AP-03</codigo>
        </tipoPrograma>
        <tipoPrograma>
          <codigo inid="Tp">AP-04</codigo>
        </tipoPrograma>
      </tipoProgramaLista>
      <titularLista>
        <titular sequencia="1" inid="73">
          <nome>COMPANHIA PERNAMBUCANA DE SANEAMENTO - COMPESA</nome>
        </titular>
      </titularLista>
      <criadorLista>
        <criador sequencia="1" inid="Cr">
          <nome>ANTÔNIO CARLOS ALMEIDA DE LUCENA</nome>
        </criador>
        <criador sequencia="2" inid="Cr">
          <nome>CLIVER RICARDO SANTOS DE ASSIS</nome>
        </criador>
        <criador sequencia="3" inid="Cr">
          <nome>FÁBIO RODRIGO DE LIMA E SILVA</nome>
        </criador>
        <criador sequencia="4" inid="Cr">
          <nome>LUIZ VALENTIM ARGENTON</nome>
        </criador>
        <criador sequencia="5" inid="Cr">
          <nome>MILTON TAVARES DE MELO NETO</nome>
        </criador>
      </criadorLista>
    </processo-programa>
  </despacho>
  <despacho>
    <codigo>730</codigo>
    <titulo>Expedição do Certificado de Registro</titulo>
    <processo-programa>
      <numero inid="Np">BR 51 2021 000621-6</numero>
      <titulo inid="54">SMCA (Cooperação - Sistema de Monitoramento do Calendário de Abastecimento)</titulo>
      <dataCriacao inid="Dl">12/12/2020</dataCriacao>
      <campoAplicacaoLista>
        <campoAplicacao>
          <codigo inid="Cp">IF-01</codigo>
        </campoAplicacao>
        <campoAplicacao>
          <codigo inid="Cp">SM-01</codigo>
        </campoAplicacao>
        <campoAplicacao>
          <codigo inid="Cp">SV-01</codigo>
        </campoAplicacao>
      </campoAplicacaoLista>
      <linguagemLista>
        <linguagem inid="Lg">.NET</linguagem>
        <linguagem inid="Lg">C#</linguagem>
        <linguagem inid="Lg">CSS</linguagem>
        <linguagem inid="Lg">HTML</linguagem>
        <linguagem inid="Lg">JAVA SCRIPT</linguagem>
        <linguagem inid="Lg">JQUERY</linguagem>
        <linguagem inid="Lg">JSON</linguagem>
        <linguagem inid="Lg">SQL</linguagem>
      </linguagemLista>
      <tipoProgramaLista>
        <tipoPrograma>
          <codigo inid="Tp">AP-01</codigo>
        </tipoPrograma>
        <tipoPrograma>
          <codigo inid="Tp">AP-02</codigo>
        </tipoPrograma>
        <tipoPrograma>
          <codigo inid="Tp">AP-03</codigo>
        </tipoPrograma>
        <tipoPrograma>
          <codigo inid="Tp">AP-04</codigo>
        </tipoPrograma>
      </tipoProgramaLista>
      <titularLista>
        <titular sequencia="1" inid="73">
          <nome>COMPANHIA PERNAMBUCANA DE SANEAMENTO - COMPESA</nome>
        </titular>
      </titularLista>
      <criadorLista>
        <criador sequencia="1" inid="Cr">
          <nome>ANTÔNIO CARLOS ALMEIDA DE LUCENA</nome>
        </criador>
        <criador sequencia="2" inid="Cr">
          <nome>CLIVER RICARDO SANTOS DE ASSIS</nome>
        </criador>
        <criador sequencia="3" inid="Cr">
          <nome>FÁBIO RODRIGO DE LIMA E SILVA</nome>
        </criador>
        <criador sequencia="4" inid="Cr">
          <nome>ISABELLE DE SOUTO CRASTO</nome>
        </criador>
        <criador sequencia="5" inid="Cr">
          <nome>LUIZ VALENTIM ARGENTON</nome>
        </criador>
      </criadorLista>
    </processo-programa>
  </despacho>
  <despacho>
    <codigo>730</codigo>
    <titulo>Expedição do Certificado de Registro</titulo>
    <processo-programa>
      <numero inid="Np">BR 51 2021 000622-4</numero>
      <titulo inid="54">SCIS (Cooperação - Sistema Corporativo de Informações de Saneamento)</titulo>
      <dataCriacao inid="Dl">15/11/2020</dataCriacao>
      <campoAplicacaoLista>
        <campoAplicacao>
          <codigo inid="Cp">IF-01</codigo>
        </campoAplicacao>
        <campoAplicacao>
          <codigo inid="Cp">SM-01</codigo>
        </campoAplicacao>
        <campoAplicacao>
          <codigo inid="Cp">SV-01</codigo>
        </campoAplicacao>
      </campoAplicacaoLista>
      <linguagemLista>
        <linguagem inid="Lg">.NET</linguagem>
        <linguagem inid="Lg">C#</linguagem>
        <linguagem inid="Lg">CSS</linguagem>
        <linguagem inid="Lg">HTML</linguagem>
        <linguagem inid="Lg">JAVA SCRIPT</linguagem>
        <linguagem inid="Lg">JQUERY</linguagem>
        <linguagem inid="Lg">JSON</linguagem>
        <linguagem inid="Lg">SQL</linguagem>
      </linguagemLista>
      <tipoProgramaLista>
        <tipoPrograma>
          <codigo inid="Tp">AP-01</codigo>
        </tipoPrograma>
        <tipoPrograma>
          <codigo inid="Tp">AP-02</codigo>
        </tipoPrograma>
        <tipoPrograma>
          <codigo inid="Tp">AP-03</codigo>
        </tipoPrograma>
        <tipoPrograma>
          <codigo inid="Tp">AP-04</codigo>
        </tipoPrograma>
      </tipoProgramaLista>
      <titularLista>
        <titular sequencia="1" inid="73">
          <nome>COMPANHIA PERNAMBUCANA DE SANEAMENTO - COMPESA</nome>
        </titular>
      </titularLista>
      <criadorLista>
        <criador sequencia="1" inid="Cr">
          <nome>CLIVER RICARDO SANTOS DE ASSIS</nome>
        </criador>
        <criador sequencia="2" inid="Cr">
          <nome>FÁBIO RODRIGO DE LIMA E SILVA</nome>
        </criador>
        <criador sequencia="3" inid="Cr">
          <nome>LUIZ VALENTIM ARGENTON</nome>
        </criador>
      </criadorLista>
    </processo-programa>
  </despacho>
  <despacho>
    <codigo>730</codigo>
    <titulo>Expedição do Certificado de Registro</titulo>
    <processo-programa>
      <numero inid="Np">BR 51 2021 000623-2</numero>
      <titulo inid="54">SSCA (Cooperação - Sistema de Supervisão, Controle e Análise)</titulo>
      <dataCriacao inid="Dl">04/11/2020</dataCriacao>
      <campoAplicacaoLista>
        <campoAplicacao>
          <codigo inid="Cp">IF-01</codigo>
        </campoAplicacao>
        <campoAplicacao>
          <codigo inid="Cp">SM-01</codigo>
        </campoAplicacao>
        <campoAplicacao>
          <codigo inid="Cp">SV-01</codigo>
        </campoAplicacao>
      </campoAplicacaoLista>
      <linguagemLista>
        <linguagem inid="Lg">.NET</linguagem>
        <linguagem inid="Lg">C#</linguagem>
        <linguagem inid="Lg">CSS</linguagem>
        <linguagem inid="Lg">HTML</linguagem>
        <linguagem inid="Lg">JAVA SCRIPT</linguagem>
        <linguagem inid="Lg">JQUERY</linguagem>
        <linguagem inid="Lg">JSON</linguagem>
        <linguagem inid="Lg">SQL</linguagem>
      </linguagemLista>
      <tipoProgramaLista>
        <tipoPrograma>
          <codigo inid="Tp">AP-01</codigo>
        </tipoPrograma>
        <tipoPrograma>
          <codigo inid="Tp">AP-02</codigo>
        </tipoPrograma>
        <tipoPrograma>
          <codigo inid="Tp">AP-03</codigo>
        </tipoPrograma>
        <tipoPrograma>
          <codigo inid="Tp">AP-04</codigo>
        </tipoPrograma>
        <tipoPrograma>
          <codigo inid="Tp">CD-01</codigo>
        </tipoPrograma>
      </tipoProgramaLista>
      <titularLista>
        <titular sequencia="1" inid="73">
          <nome>COMPANHIA PERNAMBUCANA DE SANEAMENTO - COMPESA</nome>
        </titular>
      </titularLista>
      <criadorLista>
        <criador sequencia="1" inid="Cr">
          <nome>ANDERSON SANTOS QUADROS</nome>
        </criador>
        <criador sequencia="2" inid="Cr">
          <nome>ANTÔNIO CARLOS ALMEIDA DE LUCENA</nome>
        </criador>
        <criador sequencia="3" inid="Cr">
          <nome>CLIVER RICARDO SANTOS DE ASSIS</nome>
        </criador>
        <criador sequencia="4" inid="Cr">
          <nome>FÁBIO RODRIGO DE LIMA E SILVA</nome>
        </criador>
        <criador sequencia="5" inid="Cr">
          <nome>JOÃO MARCELO MONTE DA SILVA</nome>
        </criador>
        <criador sequencia="6" inid="Cr">
          <nome>JOÃO MATEUS SANTOS DA SILVA</nome>
        </criador>
        <criador sequencia="7" inid="Cr">
          <nome>LUIZ VALENTIM ARGENTON</nome>
        </criador>
      </criadorLista>
    </processo-programa>
  </despacho>
  <despacho>
    <codigo>730</codigo>
    <titulo>Expedição do Certificado de Registro</titulo>
    <processo-programa>
      <numero inid="Np">BR 51 2021 000624-0</numero>
      <titulo inid="54">Portal Cooperação (Portal Web de apresentação dos sistemas e emissão de relatórios)</titulo>
      <dataCriacao inid="Dl">10/12/2016</dataCriacao>
      <campoAplicacaoLista>
        <campoAplicacao>
          <codigo inid="Cp">IF-01</codigo>
        </campoAplicacao>
        <campoAplicacao>
          <codigo inid="Cp">SM-01</codigo>
        </campoAplicacao>
        <campoAplicacao>
          <codigo inid="Cp">SV-01</codigo>
        </campoAplicacao>
      </campoAplicacaoLista>
      <linguagemLista>
        <linguagem inid="Lg">.NET</linguagem>
        <linguagem inid="Lg">C#</linguagem>
        <linguagem inid="Lg">CSS</linguagem>
        <linguagem inid="Lg">HTML</linguagem>
        <linguagem inid="Lg">JAVA SCRIPT</linguagem>
        <linguagem inid="Lg">JQUERY</linguagem>
        <linguagem inid="Lg">JSON</linguagem>
        <linguagem inid="Lg">SQL</linguagem>
      </linguagemLista>
      <tipoProgramaLista>
        <tipoPrograma>
          <codigo inid="Tp">AP-01</codigo>
        </tipoPrograma>
        <tipoPrograma>
          <codigo inid="Tp">AP-02</codigo>
        </tipoPrograma>
        <tipoPrograma>
          <codigo inid="Tp">AP-03</codigo>
        </tipoPrograma>
        <tipoPrograma>
          <codigo inid="Tp">AP-04</codigo>
        </tipoPrograma>
      </tipoProgramaLista>
      <titularLista>
        <titular sequencia="1" inid="73">
          <nome>COMPANHIA PERNAMBUCANA DE SANEAMENTO - COMPESA</nome>
        </titular>
      </titularLista>
      <criadorLista>
        <criador sequencia="1" inid="Cr">
          <nome>ANDERSON SANTOS QUADROS</nome>
        </criador>
        <criador sequencia="2" inid="Cr">
          <nome>APRIGIO TRAJANO DA CUNHA NETO</nome>
        </criador>
        <criador sequencia="3" inid="Cr">
          <nome>CLIVER RICARDO SANTOS DE ASSIS</nome>
        </criador>
        <criador sequencia="4" inid="Cr">
          <nome>FÁBIO RODRIGO DE LIMA E SILVA</nome>
        </criador>
        <criador sequencia="5" inid="Cr">
          <nome>IGOR BARRETO BANDEIRA</nome>
        </criador>
        <criador sequencia="6" inid="Cr">
          <nome>JOÃO MARCELO MONTE DA SILVA</nome>
        </criador>
        <criador sequencia="7" inid="Cr">
          <nome>KÁTIA MARIA DO NASCIMENTO LIMA</nome>
        </criador>
        <criador sequencia="8" inid="Cr">
          <nome>LUIZ VALENTIM ARGENTON</nome>
        </criador>
      </criadorLista>
    </processo-programa>
  </despacho>
  <despacho>
    <codigo>730</codigo>
    <titulo>Expedição do Certificado de Registro</titulo>
    <processo-programa>
      <numero inid="Np">BR 51 2021 000625-9</numero>
      <titulo inid="54">SMB (Cooperação - Sistema de Monitoramento de Barragens)</titulo>
      <dataCriacao inid="Dl">05/05/2020</dataCriacao>
      <campoAplicacaoLista>
        <campoAplicacao>
          <codigo inid="Cp">IF-01</codigo>
        </campoAplicacao>
        <campoAplicacao>
          <codigo inid="Cp">SM-01</codigo>
        </campoAplicacao>
        <campoAplicacao>
          <codigo inid="Cp">SV-01</codigo>
        </campoAplicacao>
      </campoAplicacaoLista>
      <linguagemLista>
        <linguagem inid="Lg">.NET</linguagem>
        <linguagem inid="Lg">C#</linguagem>
        <linguagem inid="Lg">CSS</linguagem>
        <linguagem inid="Lg">HTML</linguagem>
        <linguagem inid="Lg">JAVA SCRIPT</linguagem>
        <linguagem inid="Lg">JQUERY</linguagem>
        <linguagem inid="Lg">JSON</linguagem>
        <linguagem inid="Lg">SQL</linguagem>
      </linguagemLista>
      <tipoProgramaLista>
        <tipoPrograma>
          <codigo inid="Tp">AP-01</codigo>
        </tipoPrograma>
        <tipoPrograma>
          <codigo inid="Tp">AP-02</codigo>
        </tipoPrograma>
        <tipoPrograma>
          <codigo inid="Tp">AP-03</codigo>
        </tipoPrograma>
        <tipoPrograma>
          <codigo inid="Tp">AP-04</codigo>
        </tipoPrograma>
      </tipoProgramaLista>
      <titularLista>
        <titular sequencia="1" inid="73">
          <nome>COMPANHIA PERNAMBUCANA DE SANEAMENTO - COMPESA</nome>
        </titular>
      </titularLista>
      <criadorLista>
        <criador sequencia="1" inid="Cr">
          <nome>ANTÔNIO CARLOS ALMEIDA DE LUCENA</nome>
        </criador>
        <criador sequencia="2" inid="Cr">
          <nome>CLIVER RICARDO SANTOS DE ASSIS</nome>
        </criador>
        <criador sequencia="3" inid="Cr">
          <nome>FÁBIO RODRIGO DE LIMA E SILVA</nome>
        </criador>
        <criador sequencia="4" inid="Cr">
          <nome>LUIZ VALENTIM ARGENTON</nome>
        </criador>
      </criadorLista>
    </processo-programa>
  </despacho>
  <despacho>
    <codigo>730</codigo>
    <titulo>Expedição do Certificado de Registro</titulo>
    <processo-programa>
      <numero inid="Np">BR 51 2021 000626-7</numero>
      <titulo inid="54">SGIH (Cooperação - Sistema de Gestão da Informação da Hidrometria)</titulo>
      <dataCriacao inid="Dl">06/02/2017</dataCriacao>
      <campoAplicacaoLista>
        <campoAplicacao>
          <codigo inid="Cp">IF-01</codigo>
        </campoAplicacao>
        <campoAplicacao>
          <codigo inid="Cp">SM-01</codigo>
        </campoAplicacao>
        <campoAplicacao>
          <codigo inid="Cp">SV-01</codigo>
        </campoAplicacao>
      </campoAplicacaoLista>
      <linguagemLista>
        <linguagem inid="Lg">.NET</linguagem>
        <linguagem inid="Lg">C#</linguagem>
        <linguagem inid="Lg">CSS</linguagem>
        <linguagem inid="Lg">HTML</linguagem>
        <linguagem inid="Lg">JAVA SCRIPT</linguagem>
        <linguagem inid="Lg">JQUERY</linguagem>
        <linguagem inid="Lg">JSON</linguagem>
        <linguagem inid="Lg">SQL</linguagem>
      </linguagemLista>
      <tipoProgramaLista>
        <tipoPrograma>
          <codigo inid="Tp">AP-01</codigo>
        </tipoPrograma>
        <tipoPrograma>
          <codigo inid="Tp">AP-02</codigo>
        </tipoPrograma>
        <tipoPrograma>
          <codigo inid="Tp">AP-03</codigo>
        </tipoPrograma>
        <tipoPrograma>
          <codigo inid="Tp">AP-04</codigo>
        </tipoPrograma>
      </tipoProgramaLista>
      <titularLista>
        <titular sequencia="1" inid="73">
          <nome>COMPANHIA PERNAMBUCANA DE SANEAMENTO - COMPESA</nome>
        </titular>
      </titularLista>
      <criadorLista>
        <criador sequencia="1" inid="Cr">
          <nome>ANDERSON SANTOS QUADROS</nome>
        </criador>
        <criador sequencia="2" inid="Cr">
          <nome>APRIGIO TRAJANO DA CUNHA NETO</nome>
        </criador>
        <criador sequencia="3" inid="Cr">
          <nome>CLIVER RICARDO SANTOS DE ASSIS</nome>
        </criador>
        <criador sequencia="4" inid="Cr">
          <nome>FÁBIO RODRIGO DE LIMA E SILVA</nome>
        </criador>
        <criador sequencia="5" inid="Cr">
          <nome>IGOR BARRETO BANDEIRA</nome>
        </criador>
        <criador sequencia="6" inid="Cr">
          <nome>JOÃO MARCELO MONTE DA SILVA</nome>
        </criador>
        <criador sequencia="7" inid="Cr">
          <nome>KÁTIA MARIA DO NASCIMENTO LIMA</nome>
        </criador>
        <criador sequencia="8" inid="Cr">
          <nome>LUIZ VALENTIM ARGENTON</nome>
        </criador>
      </criadorLista>
    </processo-programa>
  </despacho>
  <despacho>
    <codigo>730</codigo>
    <titulo>Expedição do Certificado de Registro</titulo>
    <processo-programa>
      <numero inid="Np">BR 51 2021 000628-3</numero>
      <titulo inid="54">Cooperação IoT Mobile (Cooperação - Aplicativo Mobile para parametrização, monitoramento e controle dos Dispositivos IoT do Cooperação)</titulo>
      <dataCriacao inid="Dl">03/05/2020</dataCriacao>
      <campoAplicacaoLista>
        <campoAplicacao>
          <codigo inid="Cp">IF-01</codigo>
        </campoAplicacao>
        <campoAplicacao>
          <codigo inid="Cp">SM-01</codigo>
        </campoAplicacao>
        <campoAplicacao>
          <codigo inid="Cp">SV-01</codigo>
        </campoAplicacao>
      </campoAplicacaoLista>
      <linguagemLista>
        <linguagem inid="Lg">JAVA</linguagem>
        <linguagem inid="Lg">XML</linguagem>
      </linguagemLista>
      <tipoProgramaLista>
        <tipoPrograma>
          <codigo inid="Tp">AP-01</codigo>
        </tipoPrograma>
        <tipoPrograma>
          <codigo inid="Tp">AP-03</codigo>
        </tipoPrograma>
        <tipoPrograma>
          <codigo inid="Tp">CD-04</codigo>
        </tipoPrograma>
      </tipoProgramaLista>
      <titularLista>
        <titular sequencia="1" inid="73">
          <nome>COMPANHIA PERNAMBUCANA DE SANEAMENTO - COMPESA</nome>
        </titular>
      </titularLista>
      <criadorLista>
        <criador sequencia="1" inid="Cr">
          <nome>ANDERSON SANTOS QUADROS</nome>
        </criador>
        <criador sequencia="2" inid="Cr">
          <nome>JOÃO MARCELO MONTE DA SILVA</nome>
        </criador>
        <criador sequencia="3" inid="Cr">
          <nome>JOÃO MATEUS SANTOS DA SILVA</nome>
        </criador>
      </criadorLista>
    </processo-programa>
  </despacho>
  <despacho>
    <codigo>730</codigo>
    <titulo>Expedição do Certificado de Registro</titulo>
    <processo-programa>
      <numero inid="Np">BR 51 2021 000629-1</numero>
      <titulo inid="54">Instrumento PMAQ-AB</titulo>
      <dataCriacao inid="Dl">02/01/2019</dataCriacao>
      <campoAplicacaoLista>
        <campoAplicacao>
          <codigo inid="Cp">SD-01</codigo>
        </campoAplicacao>
      </campoAplicacaoLista>
      <linguagemLista>
        <linguagem inid="Lg">JAVA</linguagem>
      </linguagemLista>
      <tipoProgramaLista>
        <tipoPrograma>
          <codigo inid="Tp">FA-01</codigo>
        </tipoPrograma>
      </tipoProgramaLista>
      <titularLista>
        <titular sequencia="1" inid="73">
          <nome>INSTITUTO FEDERAL DE EDUCAÇÃO, CIÊNCIA E TECNOLOGIA DO RIO GRANDE DO NORTE</nome>
        </titular>
        <titular sequencia="2" inid="73">
          <nome>UNIVERSIDADE FEDERAL DO RIO GRANDE DO NORTE</nome>
        </titular>
      </titularLista>
      <criadorLista>
        <criador sequencia="1" inid="Cr">
          <nome>AGNALDO SOUZA CRUZ</nome>
        </criador>
        <criador sequencia="2" inid="Cr">
          <nome>ALIADNE CASTORINA SOARES DE SOUSA</nome>
        </criador>
        <criador sequencia="3" inid="Cr">
          <nome>ANTONIO HIGOR FREIRE DE MORAIS</nome>
        </criador>
        <criador sequencia="4" inid="Cr">
          <nome>CESIMAR XAVIER DE SOUZA DIAS</nome>
        </criador>
        <criador sequencia="5" inid="Cr">
          <nome>DANIELE MONTENEGRO DA SILVA BARROS</nome>
        </criador>
        <criador sequencia="6" inid="Cr">
          <nome>DENISE LINS DE SOUSA</nome>
        </criador>
        <criador sequencia="7" inid="Cr">
          <nome>DIEGO FERREIRA DE LIMA</nome>
        </criador>
        <criador sequencia="8" inid="Cr">
          <nome>JANAÍNA LUANA RODRIGUES DA SILVA</nome>
        </criador>
        <criador sequencia="9" inid="Cr">
          <nome>JORDANA CRISLAYNE DE LIMA PAIVA</nome>
        </criador>
        <criador sequencia="10" inid="Cr">
          <nome>JOÃO MARCOS TEIXEIRA LACERDA</nome>
        </criador>
        <criador sequencia="11" inid="Cr">
          <nome>JOÃO PAULO QUEIROZ DOS SANTOS</nome>
        </criador>
        <criador sequencia="12" inid="Cr">
          <nome>KARILANY DANTAS COUTINHO</nome>
        </criador>
        <criador sequencia="13" inid="Cr">
          <nome>KATIA MOTTA GALVÃO GOMES</nome>
        </criador>
        <criador sequencia="14" inid="Cr">
          <nome>MARIA DE FATIMA PEREIRA</nome>
        </criador>
        <criador sequencia="15" inid="Cr">
          <nome>MILENA CRISTINA DUARTE DE ALMEIDA</nome>
        </criador>
        <criador sequencia="16" inid="Cr">
          <nome>PABLO HOLANDA CARDOSO</nome>
        </criador>
        <criador sequencia="17" inid="Cr">
          <nome>PEDRO HENRIQUE GERMANO EVANGELISTA</nome>
        </criador>
        <criador sequencia="18" inid="Cr">
          <nome>PHILIPPI SEDIR GRILO DE MORAIS</nome>
        </criador>
        <criador sequencia="19" inid="Cr">
          <nome>RENATA CLARISSE CARLOS DE ANDRADE</nome>
        </criador>
        <criador sequencia="20" inid="Cr">
          <nome>RENATA PELLA TEIXEIRA</nome>
        </criador>
        <criador sequencia="21" inid="Cr">
          <nome>RICARDO ALEXSANDRO DE MEDEIROS VALENTIM</nome>
        </criador>
        <criador sequencia="22" inid="Cr">
          <nome>JORDANA CRISLAYNE DE LIMA PAIVA</nome>
        </criador>
        <criador sequencia="23" inid="Cr">
          <nome>JOÃO MARCOS TEIXEIRA LACERDA</nome>
        </criador>
        <criador sequencia="24" inid="Cr">
          <nome>JOÃO PAULO QUEIROZ DOS SANTOS</nome>
        </criador>
      </criadorLista>
    </processo-programa>
  </despacho>
  <despacho>
    <codigo>730</codigo>
    <titulo>Expedição do Certificado de Registro</titulo>
    <processo-programa>
      <numero inid="Np">BR 51 2021 000630-5</numero>
      <titulo inid="54">SASPC - Sistema para Análise Socioeconômica de Pequenas Comunidades</titulo>
      <dataCriacao inid="Dl">25/07/2019</dataCriacao>
      <campoAplicacaoLista>
        <campoAplicacao>
          <codigo inid="Cp">ED-01</codigo>
        </campoAplicacao>
        <campoAplicacao>
          <codigo inid="Cp">ED-02</codigo>
        </campoAplicacao>
        <campoAplicacao>
          <codigo inid="Cp">SD-02</codigo>
        </campoAplicacao>
      </campoAplicacaoLista>
      <linguagemLista>
        <linguagem inid="Lg">DJANGO</linguagem>
        <linguagem inid="Lg">JAVA SCRIPT</linguagem>
        <linguagem inid="Lg">OUTROS</linguagem>
        <linguagem inid="Lg">PYTHON</linguagem>
      </linguagemLista>
      <tipoProgramaLista>
        <tipoPrograma>
          <codigo inid="Tp">AP-01</codigo>
        </tipoPrograma>
      </tipoProgramaLista>
      <titularLista>
        <titular sequencia="1" inid="73">
          <nome>FUNDAÇÃO UNIVERSIDADE FEDERAL DO TOCANTINS</nome>
        </titular>
      </titularLista>
      <criadorLista>
        <criador sequencia="1" inid="Cr">
          <nome>ARY HENRIQUE MORAIS DE OLIVEIRA</nome>
        </criador>
        <criador sequencia="2" inid="Cr">
          <nome>BRUNO VINÍCIOS CUNHA DE SÁ</nome>
        </criador>
        <criador sequencia="3" inid="Cr">
          <nome>GLENDA MICHELE BOTELHO</nome>
        </criador>
        <criador sequencia="4" inid="Cr">
          <nome>MARLI TEREZINHA VIEIRA</nome>
        </criador>
        <criador sequencia="5" inid="Cr">
          <nome>VALERIA RUEDA ELIAS SPERS</nome>
        </criador>
      </criadorLista>
    </processo-programa>
  </despacho>
  <despacho>
    <codigo>730</codigo>
    <titulo>Expedição do Certificado de Registro</titulo>
    <processo-programa>
      <numero inid="Np">BR 51 2021 000631-3</numero>
      <titulo inid="54">Sistema de Gestão PMAQ2CEO</titulo>
      <dataCriacao inid="Dl">02/01/2019</dataCriacao>
      <campoAplicacaoLista>
        <campoAplicacao>
          <codigo inid="Cp">SD-01</codigo>
        </campoAplicacao>
      </campoAplicacaoLista>
      <linguagemLista>
        <linguagem inid="Lg">PYTHON</linguagem>
      </linguagemLista>
      <tipoProgramaLista>
        <tipoPrograma>
          <codigo inid="Tp">FA-01</codigo>
        </tipoPrograma>
      </tipoProgramaLista>
      <titularLista>
        <titular sequencia="1" inid="73">
          <nome>INSTITUTO FEDERAL DE EDUCAÇÃO, CIÊNCIA E TECNOLOGIA DO RIO GRANDE DO NORTE</nome>
        </titular>
        <titular sequencia="2" inid="73">
          <nome>UNIVERSIDADE FEDERAL DO RIO GRANDE DO NORTE</nome>
        </titular>
      </titularLista>
      <criadorLista>
        <criador sequencia="1" inid="Cr">
          <nome>ALEX FABIANO DE ARAÚJO FURTUNATO</nome>
        </criador>
        <criador sequencia="2" inid="Cr">
          <nome>BEATRIZ SOARES DE SOUZA</nome>
        </criador>
        <criador sequencia="3" inid="Cr">
          <nome>DANIELE MONTENEGRO DA SILVA BARROS</nome>
        </criador>
        <criador sequencia="4" inid="Cr">
          <nome>DIEGO FERREIRA DE LIMA</nome>
        </criador>
        <criador sequencia="5" inid="Cr">
          <nome>JAILTON CARLOS DE PAIVA</nome>
        </criador>
        <criador sequencia="6" inid="Cr">
          <nome>JANAÍNA LUANA RODRIGUES DA SILVA</nome>
        </criador>
        <criador sequencia="7" inid="Cr">
          <nome>JORDANA CRISLAYNE DE LIMA PAIVA</nome>
        </criador>
        <criador sequencia="8" inid="Cr">
          <nome>JOÃO PAULO QUEIROZ DOS SANTOS</nome>
        </criador>
        <criador sequencia="9" inid="Cr">
          <nome>KARILANY DANTAS COUTINHO</nome>
        </criador>
        <criador sequencia="10" inid="Cr">
          <nome>KELSON DA COSTA MEDEIROS</nome>
        </criador>
        <criador sequencia="11" inid="Cr">
          <nome>LUIZ GUILHERME PORTELA OLIVEIRA DE CERQUEIRA</nome>
        </criador>
        <criador sequencia="12" inid="Cr">
          <nome>PABLO HOLANDA CARDOSO</nome>
        </criador>
        <criador sequencia="13" inid="Cr">
          <nome>PHILIPPI SEDIR GRILO DE MORAIS</nome>
        </criador>
        <criador sequencia="14" inid="Cr">
          <nome>RICARDO ALEXSANDRO DE MEDEIROS VALENTIM</nome>
        </criador>
        <criador sequencia="15" inid="Cr">
          <nome>TÚLIO DE PAIVA MARQUES CARVALHO</nome>
        </criador>
        <criador sequencia="16" inid="Cr">
          <nome>WELKSON RENNY DE MEDEIROS</nome>
        </criador>
        <criador sequencia="17" inid="Cr">
          <nome>JORDANA CRISLAYNE DE LIMA PAIVA</nome>
        </criador>
        <criador sequencia="18" inid="Cr">
          <nome>JOÃO PAULO QUEIROZ DOS SANTOS</nome>
        </criador>
      </criadorLista>
    </processo-programa>
  </despacho>
  <despacho>
    <codigo>730</codigo>
    <titulo>Expedição do Certificado de Registro</titulo>
    <processo-programa>
      <numero inid="Np">BR 51 2021 000632-1</numero>
      <titulo inid="54">Instrumento PMAQ2CEO</titulo>
      <dataCriacao inid="Dl">02/01/2019</dataCriacao>
      <campoAplicacaoLista>
        <campoAplicacao>
          <codigo inid="Cp">SD-01</codigo>
        </campoAplicacao>
      </campoAplicacaoLista>
      <linguagemLista>
        <linguagem inid="Lg">JAVA</linguagem>
      </linguagemLista>
      <tipoProgramaLista>
        <tipoPrograma>
          <codigo inid="Tp">FA-01</codigo>
        </tipoPrograma>
      </tipoProgramaLista>
      <titularLista>
        <titular sequencia="1" inid="73">
          <nome>INSTITUTO FEDERAL DE EDUCAÇÃO, CIÊNCIA E TECNOLOGIA DO RIO GRANDE DO NORTE</nome>
        </titular>
        <titular sequencia="2" inid="73">
          <nome>UNIVERSIDADE FEDERAL DO RIO GRANDE DO NORTE</nome>
        </titular>
      </titularLista>
      <criadorLista>
        <criador sequencia="1" inid="Cr">
          <nome>AGNALDO SOUZA CRUZ</nome>
        </criador>
        <criador sequencia="2" inid="Cr">
          <nome>ALEX FABIANO DE ARAÚJO FURTUNATO</nome>
        </criador>
        <criador sequencia="3" inid="Cr">
          <nome>ANTONIO HIGOR FREIRE DE MORAIS</nome>
        </criador>
        <criador sequencia="4" inid="Cr">
          <nome>BEATRIZ SOARES DE SOUZA</nome>
        </criador>
        <criador sequencia="5" inid="Cr">
          <nome>DANIELE MONTENEGRO DA SILVA BARROS</nome>
        </criador>
        <criador sequencia="6" inid="Cr">
          <nome>DIEGO FERREIRA DE LIMA</nome>
        </criador>
        <criador sequencia="7" inid="Cr">
          <nome>FABIANO PAPAIZ</nome>
        </criador>
        <criador sequencia="8" inid="Cr">
          <nome>JANAÍNA LUANA RODRIGUES DA SILVA</nome>
        </criador>
        <criador sequencia="9" inid="Cr">
          <nome>JORDANA CRISLAYNE DE LIMA PAIVA</nome>
        </criador>
        <criador sequencia="10" inid="Cr">
          <nome>JOÃO PAULO QUEIROZ DOS SANTOS</nome>
        </criador>
        <criador sequencia="11" inid="Cr">
          <nome>KARILANY DANTAS COUTINHO</nome>
        </criador>
        <criador sequencia="12" inid="Cr">
          <nome>LUIZ GUILHERME PORTELA OLIVEIRA DE CERQUEIRA</nome>
        </criador>
        <criador sequencia="13" inid="Cr">
          <nome>PABLO HOLANDA CARDOSO</nome>
        </criador>
        <criador sequencia="14" inid="Cr">
          <nome>PEDRO HENRIQUE GERMANO EVANGELISTA</nome>
        </criador>
        <criador sequencia="15" inid="Cr">
          <nome>PHILIPPI SEDIR GRILO DE MORAIS</nome>
        </criador>
        <criador sequencia="16" inid="Cr">
          <nome>RICARDO ALEXSANDRO DE MEDEIROS VALENTIM</nome>
        </criador>
        <criador sequencia="17" inid="Cr">
          <nome>WELKSON RENNY DE MEDEIROS</nome>
        </criador>
        <criador sequencia="18" inid="Cr">
          <nome>JOÃO PAULO QUEIROZ DOS SANTOS</nome>
        </criador>
      </criadorLista>
    </processo-programa>
  </despacho>
  <despacho>
    <codigo>730</codigo>
    <titulo>Expedição do Certificado de Registro</titulo>
    <processo-programa>
      <numero inid="Np">BR 51 2021 000633-0</numero>
      <titulo inid="54">SISTEMA DE REGISTROS - OPERAÇÃO SEGURANÇA PRESENTE - SisReg - OSP</titulo>
      <dataCriacao inid="Dl">05/10/2020</dataCriacao>
      <campoAplicacaoLista>
        <campoAplicacao>
          <codigo inid="Cp">SV-01</codigo>
        </campoAplicacao>
      </campoAplicacaoLista>
      <linguagemLista>
        <linguagem inid="Lg">HTML</linguagem>
        <linguagem inid="Lg">JAVA SCRIPT</linguagem>
        <linguagem inid="Lg">POSTGREE SQL</linguagem>
      </linguagemLista>
      <tipoProgramaLista>
        <tipoPrograma>
          <codigo inid="Tp">AP-01</codigo>
        </tipoPrograma>
        <tipoPrograma>
          <codigo inid="Tp">AP-02</codigo>
        </tipoPrograma>
        <tipoPrograma>
          <codigo inid="Tp">AP-03</codigo>
        </tipoPrograma>
        <tipoPrograma>
          <codigo inid="Tp">AP-05</codigo>
        </tipoPrograma>
        <tipoPrograma>
          <codigo inid="Tp">AV-01</codigo>
        </tipoPrograma>
        <tipoPrograma>
          <codigo inid="Tp">GI-04</codigo>
        </tipoPrograma>
        <tipoPrograma>
          <codigo inid="Tp">GI-06</codigo>
        </tipoPrograma>
        <tipoPrograma>
          <codigo inid="Tp">SO-02</codigo>
        </tipoPrograma>
        <tipoPrograma>
          <codigo inid="Tp">SO-04</codigo>
        </tipoPrograma>
        <tipoPrograma>
          <codigo inid="Tp">SO-05</codigo>
        </tipoPrograma>
      </tipoProgramaLista>
      <titularLista>
        <titular sequencia="1" inid="73">
          <nome>SECRETARIA DE ESTADO DE GOVERNO - SEGOV</nome>
        </titular>
      </titularLista>
      <criadorLista>
        <criador sequencia="1" inid="Cr">
          <nome>AGDAN MIRANDA FERNANDES</nome>
        </criador>
        <criador sequencia="2" inid="Cr">
          <nome>IZIDORIO RIBEIRO BENTO JUNIOR</nome>
        </criador>
        <criador sequencia="3" inid="Cr">
          <nome>MÁRCIO BARROSO PEREIRA</nome>
        </criador>
        <criador sequencia="4" inid="Cr">
          <nome>NILDO MACHADO COELHO FILHO</nome>
        </criador>
        <criador sequencia="5" inid="Cr">
          <nome>RODRIGO SILVA LAVIOLA DE FREITAS</nome>
        </criador>
      </criadorLista>
    </processo-programa>
  </despacho>
  <despacho>
    <codigo>730</codigo>
    <titulo>Expedição do Certificado de Registro</titulo>
    <processo-programa>
      <numero inid="Np">BR 51 2021 000634-8</numero>
      <titulo inid="54">AMAQ 3.0</titulo>
      <dataCriacao inid="Dl">02/01/2019</dataCriacao>
      <campoAplicacaoLista>
        <campoAplicacao>
          <codigo inid="Cp">SD-01</codigo>
        </campoAplicacao>
      </campoAplicacaoLista>
      <linguagemLista>
        <linguagem inid="Lg">PYTHON</linguagem>
      </linguagemLista>
      <tipoProgramaLista>
        <tipoPrograma>
          <codigo inid="Tp">FA-01</codigo>
        </tipoPrograma>
      </tipoProgramaLista>
      <titularLista>
        <titular sequencia="1" inid="73">
          <nome>INSTITUTO FEDERAL DE EDUCAÇÃO, CIÊNCIA E TECNOLOGIA DO RIO GRANDE DO NORTE</nome>
        </titular>
        <titular sequencia="2" inid="73">
          <nome>UNIVERSIDADE FEDERAL DO RIO GRANDE DO NORTE</nome>
        </titular>
      </titularLista>
      <criadorLista>
        <criador sequencia="1" inid="Cr">
          <nome>ALIADNE CASTORINA SOARES DE SOUSA</nome>
        </criador>
        <criador sequencia="2" inid="Cr">
          <nome>BEATRIZ SOARES DE SOUZA</nome>
        </criador>
        <criador sequencia="3" inid="Cr">
          <nome>DENISE LINS DE SOUSA</nome>
        </criador>
        <criador sequencia="4" inid="Cr">
          <nome>DIEGO FERREIRA DE LIMA</nome>
        </criador>
        <criador sequencia="5" inid="Cr">
          <nome>JANAÍNA LUANA RODRIGUES DA SILVA</nome>
        </criador>
        <criador sequencia="6" inid="Cr">
          <nome>JORDANA CRISLAYNE DE LIMA PAIVA</nome>
        </criador>
        <criador sequencia="7" inid="Cr">
          <nome>JOÃO PAULO QUEIROZ DOS SANTOS</nome>
        </criador>
        <criador sequencia="8" inid="Cr">
          <nome>KARILANY DANTAS COUTINHO</nome>
        </criador>
        <criador sequencia="9" inid="Cr">
          <nome>KATIA MOTTA GALVÃO GOMES</nome>
        </criador>
        <criador sequencia="10" inid="Cr">
          <nome>LUIZ GUILHERME PORTELA OLIVEIRA DE CERQUEIRA</nome>
        </criador>
        <criador sequencia="11" inid="Cr">
          <nome>MARIA DE FATIMA PEREIRA</nome>
        </criador>
        <criador sequencia="12" inid="Cr">
          <nome>MAYRA DANTAS DE AZEVEDO</nome>
        </criador>
        <criador sequencia="13" inid="Cr">
          <nome>MILENA CRISTINA DUARTE DE ALMEIDA</nome>
        </criador>
        <criador sequencia="14" inid="Cr">
          <nome>PABLO HOLANDA CARDOSO</nome>
        </criador>
        <criador sequencia="15" inid="Cr">
          <nome>PHILIPPI SEDIR GRILO DE MORAIS</nome>
        </criador>
        <criador sequencia="16" inid="Cr">
          <nome>RENATA CLARISSE CARLOS DE ANDRADE</nome>
        </criador>
        <criador sequencia="17" inid="Cr">
          <nome>RENATA PELLA TEIXEIRA</nome>
        </criador>
        <criador sequencia="18" inid="Cr">
          <nome>RICARDO ALEXSANDRO DE MEDEIROS VALENTIM</nome>
        </criador>
        <criador sequencia="19" inid="Cr">
          <nome>JOÃO PAULO QUEIROZ DOS SANTOS</nome>
        </criador>
      </criadorLista>
    </processo-programa>
  </despacho>
  <despacho>
    <codigo>730</codigo>
    <titulo>Expedição do Certificado de Registro</titulo>
    <processo-programa>
      <numero inid="Np">BR 51 2021 000636-4</numero>
      <titulo inid="54">ExtratorDadosNFe - Extrator de Dados da Nota Fiscal Eletrônica</titulo>
      <dataCriacao inid="Dl">20/12/2020</dataCriacao>
      <campoAplicacaoLista>
        <campoAplicacao>
          <codigo inid="Cp">CO-05</codigo>
        </campoAplicacao>
        <campoAplicacao>
          <codigo inid="Cp">IN-02</codigo>
        </campoAplicacao>
      </campoAplicacaoLista>
      <linguagemLista>
        <linguagem inid="Lg">OUTROS</linguagem>
        <linguagem inid="Lg">PYTHON</linguagem>
      </linguagemLista>
      <tipoProgramaLista>
        <tipoPrograma>
          <codigo inid="Tp">ET-01</codigo>
        </tipoPrograma>
        <tipoPrograma>
          <codigo inid="Tp">ET-04</codigo>
        </tipoPrograma>
      </tipoProgramaLista>
      <titularLista>
        <titular sequencia="1" inid="73">
          <nome>UNIVERSIDADE FEDERAL DA PARAIBA</nome>
        </titular>
      </titularLista>
      <criadorLista>
        <criador sequencia="1" inid="Cr">
          <nome>DANIEL FAGNER PEDROZA SANTOS</nome>
        </criador>
      </criadorLista>
    </processo-programa>
  </despacho>
  <despacho>
    <codigo>730</codigo>
    <titulo>Expedição do Certificado de Registro</titulo>
    <processo-programa>
      <numero inid="Np">BR 51 2021 000638-0</numero>
      <titulo inid="54">Edificio Online - Gestão do Condominios</titulo>
      <dataCriacao inid="Dl">19/03/2021</dataCriacao>
      <campoAplicacaoLista>
        <campoAplicacao>
          <codigo inid="Cp">AD-05</codigo>
        </campoAplicacao>
      </campoAplicacaoLista>
      <linguagemLista>
        <linguagem inid="Lg">HTML</linguagem>
        <linguagem inid="Lg">JAVA SCRIPT</linguagem>
        <linguagem inid="Lg">PHP</linguagem>
      </linguagemLista>
      <tipoProgramaLista>
        <tipoPrograma>
          <codigo inid="Tp">AP-02</codigo>
        </tipoPrograma>
        <tipoPrograma>
          <codigo inid="Tp">AP-03</codigo>
        </tipoPrograma>
        <tipoPrograma>
          <codigo inid="Tp">CT-03</codigo>
        </tipoPrograma>
        <tipoPrograma>
          <codigo inid="Tp">DS-07</codigo>
        </tipoPrograma>
        <tipoPrograma>
          <codigo inid="Tp">GI-01</codigo>
        </tipoPrograma>
      </tipoProgramaLista>
      <titularLista>
        <titular sequencia="1" inid="73">
          <nome>INFINITO TECNOLOGIA E SISTEMAS DA INFORMACAO LTDA - EPP</nome>
        </titular>
      </titularLista>
      <criadorLista>
        <criador sequencia="1" inid="Cr">
          <nome>EDMIR ESTE</nome>
        </criador>
      </criadorLista>
    </processo-programa>
  </despacho>
  <despacho>
    <codigo>734</codigo>
    <titulo>Transferência de Titularidade</titulo>
    <processo-programa>
      <numero inid="Np">BR 51 2020 000746-5</numero>
      <titulo inid="54">Sistema de Declaração de Operações com Cartões de Crédito Débito e Similares</titulo>
      <titularLista>
        <titular sequencia="1" inid="73">
          <nome>PACKER E CUNHA - SOLUCOES TECNOLOGICAS LTDA EPP</nome>
        </titular>
      </titularLista>
    </processo-programa>
    <comentario inid="co">Transferência da petição 870210029491 homologada.</comentario>
  </despacho>
  <despacho>
    <codigo>734</codigo>
    <titulo>Transferência de Titularidade</titulo>
    <processo-programa>
      <numero inid="Np">BR 51 2020 000748-1</numero>
      <titulo inid="54">Sistema de Declaração de Operações de Serviços Bancários - DESB</titulo>
      <titularLista>
        <titular sequencia="1" inid="73">
          <nome>PACKER E CUNHA - SOLUCOES TECNOLOGICAS LTDA EPP</nome>
        </titular>
      </titularLista>
    </processo-programa>
    <comentario inid="co">Transferência da petição 870210029494 homologada.</comentario>
  </despacho>
  <despacho>
    <codigo>734</codigo>
    <titulo>Transferência de Titularidade</titulo>
    <processo-programa>
      <numero inid="Np">BR 51 2020 000749-0</numero>
      <titulo inid="54">Sistema de Declaração de Operações de Serviços Cartorários - DESC</titulo>
      <titularLista>
        <titular sequencia="1" inid="73">
          <nome>PACKER E CUNHA - SOLUCOES TECNOLOGICAS LTDA EPP</nome>
        </titular>
      </titularLista>
    </processo-programa>
    <comentario inid="co">Transferência da petição 870210029490 homologada.</comentario>
  </despacho>
  <despacho>
    <codigo>742</codigo>
    <titulo>Petição não conhecida</titulo>
    <processo-programa>
      <numero inid="Np">BR 51 2021 000530-9</numero>
      <titulo inid="54">Rotina de Matlab para Volume.m</titulo>
      <titularLista>
        <titular sequencia="1" inid="73">
          <nome>FUNDAÇÃO UNIVERSIDADE DE BRASILIA</nome>
        </titular>
      </titularLista>
    </processo-programa>
    <comentario inid="co">Pagamento da GRU fora do prazo ou não realizado referente ao protocolo 870210025762</comentario>
  </despacho>
</revista>