<revista numero="2645" dataPublicacao="14/09/2021" diretoria="Programa">
  <despacho>
    <codigo>730</codigo>
    <titulo>Expedição do Certificado de Registro</titulo>
    <processo-programa>
      <numero inid="Np">BR 51 2021 002143-6</numero>
      <titulo inid="54">CSC - Corte Seletivo de Carga</titulo>
      <dataCriacao inid="Dl">05/08/2021</dataCriacao>
      <campoAplicacaoLista>
        <campoAplicacao>
          <codigo inid="Cp">EN-01</codigo>
        </campoAplicacao>
      </campoAplicacaoLista>
      <linguagemLista>
        <linguagem inid="Lg">MATLAB</linguagem>
        <linguagem inid="Lg">OUTROS</linguagem>
        <linguagem inid="Lg">PYTHON</linguagem>
      </linguagemLista>
      <tipoProgramaLista>
        <tipoPrograma>
          <codigo inid="Tp">TC-01</codigo>
        </tipoPrograma>
      </tipoProgramaLista>
      <titularLista>
        <titular sequencia="1" inid="73">
          <nome>COPEL DISTRIBUIÇÃO S/A</nome>
        </titular>
      </titularLista>
      <criadorLista>
        <criador sequencia="1" inid="Cr">
          <nome>ADRIANO VEIGA BOTELHO</nome>
        </criador>
        <criador sequencia="2" inid="Cr">
          <nome>ANA PAULA OENING</nome>
        </criador>
        <criador sequencia="3" inid="Cr">
          <nome>CAROLINA CORRÊA DURCE</nome>
        </criador>
        <criador sequencia="4" inid="Cr">
          <nome>DÉBORA CINTIA MARCILIO</nome>
        </criador>
        <criador sequencia="5" inid="Cr">
          <nome>EUNELSON JOSÉ DA SILVA JÚNIOR</nome>
        </criador>
        <criador sequencia="6" inid="Cr">
          <nome>FELIPE JOSÉ LACHOVICZ</nome>
        </criador>
        <criador sequencia="7" inid="Cr">
          <nome>FILIPE PEREZ</nome>
        </criador>
        <criador sequencia="8" inid="Cr">
          <nome>FULVIO MASCHIO</nome>
        </criador>
        <criador sequencia="9" inid="Cr">
          <nome>GIL JOSÉ PEREIRA</nome>
        </criador>
        <criador sequencia="10" inid="Cr">
          <nome>LEANDRO SARAN CHAGAS</nome>
        </criador>
        <criador sequencia="11" inid="Cr">
          <nome>PABLO LOPES MACEDO</nome>
        </criador>
        <criador sequencia="12" inid="Cr">
          <nome>RHAFAEL FREITAS DA COSTA</nome>
        </criador>
        <criador sequencia="13" inid="Cr">
          <nome>ROMÃO KOWALTSCHUK</nome>
        </criador>
        <criador sequencia="14" inid="Cr">
          <nome>VINICIUS DE SOUZA SOWEK</nome>
        </criador>
      </criadorLista>
    </processo-programa>
  </despacho>
  <despacho>
    <codigo>730</codigo>
    <titulo>Expedição do Certificado de Registro</titulo>
    <processo-programa>
      <numero inid="Np">BR 51 2021 002145-2</numero>
      <titulo inid="54">FERA - Ferramenta Especialista em Renovação de Ativos - versão 1.0</titulo>
      <dataCriacao inid="Dl">02/09/2021</dataCriacao>
      <campoAplicacaoLista>
        <campoAplicacao>
          <codigo inid="Cp">SV-01</codigo>
        </campoAplicacao>
      </campoAplicacaoLista>
      <linguagemLista>
        <linguagem inid="Lg">.NET</linguagem>
        <linguagem inid="Lg">C#</linguagem>
        <linguagem inid="Lg">PYTHON</linguagem>
      </linguagemLista>
      <tipoProgramaLista>
        <tipoPrograma>
          <codigo inid="Tp">IA-02</codigo>
        </tipoPrograma>
      </tipoProgramaLista>
      <titularLista>
        <titular sequencia="1" inid="73">
          <nome>COPEL DISTRIBUIÇÃO S/A</nome>
        </titular>
      </titularLista>
      <criadorLista>
        <criador sequencia="1" inid="Cr">
          <nome>ANA GABRIELA BEZERRA BENITEZ</nome>
        </criador>
        <criador sequencia="2" inid="Cr">
          <nome>CECILIA FLÁVIA DA SILVA</nome>
        </criador>
        <criador sequencia="3" inid="Cr">
          <nome>DAILYS MAITÉ ALIAGA REYES</nome>
        </criador>
        <criador sequencia="4" inid="Cr">
          <nome>DIRCEU LAUBE</nome>
        </criador>
        <criador sequencia="5" inid="Cr">
          <nome>FELIPE RIBEIRO MIRANDA</nome>
        </criador>
        <criador sequencia="6" inid="Cr">
          <nome>FLÁVIA LIMA DURANS PITTA MARINHO</nome>
        </criador>
        <criador sequencia="7" inid="Cr">
          <nome>GUSTAVO PERONDI</nome>
        </criador>
        <criador sequencia="8" inid="Cr">
          <nome>LENINGRADO FLORENCIO</nome>
        </criador>
        <criador sequencia="9" inid="Cr">
          <nome>MARCELO APARECIDO PELEGRINI</nome>
        </criador>
        <criador sequencia="10" inid="Cr">
          <nome>STARCH MELO DE SOUZA</nome>
        </criador>
        <criador sequencia="11" inid="Cr">
          <nome>SÉRGIO MISHIMA DOS SANTOS BARBOSA</nome>
        </criador>
        <criador sequencia="12" inid="Cr">
          <nome>SÉRGIO MISHIMA DOS SANTOS BARBOSA</nome>
        </criador>
      </criadorLista>
    </processo-programa>
  </despacho>
  <despacho>
    <codigo>730</codigo>
    <titulo>Expedição do Certificado de Registro</titulo>
    <processo-programa>
      <numero inid="Np">BR 51 2021 002152-5</numero>
      <titulo inid="54">Nursing APHMóvel</titulo>
      <dataCriacao inid="Dl">21/03/2019</dataCriacao>
      <campoAplicacaoLista>
        <campoAplicacao>
          <codigo inid="Cp">SD-01</codigo>
        </campoAplicacao>
        <campoAplicacao>
          <codigo inid="Cp">SD-05</codigo>
        </campoAplicacao>
        <campoAplicacao>
          <codigo inid="Cp">SD-09</codigo>
        </campoAplicacao>
      </campoAplicacaoLista>
      <linguagemLista>
        <linguagem inid="Lg">C</linguagem>
      </linguagemLista>
      <tipoProgramaLista>
        <tipoPrograma>
          <codigo inid="Tp">AP-01</codigo>
        </tipoPrograma>
      </tipoProgramaLista>
      <titularLista>
        <titular sequencia="1" inid="73">
          <nome>ALINE CECILIA PIZZOLATO</nome>
        </titular>
        <titular sequencia="2" inid="73">
          <nome>UNIVERSIDADE FEDERAL DO PARANÁ</nome>
        </titular>
      </titularLista>
      <criadorLista>
        <criador sequencia="1" inid="Cr">
          <nome>ALINE CECILIA PIZZOLATO</nome>
        </criador>
        <criador sequencia="2" inid="Cr">
          <nome>LEILA MARIA MANSANO SARQUIS</nome>
        </criador>
        <criador sequencia="3" inid="Cr">
          <nome>MITZY TANNIA REICHEMBACH DANSKI</nome>
        </criador>
      </criadorLista>
    </processo-programa>
  </despacho>
  <despacho>
    <codigo>730</codigo>
    <titulo>Expedição do Certificado de Registro</titulo>
    <processo-programa>
      <numero inid="Np">BR 51 2021 002153-3</numero>
      <titulo inid="54">SISTEMA DE MOVIMENTAÇÃO COMPUTADORIZADO APLICADO EM REGISTROS BIFURCADAS PENDULARES E DISTRIBUIDORES ROTATIVOS</titulo>
      <dataCriacao inid="Dl">01/07/2020</dataCriacao>
      <campoAplicacaoLista>
        <campoAplicacao>
          <codigo inid="Cp">AG-05</codigo>
        </campoAplicacao>
        <campoAplicacao>
          <codigo inid="Cp">IN-05</codigo>
        </campoAplicacao>
      </campoAplicacaoLista>
      <linguagemLista>
        <linguagem inid="Lg">C</linguagem>
      </linguagemLista>
      <tipoProgramaLista>
        <tipoPrograma>
          <codigo inid="Tp">AT-05</codigo>
        </tipoPrograma>
      </tipoProgramaLista>
      <titularLista>
        <titular sequencia="1" inid="73">
          <nome>JONATAN SCHUMANN</nome>
        </titular>
      </titularLista>
      <criadorLista>
        <criador sequencia="1" inid="Cr">
          <nome>ALDO FERNANDO BAUM</nome>
        </criador>
      </criadorLista>
    </processo-programa>
  </despacho>
  <despacho>
    <codigo>730</codigo>
    <titulo>Expedição do Certificado de Registro</titulo>
    <processo-programa>
      <numero inid="Np">BR 51 2021 002154-1</numero>
      <titulo inid="54">FID</titulo>
      <dataCriacao inid="Dl">06/12/2020</dataCriacao>
      <campoAplicacaoLista>
        <campoAplicacao>
          <codigo inid="Cp">AD-10</codigo>
        </campoAplicacao>
        <campoAplicacao>
          <codigo inid="Cp">EC-07</codigo>
        </campoAplicacao>
        <campoAplicacao>
          <codigo inid="Cp">EC-08</codigo>
        </campoAplicacao>
      </campoAplicacaoLista>
      <linguagemLista>
        <linguagem inid="Lg">NODEJS</linguagem>
        <linguagem inid="Lg">OUTROS</linguagem>
      </linguagemLista>
      <tipoProgramaLista>
        <tipoPrograma>
          <codigo inid="Tp">AP-01</codigo>
        </tipoPrograma>
        <tipoPrograma>
          <codigo inid="Tp">AT-01</codigo>
        </tipoPrograma>
        <tipoPrograma>
          <codigo inid="Tp">AT-06</codigo>
        </tipoPrograma>
        <tipoPrograma>
          <codigo inid="Tp">AV-02</codigo>
        </tipoPrograma>
        <tipoPrograma>
          <codigo inid="Tp">CD-01</codigo>
        </tipoPrograma>
        <tipoPrograma>
          <codigo inid="Tp">CD-03</codigo>
        </tipoPrograma>
        <tipoPrograma>
          <codigo inid="Tp">ET-01</codigo>
        </tipoPrograma>
        <tipoPrograma>
          <codigo inid="Tp">GI-01</codigo>
        </tipoPrograma>
        <tipoPrograma>
          <codigo inid="Tp">GI-04</codigo>
        </tipoPrograma>
        <tipoPrograma>
          <codigo inid="Tp">GI-06</codigo>
        </tipoPrograma>
        <tipoPrograma>
          <codigo inid="Tp">LG-02</codigo>
        </tipoPrograma>
        <tipoPrograma>
          <codigo inid="Tp">PD-02</codigo>
        </tipoPrograma>
        <tipoPrograma>
          <codigo inid="Tp">TI-01</codigo>
        </tipoPrograma>
        <tipoPrograma>
          <codigo inid="Tp">TI-02</codigo>
        </tipoPrograma>
      </tipoProgramaLista>
      <titularLista>
        <titular sequencia="1" inid="73">
          <nome>TOWB ME PROJETOS E CONSULTORIA EM MARKETING LTDA</nome>
        </titular>
      </titularLista>
      <criadorLista>
        <criador sequencia="1" inid="Cr">
          <nome>DERICK IZIDORO DOS SANTOS</nome>
        </criador>
        <criador sequencia="2" inid="Cr">
          <nome>EDUARDO FERREIRA OLIVEIRA</nome>
        </criador>
        <criador sequencia="3" inid="Cr">
          <nome>SAULO BATISTA PALESTINO</nome>
        </criador>
      </criadorLista>
    </processo-programa>
  </despacho>
  <despacho>
    <codigo>730</codigo>
    <titulo>Expedição do Certificado de Registro</titulo>
    <processo-programa>
      <numero inid="Np">BR 51 2021 002155-0</numero>
      <titulo inid="54">Fall of Kingdoms</titulo>
      <dataCriacao inid="Dl">01/03/2021</dataCriacao>
      <campoAplicacaoLista>
        <campoAplicacao>
          <codigo inid="Cp">IF-07</codigo>
        </campoAplicacao>
      </campoAplicacaoLista>
      <linguagemLista>
        <linguagem inid="Lg">C++</linguagem>
        <linguagem inid="Lg">MYSQL</linguagem>
        <linguagem inid="Lg">OUTROS</linguagem>
      </linguagemLista>
      <tipoProgramaLista>
        <tipoPrograma>
          <codigo inid="Tp">ET-02</codigo>
        </tipoPrograma>
      </tipoProgramaLista>
      <titularLista>
        <titular sequencia="1" inid="73">
          <nome>MARCO ANTÔNIO DE SOUSA SILVA JÚNIOR</nome>
        </titular>
      </titularLista>
      <criadorLista>
        <criador sequencia="1" inid="Cr">
          <nome>MARCO ANTONIO DE SOUSA SILVA JUNIOR</nome>
        </criador>
      </criadorLista>
    </processo-programa>
  </despacho>
  <despacho>
    <codigo>730</codigo>
    <titulo>Expedição do Certificado de Registro</titulo>
    <processo-programa>
      <numero inid="Np">BR 51 2021 002156-8</numero>
      <titulo inid="54">Simulador de contracheque UNEB</titulo>
      <dataCriacao inid="Dl">05/08/2019</dataCriacao>
      <campoAplicacaoLista>
        <campoAplicacao>
          <codigo inid="Cp">FN-06</codigo>
        </campoAplicacao>
      </campoAplicacaoLista>
      <linguagemLista>
        <linguagem inid="Lg">PHP</linguagem>
      </linguagemLista>
      <tipoProgramaLista>
        <tipoPrograma>
          <codigo inid="Tp">AP-01</codigo>
        </tipoPrograma>
      </tipoProgramaLista>
      <titularLista>
        <titular sequencia="1" inid="73">
          <nome>GENILSON CUNHA DE OLIVEIRA FILHO</nome>
        </titular>
      </titularLista>
      <criadorLista>
        <criador sequencia="1" inid="Cr">
          <nome>ARTHUR SANTOS DE ARAUJO</nome>
        </criador>
        <criador sequencia="2" inid="Cr">
          <nome>GENILSON CUNHA DE OLIVEIRA FILHO</nome>
        </criador>
      </criadorLista>
    </processo-programa>
  </despacho>
  <despacho>
    <codigo>730</codigo>
    <titulo>Expedição do Certificado de Registro</titulo>
    <processo-programa>
      <numero inid="Np">BR 51 2021 002157-6</numero>
      <titulo inid="54">G3Gaia</titulo>
      <dataCriacao inid="Dl">06/04/2020</dataCriacao>
      <campoAplicacaoLista>
        <campoAplicacao>
          <codigo inid="Cp">IF-07</codigo>
        </campoAplicacao>
      </campoAplicacaoLista>
      <linguagemLista>
        <linguagem inid="Lg">C#</linguagem>
      </linguagemLista>
      <tipoProgramaLista>
        <tipoPrograma>
          <codigo inid="Tp">AP-01</codigo>
        </tipoPrograma>
      </tipoProgramaLista>
      <titularLista>
        <titular sequencia="1" inid="73">
          <nome>ALEXANDRE DUTRA</nome>
        </titular>
      </titularLista>
      <criadorLista>
        <criador sequencia="1" inid="Cr">
          <nome>ALEXANDRE DUTRA DE OLIVEIRA</nome>
        </criador>
      </criadorLista>
    </processo-programa>
  </despacho>
  <despacho>
    <codigo>730</codigo>
    <titulo>Expedição do Certificado de Registro</titulo>
    <processo-programa>
      <numero inid="Np">BR 51 2021 002158-4</numero>
      <titulo inid="54">PetFeed</titulo>
      <dataCriacao inid="Dl">01/04/2021</dataCriacao>
      <campoAplicacaoLista>
        <campoAplicacao>
          <codigo inid="Cp">AG-10</codigo>
        </campoAplicacao>
      </campoAplicacaoLista>
      <linguagemLista>
        <linguagem inid="Lg">NODEJS</linguagem>
        <linguagem inid="Lg">OUTROS</linguagem>
      </linguagemLista>
      <tipoProgramaLista>
        <tipoPrograma>
          <codigo inid="Tp">AP-01</codigo>
        </tipoPrograma>
      </tipoProgramaLista>
      <titularLista>
        <titular sequencia="1" inid="73">
          <nome>CLEBER FERNANDO MENEGASSO MANSANO</nome>
        </titular>
      </titularLista>
      <criadorLista>
        <criador sequencia="1" inid="Cr">
          <nome>ANDRÉ LUIS GOBBI PRIMO</nome>
        </criador>
        <criador sequencia="2" inid="Cr">
          <nome>BEATRICE INGRID MACENTE</nome>
        </criador>
        <criador sequencia="3" inid="Cr">
          <nome>GABRIEL BARBOSA DA SILVA</nome>
        </criador>
        <criador sequencia="4" inid="Cr">
          <nome>MARCELO LUIS MURARI</nome>
        </criador>
        <criador sequencia="5" inid="Cr">
          <nome>MYLENA FERREIRA RODRIGUES</nome>
        </criador>
        <criador sequencia="6" inid="Cr">
          <nome>THALES MANTOVANI SILVA</nome>
        </criador>
      </criadorLista>
    </processo-programa>
  </despacho>
  <despacho>
    <codigo>730</codigo>
    <titulo>Expedição do Certificado de Registro</titulo>
    <processo-programa>
      <numero inid="Np">BR 51 2021 002159-2</numero>
      <titulo inid="54">MEDIDOR DE CONSUMO DE ENERGIA COM ARDUINO</titulo>
      <dataCriacao inid="Dl">20/04/2020</dataCriacao>
      <campoAplicacaoLista>
        <campoAplicacao>
          <codigo inid="Cp">EN-01</codigo>
        </campoAplicacao>
      </campoAplicacaoLista>
      <linguagemLista>
        <linguagem inid="Lg">C++</linguagem>
      </linguagemLista>
      <tipoProgramaLista>
        <tipoPrograma>
          <codigo inid="Tp">AT-05</codigo>
        </tipoPrograma>
        <tipoPrograma>
          <codigo inid="Tp">AV-01</codigo>
        </tipoPrograma>
        <tipoPrograma>
          <codigo inid="Tp">GI-04</codigo>
        </tipoPrograma>
        <tipoPrograma>
          <codigo inid="Tp">IT-02</codigo>
        </tipoPrograma>
      </tipoProgramaLista>
      <titularLista>
        <titular sequencia="1" inid="73">
          <nome>FABIO RODRIGUES PINTO</nome>
        </titular>
        <titular sequencia="2" inid="73">
          <nome>HAMMA CAROLINA DE LIMA NOGUEIRA</nome>
        </titular>
        <titular sequencia="3" inid="73">
          <nome>MARCO PAULO GUIMARÃES</nome>
        </titular>
        <titular sequencia="4" inid="73">
          <nome>RICARDO RIBEIRO MOURA</nome>
        </titular>
      </titularLista>
      <criadorLista>
        <criador sequencia="1" inid="Cr">
          <nome>FABIO RODRIGUES PINTO</nome>
        </criador>
        <criador sequencia="2" inid="Cr">
          <nome>HAMMA CAROLINA DE LIMA NOGUEIRA</nome>
        </criador>
        <criador sequencia="3" inid="Cr">
          <nome>MARCO PAULO GUIMARÃES</nome>
        </criador>
        <criador sequencia="4" inid="Cr">
          <nome>RICARDO RIBEIRO MOURA</nome>
        </criador>
      </criadorLista>
    </processo-programa>
  </despacho>
  <despacho>
    <codigo>730</codigo>
    <titulo>Expedição do Certificado de Registro</titulo>
    <processo-programa>
      <numero inid="Np">BR 51 2021 002160-6</numero>
      <titulo inid="54">Gestão de Caso</titulo>
      <dataCriacao inid="Dl">13/03/2019</dataCriacao>
      <campoAplicacaoLista>
        <campoAplicacao>
          <codigo inid="Cp">SD-02</codigo>
        </campoAplicacao>
        <campoAplicacao>
          <codigo inid="Cp">SD-05</codigo>
        </campoAplicacao>
      </campoAplicacaoLista>
      <linguagemLista>
        <linguagem inid="Lg">HTML</linguagem>
        <linguagem inid="Lg">JAVA SCRIPT</linguagem>
        <linguagem inid="Lg">JQUERY</linguagem>
        <linguagem inid="Lg">MYSQL</linguagem>
        <linguagem inid="Lg">PHP</linguagem>
      </linguagemLista>
      <tipoProgramaLista>
        <tipoPrograma>
          <codigo inid="Tp">FA-01</codigo>
        </tipoPrograma>
        <tipoPrograma>
          <codigo inid="Tp">FA-03</codigo>
        </tipoPrograma>
        <tipoPrograma>
          <codigo inid="Tp">FA-04</codigo>
        </tipoPrograma>
        <tipoPrograma>
          <codigo inid="Tp">GI-01</codigo>
        </tipoPrograma>
        <tipoPrograma>
          <codigo inid="Tp">GI-02</codigo>
        </tipoPrograma>
        <tipoPrograma>
          <codigo inid="Tp">GI-03</codigo>
        </tipoPrograma>
        <tipoPrograma>
          <codigo inid="Tp">GI-04</codigo>
        </tipoPrograma>
        <tipoPrograma>
          <codigo inid="Tp">LG-08</codigo>
        </tipoPrograma>
        <tipoPrograma>
          <codigo inid="Tp">PD-05</codigo>
        </tipoPrograma>
        <tipoPrograma>
          <codigo inid="Tp">SO-05</codigo>
        </tipoPrograma>
      </tipoProgramaLista>
      <titularLista>
        <titular sequencia="1" inid="73">
          <nome>FLAVIO SILVA SANDALIO</nome>
        </titular>
      </titularLista>
      <criadorLista>
        <criador sequencia="1" inid="Cr">
          <nome>FLAVIO SILVA SANDALIO</nome>
        </criador>
      </criadorLista>
    </processo-programa>
  </despacho>
  <despacho>
    <codigo>730</codigo>
    <titulo>Expedição do Certificado de Registro</titulo>
    <processo-programa>
      <numero inid="Np">BR 51 2021 002161-4</numero>
      <titulo inid="54">S.S.D.C (Smart Security Dog Collar)</titulo>
      <dataCriacao inid="Dl">17/03/2021</dataCriacao>
      <campoAplicacaoLista>
        <campoAplicacao>
          <codigo inid="Cp">EN-05</codigo>
        </campoAplicacao>
      </campoAplicacaoLista>
      <linguagemLista>
        <linguagem inid="Lg">C</linguagem>
        <linguagem inid="Lg">C#</linguagem>
      </linguagemLista>
      <tipoProgramaLista>
        <tipoPrograma>
          <codigo inid="Tp">AP-01</codigo>
        </tipoPrograma>
        <tipoPrograma>
          <codigo inid="Tp">AP-03</codigo>
        </tipoPrograma>
        <tipoPrograma>
          <codigo inid="Tp">AT-01</codigo>
        </tipoPrograma>
      </tipoProgramaLista>
      <titularLista>
        <titular sequencia="1" inid="73">
          <nome>ALESSANDRO CORRÊA MENDES</nome>
        </titular>
        <titular sequencia="2" inid="73">
          <nome>BRUNO MICHEL PERA</nome>
        </titular>
        <titular sequencia="3" inid="73">
          <nome>COLÉGIO TÉCNICO ANTÔNIO TEIXEIRA FERNANDES</nome>
        </titular>
        <titular sequencia="4" inid="73">
          <nome>LUCAS SILVA TOFFOLETTO</nome>
        </titular>
        <titular sequencia="5" inid="73">
          <nome>THIAGO VIEL DOS SANTOS DELFINO</nome>
        </titular>
        <titular sequencia="6" inid="73">
          <nome>VICTOR VAZ SERUTTI DE LIMA</nome>
        </titular>
      </titularLista>
      <criadorLista>
        <criador sequencia="1" inid="Cr">
          <nome>BRUNO MICHEL PERA</nome>
        </criador>
        <criador sequencia="2" inid="Cr">
          <nome>LUCAS SILVA TOFFOLETTO</nome>
        </criador>
        <criador sequencia="3" inid="Cr">
          <nome>THIAGO VIEL DOS SANTOS DELFINO</nome>
        </criador>
        <criador sequencia="4" inid="Cr">
          <nome>VICTOR VAZ SERUTTI DE LIMA</nome>
        </criador>
      </criadorLista>
    </processo-programa>
  </despacho>
  <despacho>
    <codigo>730</codigo>
    <titulo>Expedição do Certificado de Registro</titulo>
    <processo-programa>
      <numero inid="Np">BR 51 2021 002162-2</numero>
      <titulo inid="54">ZS PAYMENTS</titulo>
      <dataCriacao inid="Dl">01/09/2019</dataCriacao>
      <campoAplicacaoLista>
        <campoAplicacao>
          <codigo inid="Cp">AD-02</codigo>
        </campoAplicacao>
        <campoAplicacao>
          <codigo inid="Cp">AD-03</codigo>
        </campoAplicacao>
        <campoAplicacao>
          <codigo inid="Cp">AD-05</codigo>
        </campoAplicacao>
        <campoAplicacao>
          <codigo inid="Cp">AD-06</codigo>
        </campoAplicacao>
        <campoAplicacao>
          <codigo inid="Cp">AD-07</codigo>
        </campoAplicacao>
        <campoAplicacao>
          <codigo inid="Cp">AD-08</codigo>
        </campoAplicacao>
        <campoAplicacao>
          <codigo inid="Cp">AD-09</codigo>
        </campoAplicacao>
        <campoAplicacao>
          <codigo inid="Cp">AD-10</codigo>
        </campoAplicacao>
        <campoAplicacao>
          <codigo inid="Cp">EC-06</codigo>
        </campoAplicacao>
        <campoAplicacao>
          <codigo inid="Cp">FN-03</codigo>
        </campoAplicacao>
        <campoAplicacao>
          <codigo inid="Cp">IF-07</codigo>
        </campoAplicacao>
        <campoAplicacao>
          <codigo inid="Cp">IF-10</codigo>
        </campoAplicacao>
        <campoAplicacao>
          <codigo inid="Cp">MT-05</codigo>
        </campoAplicacao>
      </campoAplicacaoLista>
      <linguagemLista>
        <linguagem inid="Lg">JAVA SCRIPT</linguagem>
        <linguagem inid="Lg">MYSQL</linguagem>
        <linguagem inid="Lg">NODEJS</linguagem>
        <linguagem inid="Lg">OUTROS</linguagem>
      </linguagemLista>
      <tipoProgramaLista>
        <tipoPrograma>
          <codigo inid="Tp">AT-06</codigo>
        </tipoPrograma>
        <tipoPrograma>
          <codigo inid="Tp">CT-02</codigo>
        </tipoPrograma>
        <tipoPrograma>
          <codigo inid="Tp">DS-01</codigo>
        </tipoPrograma>
        <tipoPrograma>
          <codigo inid="Tp">DS-02</codigo>
        </tipoPrograma>
        <tipoPrograma>
          <codigo inid="Tp">DS-03</codigo>
        </tipoPrograma>
        <tipoPrograma>
          <codigo inid="Tp">DS-05</codigo>
        </tipoPrograma>
        <tipoPrograma>
          <codigo inid="Tp">DS-06</codigo>
        </tipoPrograma>
        <tipoPrograma>
          <codigo inid="Tp">DS-07</codigo>
        </tipoPrograma>
        <tipoPrograma>
          <codigo inid="Tp">FA-01</codigo>
        </tipoPrograma>
        <tipoPrograma>
          <codigo inid="Tp">FA-04</codigo>
        </tipoPrograma>
        <tipoPrograma>
          <codigo inid="Tp">GI-01</codigo>
        </tipoPrograma>
        <tipoPrograma>
          <codigo inid="Tp">GI-02</codigo>
        </tipoPrograma>
        <tipoPrograma>
          <codigo inid="Tp">GI-03</codigo>
        </tipoPrograma>
        <tipoPrograma>
          <codigo inid="Tp">GI-04</codigo>
        </tipoPrograma>
        <tipoPrograma>
          <codigo inid="Tp">GI-05</codigo>
        </tipoPrograma>
        <tipoPrograma>
          <codigo inid="Tp">GI-06</codigo>
        </tipoPrograma>
        <tipoPrograma>
          <codigo inid="Tp">GI-07</codigo>
        </tipoPrograma>
        <tipoPrograma>
          <codigo inid="Tp">GI-08</codigo>
        </tipoPrograma>
        <tipoPrograma>
          <codigo inid="Tp">IA-02</codigo>
        </tipoPrograma>
        <tipoPrograma>
          <codigo inid="Tp">LG-01</codigo>
        </tipoPrograma>
        <tipoPrograma>
          <codigo inid="Tp">LG-02</codigo>
        </tipoPrograma>
        <tipoPrograma>
          <codigo inid="Tp">LG-04</codigo>
        </tipoPrograma>
        <tipoPrograma>
          <codigo inid="Tp">LG-08</codigo>
        </tipoPrograma>
        <tipoPrograma>
          <codigo inid="Tp">LG-09</codigo>
        </tipoPrograma>
        <tipoPrograma>
          <codigo inid="Tp">PD-01</codigo>
        </tipoPrograma>
        <tipoPrograma>
          <codigo inid="Tp">PD-02</codigo>
        </tipoPrograma>
        <tipoPrograma>
          <codigo inid="Tp">PD-03</codigo>
        </tipoPrograma>
        <tipoPrograma>
          <codigo inid="Tp">PD-04</codigo>
        </tipoPrograma>
        <tipoPrograma>
          <codigo inid="Tp">PD-05</codigo>
        </tipoPrograma>
        <tipoPrograma>
          <codigo inid="Tp">SM-01</codigo>
        </tipoPrograma>
        <tipoPrograma>
          <codigo inid="Tp">SM-03</codigo>
        </tipoPrograma>
        <tipoPrograma>
          <codigo inid="Tp">SO-01</codigo>
        </tipoPrograma>
        <tipoPrograma>
          <codigo inid="Tp">SO-02</codigo>
        </tipoPrograma>
        <tipoPrograma>
          <codigo inid="Tp">SO-04</codigo>
        </tipoPrograma>
        <tipoPrograma>
          <codigo inid="Tp">SO-05</codigo>
        </tipoPrograma>
        <tipoPrograma>
          <codigo inid="Tp">SO-07</codigo>
        </tipoPrograma>
        <tipoPrograma>
          <codigo inid="Tp">TI-02</codigo>
        </tipoPrograma>
        <tipoPrograma>
          <codigo inid="Tp">TI-03</codigo>
        </tipoPrograma>
        <tipoPrograma>
          <codigo inid="Tp">UT-06</codigo>
        </tipoPrograma>
      </tipoProgramaLista>
      <titularLista>
        <titular sequencia="1" inid="73">
          <nome>AUGUSTO AMSTALDEN NETO</nome>
        </titular>
        <titular sequencia="2" inid="73">
          <nome>CLAUDIO DA SILVA CRUZ</nome>
        </titular>
        <titular sequencia="3" inid="73">
          <nome>CLEBER NIZA</nome>
        </titular>
      </titularLista>
      <criadorLista>
        <criador sequencia="1" inid="Cr">
          <nome>AUGUSTO AMSTALDEN NETO</nome>
        </criador>
        <criador sequencia="2" inid="Cr">
          <nome>CLAUDIO DA SILVA CRUZ</nome>
        </criador>
        <criador sequencia="3" inid="Cr">
          <nome>CLEBER NIZA</nome>
        </criador>
      </criadorLista>
    </processo-programa>
  </despacho>
  <despacho>
    <codigo>730</codigo>
    <titulo>Expedição do Certificado de Registro</titulo>
    <processo-programa>
      <numero inid="Np">BR 51 2021 002163-0</numero>
      <titulo inid="54">IBID - GESTÃO DE COMPRAS - V.7</titulo>
      <dataCriacao inid="Dl">01/01/2017</dataCriacao>
      <campoAplicacaoLista>
        <campoAplicacao>
          <codigo inid="Cp">AD-01</codigo>
        </campoAplicacao>
      </campoAplicacaoLista>
      <linguagemLista>
        <linguagem inid="Lg">.NET</linguagem>
        <linguagem inid="Lg">ADVPL</linguagem>
        <linguagem inid="Lg">C#</linguagem>
        <linguagem inid="Lg">CSS</linguagem>
        <linguagem inid="Lg">HTML</linguagem>
        <linguagem inid="Lg">JSON</linguagem>
        <linguagem inid="Lg">LINQ</linguagem>
      </linguagemLista>
      <tipoProgramaLista>
        <tipoPrograma>
          <codigo inid="Tp">AP-01</codigo>
        </tipoPrograma>
        <tipoPrograma>
          <codigo inid="Tp">AT-01</codigo>
        </tipoPrograma>
        <tipoPrograma>
          <codigo inid="Tp">AT-06</codigo>
        </tipoPrograma>
      </tipoProgramaLista>
      <titularLista>
        <titular sequencia="1" inid="73">
          <nome>IBID SISTEMAS DE INFORMATICA LTDA</nome>
        </titular>
      </titularLista>
      <criadorLista>
        <criador sequencia="1" inid="Cr">
          <nome>FABIO HOINASKI</nome>
        </criador>
      </criadorLista>
    </processo-programa>
  </despacho>
  <despacho>
    <codigo>730</codigo>
    <titulo>Expedição do Certificado de Registro</titulo>
    <processo-programa>
      <numero inid="Np">BR 51 2021 002164-9</numero>
      <titulo inid="54">MEU CÂMBIO EMPRESAS</titulo>
      <dataCriacao inid="Dl">05/08/2021</dataCriacao>
      <campoAplicacaoLista>
        <campoAplicacao>
          <codigo inid="Cp">AD-01</codigo>
        </campoAplicacao>
        <campoAplicacao>
          <codigo inid="Cp">AD-02</codigo>
        </campoAplicacao>
        <campoAplicacao>
          <codigo inid="Cp">AD-05</codigo>
        </campoAplicacao>
        <campoAplicacao>
          <codigo inid="Cp">EC-07</codigo>
        </campoAplicacao>
        <campoAplicacao>
          <codigo inid="Cp">FN-03</codigo>
        </campoAplicacao>
        <campoAplicacao>
          <codigo inid="Cp">FN-05</codigo>
        </campoAplicacao>
        <campoAplicacao>
          <codigo inid="Cp">FN-06</codigo>
        </campoAplicacao>
        <campoAplicacao>
          <codigo inid="Cp">SV-03</codigo>
        </campoAplicacao>
      </campoAplicacaoLista>
      <linguagemLista>
        <linguagem inid="Lg">PHP</linguagem>
      </linguagemLista>
      <tipoProgramaLista>
        <tipoPrograma>
          <codigo inid="Tp">AP-05</codigo>
        </tipoPrograma>
        <tipoPrograma>
          <codigo inid="Tp">AT-04</codigo>
        </tipoPrograma>
        <tipoPrograma>
          <codigo inid="Tp">AT-06</codigo>
        </tipoPrograma>
        <tipoPrograma>
          <codigo inid="Tp">GI-01</codigo>
        </tipoPrograma>
        <tipoPrograma>
          <codigo inid="Tp">UT-06</codigo>
        </tipoPrograma>
      </tipoProgramaLista>
      <titularLista>
        <titular sequencia="1" inid="73">
          <nome>MEET INTERMEDIAÇÃO DE NEGÓCIOS E INDICAÇÃO DE CLIENTES LTDA. - EPP.</nome>
        </titular>
      </titularLista>
      <criadorLista>
        <criador sequencia="1" inid="Cr">
          <nome>SAMUEL AIALA FERREIRA</nome>
        </criador>
        <criador sequencia="2" inid="Cr">
          <nome>THIAGO ANTUNES ALVES</nome>
        </criador>
      </criadorLista>
    </processo-programa>
  </despacho>
  <despacho>
    <codigo>730</codigo>
    <titulo>Expedição do Certificado de Registro</titulo>
    <processo-programa>
      <numero inid="Np">BR 51 2021 002165-7</numero>
      <titulo inid="54">E.C.P.I.C.E - Estímulo ao crescimento de plantas através da influência do campo elétrico.</titulo>
      <dataCriacao inid="Dl">29/03/2021</dataCriacao>
      <campoAplicacaoLista>
        <campoAplicacao>
          <codigo inid="Cp">AG-02</codigo>
        </campoAplicacao>
        <campoAplicacao>
          <codigo inid="Cp">EN-05</codigo>
        </campoAplicacao>
      </campoAplicacaoLista>
      <linguagemLista>
        <linguagem inid="Lg">C</linguagem>
        <linguagem inid="Lg">C#</linguagem>
      </linguagemLista>
      <tipoProgramaLista>
        <tipoPrograma>
          <codigo inid="Tp">AP-01</codigo>
        </tipoPrograma>
        <tipoPrograma>
          <codigo inid="Tp">AT-06</codigo>
        </tipoPrograma>
      </tipoProgramaLista>
      <titularLista>
        <titular sequencia="1" inid="73">
          <nome>ALESSANDRO CORRÊA MENDES</nome>
        </titular>
        <titular sequencia="2" inid="73">
          <nome>COLÉGIO TÉCNICO ANTÔNIO TEIXEIRA FERNANDES</nome>
        </titular>
        <titular sequencia="3" inid="73">
          <nome>GUSTAVO CARLOS DA SILVA</nome>
        </titular>
        <titular sequencia="4" inid="73">
          <nome>GUSTAVO DALL&apos;OSTE VENTURA</nome>
        </titular>
        <titular sequencia="5" inid="73">
          <nome>JOÃO VITOR BARBOZA MACHADO</nome>
        </titular>
        <titular sequencia="6" inid="73">
          <nome>RONNIE WILSON VIRGILIO DE TOLEDO MOURA</nome>
        </titular>
      </titularLista>
      <criadorLista>
        <criador sequencia="1" inid="Cr">
          <nome>GUSTAVO CARLOS DA SILVA</nome>
        </criador>
        <criador sequencia="2" inid="Cr">
          <nome>GUSTAVO DALL&apos;OSTE VENTURA</nome>
        </criador>
        <criador sequencia="3" inid="Cr">
          <nome>JOÃO VITOR BARBOZA MACHADO</nome>
        </criador>
        <criador sequencia="4" inid="Cr">
          <nome>RONNIE WILSON VIRGILIO DE TOLEDO MOURA</nome>
        </criador>
      </criadorLista>
    </processo-programa>
  </despacho>
  <despacho>
    <codigo>730</codigo>
    <titulo>Expedição do Certificado de Registro</titulo>
    <processo-programa>
      <numero inid="Np">BR 51 2021 002166-5</numero>
      <titulo inid="54">Oráculo Estatístico</titulo>
      <dataCriacao inid="Dl">01/09/2021</dataCriacao>
      <campoAplicacaoLista>
        <campoAplicacao>
          <codigo inid="Cp">MT-06</codigo>
        </campoAplicacao>
      </campoAplicacaoLista>
      <linguagemLista>
        <linguagem inid="Lg">C#</linguagem>
      </linguagemLista>
      <tipoProgramaLista>
        <tipoPrograma>
          <codigo inid="Tp">AP-01</codigo>
        </tipoPrograma>
      </tipoProgramaLista>
      <titularLista>
        <titular sequencia="1" inid="73">
          <nome>ROBERTO CÉSAR FARIA E SILVA</nome>
        </titular>
      </titularLista>
      <criadorLista>
        <criador sequencia="1" inid="Cr">
          <nome>ISMAEL MENDES DOS SANTOS JUNIOR</nome>
        </criador>
        <criador sequencia="2" inid="Cr">
          <nome>RENATO SOBRAL MONTEIRO JÚNIOR</nome>
        </criador>
        <criador sequencia="3" inid="Cr">
          <nome>ROBERTO CÉSAR FARIA E SILVA</nome>
        </criador>
      </criadorLista>
    </processo-programa>
  </despacho>
  <despacho>
    <codigo>730</codigo>
    <titulo>Expedição do Certificado de Registro</titulo>
    <processo-programa>
      <numero inid="Np">BR 51 2021 002167-3</numero>
      <titulo inid="54">S.I.A.C.P. - Sistema de Irrigação Autônomo com Controle por Aplicativo.</titulo>
      <dataCriacao inid="Dl">29/03/2021</dataCriacao>
      <campoAplicacaoLista>
        <campoAplicacao>
          <codigo inid="Cp">AG-02</codigo>
        </campoAplicacao>
        <campoAplicacao>
          <codigo inid="Cp">EN-05</codigo>
        </campoAplicacao>
      </campoAplicacaoLista>
      <linguagemLista>
        <linguagem inid="Lg">C</linguagem>
        <linguagem inid="Lg">C#</linguagem>
      </linguagemLista>
      <tipoProgramaLista>
        <tipoPrograma>
          <codigo inid="Tp">AP-01</codigo>
        </tipoPrograma>
        <tipoPrograma>
          <codigo inid="Tp">AP-03</codigo>
        </tipoPrograma>
        <tipoPrograma>
          <codigo inid="Tp">AT-01</codigo>
        </tipoPrograma>
      </tipoProgramaLista>
      <titularLista>
        <titular sequencia="1" inid="73">
          <nome>ALESSANDRO CORRÊA MENDES</nome>
        </titular>
        <titular sequencia="2" inid="73">
          <nome>BRUNO MICHEL PERA</nome>
        </titular>
        <titular sequencia="3" inid="73">
          <nome>COLÉGIO TÉCNICO ANTÔNIO TEIXEIRA FERNANDES</nome>
        </titular>
        <titular sequencia="4" inid="73">
          <nome>JOÃO VITOR BRANDÃO TEIXEIRA</nome>
        </titular>
        <titular sequencia="5" inid="73">
          <nome>JUAN BRIGNOLI DOS REIS</nome>
        </titular>
        <titular sequencia="6" inid="73">
          <nome>MARCUS VINÍCIUS MARTINOLLI MOREIRA</nome>
        </titular>
      </titularLista>
      <criadorLista>
        <criador sequencia="1" inid="Cr">
          <nome>BRUNO MICHEL PERA</nome>
        </criador>
        <criador sequencia="2" inid="Cr">
          <nome>JOÃO VITOR BRANDÃO TEIXEIRA</nome>
        </criador>
        <criador sequencia="3" inid="Cr">
          <nome>JUAN BRIGNOLI DOS REIS</nome>
        </criador>
        <criador sequencia="4" inid="Cr">
          <nome>MARCUS VINÍCIUS MARTINOLLI MOREIRA</nome>
        </criador>
      </criadorLista>
    </processo-programa>
  </despacho>
  <despacho>
    <codigo>730</codigo>
    <titulo>Expedição do Certificado de Registro</titulo>
    <processo-programa>
      <numero inid="Np">BR 51 2021 002168-1</numero>
      <titulo inid="54">SICOMUDE</titulo>
      <dataCriacao inid="Dl">Não informado</dataCriacao>
      <campoAplicacaoLista>
        <campoAplicacao>
          <codigo inid="Cp">SD-02</codigo>
        </campoAplicacao>
      </campoAplicacaoLista>
      <linguagemLista>
        <linguagem inid="Lg">JAVA</linguagem>
      </linguagemLista>
      <tipoProgramaLista>
        <tipoPrograma>
          <codigo inid="Tp">AP-01</codigo>
        </tipoPrograma>
      </tipoProgramaLista>
      <titularLista>
        <titular sequencia="1" inid="73">
          <nome>JAMIL YAHUZA FELIPPE</nome>
        </titular>
      </titularLista>
      <criadorLista>
        <criador sequencia="1" inid="Cr">
          <nome>JAMIL YAHUZA FELIPPE</nome>
        </criador>
      </criadorLista>
    </processo-programa>
  </despacho>
  <despacho>
    <codigo>730</codigo>
    <titulo>Expedição do Certificado de Registro</titulo>
    <processo-programa>
      <numero inid="Np">BR 51 2021 002169-0</numero>
      <titulo inid="54">Sistema de Controle de multas - CAD</titulo>
      <dataCriacao inid="Dl">09/10/2015</dataCriacao>
      <campoAplicacaoLista>
        <campoAplicacao>
          <codigo inid="Cp">AD-01</codigo>
        </campoAplicacao>
        <campoAplicacao>
          <codigo inid="Cp">AD-02</codigo>
        </campoAplicacao>
        <campoAplicacao>
          <codigo inid="Cp">AD-03</codigo>
        </campoAplicacao>
        <campoAplicacao>
          <codigo inid="Cp">AD-08</codigo>
        </campoAplicacao>
        <campoAplicacao>
          <codigo inid="Cp">AD-10</codigo>
        </campoAplicacao>
        <campoAplicacao>
          <codigo inid="Cp">IF-02</codigo>
        </campoAplicacao>
        <campoAplicacao>
          <codigo inid="Cp">IF-07</codigo>
        </campoAplicacao>
        <campoAplicacao>
          <codigo inid="Cp">IF-10</codigo>
        </campoAplicacao>
        <campoAplicacao>
          <codigo inid="Cp">TC-04</codigo>
        </campoAplicacao>
        <campoAplicacao>
          <codigo inid="Cp">TP-02</codigo>
        </campoAplicacao>
        <campoAplicacao>
          <codigo inid="Cp">TP-04</codigo>
        </campoAplicacao>
      </campoAplicacaoLista>
      <linguagemLista>
        <linguagem inid="Lg">JAVA SCRIPT</linguagem>
        <linguagem inid="Lg">PHP</linguagem>
      </linguagemLista>
      <tipoProgramaLista>
        <tipoPrograma>
          <codigo inid="Tp">AP-01</codigo>
        </tipoPrograma>
        <tipoPrograma>
          <codigo inid="Tp">AP-03</codigo>
        </tipoPrograma>
        <tipoPrograma>
          <codigo inid="Tp">AT-01</codigo>
        </tipoPrograma>
        <tipoPrograma>
          <codigo inid="Tp">AT-06</codigo>
        </tipoPrograma>
        <tipoPrograma>
          <codigo inid="Tp">CT-03</codigo>
        </tipoPrograma>
        <tipoPrograma>
          <codigo inid="Tp">DS-04</codigo>
        </tipoPrograma>
        <tipoPrograma>
          <codigo inid="Tp">GI-01</codigo>
        </tipoPrograma>
        <tipoPrograma>
          <codigo inid="Tp">GI-02</codigo>
        </tipoPrograma>
        <tipoPrograma>
          <codigo inid="Tp">GI-04</codigo>
        </tipoPrograma>
        <tipoPrograma>
          <codigo inid="Tp">GI-06</codigo>
        </tipoPrograma>
        <tipoPrograma>
          <codigo inid="Tp">GI-07</codigo>
        </tipoPrograma>
        <tipoPrograma>
          <codigo inid="Tp">IA-02</codigo>
        </tipoPrograma>
        <tipoPrograma>
          <codigo inid="Tp">PD-05</codigo>
        </tipoPrograma>
        <tipoPrograma>
          <codigo inid="Tp">SO-07</codigo>
        </tipoPrograma>
        <tipoPrograma>
          <codigo inid="Tp">TC-04</codigo>
        </tipoPrograma>
      </tipoProgramaLista>
      <titularLista>
        <titular sequencia="1" inid="73">
          <nome>CAD CENTRO AVANÇADO DE DOCUMENTOS EIRELI</nome>
        </titular>
      </titularLista>
      <criadorLista>
        <criador sequencia="1" inid="Cr">
          <nome>FLAVIO FRANCISCO DE OLIVERIA JUNIOR</nome>
        </criador>
      </criadorLista>
    </processo-programa>
  </despacho>
  <despacho>
    <codigo>730</codigo>
    <titulo>Expedição do Certificado de Registro</titulo>
    <processo-programa>
      <numero inid="Np">BR 51 2021 002170-3</numero>
      <titulo inid="54">GENESEs</titulo>
      <dataCriacao inid="Dl">03/03/2020</dataCriacao>
      <campoAplicacaoLista>
        <campoAplicacao>
          <codigo inid="Cp">IN-02</codigo>
        </campoAplicacao>
      </campoAplicacaoLista>
      <linguagemLista>
        <linguagem inid="Lg">JAVA</linguagem>
      </linguagemLista>
      <tipoProgramaLista>
        <tipoPrograma>
          <codigo inid="Tp">TC-02</codigo>
        </tipoPrograma>
      </tipoProgramaLista>
      <titularLista>
        <titular sequencia="1" inid="73">
          <nome>BÁRBARA BISPO DA SILVA ALVES</nome>
        </titular>
        <titular sequencia="2" inid="73">
          <nome>GUILHERME SOUZA DOS SANTOS</nome>
        </titular>
        <titular sequencia="3" inid="73">
          <nome>RENATO SOBRAL MONTEIRO JUNIOR</nome>
        </titular>
        <titular sequencia="4" inid="73">
          <nome>UNIVERSIDADE ESTADUAL DE MONTES CLAROS</nome>
        </titular>
      </titularLista>
      <criadorLista>
        <criador sequencia="1" inid="Cr">
          <nome>BÁRBARA BISPO DA SILVA ALVES</nome>
        </criador>
        <criador sequencia="2" inid="Cr">
          <nome>GUILHERME SOUZA DOS SANTOS</nome>
        </criador>
        <criador sequencia="3" inid="Cr">
          <nome>RENATO SOBRAL MONTEIRO JUNIOR</nome>
        </criador>
      </criadorLista>
    </processo-programa>
  </despacho>
  <despacho>
    <codigo>730</codigo>
    <titulo>Expedição do Certificado de Registro</titulo>
    <processo-programa>
      <numero inid="Np">BR 51 2021 002171-1</numero>
      <titulo inid="54">Multi-Spark Models</titulo>
      <dataCriacao inid="Dl">05/02/2020</dataCriacao>
      <campoAplicacaoLista>
        <campoAplicacao>
          <codigo inid="Cp">EN-04</codigo>
        </campoAplicacao>
      </campoAplicacaoLista>
      <linguagemLista>
        <linguagem inid="Lg">OUTROS</linguagem>
      </linguagemLista>
      <tipoProgramaLista>
        <tipoPrograma>
          <codigo inid="Tp">SM-01</codigo>
        </tipoPrograma>
      </tipoProgramaLista>
      <titularLista>
        <titular sequencia="1" inid="73">
          <nome>DAVI CARVALHO MOREIRA</nome>
        </titular>
      </titularLista>
      <criadorLista>
        <criador sequencia="1" inid="Cr">
          <nome>DAVI CARVALHO MOREIRA</nome>
        </criador>
        <criador sequencia="2" inid="Cr">
          <nome>DEBORA DIAS COSTA MOREIRA</nome>
        </criador>
        <criador sequencia="3" inid="Cr">
          <nome>DERIKS KARLAY DIAS COSTA</nome>
        </criador>
        <criador sequencia="4" inid="Cr">
          <nome>MARCUS VINICIUS ALVES NUNES</nome>
        </criador>
      </criadorLista>
    </processo-programa>
  </despacho>
  <despacho>
    <codigo>730</codigo>
    <titulo>Expedição do Certificado de Registro</titulo>
    <processo-programa>
      <numero inid="Np">BR 51 2021 002172-0</numero>
      <titulo inid="54">VA Gestão Saúde 2.0 - Release 09092021</titulo>
      <dataCriacao inid="Dl">25/02/2002</dataCriacao>
      <campoAplicacaoLista>
        <campoAplicacao>
          <codigo inid="Cp">AD-05</codigo>
        </campoAplicacao>
        <campoAplicacao>
          <codigo inid="Cp">AD-11</codigo>
        </campoAplicacao>
        <campoAplicacao>
          <codigo inid="Cp">SD-02</codigo>
        </campoAplicacao>
        <campoAplicacao>
          <codigo inid="Cp">SD-05</codigo>
        </campoAplicacao>
        <campoAplicacao>
          <codigo inid="Cp">SD-07</codigo>
        </campoAplicacao>
        <campoAplicacao>
          <codigo inid="Cp">SD-08</codigo>
        </campoAplicacao>
        <campoAplicacao>
          <codigo inid="Cp">SD-10</codigo>
        </campoAplicacao>
      </campoAplicacaoLista>
      <linguagemLista>
        <linguagem inid="Lg">.NET</linguagem>
        <linguagem inid="Lg">ACTIVE SERVER PAGES</linguagem>
        <linguagem inid="Lg">AJAX</linguagem>
        <linguagem inid="Lg">C#</linguagem>
        <linguagem inid="Lg">CSS</linguagem>
        <linguagem inid="Lg">JAVA SCRIPT</linguagem>
        <linguagem inid="Lg">JQUERY</linguagem>
        <linguagem inid="Lg">LINQ</linguagem>
        <linguagem inid="Lg">T-SQL</linguagem>
        <linguagem inid="Lg">XHTML</linguagem>
        <linguagem inid="Lg">XML</linguagem>
      </linguagemLista>
      <tipoProgramaLista>
        <tipoPrograma>
          <codigo inid="Tp">AP-01</codigo>
        </tipoPrograma>
        <tipoPrograma>
          <codigo inid="Tp">AP-03</codigo>
        </tipoPrograma>
        <tipoPrograma>
          <codigo inid="Tp">AP-04</codigo>
        </tipoPrograma>
        <tipoPrograma>
          <codigo inid="Tp">AT-02</codigo>
        </tipoPrograma>
        <tipoPrograma>
          <codigo inid="Tp">AT-06</codigo>
        </tipoPrograma>
        <tipoPrograma>
          <codigo inid="Tp">AV-01</codigo>
        </tipoPrograma>
        <tipoPrograma>
          <codigo inid="Tp">IA-02</codigo>
        </tipoPrograma>
        <tipoPrograma>
          <codigo inid="Tp">PD-04</codigo>
        </tipoPrograma>
        <tipoPrograma>
          <codigo inid="Tp">PD-05</codigo>
        </tipoPrograma>
      </tipoProgramaLista>
      <titularLista>
        <titular sequencia="1" inid="73">
          <nome>VALOR AGIL TECNOLOGIA E INFORMÁTICA LTDA</nome>
        </titular>
      </titularLista>
      <criadorLista>
        <criador sequencia="1" inid="Cr">
          <nome>ANDERSON JULIO CARDOSO</nome>
        </criador>
      </criadorLista>
    </processo-programa>
  </despacho>
  <despacho>
    <codigo>730</codigo>
    <titulo>Expedição do Certificado de Registro</titulo>
    <processo-programa>
      <numero inid="Np">BR 51 2021 002173-8</numero>
      <titulo inid="54">Ambion</titulo>
      <dataCriacao inid="Dl">04/12/2018</dataCriacao>
      <campoAplicacaoLista>
        <campoAplicacao>
          <codigo inid="Cp">AG-02</codigo>
        </campoAplicacao>
        <campoAplicacao>
          <codigo inid="Cp">AG-07</codigo>
        </campoAplicacao>
        <campoAplicacao>
          <codigo inid="Cp">EL-01</codigo>
        </campoAplicacao>
        <campoAplicacao>
          <codigo inid="Cp">EL-04</codigo>
        </campoAplicacao>
        <campoAplicacao>
          <codigo inid="Cp">EN-01</codigo>
        </campoAplicacao>
        <campoAplicacao>
          <codigo inid="Cp">MA-01</codigo>
        </campoAplicacao>
        <campoAplicacao>
          <codigo inid="Cp">MA-02</codigo>
        </campoAplicacao>
        <campoAplicacao>
          <codigo inid="Cp">MA-03</codigo>
        </campoAplicacao>
        <campoAplicacao>
          <codigo inid="Cp">MA-04</codigo>
        </campoAplicacao>
        <campoAplicacao>
          <codigo inid="Cp">ME-01</codigo>
        </campoAplicacao>
        <campoAplicacao>
          <codigo inid="Cp">ME-02</codigo>
        </campoAplicacao>
        <campoAplicacao>
          <codigo inid="Cp">ME-03</codigo>
        </campoAplicacao>
        <campoAplicacao>
          <codigo inid="Cp">SM-01</codigo>
        </campoAplicacao>
        <campoAplicacao>
          <codigo inid="Cp">SM-02</codigo>
        </campoAplicacao>
        <campoAplicacao>
          <codigo inid="Cp">SM-03</codigo>
        </campoAplicacao>
        <campoAplicacao>
          <codigo inid="Cp">SM-04</codigo>
        </campoAplicacao>
        <campoAplicacao>
          <codigo inid="Cp">SM-05</codigo>
        </campoAplicacao>
        <campoAplicacao>
          <codigo inid="Cp">TC-02</codigo>
        </campoAplicacao>
      </campoAplicacaoLista>
      <linguagemLista>
        <linguagem inid="Lg">CSS</linguagem>
        <linguagem inid="Lg">HTML</linguagem>
        <linguagem inid="Lg">JAVA SCRIPT</linguagem>
        <linguagem inid="Lg">NODEJS</linguagem>
        <linguagem inid="Lg">PL / SQL</linguagem>
        <linguagem inid="Lg">POSTGREE SQL</linguagem>
        <linguagem inid="Lg">PYTHON</linguagem>
        <linguagem inid="Lg">SQL</linguagem>
        <linguagem inid="Lg">XML</linguagem>
      </linguagemLista>
      <tipoProgramaLista>
        <tipoPrograma>
          <codigo inid="Tp">AP-01</codigo>
        </tipoPrograma>
        <tipoPrograma>
          <codigo inid="Tp">AP-02</codigo>
        </tipoPrograma>
        <tipoPrograma>
          <codigo inid="Tp">AT-01</codigo>
        </tipoPrograma>
        <tipoPrograma>
          <codigo inid="Tp">CD-01</codigo>
        </tipoPrograma>
        <tipoPrograma>
          <codigo inid="Tp">FA-04</codigo>
        </tipoPrograma>
        <tipoPrograma>
          <codigo inid="Tp">GI-01</codigo>
        </tipoPrograma>
        <tipoPrograma>
          <codigo inid="Tp">GI-02</codigo>
        </tipoPrograma>
        <tipoPrograma>
          <codigo inid="Tp">GI-06</codigo>
        </tipoPrograma>
        <tipoPrograma>
          <codigo inid="Tp">IA-02</codigo>
        </tipoPrograma>
        <tipoPrograma>
          <codigo inid="Tp">SM-01</codigo>
        </tipoPrograma>
        <tipoPrograma>
          <codigo inid="Tp">TI-03</codigo>
        </tipoPrograma>
      </tipoProgramaLista>
      <titularLista>
        <titular sequencia="1" inid="73">
          <nome>ECOSOFT CONSULTORIA E SOFTWARES AMBIENTAIS LTDA.</nome>
        </titular>
      </titularLista>
      <criadorLista>
        <criador sequencia="1" inid="Cr">
          <nome>LUIZ CLÁUDIO DONADELLO SANTOLIM</nome>
        </criador>
      </criadorLista>
    </processo-programa>
  </despacho>
  <despacho>
    <codigo>730</codigo>
    <titulo>Expedição do Certificado de Registro</titulo>
    <processo-programa>
      <numero inid="Np">BR 51 2021 002174-6</numero>
      <titulo inid="54">Halt Conselheiro Emocional</titulo>
      <dataCriacao inid="Dl">10/09/2021</dataCriacao>
      <campoAplicacaoLista>
        <campoAplicacao>
          <codigo inid="Cp">ED-04</codigo>
        </campoAplicacao>
        <campoAplicacao>
          <codigo inid="Cp">PS-01</codigo>
        </campoAplicacao>
        <campoAplicacao>
          <codigo inid="Cp">PS-03</codigo>
        </campoAplicacao>
      </campoAplicacaoLista>
      <linguagemLista>
        <linguagem inid="Lg">C#</linguagem>
      </linguagemLista>
      <tipoProgramaLista>
        <tipoPrograma>
          <codigo inid="Tp">AP-01</codigo>
        </tipoPrograma>
        <tipoPrograma>
          <codigo inid="Tp">AP-02</codigo>
        </tipoPrograma>
      </tipoProgramaLista>
      <titularLista>
        <titular sequencia="1" inid="73">
          <nome>EVANDRO TADEU PINHOLI GREGORIN</nome>
        </titular>
      </titularLista>
      <criadorLista>
        <criador sequencia="1" inid="Cr">
          <nome>EVANDRO TADEU PINHOLI GREGORIN</nome>
        </criador>
      </criadorLista>
    </processo-programa>
  </despacho>
  <despacho>
    <codigo>730</codigo>
    <titulo>Expedição do Certificado de Registro</titulo>
    <processo-programa>
      <numero inid="Np">BR 51 2021 002175-4</numero>
      <titulo inid="54">Módulo de teleatendimento</titulo>
      <dataCriacao inid="Dl">23/03/2021</dataCriacao>
      <campoAplicacaoLista>
        <campoAplicacao>
          <codigo inid="Cp">SD-01</codigo>
        </campoAplicacao>
        <campoAplicacao>
          <codigo inid="Cp">SD-05</codigo>
        </campoAplicacao>
      </campoAplicacaoLista>
      <linguagemLista>
        <linguagem inid="Lg">JAVA SCRIPT</linguagem>
        <linguagem inid="Lg">OUTROS</linguagem>
      </linguagemLista>
      <tipoProgramaLista>
        <tipoPrograma>
          <codigo inid="Tp">AP-01</codigo>
        </tipoPrograma>
        <tipoPrograma>
          <codigo inid="Tp">GI-01</codigo>
        </tipoPrograma>
      </tipoProgramaLista>
      <titularLista>
        <titular sequencia="1" inid="73">
          <nome>UNIVERSIDADE FEDERAL DE SANTA CATARINA</nome>
        </titular>
      </titularLista>
      <criadorLista>
        <criador sequencia="1" inid="Cr">
          <nome>ALDO VON WANGENHEIM</nome>
        </criador>
        <criador sequencia="2" inid="Cr">
          <nome>ALEXANDRE AUGUSTO GIMENES MARQUEZ FILHO</nome>
        </criador>
        <criador sequencia="3" inid="Cr">
          <nome>ALEXANDRE SAVARIS</nome>
        </criador>
        <criador sequencia="4" inid="Cr">
          <nome>DOUGLAS DYLLON JERONIMO DE MACEDO</nome>
        </criador>
        <criador sequencia="5" inid="Cr">
          <nome>EDUARDO BECKHAUSER</nome>
        </criador>
        <criador sequencia="6" inid="Cr">
          <nome>HARLEY MIGUEL WAGNER</nome>
        </criador>
        <criador sequencia="7" inid="Cr">
          <nome>JEAN FERNANDO HILLESHEIM</nome>
        </criador>
        <criador sequencia="8" inid="Cr">
          <nome>VINÍCIUS ANDREÓLI PETROLINI</nome>
        </criador>
        <criador sequencia="9" inid="Cr">
          <nome>WALTER HARLINZON MAYORGA OLABARRERA</nome>
        </criador>
      </criadorLista>
    </processo-programa>
  </despacho>
  <despacho>
    <codigo>730</codigo>
    <titulo>Expedição do Certificado de Registro</titulo>
    <processo-programa>
      <numero inid="Np">BR 51 2021 002176-2</numero>
      <titulo inid="54">DAE Descarga Apostas Esportivas</titulo>
      <dataCriacao inid="Dl">27/06/2018</dataCriacao>
      <campoAplicacaoLista>
        <campoAplicacao>
          <codigo inid="Cp">IN-02</codigo>
        </campoAplicacao>
      </campoAplicacaoLista>
      <linguagemLista>
        <linguagem inid="Lg">C#</linguagem>
      </linguagemLista>
      <tipoProgramaLista>
        <tipoPrograma>
          <codigo inid="Tp">AT-01</codigo>
        </tipoPrograma>
      </tipoProgramaLista>
      <titularLista>
        <titular sequencia="1" inid="73">
          <nome>CARLOS ALEX LIMA GUIMARÃES</nome>
        </titular>
      </titularLista>
      <criadorLista>
        <criador sequencia="1" inid="Cr">
          <nome>CARLOS ALEX LIMA GUIMARÃES</nome>
        </criador>
      </criadorLista>
    </processo-programa>
  </despacho>
  <despacho>
    <codigo>742</codigo>
    <titulo>Petição não conhecida</titulo>
    <processo-programa>
      <numero inid="Np">BR 51 2021 002079-0</numero>
      <titulo inid="54">TryRdP</titulo>
      <titularLista>
        <titular sequencia="1" inid="73">
          <nome>UNIVERSIDADE FEDERAL RURAL DE PERNAMBUCO</nome>
        </titular>
      </titularLista>
    </processo-programa>
    <comentario inid="co">Pagamento da GRU fora do prazo ou não realizado referente ao protocolo 870210078630</comentario>
  </despacho>
  <despacho>
    <codigo>742</codigo>
    <titulo>Petição não conhecida</titulo>
    <processo-programa>
      <numero inid="Np">BR 51 2021 002105-3</numero>
      <titulo inid="54">ARCHISMAT</titulo>
      <titularLista>
        <titular sequencia="1" inid="73">
          <nome>UNIVERSIDADE FEDERAL DE VIÇOSA</nome>
        </titular>
      </titularLista>
    </processo-programa>
    <comentario inid="co">Pagamento da GRU fora do prazo ou não realizado referente ao protocolo 870210079025</comentario>
  </despacho>
  <despacho>
    <codigo>747</codigo>
    <titulo>Correção de dados no Certificado de Registro devido à falha do interessado</titulo>
    <processo-programa>
      <numero inid="Np">BR 51 2013 001120-5</numero>
      <titulo inid="54">ZEEV ENTERPRISE</titulo>
      <titularLista>
        <titular sequencia="1" inid="73">
          <nome>SML CONSULTORIA E TECNOLOGIA EM INFORMÁTICA LTDA.</nome>
        </titular>
      </titularLista>
    </processo-programa>
    <comentario inid="co">Realizada a alteração de título, conforme solicitação via FC 961169.</comentario>
  </despacho>
  <despacho>
    <codigo>747</codigo>
    <titulo>Correção de dados no Certificado de Registro devido à falha do interessado</titulo>
    <processo-programa>
      <numero inid="Np">BR 51 2017 000211-8</numero>
      <titulo inid="54">ZEEV DOCS</titulo>
      <titularLista>
        <titular sequencia="1" inid="73">
          <nome>SML CONSULTORIA E TECNOLOGIA EM INFORMÁTICA LTDA.</nome>
        </titular>
      </titularLista>
    </processo-programa>
    <comentario inid="co">Alterado o título, conforme solicitação via FC 961172.</comentario>
  </despacho>
</revista>