<revista numero="2558" dataPublicacao="14/01/2020" diretoria="Programa">
  <despacho>
    <codigo>111</codigo>
    <titulo>Despacho Anulado</titulo>
    <processo-programa>
      <numero inid="Np">BR 51 2019 002607-1</numero>
      <titulo inid="54">DOCS - Documentos Oficiais</titulo>
      <titularLista>
        <titular sequencia="1" inid="73">
          <nome>INSTITUTO FEDERAL DE EDUCAÇÃO, CIÊNCIA E TECNOLOGIA DO TRIÂNGULO MINEIRO</nome>
        </titular>
      </titularLista>
    </processo-programa>
    <comentario inid="co">Anulado o despacho 742 , publicado na RPI 2552 por ter sido indevido. Anulado o despacho 742 publicado na RPI 2552 por ter sido indevido. .</comentario>
  </despacho>
  <despacho>
    <codigo>111</codigo>
    <titulo>Despacho Anulado</titulo>
    <processo-programa>
      <numero inid="Np">BR 51 2019 002608-0</numero>
      <titulo inid="54">PEI - Processo Eletrônico Integrado</titulo>
      <titularLista>
        <titular sequencia="1" inid="73">
          <nome>INSTITUTO FEDERAL DE EDUCAÇÃO, CIÊNCIA E TECNOLOGIA DO TRIÂNGULO MINEIRO</nome>
        </titular>
      </titularLista>
    </processo-programa>
    <comentario inid="co">Anulado o despacho 742 , publicado na RPI 2552 por ter sido indevido. Anulado o despacho 742 publicado na RPI 2552 por ter sido indevido. .</comentario>
  </despacho>
  <despacho>
    <codigo>730</codigo>
    <titulo>Expedição do Certificado de Registro</titulo>
    <processo-programa>
      <numero inid="Np">BR 51 2019 002607-1</numero>
      <titulo inid="54">DOCS - Documentos Oficiais</titulo>
      <dataCriacao inid="Dl">02/01/2018</dataCriacao>
      <campoAplicacaoLista>
        <campoAplicacao>
          <codigo inid="Cp">AD-01</codigo>
        </campoAplicacao>
        <campoAplicacao>
          <codigo inid="Cp">AD-11</codigo>
        </campoAplicacao>
        <campoAplicacao>
          <codigo inid="Cp">IF-04</codigo>
        </campoAplicacao>
        <campoAplicacao>
          <codigo inid="Cp">IF-06</codigo>
        </campoAplicacao>
      </campoAplicacaoLista>
      <linguagemLista>
        <linguagem inid="Lg">PHP</linguagem>
      </linguagemLista>
      <tipoProgramaLista>
        <tipoPrograma>
          <codigo inid="Tp">AP-01</codigo>
        </tipoPrograma>
      </tipoProgramaLista>
      <titularLista>
        <titular sequencia="1" inid="73">
          <nome>INSTITUTO FEDERAL DE EDUCAÇÃO, CIÊNCIA E TECNOLOGIA DO TRIÂNGULO MINEIRO</nome>
        </titular>
      </titularLista>
      <criadorLista>
        <criador sequencia="1" inid="Cr">
          <nome>ALLAN VICTOR DE REZENDE</nome>
        </criador>
        <criador sequencia="2" inid="Cr">
          <nome>BRUNO HENRIQUE DE DEUS</nome>
        </criador>
        <criador sequencia="3" inid="Cr">
          <nome>BRUNO RIBEIRO DE LIMA</nome>
        </criador>
        <criador sequencia="4" inid="Cr">
          <nome>LUCAS BORGES KAPPEL</nome>
        </criador>
        <criador sequencia="5" inid="Cr">
          <nome>MAURO BORGES FRANÇA</nome>
        </criador>
        <criador sequencia="6" inid="Cr">
          <nome>MAURÍCIO ALMEIDA DA SILVA</nome>
        </criador>
        <criador sequencia="7" inid="Cr">
          <nome>MAURÍCIO ALMEIDA DA SILVA</nome>
        </criador>
        <criador sequencia="8" inid="Cr">
          <nome>SHEILA CRISTINA OLIVEIRA BORGES</nome>
        </criador>
        <criador sequencia="9" inid="Cr">
          <nome>THAÍS FRANCO</nome>
        </criador>
      </criadorLista>
    </processo-programa>
  </despacho>
  <despacho>
    <codigo>730</codigo>
    <titulo>Expedição do Certificado de Registro</titulo>
    <processo-programa>
      <numero inid="Np">BR 51 2019 002608-0</numero>
      <titulo inid="54">PEI - Processo Eletrônico Integrado</titulo>
      <dataCriacao inid="Dl">02/01/2018</dataCriacao>
      <campoAplicacaoLista>
        <campoAplicacao>
          <codigo inid="Cp">AD-01</codigo>
        </campoAplicacao>
        <campoAplicacao>
          <codigo inid="Cp">AD-11</codigo>
        </campoAplicacao>
        <campoAplicacao>
          <codigo inid="Cp">IF-04</codigo>
        </campoAplicacao>
        <campoAplicacao>
          <codigo inid="Cp">IF-06</codigo>
        </campoAplicacao>
      </campoAplicacaoLista>
      <linguagemLista>
        <linguagem inid="Lg">PHP</linguagem>
      </linguagemLista>
      <tipoProgramaLista>
        <tipoPrograma>
          <codigo inid="Tp">AP-01</codigo>
        </tipoPrograma>
        <tipoPrograma>
          <codigo inid="Tp">AP-03</codigo>
        </tipoPrograma>
      </tipoProgramaLista>
      <titularLista>
        <titular sequencia="1" inid="73">
          <nome>INSTITUTO FEDERAL DE EDUCAÇÃO, CIÊNCIA E TECNOLOGIA DO TRIÂNGULO MINEIRO</nome>
        </titular>
      </titularLista>
      <criadorLista>
        <criador sequencia="1" inid="Cr">
          <nome>ALLAN VICTOR DE REZENDE</nome>
        </criador>
        <criador sequencia="2" inid="Cr">
          <nome>BRUNO HENRIQUE DE DEUS</nome>
        </criador>
        <criador sequencia="3" inid="Cr">
          <nome>BRUNO RIBEIRO E LIMA</nome>
        </criador>
        <criador sequencia="4" inid="Cr">
          <nome>LUCAS BORGES KAPPEL</nome>
        </criador>
        <criador sequencia="5" inid="Cr">
          <nome>MAURO BORGES FRANÇA</nome>
        </criador>
        <criador sequencia="6" inid="Cr">
          <nome>MAURÍCIO ALMEIDA DA SILVA</nome>
        </criador>
        <criador sequencia="7" inid="Cr">
          <nome>MAURÍCIO ALMEIDA DA SILVA</nome>
        </criador>
        <criador sequencia="8" inid="Cr">
          <nome>SHEILA CRISTINA OLIVEIRA BORGES</nome>
        </criador>
        <criador sequencia="9" inid="Cr">
          <nome>THAÍS FRANCO</nome>
        </criador>
      </criadorLista>
    </processo-programa>
  </despacho>
  <despacho>
    <codigo>730</codigo>
    <titulo>Expedição do Certificado de Registro</titulo>
    <processo-programa>
      <numero inid="Np">BR 51 2020 000003-7</numero>
      <titulo inid="54">Sistema detector e classificador de rugas periorbitais em imagens 2D</titulo>
      <dataCriacao inid="Dl">22/03/2017</dataCriacao>
      <campoAplicacaoLista>
        <campoAplicacao>
          <codigo inid="Cp">IF-01</codigo>
        </campoAplicacao>
        <campoAplicacao>
          <codigo inid="Cp">IF-02</codigo>
        </campoAplicacao>
        <campoAplicacao>
          <codigo inid="Cp">IF-03</codigo>
        </campoAplicacao>
        <campoAplicacao>
          <codigo inid="Cp">IF-10</codigo>
        </campoAplicacao>
      </campoAplicacaoLista>
      <linguagemLista>
        <linguagem inid="Lg">MATLAB</linguagem>
      </linguagemLista>
      <tipoProgramaLista>
        <tipoPrograma>
          <codigo inid="Tp">TC-03</codigo>
        </tipoPrograma>
        <tipoPrograma>
          <codigo inid="Tp">TC-04</codigo>
        </tipoPrograma>
      </tipoProgramaLista>
      <titularLista>
        <titular sequencia="1" inid="73">
          <nome>DANIEL DOS ANJOS COSTA</nome>
        </titular>
      </titularLista>
      <criadorLista>
        <criador sequencia="1" inid="Cr">
          <nome>DANIEL DOS ANJOS COSTA</nome>
        </criador>
      </criadorLista>
    </processo-programa>
  </despacho>
  <despacho>
    <codigo>730</codigo>
    <titulo>Expedição do Certificado de Registro</titulo>
    <processo-programa>
      <numero inid="Np">BR 51 2020 000004-5</numero>
      <titulo inid="54">Frontend Insights</titulo>
      <dataCriacao inid="Dl">28/01/2018</dataCriacao>
      <campoAplicacaoLista>
        <campoAplicacao>
          <codigo inid="Cp">IF-10</codigo>
        </campoAplicacao>
        <campoAplicacao>
          <codigo inid="Cp">IN-02</codigo>
        </campoAplicacao>
      </campoAplicacaoLista>
      <linguagemLista>
        <linguagem inid="Lg">JAVA SCRIPT</linguagem>
      </linguagemLista>
      <tipoProgramaLista>
        <tipoPrograma>
          <codigo inid="Tp">SO-02</codigo>
        </tipoPrograma>
        <tipoPrograma>
          <codigo inid="Tp">SO-03</codigo>
        </tipoPrograma>
        <tipoPrograma>
          <codigo inid="Tp">SO-04</codigo>
        </tipoPrograma>
      </tipoProgramaLista>
      <titularLista>
        <titular sequencia="1" inid="73">
          <nome>WINNIN DESENVOLVIMENTO DE SOFTWARE LTDA</nome>
        </titular>
      </titularLista>
      <criadorLista>
        <criador sequencia="1" inid="Cr">
          <nome>ALINE ALVES VIANNA</nome>
        </criador>
        <criador sequencia="2" inid="Cr">
          <nome>DELLEAN SANTOS TEIXEIRA</nome>
        </criador>
        <criador sequencia="3" inid="Cr">
          <nome>ERICH DE SOUZA OLIVEIRA</nome>
        </criador>
        <criador sequencia="4" inid="Cr">
          <nome>GABRIEL SALES SEIXAS</nome>
        </criador>
        <criador sequencia="5" inid="Cr">
          <nome>IGOR CESAR MEDEIROS MARTINS</nome>
        </criador>
        <criador sequencia="6" inid="Cr">
          <nome>JORDAN GOMES VIRGINIO DE ARAUJO</nome>
        </criador>
        <criador sequencia="7" inid="Cr">
          <nome>JOSÉ CARLOS QUINTAS JUNIOR</nome>
        </criador>
        <criador sequencia="8" inid="Cr">
          <nome>LINCOLNN DA SILVA NERY</nome>
        </criador>
        <criador sequencia="9" inid="Cr">
          <nome>LUIZ FERNANDO DE SOUZA FILHO</nome>
        </criador>
        <criador sequencia="10" inid="Cr">
          <nome>RAPHAEL OLIVEIRA SATHLER DE SOUZA</nome>
        </criador>
      </criadorLista>
    </processo-programa>
  </despacho>
  <despacho>
    <codigo>730</codigo>
    <titulo>Expedição do Certificado de Registro</titulo>
    <processo-programa>
      <numero inid="Np">BR 51 2020 000005-3</numero>
      <titulo inid="54">Labreal</titulo>
      <dataCriacao inid="Dl">13/05/2019</dataCriacao>
      <campoAplicacaoLista>
        <campoAplicacao>
          <codigo inid="Cp">ED-01</codigo>
        </campoAplicacao>
      </campoAplicacaoLista>
      <linguagemLista>
        <linguagem inid="Lg">C#</linguagem>
      </linguagemLista>
      <tipoProgramaLista>
        <tipoPrograma>
          <codigo inid="Tp">AP-01</codigo>
        </tipoPrograma>
        <tipoPrograma>
          <codigo inid="Tp">ET-01</codigo>
        </tipoPrograma>
      </tipoProgramaLista>
      <titularLista>
        <titular sequencia="1" inid="73">
          <nome>INSTITUTO FEDERAL DE EDUCAÇÃO, CIÊNCIA E TECNOLOGIA DE ALAGOAS - IFAL</nome>
        </titular>
      </titularLista>
      <criadorLista>
        <criador sequencia="1" inid="Cr">
          <nome>DALTON SERAFIM DE OLIVEIRA</nome>
        </criador>
        <criador sequencia="2" inid="Cr">
          <nome>ELISANGELA COSTA SANTOS</nome>
        </criador>
        <criador sequencia="3" inid="Cr">
          <nome>ERMESSON LIMA DOS SANTOS</nome>
        </criador>
      </criadorLista>
    </processo-programa>
  </despacho>
  <despacho>
    <codigo>730</codigo>
    <titulo>Expedição do Certificado de Registro</titulo>
    <processo-programa>
      <numero inid="Np">BR 51 2020 000006-1</numero>
      <titulo inid="54">Keystroke Secure System</titulo>
      <dataCriacao inid="Dl">20/08/2016</dataCriacao>
      <campoAplicacaoLista>
        <campoAplicacao>
          <codigo inid="Cp">IN-02</codigo>
        </campoAplicacao>
        <campoAplicacao>
          <codigo inid="Cp">MT-01</codigo>
        </campoAplicacao>
        <campoAplicacao>
          <codigo inid="Cp">MT-06</codigo>
        </campoAplicacao>
      </campoAplicacaoLista>
      <linguagemLista>
        <linguagem inid="Lg">JAVA</linguagem>
      </linguagemLista>
      <tipoProgramaLista>
        <tipoPrograma>
          <codigo inid="Tp">TC-03</codigo>
        </tipoPrograma>
      </tipoProgramaLista>
      <titularLista>
        <titular sequencia="1" inid="73">
          <nome>LEONARDO JANEIS DE MELO</nome>
        </titular>
      </titularLista>
      <criadorLista>
        <criador sequencia="1" inid="Cr">
          <nome>LEONARDO JANEIS DE MELO</nome>
        </criador>
      </criadorLista>
    </processo-programa>
  </despacho>
  <despacho>
    <codigo>730</codigo>
    <titulo>Expedição do Certificado de Registro</titulo>
    <processo-programa>
      <numero inid="Np">BR 51 2020 000007-0</numero>
      <titulo inid="54">Interface de comunucação de medidor de tanque de combustivel com saida MODBUS TCP/IP</titulo>
      <dataCriacao inid="Dl">15/12/2019</dataCriacao>
      <campoAplicacaoLista>
        <campoAplicacao>
          <codigo inid="Cp">TC-02</codigo>
        </campoAplicacao>
      </campoAplicacaoLista>
      <linguagemLista>
        <linguagem inid="Lg">JAVA SCRIPT</linguagem>
      </linguagemLista>
      <tipoProgramaLista>
        <tipoPrograma>
          <codigo inid="Tp">SO-04</codigo>
        </tipoPrograma>
      </tipoProgramaLista>
      <titularLista>
        <titular sequencia="1" inid="73">
          <nome>FINATI SERVIÇOS E REPRES. COMER. LTDA</nome>
        </titular>
      </titularLista>
      <criadorLista>
        <criador sequencia="1" inid="Cr">
          <nome>RENATO TAVARES FINATI</nome>
        </criador>
      </criadorLista>
    </processo-programa>
  </despacho>
  <despacho>
    <codigo>730</codigo>
    <titulo>Expedição do Certificado de Registro</titulo>
    <processo-programa>
      <numero inid="Np">BR 51 2020 000008-8</numero>
      <titulo inid="54">Gestão de Empreendimentos</titulo>
      <dataCriacao inid="Dl">15/08/2019</dataCriacao>
      <campoAplicacaoLista>
        <campoAplicacao>
          <codigo inid="Cp">AD-05</codigo>
        </campoAplicacao>
        <campoAplicacao>
          <codigo inid="Cp">AD-10</codigo>
        </campoAplicacao>
        <campoAplicacao>
          <codigo inid="Cp">AD-11</codigo>
        </campoAplicacao>
        <campoAplicacao>
          <codigo inid="Cp">CC-01</codigo>
        </campoAplicacao>
        <campoAplicacao>
          <codigo inid="Cp">EC-09</codigo>
        </campoAplicacao>
        <campoAplicacao>
          <codigo inid="Cp">HB-01</codigo>
        </campoAplicacao>
        <campoAplicacao>
          <codigo inid="Cp">HB-02</codigo>
        </campoAplicacao>
        <campoAplicacao>
          <codigo inid="Cp">IF-02</codigo>
        </campoAplicacao>
        <campoAplicacao>
          <codigo inid="Cp">SV-03</codigo>
        </campoAplicacao>
        <campoAplicacao>
          <codigo inid="Cp">UB-02</codigo>
        </campoAplicacao>
      </campoAplicacaoLista>
      <linguagemLista>
        <linguagem inid="Lg">AJAX</linguagem>
        <linguagem inid="Lg">CSS</linguagem>
        <linguagem inid="Lg">HTML</linguagem>
        <linguagem inid="Lg">JAVA SCRIPT</linguagem>
        <linguagem inid="Lg">JQUERY</linguagem>
        <linguagem inid="Lg">JSON</linguagem>
        <linguagem inid="Lg">MYSQL</linguagem>
        <linguagem inid="Lg">PHP</linguagem>
      </linguagemLista>
      <tipoProgramaLista>
        <tipoPrograma>
          <codigo inid="Tp">AP-01</codigo>
        </tipoPrograma>
        <tipoPrograma>
          <codigo inid="Tp">AP-02</codigo>
        </tipoPrograma>
        <tipoPrograma>
          <codigo inid="Tp">AP-03</codigo>
        </tipoPrograma>
        <tipoPrograma>
          <codigo inid="Tp">AT-02</codigo>
        </tipoPrograma>
        <tipoPrograma>
          <codigo inid="Tp">AT-06</codigo>
        </tipoPrograma>
        <tipoPrograma>
          <codigo inid="Tp">AV-01</codigo>
        </tipoPrograma>
        <tipoPrograma>
          <codigo inid="Tp">GI-04</codigo>
        </tipoPrograma>
        <tipoPrograma>
          <codigo inid="Tp">GI-06</codigo>
        </tipoPrograma>
        <tipoPrograma>
          <codigo inid="Tp">PD-04</codigo>
        </tipoPrograma>
        <tipoPrograma>
          <codigo inid="Tp">PD-05</codigo>
        </tipoPrograma>
        <tipoPrograma>
          <codigo inid="Tp">SO-07</codigo>
        </tipoPrograma>
      </tipoProgramaLista>
      <titularLista>
        <titular sequencia="1" inid="73">
          <nome>FERNANDO PINHEIRO DA SILVA EIRELI</nome>
        </titular>
      </titularLista>
      <criadorLista>
        <criador sequencia="1" inid="Cr">
          <nome>FERNANDO PINHEIRO DA SILVA</nome>
        </criador>
      </criadorLista>
    </processo-programa>
  </despacho>
  <despacho>
    <codigo>730</codigo>
    <titulo>Expedição do Certificado de Registro</titulo>
    <processo-programa>
      <numero inid="Np">BR 51 2020 000009-6</numero>
      <titulo inid="54">Sistema Long &amp; Short</titulo>
      <dataCriacao inid="Dl">01/12/2018</dataCriacao>
      <campoAplicacaoLista>
        <campoAplicacao>
          <codigo inid="Cp">FN-03</codigo>
        </campoAplicacao>
      </campoAplicacaoLista>
      <linguagemLista>
        <linguagem inid="Lg">C#</linguagem>
      </linguagemLista>
      <tipoProgramaLista>
        <tipoPrograma>
          <codigo inid="Tp">AP-01</codigo>
        </tipoPrograma>
      </tipoProgramaLista>
      <titularLista>
        <titular sequencia="1" inid="73">
          <nome>GILSON DUTRA BORGES</nome>
        </titular>
      </titularLista>
      <criadorLista>
        <criador sequencia="1" inid="Cr">
          <nome>GILSON DUTRA BORGES</nome>
        </criador>
      </criadorLista>
    </processo-programa>
  </despacho>
  <despacho>
    <codigo>730</codigo>
    <titulo>Expedição do Certificado de Registro</titulo>
    <processo-programa>
      <numero inid="Np">BR 51 2020 000012-6</numero>
      <titulo inid="54">BOManejo</titulo>
      <dataCriacao inid="Dl">24/01/2017</dataCriacao>
      <campoAplicacaoLista>
        <campoAplicacao>
          <codigo inid="Cp">AG-11</codigo>
        </campoAplicacao>
        <campoAplicacao>
          <codigo inid="Cp">AG-13</codigo>
        </campoAplicacao>
      </campoAplicacaoLista>
      <linguagemLista>
        <linguagem inid="Lg">JAVA</linguagem>
        <linguagem inid="Lg">POSTGREE SQL</linguagem>
      </linguagemLista>
      <tipoProgramaLista>
        <tipoPrograma>
          <codigo inid="Tp">AP-01</codigo>
        </tipoPrograma>
        <tipoPrograma>
          <codigo inid="Tp">AP-02</codigo>
        </tipoPrograma>
        <tipoPrograma>
          <codigo inid="Tp">AP-03</codigo>
        </tipoPrograma>
      </tipoProgramaLista>
      <titularLista>
        <titular sequencia="1" inid="73">
          <nome>EMBRAPA-EMPRESA BRASILEIRA DE PESQUISA AGROPECUARIA</nome>
        </titular>
      </titularLista>
      <criadorLista>
        <criador sequencia="1" inid="Cr">
          <nome>JOSÉ FRANCISCO PEREIRA</nome>
        </criador>
        <criador sequencia="2" inid="Cr">
          <nome>LEONARDO HOLANDA ARAÚJO</nome>
        </criador>
      </criadorLista>
    </processo-programa>
  </despacho>
  <despacho>
    <codigo>730</codigo>
    <titulo>Expedição do Certificado de Registro</titulo>
    <processo-programa>
      <numero inid="Np">BR 51 2020 000013-4</numero>
      <titulo inid="54">CredDent Soluções Digitais</titulo>
      <dataCriacao inid="Dl">01/08/2017</dataCriacao>
      <campoAplicacaoLista>
        <campoAplicacao>
          <codigo inid="Cp">EC-04</codigo>
        </campoAplicacao>
        <campoAplicacao>
          <codigo inid="Cp">EC-14</codigo>
        </campoAplicacao>
        <campoAplicacao>
          <codigo inid="Cp">FN-02</codigo>
        </campoAplicacao>
        <campoAplicacao>
          <codigo inid="Cp">IF-02</codigo>
        </campoAplicacao>
        <campoAplicacao>
          <codigo inid="Cp">SD-05</codigo>
        </campoAplicacao>
        <campoAplicacao>
          <codigo inid="Cp">SD-07</codigo>
        </campoAplicacao>
        <campoAplicacao>
          <codigo inid="Cp">SD-11</codigo>
        </campoAplicacao>
      </campoAplicacaoLista>
      <linguagemLista>
        <linguagem inid="Lg">HTML</linguagem>
        <linguagem inid="Lg">IOS</linguagem>
        <linguagem inid="Lg">JAVA SCRIPT</linguagem>
        <linguagem inid="Lg">PHP</linguagem>
        <linguagem inid="Lg">SQL</linguagem>
      </linguagemLista>
      <tipoProgramaLista>
        <tipoPrograma>
          <codigo inid="Tp">AP-01</codigo>
        </tipoPrograma>
        <tipoPrograma>
          <codigo inid="Tp">FA-01</codigo>
        </tipoPrograma>
        <tipoPrograma>
          <codigo inid="Tp">GI-01</codigo>
        </tipoPrograma>
        <tipoPrograma>
          <codigo inid="Tp">GI-04</codigo>
        </tipoPrograma>
        <tipoPrograma>
          <codigo inid="Tp">SO-04</codigo>
        </tipoPrograma>
        <tipoPrograma>
          <codigo inid="Tp">SO-05</codigo>
        </tipoPrograma>
      </tipoProgramaLista>
      <titularLista>
        <titular sequencia="1" inid="73">
          <nome>ÁLVARO FURTADO</nome>
        </titular>
      </titularLista>
      <criadorLista>
        <criador sequencia="1" inid="Cr">
          <nome>ÁLVARO FURTADO</nome>
        </criador>
      </criadorLista>
    </processo-programa>
  </despacho>
  <despacho>
    <codigo>730</codigo>
    <titulo>Expedição do Certificado de Registro</titulo>
    <processo-programa>
      <numero inid="Np">BR 51 2020 000014-2</numero>
      <titulo inid="54">Proniom - Sistema de averbação eletrônica de cargas</titulo>
      <dataCriacao inid="Dl">10/10/2019</dataCriacao>
      <campoAplicacaoLista>
        <campoAplicacao>
          <codigo inid="Cp">SV-02</codigo>
        </campoAplicacao>
        <campoAplicacao>
          <codigo inid="Cp">TP-01</codigo>
        </campoAplicacao>
      </campoAplicacaoLista>
      <linguagemLista>
        <linguagem inid="Lg">JSON</linguagem>
        <linguagem inid="Lg">MYSQL</linguagem>
        <linguagem inid="Lg">PHP</linguagem>
        <linguagem inid="Lg">XML</linguagem>
      </linguagemLista>
      <tipoProgramaLista>
        <tipoPrograma>
          <codigo inid="Tp">AP-01</codigo>
        </tipoPrograma>
        <tipoPrograma>
          <codigo inid="Tp">CD-01</codigo>
        </tipoPrograma>
        <tipoPrograma>
          <codigo inid="Tp">IA-02</codigo>
        </tipoPrograma>
        <tipoPrograma>
          <codigo inid="Tp">LG-08</codigo>
        </tipoPrograma>
        <tipoPrograma>
          <codigo inid="Tp">LG-09</codigo>
        </tipoPrograma>
        <tipoPrograma>
          <codigo inid="Tp">PD-02</codigo>
        </tipoPrograma>
        <tipoPrograma>
          <codigo inid="Tp">PD-03</codigo>
        </tipoPrograma>
        <tipoPrograma>
          <codigo inid="Tp">SO-02</codigo>
        </tipoPrograma>
        <tipoPrograma>
          <codigo inid="Tp">TI-03</codigo>
        </tipoPrograma>
        <tipoPrograma>
          <codigo inid="Tp">TI-04</codigo>
        </tipoPrograma>
        <tipoPrograma>
          <codigo inid="Tp">UT-06</codigo>
        </tipoPrograma>
      </tipoProgramaLista>
      <titularLista>
        <titular sequencia="1" inid="73">
          <nome>ISCI TECNOLOGIA E SISTEMAS LTDA</nome>
        </titular>
        <titular sequencia="2" inid="73">
          <nome>LUCAS HENRIQUE SOARES DE AGUIAR</nome>
        </titular>
      </titularLista>
      <criadorLista>
        <criador sequencia="1" inid="Cr">
          <nome>LUCAS HENRIQUE SOARES DE AGUIAR</nome>
        </criador>
      </criadorLista>
    </processo-programa>
  </despacho>
  <despacho>
    <codigo>730</codigo>
    <titulo>Expedição do Certificado de Registro</titulo>
    <processo-programa>
      <numero inid="Np">BR 51 2020 000015-0</numero>
      <titulo inid="54">Prevalus - Plataforma de gestão do sistema de averbação eletrônica Proniom</titulo>
      <dataCriacao inid="Dl">10/10/2019</dataCriacao>
      <campoAplicacaoLista>
        <campoAplicacao>
          <codigo inid="Cp">SV-02</codigo>
        </campoAplicacao>
        <campoAplicacao>
          <codigo inid="Cp">TP-01</codigo>
        </campoAplicacao>
        <campoAplicacao>
          <codigo inid="Cp">TP-03</codigo>
        </campoAplicacao>
      </campoAplicacaoLista>
      <linguagemLista>
        <linguagem inid="Lg">CSS</linguagem>
        <linguagem inid="Lg">HTML</linguagem>
        <linguagem inid="Lg">JAVA SCRIPT</linguagem>
        <linguagem inid="Lg">JSON</linguagem>
        <linguagem inid="Lg">MYSQL</linguagem>
        <linguagem inid="Lg">NODEJS</linguagem>
        <linguagem inid="Lg">PHP</linguagem>
        <linguagem inid="Lg">XML</linguagem>
      </linguagemLista>
      <tipoProgramaLista>
        <tipoPrograma>
          <codigo inid="Tp">AP-01</codigo>
        </tipoPrograma>
        <tipoPrograma>
          <codigo inid="Tp">CD-01</codigo>
        </tipoPrograma>
        <tipoPrograma>
          <codigo inid="Tp">GI-06</codigo>
        </tipoPrograma>
        <tipoPrograma>
          <codigo inid="Tp">IA-02</codigo>
        </tipoPrograma>
        <tipoPrograma>
          <codigo inid="Tp">LG-08</codigo>
        </tipoPrograma>
        <tipoPrograma>
          <codigo inid="Tp">LG-09</codigo>
        </tipoPrograma>
        <tipoPrograma>
          <codigo inid="Tp">PD-02</codigo>
        </tipoPrograma>
        <tipoPrograma>
          <codigo inid="Tp">PD-03</codigo>
        </tipoPrograma>
        <tipoPrograma>
          <codigo inid="Tp">SO-02</codigo>
        </tipoPrograma>
        <tipoPrograma>
          <codigo inid="Tp">TI-03</codigo>
        </tipoPrograma>
        <tipoPrograma>
          <codigo inid="Tp">TI-04</codigo>
        </tipoPrograma>
        <tipoPrograma>
          <codigo inid="Tp">UT-06</codigo>
        </tipoPrograma>
      </tipoProgramaLista>
      <titularLista>
        <titular sequencia="1" inid="73">
          <nome>ISCI TECNOLOGIA E SISTEMAS LTDA</nome>
        </titular>
        <titular sequencia="2" inid="73">
          <nome>LUCAS HENRIQUE SOARES DE AGUIAR</nome>
        </titular>
      </titularLista>
      <criadorLista>
        <criador sequencia="1" inid="Cr">
          <nome>LUCAS HENRIQUE SOARES DE AGUIAR</nome>
        </criador>
      </criadorLista>
    </processo-programa>
  </despacho>
  <despacho>
    <codigo>730</codigo>
    <titulo>Expedição do Certificado de Registro</titulo>
    <processo-programa>
      <numero inid="Np">BR 51 2020 000017-7</numero>
      <titulo inid="54">Calagem e adubação:  Recomendação de adubação e calagem para videiras</titulo>
      <dataCriacao inid="Dl">05/02/2019</dataCriacao>
      <campoAplicacaoLista>
        <campoAplicacao>
          <codigo inid="Cp">AG-01</codigo>
        </campoAplicacao>
        <campoAplicacao>
          <codigo inid="Cp">AG-02</codigo>
        </campoAplicacao>
        <campoAplicacao>
          <codigo inid="Cp">AG-03</codigo>
        </campoAplicacao>
        <campoAplicacao>
          <codigo inid="Cp">AG-07</codigo>
        </campoAplicacao>
        <campoAplicacao>
          <codigo inid="Cp">AG-09</codigo>
        </campoAplicacao>
      </campoAplicacaoLista>
      <linguagemLista>
        <linguagem inid="Lg">JAVA</linguagem>
        <linguagem inid="Lg">JAVA SCRIPT</linguagem>
      </linguagemLista>
      <tipoProgramaLista>
        <tipoPrograma>
          <codigo inid="Tp">AP-01</codigo>
        </tipoPrograma>
        <tipoPrograma>
          <codigo inid="Tp">FA-01</codigo>
        </tipoPrograma>
        <tipoPrograma>
          <codigo inid="Tp">GI-04</codigo>
        </tipoPrograma>
        <tipoPrograma>
          <codigo inid="Tp">GI-06</codigo>
        </tipoPrograma>
        <tipoPrograma>
          <codigo inid="Tp">SO-02</codigo>
        </tipoPrograma>
      </tipoProgramaLista>
      <titularLista>
        <titular sequencia="1" inid="73">
          <nome>CASSANDRO DAVI EMER</nome>
        </titular>
      </titularLista>
      <criadorLista>
        <criador sequencia="1" inid="Cr">
          <nome>CASSANDRO DAVI EMER</nome>
        </criador>
      </criadorLista>
    </processo-programa>
  </despacho>
  <despacho>
    <codigo>730</codigo>
    <titulo>Expedição do Certificado de Registro</titulo>
    <processo-programa>
      <numero inid="Np">BR 51 2020 000018-5</numero>
      <titulo inid="54">Sistema ERP Volpe</titulo>
      <dataCriacao inid="Dl">29/03/2004</dataCriacao>
      <campoAplicacaoLista>
        <campoAplicacao>
          <codigo inid="Cp">AD-01</codigo>
        </campoAplicacao>
        <campoAplicacao>
          <codigo inid="Cp">AD-05</codigo>
        </campoAplicacao>
        <campoAplicacao>
          <codigo inid="Cp">FN-05</codigo>
        </campoAplicacao>
      </campoAplicacaoLista>
      <linguagemLista>
        <linguagem inid="Lg">FOX PRO</linguagem>
      </linguagemLista>
      <tipoProgramaLista>
        <tipoPrograma>
          <codigo inid="Tp">AP-05</codigo>
        </tipoPrograma>
        <tipoPrograma>
          <codigo inid="Tp">AT-02</codigo>
        </tipoPrograma>
        <tipoPrograma>
          <codigo inid="Tp">AT-03</codigo>
        </tipoPrograma>
        <tipoPrograma>
          <codigo inid="Tp">AT-05</codigo>
        </tipoPrograma>
        <tipoPrograma>
          <codigo inid="Tp">AT-06</codigo>
        </tipoPrograma>
      </tipoProgramaLista>
      <titularLista>
        <titular sequencia="1" inid="73">
          <nome>PASSWORD INTERATIVA SISTEMAS LTDA</nome>
        </titular>
        <titular sequencia="2" inid="73">
          <nome>RENATO DE OLIVEIRA FREIRE GASPAR</nome>
        </titular>
        <titular sequencia="3" inid="73">
          <nome>ROGERIO DE OLIVEIRA FREIRE GASPAR</nome>
        </titular>
      </titularLista>
      <criadorLista>
        <criador sequencia="1" inid="Cr">
          <nome>ROGERIO DE OLIVEIRA FREIRE GASPAR</nome>
        </criador>
      </criadorLista>
    </processo-programa>
  </despacho>
  <despacho>
    <codigo>730</codigo>
    <titulo>Expedição do Certificado de Registro</titulo>
    <processo-programa>
      <numero inid="Np">BR 51 2020 000019-3</numero>
      <titulo inid="54">CID10Web</titulo>
      <dataCriacao inid="Dl">28/12/2019</dataCriacao>
      <campoAplicacaoLista>
        <campoAplicacao>
          <codigo inid="Cp">IF-01</codigo>
        </campoAplicacao>
        <campoAplicacao>
          <codigo inid="Cp">IN-02</codigo>
        </campoAplicacao>
        <campoAplicacao>
          <codigo inid="Cp">PR-03</codigo>
        </campoAplicacao>
        <campoAplicacao>
          <codigo inid="Cp">SD-01</codigo>
        </campoAplicacao>
        <campoAplicacao>
          <codigo inid="Cp">SD-06</codigo>
        </campoAplicacao>
        <campoAplicacao>
          <codigo inid="Cp">SD-07</codigo>
        </campoAplicacao>
        <campoAplicacao>
          <codigo inid="Cp">SD-08</codigo>
        </campoAplicacao>
      </campoAplicacaoLista>
      <linguagemLista>
        <linguagem inid="Lg">CSS</linguagem>
        <linguagem inid="Lg">FRAMEWORK</linguagem>
        <linguagem inid="Lg">HTML</linguagem>
        <linguagem inid="Lg">JAVA SCRIPT</linguagem>
        <linguagem inid="Lg">JSON</linguagem>
      </linguagemLista>
      <tipoProgramaLista>
        <tipoPrograma>
          <codigo inid="Tp">AP-01</codigo>
        </tipoPrograma>
        <tipoPrograma>
          <codigo inid="Tp">FA-01</codigo>
        </tipoPrograma>
        <tipoPrograma>
          <codigo inid="Tp">LG-08</codigo>
        </tipoPrograma>
        <tipoPrograma>
          <codigo inid="Tp">UT-01</codigo>
        </tipoPrograma>
      </tipoProgramaLista>
      <titularLista>
        <titular sequencia="1" inid="73">
          <nome>CÁSSIA DA SILVA</nome>
        </titular>
        <titular sequencia="2" inid="73">
          <nome>FRANSUELIO NOBRE FRAZÃO</nome>
        </titular>
      </titularLista>
      <criadorLista>
        <criador sequencia="1" inid="Cr">
          <nome>CASSIA DA SILVA</nome>
        </criador>
        <criador sequencia="2" inid="Cr">
          <nome>FRANSUELIO NOBRE FRAZÃO</nome>
        </criador>
      </criadorLista>
    </processo-programa>
  </despacho>
  <despacho>
    <codigo>730</codigo>
    <titulo>Expedição do Certificado de Registro</titulo>
    <processo-programa>
      <numero inid="Np">BR 51 2020 000020-7</numero>
      <titulo inid="54">AVALIA TIS - PACIENTE CIRÚRGICO</titulo>
      <dataCriacao inid="Dl">01/08/2019</dataCriacao>
      <campoAplicacaoLista>
        <campoAplicacao>
          <codigo inid="Cp">SD-05</codigo>
        </campoAplicacao>
        <campoAplicacao>
          <codigo inid="Cp">SD-09</codigo>
        </campoAplicacao>
      </campoAplicacaoLista>
      <linguagemLista>
        <linguagem inid="Lg">JAVA SCRIPT</linguagem>
        <linguagem inid="Lg">PHP</linguagem>
      </linguagemLista>
      <tipoProgramaLista>
        <tipoPrograma>
          <codigo inid="Tp">AP-01</codigo>
        </tipoPrograma>
      </tipoProgramaLista>
      <titularLista>
        <titular sequencia="1" inid="73">
          <nome>UNIVERSIDADE FEDERAL DO PARANA</nome>
        </titular>
      </titularLista>
      <criadorLista>
        <criador sequencia="1" inid="Cr">
          <nome>FABIOLA DO NASCIMENTO MOREIRA</nome>
        </criador>
        <criador sequencia="2" inid="Cr">
          <nome>MITZY TANNIA REICHEMBACH</nome>
        </criador>
      </criadorLista>
    </processo-programa>
  </despacho>
  <despacho>
    <codigo>730</codigo>
    <titulo>Expedição do Certificado de Registro</titulo>
    <processo-programa>
      <numero inid="Np">BR 51 2020 000021-5</numero>
      <titulo inid="54">Portarias de Nomeações do SEPT</titulo>
      <dataCriacao inid="Dl">01/03/2019</dataCriacao>
      <campoAplicacaoLista>
        <campoAplicacao>
          <codigo inid="Cp">AD-04</codigo>
        </campoAplicacao>
      </campoAplicacaoLista>
      <linguagemLista>
        <linguagem inid="Lg">HTML</linguagem>
        <linguagem inid="Lg">JAVA</linguagem>
        <linguagem inid="Lg">JAVA SCRIPT</linguagem>
        <linguagem inid="Lg">JSP</linguagem>
      </linguagemLista>
      <tipoProgramaLista>
        <tipoPrograma>
          <codigo inid="Tp">GI-01</codigo>
        </tipoPrograma>
      </tipoProgramaLista>
      <titularLista>
        <titular sequencia="1" inid="73">
          <nome>UNIVERSIDADE FEDERAL DO PARANA</nome>
        </titular>
      </titularLista>
      <criadorLista>
        <criador sequencia="1" inid="Cr">
          <nome>JAIME WOJCIECHWSKI</nome>
        </criador>
      </criadorLista>
    </processo-programa>
  </despacho>
  <despacho>
    <codigo>730</codigo>
    <titulo>Expedição do Certificado de Registro</titulo>
    <processo-programa>
      <numero inid="Np">BR 51 2020 000022-3</numero>
      <titulo inid="54">Calendário Setorial do SEPT</titulo>
      <dataCriacao inid="Dl">01/03/2019</dataCriacao>
      <campoAplicacaoLista>
        <campoAplicacao>
          <codigo inid="Cp">AD-04</codigo>
        </campoAplicacao>
      </campoAplicacaoLista>
      <linguagemLista>
        <linguagem inid="Lg">HTML</linguagem>
        <linguagem inid="Lg">JAVA</linguagem>
        <linguagem inid="Lg">JAVA SCRIPT</linguagem>
        <linguagem inid="Lg">JSP</linguagem>
      </linguagemLista>
      <tipoProgramaLista>
        <tipoPrograma>
          <codigo inid="Tp">GI-01</codigo>
        </tipoPrograma>
      </tipoProgramaLista>
      <titularLista>
        <titular sequencia="1" inid="73">
          <nome>UNIVERSIDADE FEDERAL DO PARANA</nome>
        </titular>
      </titularLista>
      <criadorLista>
        <criador sequencia="1" inid="Cr">
          <nome>JAIME WOJCIECHOWSKI</nome>
        </criador>
      </criadorLista>
    </processo-programa>
  </despacho>
  <despacho>
    <codigo>730</codigo>
    <titulo>Expedição do Certificado de Registro</titulo>
    <processo-programa>
      <numero inid="Np">BR 51 2020 000023-1</numero>
      <titulo inid="54">Secretaria On-line do SEPT</titulo>
      <dataCriacao inid="Dl">01/03/2019</dataCriacao>
      <campoAplicacaoLista>
        <campoAplicacao>
          <codigo inid="Cp">AD-04</codigo>
        </campoAplicacao>
      </campoAplicacaoLista>
      <linguagemLista>
        <linguagem inid="Lg">HTML</linguagem>
        <linguagem inid="Lg">JAVA</linguagem>
        <linguagem inid="Lg">JAVA SCRIPT</linguagem>
        <linguagem inid="Lg">JSP</linguagem>
      </linguagemLista>
      <tipoProgramaLista>
        <tipoPrograma>
          <codigo inid="Tp">GI-01</codigo>
        </tipoPrograma>
      </tipoProgramaLista>
      <titularLista>
        <titular sequencia="1" inid="73">
          <nome>UNIVERSIDADE FEDERAL DO PARANA</nome>
        </titular>
      </titularLista>
      <criadorLista>
        <criador sequencia="1" inid="Cr">
          <nome>JAIME WOJCIECHOWSKI</nome>
        </criador>
      </criadorLista>
    </processo-programa>
  </despacho>
  <despacho>
    <codigo>730</codigo>
    <titulo>Expedição do Certificado de Registro</titulo>
    <processo-programa>
      <numero inid="Np">BR 51 2020 000024-0</numero>
      <titulo inid="54">Sala SEPT</titulo>
      <dataCriacao inid="Dl">01/07/2018</dataCriacao>
      <campoAplicacaoLista>
        <campoAplicacao>
          <codigo inid="Cp">AD-04</codigo>
        </campoAplicacao>
      </campoAplicacaoLista>
      <linguagemLista>
        <linguagem inid="Lg">HTML</linguagem>
        <linguagem inid="Lg">JAVA</linguagem>
        <linguagem inid="Lg">JAVA SCRIPT</linguagem>
        <linguagem inid="Lg">JSP</linguagem>
      </linguagemLista>
      <tipoProgramaLista>
        <tipoPrograma>
          <codigo inid="Tp">GI-01</codigo>
        </tipoPrograma>
      </tipoProgramaLista>
      <titularLista>
        <titular sequencia="1" inid="73">
          <nome>UNIVERSIDADE FEDERAL DO PARANA</nome>
        </titular>
      </titularLista>
      <criadorLista>
        <criador sequencia="1" inid="Cr">
          <nome>JAIME WOJCIECHOWSKI</nome>
        </criador>
      </criadorLista>
    </processo-programa>
  </despacho>
  <despacho>
    <codigo>730</codigo>
    <titulo>Expedição do Certificado de Registro</titulo>
    <processo-programa>
      <numero inid="Np">BR 51 2020 000025-8</numero>
      <titulo inid="54">AVALIA TIS UTI Pediátrica - Neonatal</titulo>
      <dataCriacao inid="Dl">01/09/2019</dataCriacao>
      <campoAplicacaoLista>
        <campoAplicacao>
          <codigo inid="Cp">SD-05</codigo>
        </campoAplicacao>
      </campoAplicacaoLista>
      <linguagemLista>
        <linguagem inid="Lg">JAVA SCRIPT</linguagem>
        <linguagem inid="Lg">PHP</linguagem>
      </linguagemLista>
      <tipoProgramaLista>
        <tipoPrograma>
          <codigo inid="Tp">AP-01</codigo>
        </tipoPrograma>
      </tipoProgramaLista>
      <titularLista>
        <titular sequencia="1" inid="73">
          <nome>UNIVERSIDADE FEDERAL DO PARANA</nome>
        </titular>
      </titularLista>
      <criadorLista>
        <criador sequencia="1" inid="Cr">
          <nome>FRANCIELE ROCHA</nome>
        </criador>
        <criador sequencia="2" inid="Cr">
          <nome>MÁRCIA HELENA DE SOUZA FREIRE</nome>
        </criador>
      </criadorLista>
    </processo-programa>
  </despacho>
  <despacho>
    <codigo>730</codigo>
    <titulo>Expedição do Certificado de Registro</titulo>
    <processo-programa>
      <numero inid="Np">BR 51 2020 000026-6</numero>
      <titulo inid="54">MLDA Demo v. 1.0 - Multilevel Document Architecture</titulo>
      <dataCriacao inid="Dl">31/12/2019</dataCriacao>
      <campoAplicacaoLista>
        <campoAplicacao>
          <codigo inid="Cp">CO-04</codigo>
        </campoAplicacao>
        <campoAplicacao>
          <codigo inid="Cp">CO-05</codigo>
        </campoAplicacao>
        <campoAplicacao>
          <codigo inid="Cp">IF-01</codigo>
        </campoAplicacao>
        <campoAplicacao>
          <codigo inid="Cp">IF-02</codigo>
        </campoAplicacao>
        <campoAplicacao>
          <codigo inid="Cp">IF-04</codigo>
        </campoAplicacao>
      </campoAplicacaoLista>
      <linguagemLista>
        <linguagem inid="Lg">JAVA</linguagem>
      </linguagemLista>
      <tipoProgramaLista>
        <tipoPrograma>
          <codigo inid="Tp">AP-01</codigo>
        </tipoPrograma>
        <tipoPrograma>
          <codigo inid="Tp">FA-01</codigo>
        </tipoPrograma>
        <tipoPrograma>
          <codigo inid="Tp">TC-04</codigo>
        </tipoPrograma>
        <tipoPrograma>
          <codigo inid="Tp">UT-01</codigo>
        </tipoPrograma>
      </tipoProgramaLista>
      <titularLista>
        <titular sequencia="1" inid="73">
          <nome>SEBASTIÃO JOSÉ PENA FILHO BRASIL</nome>
        </titular>
      </titularLista>
      <criadorLista>
        <criador sequencia="1" inid="Cr">
          <nome>SEBASTIÃO JOSÉ PENA FILHO BRASIL</nome>
        </criador>
      </criadorLista>
    </processo-programa>
  </despacho>
  <despacho>
    <codigo>730</codigo>
    <titulo>Expedição do Certificado de Registro</titulo>
    <processo-programa>
      <numero inid="Np">BR 51 2020 000027-4</numero>
      <titulo inid="54">APLICATIVO MÓBILE PARA UTILIZAÇÃO DE MAPAS DE ÁREAS DE RISCO DE MOVIMENTAÇÃO DE MASSA E INUNDAÇÃO PARA APLICAÇÃO NA CONSTRUÇÃO CIVIL</titulo>
      <dataCriacao inid="Dl">01/11/2019</dataCriacao>
      <campoAplicacaoLista>
        <campoAplicacao>
          <codigo inid="Cp">AD-04</codigo>
        </campoAplicacao>
        <campoAplicacao>
          <codigo inid="Cp">AG-01</codigo>
        </campoAplicacao>
        <campoAplicacao>
          <codigo inid="Cp">AH-01</codigo>
        </campoAplicacao>
        <campoAplicacao>
          <codigo inid="Cp">AH-02</codigo>
        </campoAplicacao>
        <campoAplicacao>
          <codigo inid="Cp">AH-05</codigo>
        </campoAplicacao>
        <campoAplicacao>
          <codigo inid="Cp">CC-01</codigo>
        </campoAplicacao>
        <campoAplicacao>
          <codigo inid="Cp">CC-04</codigo>
        </campoAplicacao>
        <campoAplicacao>
          <codigo inid="Cp">CC-10</codigo>
        </campoAplicacao>
        <campoAplicacao>
          <codigo inid="Cp">HD-02</codigo>
        </campoAplicacao>
        <campoAplicacao>
          <codigo inid="Cp">MA-04</codigo>
        </campoAplicacao>
        <campoAplicacao>
          <codigo inid="Cp">UB-02</codigo>
        </campoAplicacao>
        <campoAplicacao>
          <codigo inid="Cp">UB-03</codigo>
        </campoAplicacao>
      </campoAplicacaoLista>
      <linguagemLista>
        <linguagem inid="Lg">C#</linguagem>
      </linguagemLista>
      <tipoProgramaLista>
        <tipoPrograma>
          <codigo inid="Tp">AP-01</codigo>
        </tipoPrograma>
      </tipoProgramaLista>
      <titularLista>
        <titular sequencia="1" inid="73">
          <nome>ASSOCIAÇÃO PRÓ ENSINO SUPERIOR EM NOVO HAMBURGO</nome>
        </titular>
      </titularLista>
      <criadorLista>
        <criador sequencia="1" inid="Cr">
          <nome>DANIELA MULLER DE QUEVEDO</nome>
        </criador>
        <criador sequencia="2" inid="Cr">
          <nome>KATIUCIA NASCIMENTO ADAM</nome>
        </criador>
        <criador sequencia="3" inid="Cr">
          <nome>ROBERTA PLANGG RIEGEL</nome>
        </criador>
        <criador sequencia="4" inid="Cr">
          <nome>VINICIUS WELRE RODRIGUES</nome>
        </criador>
      </criadorLista>
    </processo-programa>
  </despacho>
  <despacho>
    <codigo>730</codigo>
    <titulo>Expedição do Certificado de Registro</titulo>
    <processo-programa>
      <numero inid="Np">BR 51 2020 000028-2</numero>
      <titulo inid="54">Gomes Qualidade</titulo>
      <dataCriacao inid="Dl">24/10/2019</dataCriacao>
      <campoAplicacaoLista>
        <campoAplicacao>
          <codigo inid="Cp">AD-06</codigo>
        </campoAplicacao>
      </campoAplicacaoLista>
      <linguagemLista>
        <linguagem inid="Lg">C#</linguagem>
      </linguagemLista>
      <tipoProgramaLista>
        <tipoPrograma>
          <codigo inid="Tp">AP-03</codigo>
        </tipoPrograma>
        <tipoPrograma>
          <codigo inid="Tp">FA-01</codigo>
        </tipoPrograma>
        <tipoPrograma>
          <codigo inid="Tp">LG-07</codigo>
        </tipoPrograma>
      </tipoProgramaLista>
      <titularLista>
        <titular sequencia="1" inid="73">
          <nome>PHAOLA BARBOSA GOMES</nome>
        </titular>
      </titularLista>
      <criadorLista>
        <criador sequencia="1" inid="Cr">
          <nome>PHAOLA BARBOSA GOMES</nome>
        </criador>
      </criadorLista>
    </processo-programa>
  </despacho>
  <despacho>
    <codigo>730</codigo>
    <titulo>Expedição do Certificado de Registro</titulo>
    <processo-programa>
      <numero inid="Np">BR 51 2020 000030-4</numero>
      <titulo inid="54">Website da VI Escola Regional de Sistemas de Informação do Rio de Janeiro (ERSI 2019)</titulo>
      <dataCriacao inid="Dl">06/11/2019</dataCriacao>
      <campoAplicacaoLista>
        <campoAplicacao>
          <codigo inid="Cp">IN-02</codigo>
        </campoAplicacao>
      </campoAplicacaoLista>
      <linguagemLista>
        <linguagem inid="Lg">CSS</linguagem>
        <linguagem inid="Lg">HTML</linguagem>
        <linguagem inid="Lg">JAVA SCRIPT</linguagem>
      </linguagemLista>
      <tipoProgramaLista>
        <tipoPrograma>
          <codigo inid="Tp">AP-01</codigo>
        </tipoPrograma>
      </tipoProgramaLista>
      <titularLista>
        <titular sequencia="1" inid="73">
          <nome>THIAGO SILVA DE SOUZA</nome>
        </titular>
      </titularLista>
      <criadorLista>
        <criador sequencia="1" inid="Cr">
          <nome>ADEMAR CARDOSO DE OLIVEIRA JÚNIOR</nome>
        </criador>
        <criador sequencia="2" inid="Cr">
          <nome>EMANUEL GONÇALVES SANTANA DE SOUZA</nome>
        </criador>
        <criador sequencia="3" inid="Cr">
          <nome>THIAGO LEMOS SOUZA</nome>
        </criador>
        <criador sequencia="4" inid="Cr">
          <nome>THIAGO SILVA DE SOUZA</nome>
        </criador>
      </criadorLista>
    </processo-programa>
  </despacho>
  <despacho>
    <codigo>730</codigo>
    <titulo>Expedição do Certificado de Registro</titulo>
    <processo-programa>
      <numero inid="Np">BR 51 2020 000031-2</numero>
      <titulo inid="54">DNA-SYS - CMS - PLATAFORMA PARA EXECUÇÃO DE MÚLTIPLAS TAREFAS COM BARRAMENTO DE INTEGRAÇÃO, MÉTODOS DE COMPRESSÃO POR MEIO DE RECURSIVIDADE E PROBABILIDADES EM OCORRÊNCIA BINÁRIA.</titulo>
      <dataCriacao inid="Dl">11/05/2017</dataCriacao>
      <campoAplicacaoLista>
        <campoAplicacao>
          <codigo inid="Cp">AD-01</codigo>
        </campoAplicacao>
        <campoAplicacao>
          <codigo inid="Cp">AD-02</codigo>
        </campoAplicacao>
        <campoAplicacao>
          <codigo inid="Cp">AD-03</codigo>
        </campoAplicacao>
        <campoAplicacao>
          <codigo inid="Cp">AD-04</codigo>
        </campoAplicacao>
        <campoAplicacao>
          <codigo inid="Cp">AD-05</codigo>
        </campoAplicacao>
        <campoAplicacao>
          <codigo inid="Cp">AD-06</codigo>
        </campoAplicacao>
        <campoAplicacao>
          <codigo inid="Cp">AD-07</codigo>
        </campoAplicacao>
        <campoAplicacao>
          <codigo inid="Cp">AD-08</codigo>
        </campoAplicacao>
        <campoAplicacao>
          <codigo inid="Cp">AD-09</codigo>
        </campoAplicacao>
        <campoAplicacao>
          <codigo inid="Cp">AD-10</codigo>
        </campoAplicacao>
        <campoAplicacao>
          <codigo inid="Cp">AD-11</codigo>
        </campoAplicacao>
        <campoAplicacao>
          <codigo inid="Cp">AG-03</codigo>
        </campoAplicacao>
        <campoAplicacao>
          <codigo inid="Cp">FN-01</codigo>
        </campoAplicacao>
        <campoAplicacao>
          <codigo inid="Cp">FN-05</codigo>
        </campoAplicacao>
        <campoAplicacao>
          <codigo inid="Cp">IF-01</codigo>
        </campoAplicacao>
        <campoAplicacao>
          <codigo inid="Cp">IF-02</codigo>
        </campoAplicacao>
        <campoAplicacao>
          <codigo inid="Cp">IF-05</codigo>
        </campoAplicacao>
        <campoAplicacao>
          <codigo inid="Cp">IF-06</codigo>
        </campoAplicacao>
        <campoAplicacao>
          <codigo inid="Cp">IF-10</codigo>
        </campoAplicacao>
        <campoAplicacao>
          <codigo inid="Cp">IN-02</codigo>
        </campoAplicacao>
        <campoAplicacao>
          <codigo inid="Cp">SD-02</codigo>
        </campoAplicacao>
        <campoAplicacao>
          <codigo inid="Cp">TB-01</codigo>
        </campoAplicacao>
        <campoAplicacao>
          <codigo inid="Cp">TC-01</codigo>
        </campoAplicacao>
        <campoAplicacao>
          <codigo inid="Cp">TC-02</codigo>
        </campoAplicacao>
        <campoAplicacao>
          <codigo inid="Cp">TC-03</codigo>
        </campoAplicacao>
        <campoAplicacao>
          <codigo inid="Cp">TC-04</codigo>
        </campoAplicacao>
        <campoAplicacao>
          <codigo inid="Cp">TP-01</codigo>
        </campoAplicacao>
        <campoAplicacao>
          <codigo inid="Cp">TP-02</codigo>
        </campoAplicacao>
        <campoAplicacao>
          <codigo inid="Cp">UB-05</codigo>
        </campoAplicacao>
      </campoAplicacaoLista>
      <linguagemLista>
        <linguagem inid="Lg">JAVA</linguagem>
        <linguagem inid="Lg">PYTHON</linguagem>
      </linguagemLista>
      <tipoProgramaLista>
        <tipoPrograma>
          <codigo inid="Tp">AP-01</codigo>
        </tipoPrograma>
        <tipoPrograma>
          <codigo inid="Tp">FA-04</codigo>
        </tipoPrograma>
        <tipoPrograma>
          <codigo inid="Tp">GI-01</codigo>
        </tipoPrograma>
        <tipoPrograma>
          <codigo inid="Tp">GI-04</codigo>
        </tipoPrograma>
        <tipoPrograma>
          <codigo inid="Tp">PD-01</codigo>
        </tipoPrograma>
        <tipoPrograma>
          <codigo inid="Tp">PD-03</codigo>
        </tipoPrograma>
        <tipoPrograma>
          <codigo inid="Tp">PD-04</codigo>
        </tipoPrograma>
        <tipoPrograma>
          <codigo inid="Tp">SO-02</codigo>
        </tipoPrograma>
        <tipoPrograma>
          <codigo inid="Tp">SO-04</codigo>
        </tipoPrograma>
        <tipoPrograma>
          <codigo inid="Tp">TC-03</codigo>
        </tipoPrograma>
        <tipoPrograma>
          <codigo inid="Tp">TC-04</codigo>
        </tipoPrograma>
        <tipoPrograma>
          <codigo inid="Tp">TI-01</codigo>
        </tipoPrograma>
        <tipoPrograma>
          <codigo inid="Tp">TI-03</codigo>
        </tipoPrograma>
        <tipoPrograma>
          <codigo inid="Tp">TI-04</codigo>
        </tipoPrograma>
        <tipoPrograma>
          <codigo inid="Tp">UT-01</codigo>
        </tipoPrograma>
        <tipoPrograma>
          <codigo inid="Tp">UT-02</codigo>
        </tipoPrograma>
        <tipoPrograma>
          <codigo inid="Tp">UT-06</codigo>
        </tipoPrograma>
      </tipoProgramaLista>
      <titularLista>
        <titular sequencia="1" inid="73">
          <nome>COMMSOFT TECNOLOGIA DA INFORMAÇÃO LTDA</nome>
        </titular>
      </titularLista>
      <criadorLista>
        <criador sequencia="1" inid="Cr">
          <nome>RAFAEL SARMENTO FREIJANES</nome>
        </criador>
      </criadorLista>
    </processo-programa>
  </despacho>
  <despacho>
    <codigo>730</codigo>
    <titulo>Expedição do Certificado de Registro</titulo>
    <processo-programa>
      <numero inid="Np">BR 51 2020 000033-9</numero>
      <titulo inid="54">Rota Amaro</titulo>
      <dataCriacao inid="Dl">09/05/2019</dataCriacao>
      <campoAplicacaoLista>
        <campoAplicacao>
          <codigo inid="Cp">SV-04</codigo>
        </campoAplicacao>
      </campoAplicacaoLista>
      <linguagemLista>
        <linguagem inid="Lg">OUTROS</linguagem>
      </linguagemLista>
      <tipoProgramaLista>
        <tipoPrograma>
          <codigo inid="Tp">AP-01</codigo>
        </tipoPrograma>
      </tipoProgramaLista>
      <titularLista>
        <titular sequencia="1" inid="73">
          <nome>INSTITUTO FEDERAL DE EDUCAÇÃO CIÊNCIA E TECNOLOGIA DO MARANHÃO</nome>
        </titular>
      </titularLista>
      <criadorLista>
        <criador sequencia="1" inid="Cr">
          <nome>ANTONIO FERNANDO VASCONCELOS CAVALCANTE BRAGA</nome>
        </criador>
        <criador sequencia="2" inid="Cr">
          <nome>BRUNO DIEGO BARROS ARAÚJO</nome>
        </criador>
        <criador sequencia="3" inid="Cr">
          <nome>DALIANA VIEIRA MARQUES</nome>
        </criador>
        <criador sequencia="4" inid="Cr">
          <nome>DANIEL LIMA GOMES JÚNIOR</nome>
        </criador>
        <criador sequencia="5" inid="Cr">
          <nome>JOANA AMÉLIA SOARE</nome>
        </criador>
        <criador sequencia="6" inid="Cr">
          <nome>SANNA PAULINA TAHLO</nome>
        </criador>
      </criadorLista>
    </processo-programa>
  </despacho>
  <despacho>
    <codigo>730</codigo>
    <titulo>Expedição do Certificado de Registro</titulo>
    <processo-programa>
      <numero inid="Np">BR 51 2020 000034-7</numero>
      <titulo inid="54">ContaPag</titulo>
      <dataCriacao inid="Dl">10/12/2019</dataCriacao>
      <campoAplicacaoLista>
        <campoAplicacao>
          <codigo inid="Cp">FN-03</codigo>
        </campoAplicacao>
        <campoAplicacao>
          <codigo inid="Cp">FN-06</codigo>
        </campoAplicacao>
      </campoAplicacaoLista>
      <linguagemLista>
        <linguagem inid="Lg">JAVA</linguagem>
      </linguagemLista>
      <tipoProgramaLista>
        <tipoPrograma>
          <codigo inid="Tp">AP-01</codigo>
        </tipoPrograma>
      </tipoProgramaLista>
      <titularLista>
        <titular sequencia="1" inid="73">
          <nome>FOURBANK TECNOLOGIA E EXPERTISE PARA SISTEMAS FINANCEIROS LTDA EPP</nome>
        </titular>
      </titularLista>
      <criadorLista>
        <criador sequencia="1" inid="Cr">
          <nome>JEFERSON ALVES BORNHAUSEN</nome>
        </criador>
      </criadorLista>
    </processo-programa>
  </despacho>
  <despacho>
    <codigo>730</codigo>
    <titulo>Expedição do Certificado de Registro</titulo>
    <processo-programa>
      <numero inid="Np">BR 51 2020 000036-3</numero>
      <titulo inid="54">INTERAGE - Sistema Integrado de Automação e Gestão Hospitalar e Laboratorial</titulo>
      <dataCriacao inid="Dl">01/07/2003</dataCriacao>
      <campoAplicacaoLista>
        <campoAplicacao>
          <codigo inid="Cp">AD-01</codigo>
        </campoAplicacao>
        <campoAplicacao>
          <codigo inid="Cp">AD-05</codigo>
        </campoAplicacao>
        <campoAplicacao>
          <codigo inid="Cp">AD-09</codigo>
        </campoAplicacao>
        <campoAplicacao>
          <codigo inid="Cp">AD-11</codigo>
        </campoAplicacao>
        <campoAplicacao>
          <codigo inid="Cp">SD-02</codigo>
        </campoAplicacao>
        <campoAplicacao>
          <codigo inid="Cp">SD-05</codigo>
        </campoAplicacao>
      </campoAplicacaoLista>
      <linguagemLista>
        <linguagem inid="Lg">DELPHI</linguagem>
        <linguagem inid="Lg">FIREBIRD</linguagem>
      </linguagemLista>
      <tipoProgramaLista>
        <tipoPrograma>
          <codigo inid="Tp">AP-01</codigo>
        </tipoPrograma>
        <tipoPrograma>
          <codigo inid="Tp">AT-01</codigo>
        </tipoPrograma>
        <tipoPrograma>
          <codigo inid="Tp">AT-06</codigo>
        </tipoPrograma>
        <tipoPrograma>
          <codigo inid="Tp">GI-01</codigo>
        </tipoPrograma>
      </tipoProgramaLista>
      <titularLista>
        <titular sequencia="1" inid="73">
          <nome>LAURO CESAR ARAUJO</nome>
        </titular>
      </titularLista>
      <criadorLista>
        <criador sequencia="1" inid="Cr">
          <nome>LAURO CÉSAR ARAUJO</nome>
        </criador>
      </criadorLista>
    </processo-programa>
  </despacho>
  <despacho>
    <codigo>730</codigo>
    <titulo>Expedição do Certificado de Registro</titulo>
    <processo-programa>
      <numero inid="Np">BR 51 2020 000039-8</numero>
      <titulo inid="54">SGP+AR Core</titulo>
      <dataCriacao inid="Dl">31/07/2019</dataCriacao>
      <campoAplicacaoLista>
        <campoAplicacao>
          <codigo inid="Cp">AD-05</codigo>
        </campoAplicacao>
        <campoAplicacao>
          <codigo inid="Cp">AD-09</codigo>
        </campoAplicacao>
        <campoAplicacao>
          <codigo inid="Cp">CC-01</codigo>
        </campoAplicacao>
        <campoAplicacao>
          <codigo inid="Cp">CC-03</codigo>
        </campoAplicacao>
        <campoAplicacao>
          <codigo inid="Cp">CC-04</codigo>
        </campoAplicacao>
      </campoAplicacaoLista>
      <linguagemLista>
        <linguagem inid="Lg">.NET</linguagem>
        <linguagem inid="Lg">C#</linguagem>
        <linguagem inid="Lg">IOS</linguagem>
        <linguagem inid="Lg">JAVA</linguagem>
        <linguagem inid="Lg">JSON</linguagem>
      </linguagemLista>
      <tipoProgramaLista>
        <tipoPrograma>
          <codigo inid="Tp">AP-01</codigo>
        </tipoPrograma>
        <tipoPrograma>
          <codigo inid="Tp">CD-01</codigo>
        </tipoPrograma>
        <tipoPrograma>
          <codigo inid="Tp">DS-04</codigo>
        </tipoPrograma>
        <tipoPrograma>
          <codigo inid="Tp">GI-01</codigo>
        </tipoPrograma>
        <tipoPrograma>
          <codigo inid="Tp">SM-01</codigo>
        </tipoPrograma>
      </tipoProgramaLista>
      <titularLista>
        <titular sequencia="1" inid="73">
          <nome>MAML PROCESSAMENTO DE DADOS LTDA.</nome>
        </titular>
      </titularLista>
      <criadorLista>
        <criador sequencia="1" inid="Cr">
          <nome>PEDRO HENRIQUE MONTEIRO LIMA</nome>
        </criador>
      </criadorLista>
    </processo-programa>
  </despacho>
  <despacho>
    <codigo>730</codigo>
    <titulo>Expedição do Certificado de Registro</titulo>
    <processo-programa>
      <numero inid="Np">BR 51 2020 000040-1</numero>
      <titulo inid="54">CPQD3777 - Safe City - Frontend para sistema de segurança pública</titulo>
      <dataCriacao inid="Dl">22/11/2019</dataCriacao>
      <campoAplicacaoLista>
        <campoAplicacao>
          <codigo inid="Cp">AD-04</codigo>
        </campoAplicacao>
      </campoAplicacaoLista>
      <linguagemLista>
        <linguagem inid="Lg">JAVA</linguagem>
      </linguagemLista>
      <tipoProgramaLista>
        <tipoPrograma>
          <codigo inid="Tp">DS-04</codigo>
        </tipoPrograma>
      </tipoProgramaLista>
      <titularLista>
        <titular sequencia="1" inid="73">
          <nome>FUNDACAO CPQD - CENTRO DE PESQUISA E DESENVOLVIMENTO EM TELECOMUNICACOES</nome>
        </titular>
        <titular sequencia="2" inid="73">
          <nome>HUAWEI DO BRASIL TELECOMUNICAÇÕES LTDA</nome>
        </titular>
      </titularLista>
      <criadorLista>
        <criador sequencia="1" inid="Cr">
          <nome>CEDRIC MATHEUS SOUSA ALVES</nome>
        </criador>
        <criador sequencia="2" inid="Cr">
          <nome>GIANCARLO SCHAFFER TORRES JUNIOR</nome>
        </criador>
        <criador sequencia="3" inid="Cr">
          <nome>LUÍS FELIPE FURLAN CRUZ</nome>
        </criador>
        <criador sequencia="4" inid="Cr">
          <nome>VIEIRA JUNIOR</nome>
        </criador>
      </criadorLista>
    </processo-programa>
  </despacho>
  <despacho>
    <codigo>730</codigo>
    <titulo>Expedição do Certificado de Registro</titulo>
    <processo-programa>
      <numero inid="Np">BR 51 2020 000041-0</numero>
      <titulo inid="54">CPQD3778 - Safe City - Backend para sistema de segurança pública</titulo>
      <dataCriacao inid="Dl">22/11/2019</dataCriacao>
      <campoAplicacaoLista>
        <campoAplicacao>
          <codigo inid="Cp">AD-04</codigo>
        </campoAplicacao>
      </campoAplicacaoLista>
      <linguagemLista>
        <linguagem inid="Lg">JAVA</linguagem>
      </linguagemLista>
      <tipoProgramaLista>
        <tipoPrograma>
          <codigo inid="Tp">DS-04</codigo>
        </tipoPrograma>
      </tipoProgramaLista>
      <titularLista>
        <titular sequencia="1" inid="73">
          <nome>FUNDACAO CPQD - CENTRO DE PESQUISA E DESENVOLVIMENTO EM TELECOMUNICACOES</nome>
        </titular>
        <titular sequencia="2" inid="73">
          <nome>HUAWEI DO BRASIL TELECOMUNICAÇÕES LTDA</nome>
        </titular>
      </titularLista>
      <criadorLista>
        <criador sequencia="1" inid="Cr">
          <nome>CEDRIC MATHEUS SOUSA ALVES</nome>
        </criador>
        <criador sequencia="2" inid="Cr">
          <nome>GIANCARLO SCHAFFER TORRES JUNIOR</nome>
        </criador>
        <criador sequencia="3" inid="Cr">
          <nome>HERMES VIEIRA JUNIOR</nome>
        </criador>
        <criador sequencia="4" inid="Cr">
          <nome>LUÍS FELIPE FURLAN CRUZ</nome>
        </criador>
      </criadorLista>
    </processo-programa>
  </despacho>
  <despacho>
    <codigo>730</codigo>
    <titulo>Expedição do Certificado de Registro</titulo>
    <processo-programa>
      <numero inid="Np">BR 51 2020 000042-8</numero>
      <titulo inid="54">ÁGILIBlue Orçamento</titulo>
      <dataCriacao inid="Dl">30/06/2019</dataCriacao>
      <campoAplicacaoLista>
        <campoAplicacao>
          <codigo inid="Cp">AD-04</codigo>
        </campoAplicacao>
        <campoAplicacao>
          <codigo inid="Cp">FN-01</codigo>
        </campoAplicacao>
      </campoAplicacaoLista>
      <linguagemLista>
        <linguagem inid="Lg">.NET</linguagem>
        <linguagem inid="Lg">C#</linguagem>
        <linguagem inid="Lg">CSS</linguagem>
        <linguagem inid="Lg">HTML</linguagem>
        <linguagem inid="Lg">JAVA SCRIPT</linguagem>
        <linguagem inid="Lg">SQL</linguagem>
      </linguagemLista>
      <tipoProgramaLista>
        <tipoPrograma>
          <codigo inid="Tp">AP-02</codigo>
        </tipoPrograma>
        <tipoPrograma>
          <codigo inid="Tp">AP-03</codigo>
        </tipoPrograma>
        <tipoPrograma>
          <codigo inid="Tp">AP-04</codigo>
        </tipoPrograma>
        <tipoPrograma>
          <codigo inid="Tp">AP-05</codigo>
        </tipoPrograma>
        <tipoPrograma>
          <codigo inid="Tp">FA-04</codigo>
        </tipoPrograma>
        <tipoPrograma>
          <codigo inid="Tp">GI-04</codigo>
        </tipoPrograma>
      </tipoProgramaLista>
      <titularLista>
        <titular sequencia="1" inid="73">
          <nome>ÁGILI SOFTWARE BRASIL  LTDA</nome>
        </titular>
      </titularLista>
      <criadorLista>
        <criador sequencia="1" inid="Cr">
          <nome>CEZAR ANDRADE MARQUES DE AZEVEDO</nome>
        </criador>
        <criador sequencia="2" inid="Cr">
          <nome>GUSTAVO WELDREY RIBEIRO ARMELIN</nome>
        </criador>
        <criador sequencia="3" inid="Cr">
          <nome>JORGE LUIZ NARDONE</nome>
        </criador>
        <criador sequencia="4" inid="Cr">
          <nome>MATEUS CESPEDES AVELINO</nome>
        </criador>
        <criador sequencia="5" inid="Cr">
          <nome>MATHEUS DE MATOS DE OLIVEIRA</nome>
        </criador>
        <criador sequencia="6" inid="Cr">
          <nome>RAFAEL NAKAMURA DE SOUZA</nome>
        </criador>
        <criador sequencia="7" inid="Cr">
          <nome>RUBEM ALVES CARDOSO</nome>
        </criador>
        <criador sequencia="8" inid="Cr">
          <nome>SIDMAR GOMES VIEIRA</nome>
        </criador>
        <criador sequencia="9" inid="Cr">
          <nome>WELLINGTON DA SILVA PEREIRA</nome>
        </criador>
      </criadorLista>
    </processo-programa>
  </despacho>
  <despacho>
    <codigo>730</codigo>
    <titulo>Expedição do Certificado de Registro</titulo>
    <processo-programa>
      <numero inid="Np">BR 51 2020 000045-2</numero>
      <titulo inid="54">SISPREMIUM</titulo>
      <dataCriacao inid="Dl">30/12/2019</dataCriacao>
      <campoAplicacaoLista>
        <campoAplicacao>
          <codigo inid="Cp">AD-05</codigo>
        </campoAplicacao>
      </campoAplicacaoLista>
      <linguagemLista>
        <linguagem inid="Lg">PHP</linguagem>
      </linguagemLista>
      <tipoProgramaLista>
        <tipoPrograma>
          <codigo inid="Tp">AT-01</codigo>
        </tipoPrograma>
        <tipoPrograma>
          <codigo inid="Tp">AT-03</codigo>
        </tipoPrograma>
        <tipoPrograma>
          <codigo inid="Tp">FA-03</codigo>
        </tipoPrograma>
        <tipoPrograma>
          <codigo inid="Tp">GI-04</codigo>
        </tipoPrograma>
      </tipoProgramaLista>
      <titularLista>
        <titular sequencia="1" inid="73">
          <nome>FRANCISCO SAMPAIO ALMEIDA</nome>
        </titular>
      </titularLista>
      <criadorLista>
        <criador sequencia="1" inid="Cr">
          <nome>FRANCISCO SAMPAIO ALMEIDA</nome>
        </criador>
      </criadorLista>
    </processo-programa>
  </despacho>
  <despacho>
    <codigo>733</codigo>
    <titulo>Alteração de endereço</titulo>
    <processo-programa>
      <numero inid="Np">BR 51 2019 000720-4</numero>
      <titulo inid="54">Artemis - Plataforma de Gestão de Descontos Facultativos e Gestão de Margem Consignável</titulo>
      <titularLista>
        <titular sequencia="1" inid="73">
          <nome>PEREA PRESTAÇÃO DE SERVIÇOS DE INFORMATICA EIRELLI ME</nome>
        </titular>
      </titularLista>
    </processo-programa>
  </despacho>
  <despacho>
    <codigo>734</codigo>
    <titulo>Transferência de Titularidade</titulo>
    <processo-programa>
      <numero inid="Np">BR 51 2018 051841-9</numero>
      <titulo inid="54">Tele-EEG: Telediagnóstico para Eletroencefalografia em Santa Catarina</titulo>
      <titularLista>
        <titular sequencia="1" inid="73">
          <nome>INSTITUTO FEDERAL DE EDUCAÇÃO, CIÊNCIA E TECNOLOGIA CATARINENSE</nome>
        </titular>
        <titular sequencia="2" inid="73">
          <nome>UNIVERSIDADE FEDERAL DE SANTA CATARINA</nome>
        </titular>
      </titularLista>
    </processo-programa>
  </despacho>
  <despacho>
    <codigo>742</codigo>
    <titulo>Petição não conhecida</titulo>
    <processo-programa>
      <numero inid="Np">07204-2</numero>
      <titulo inid="54">SERMAP</titulo>
      <titularLista>
        <titular sequencia="1" inid="73">
          <nome>M.A.S TECNOLOGIA DA INFORMAÇÃO LTDA - ME</nome>
        </titular>
      </titularLista>
    </processo-programa>
    <comentario inid="co">Protocolo 870200002815 não solicitado pelo titular do registro.</comentario>
  </despacho>
  <despacho>
    <codigo>742</codigo>
    <titulo>Petição não conhecida</titulo>
    <processo-programa>
      <numero inid="Np">BR 51 2019 003044-3</numero>
      <titulo inid="54">DiagnosticAves - SISTEMA PARA CLASSIFICAÇÃO DE DOENÇAS NA AVICULTURA</titulo>
      <titularLista>
        <titular sequencia="1" inid="73">
          <nome>INSTITUTO FEDERAL DE EDUCAÇÃO, CIÊNCIA E TECNOLOGIA DO TRIÂNGULO MINEIRO</nome>
        </titular>
      </titularLista>
    </processo-programa>
    <comentario inid="co">Pagamento da GRU fora do prazo ou não realizado referente ao protocolo 870190141852</comentario>
  </despacho>
</revista>