<revista numero="2570" dataPublicacao="07/04/2020" diretoria="Programa">
  <despacho>
    <codigo>730</codigo>
    <titulo>Expedição do Certificado de Registro</titulo>
    <processo-programa>
      <numero inid="Np">BR 51 2020 000579-9</numero>
      <titulo inid="54">FULL TAI - Teste de Associações Implícitas</titulo>
      <dataCriacao inid="Dl">27/03/2020</dataCriacao>
      <campoAplicacaoLista>
        <campoAplicacao>
          <codigo inid="Cp">AD-03</codigo>
        </campoAplicacao>
        <campoAplicacao>
          <codigo inid="Cp">AD-07</codigo>
        </campoAplicacao>
        <campoAplicacao>
          <codigo inid="Cp">AD-10</codigo>
        </campoAplicacao>
        <campoAplicacao>
          <codigo inid="Cp">AN-02</codigo>
        </campoAplicacao>
        <campoAplicacao>
          <codigo inid="Cp">AN-04</codigo>
        </campoAplicacao>
        <campoAplicacao>
          <codigo inid="Cp">AN-05</codigo>
        </campoAplicacao>
        <campoAplicacao>
          <codigo inid="Cp">AN-06</codigo>
        </campoAplicacao>
        <campoAplicacao>
          <codigo inid="Cp">AN-07</codigo>
        </campoAplicacao>
        <campoAplicacao>
          <codigo inid="Cp">CO-01</codigo>
        </campoAplicacao>
        <campoAplicacao>
          <codigo inid="Cp">CO-02</codigo>
        </campoAplicacao>
        <campoAplicacao>
          <codigo inid="Cp">CO-03</codigo>
        </campoAplicacao>
        <campoAplicacao>
          <codigo inid="Cp">CO-04</codigo>
        </campoAplicacao>
        <campoAplicacao>
          <codigo inid="Cp">CO-05</codigo>
        </campoAplicacao>
        <campoAplicacao>
          <codigo inid="Cp">CO-06</codigo>
        </campoAplicacao>
        <campoAplicacao>
          <codigo inid="Cp">EC-01</codigo>
        </campoAplicacao>
        <campoAplicacao>
          <codigo inid="Cp">EC-02</codigo>
        </campoAplicacao>
        <campoAplicacao>
          <codigo inid="Cp">EC-03</codigo>
        </campoAplicacao>
        <campoAplicacao>
          <codigo inid="Cp">EC-07</codigo>
        </campoAplicacao>
        <campoAplicacao>
          <codigo inid="Cp">ED-02</codigo>
        </campoAplicacao>
        <campoAplicacao>
          <codigo inid="Cp">PL-02</codigo>
        </campoAplicacao>
        <campoAplicacao>
          <codigo inid="Cp">PS-01</codigo>
        </campoAplicacao>
        <campoAplicacao>
          <codigo inid="Cp">PS-02</codigo>
        </campoAplicacao>
        <campoAplicacao>
          <codigo inid="Cp">PS-03</codigo>
        </campoAplicacao>
        <campoAplicacao>
          <codigo inid="Cp">SV-04</codigo>
        </campoAplicacao>
        <campoAplicacao>
          <codigo inid="Cp">TB-02</codigo>
        </campoAplicacao>
        <campoAplicacao>
          <codigo inid="Cp">TB-05</codigo>
        </campoAplicacao>
      </campoAplicacaoLista>
      <linguagemLista>
        <linguagem inid="Lg">.NET</linguagem>
        <linguagem inid="Lg">C#</linguagem>
        <linguagem inid="Lg">CSS</linguagem>
        <linguagem inid="Lg">HTML</linguagem>
        <linguagem inid="Lg">JAVA SCRIPT</linguagem>
      </linguagemLista>
      <tipoProgramaLista>
        <tipoPrograma>
          <codigo inid="Tp">AP-01</codigo>
        </tipoPrograma>
        <tipoPrograma>
          <codigo inid="Tp">FA-01</codigo>
        </tipoPrograma>
        <tipoPrograma>
          <codigo inid="Tp">IA-02</codigo>
        </tipoPrograma>
        <tipoPrograma>
          <codigo inid="Tp">SM-01</codigo>
        </tipoPrograma>
        <tipoPrograma>
          <codigo inid="Tp">TC-01</codigo>
        </tipoPrograma>
      </tipoProgramaLista>
      <titularLista>
        <titular sequencia="1" inid="73">
          <nome>FLAVIO SANTINO BIZARRIAS</nome>
        </titular>
        <titular sequencia="2" inid="73">
          <nome>RENATO PENHA</nome>
        </titular>
      </titularLista>
      <criadorLista>
        <criador sequencia="1" inid="Cr">
          <nome>JOSÉ ROMUALDO DA COSTA FILHO</nome>
        </criador>
        <criador sequencia="2" inid="Cr">
          <nome>LUCIANO FERREIRA DA SILVA</nome>
        </criador>
        <criador sequencia="3" inid="Cr">
          <nome>RENATO PENHA</nome>
        </criador>
        <criador sequencia="4" inid="Cr">
          <nome>ROSÁRIA DE FÁTIMA SEGGER MACRI RUSSO</nome>
        </criador>
      </criadorLista>
    </processo-programa>
  </despacho>
  <despacho>
    <codigo>730</codigo>
    <titulo>Expedição do Certificado de Registro</titulo>
    <processo-programa>
      <numero inid="Np">BR 51 2020 000586-1</numero>
      <titulo inid="54">EFLOW</titulo>
      <dataCriacao inid="Dl">17/04/2018</dataCriacao>
      <campoAplicacaoLista>
        <campoAplicacao>
          <codigo inid="Cp">CC-02</codigo>
        </campoAplicacao>
      </campoAplicacaoLista>
      <linguagemLista>
        <linguagem inid="Lg">C++</linguagem>
      </linguagemLista>
      <tipoProgramaLista>
        <tipoPrograma>
          <codigo inid="Tp">AT-08</codigo>
        </tipoPrograma>
        <tipoPrograma>
          <codigo inid="Tp">UT-05</codigo>
        </tipoPrograma>
      </tipoProgramaLista>
      <titularLista>
        <titular sequencia="1" inid="73">
          <nome>ROMANELLI EQUIPAMENTOS RODOVIÁRIOS LTDA. - EPP</nome>
        </titular>
      </titularLista>
      <criadorLista>
        <criador sequencia="1" inid="Cr">
          <nome>JOSIEL OBALSKI IRASSOQUE</nome>
        </criador>
      </criadorLista>
    </processo-programa>
  </despacho>
  <despacho>
    <codigo>730</codigo>
    <titulo>Expedição do Certificado de Registro</titulo>
    <processo-programa>
      <numero inid="Np">BR 51 2020 000588-8</numero>
      <titulo inid="54">UMEM unidade de monitoramento de estação meteorológica</titulo>
      <dataCriacao inid="Dl">26/03/2020</dataCriacao>
      <campoAplicacaoLista>
        <campoAplicacao>
          <codigo inid="Cp">ME-02</codigo>
        </campoAplicacao>
      </campoAplicacaoLista>
      <linguagemLista>
        <linguagem inid="Lg">CSS</linguagem>
        <linguagem inid="Lg">HTML</linguagem>
        <linguagem inid="Lg">JAVA SCRIPT</linguagem>
        <linguagem inid="Lg">PHP</linguagem>
        <linguagem inid="Lg">SQL</linguagem>
      </linguagemLista>
      <tipoProgramaLista>
        <tipoPrograma>
          <codigo inid="Tp">SO-07</codigo>
        </tipoPrograma>
      </tipoProgramaLista>
      <titularLista>
        <titular sequencia="1" inid="73">
          <nome>ALBERTO BARELLA NETTO</nome>
        </titular>
        <titular sequencia="2" inid="73">
          <nome>ALEXSANDRO DOS SANTOS FELIPE</nome>
        </titular>
        <titular sequencia="3" inid="73">
          <nome>BACUS DE OLIVEIRA NAHIME</nome>
        </titular>
        <titular sequencia="4" inid="73">
          <nome>DEVANEY RIBEIRO DO CARMO</nome>
        </titular>
        <titular sequencia="5" inid="73">
          <nome>FÁBIO MONTANHA RAMOS</nome>
        </titular>
        <titular sequencia="6" inid="73">
          <nome>FAUSTO ARANTES LOBO</nome>
        </titular>
        <titular sequencia="7" inid="73">
          <nome>FLAVIO HIOCHIO SATO</nome>
        </titular>
        <titular sequencia="8" inid="73">
          <nome>IDALCI CRUVINEL DOS REIS</nome>
        </titular>
        <titular sequencia="9" inid="73">
          <nome>IGOR SOARES DOS SANTOS</nome>
        </titular>
        <titular sequencia="10" inid="73">
          <nome>JOÃO AREIS FERREIRA BARBOSA JÚNIOR</nome>
        </titular>
        <titular sequencia="11" inid="73">
          <nome>MARCIO DA SILVA VILELA</nome>
        </titular>
        <titular sequencia="12" inid="73">
          <nome>MAYKOW DA SILVA MENEZES</nome>
        </titular>
        <titular sequencia="13" inid="73">
          <nome>VINÍCIUS MAGALHÃES DE QUEIROZ</nome>
        </titular>
      </titularLista>
      <criadorLista>
        <criador sequencia="1" inid="Cr">
          <nome>ALBERTO BARELLA NETTO</nome>
        </criador>
        <criador sequencia="2" inid="Cr">
          <nome>ALEXSANDRO DOS SANTOS FELIPE</nome>
        </criador>
        <criador sequencia="3" inid="Cr">
          <nome>BACUS DE OLIVEIRA NAHIME</nome>
        </criador>
        <criador sequencia="4" inid="Cr">
          <nome>DEVANEY RIBEIRO DO CARMO</nome>
        </criador>
        <criador sequencia="5" inid="Cr">
          <nome>FAUSTO ARANTES LOBO</nome>
        </criador>
        <criador sequencia="6" inid="Cr">
          <nome>FLAVIO HIOCHIO SATO</nome>
        </criador>
        <criador sequencia="7" inid="Cr">
          <nome>FÁBIO MONTANHA RAMOS</nome>
        </criador>
        <criador sequencia="8" inid="Cr">
          <nome>FÁBIO MONTANHA RAMOS</nome>
        </criador>
        <criador sequencia="9" inid="Cr">
          <nome>FÁBIO MONTANHA RAMOS</nome>
        </criador>
        <criador sequencia="10" inid="Cr">
          <nome>FÁBIO MONTANHA RAMOS</nome>
        </criador>
        <criador sequencia="11" inid="Cr">
          <nome>FÁBIO MONTANHA RAMOS</nome>
        </criador>
        <criador sequencia="12" inid="Cr">
          <nome>IDALCI CRUVINEL DOS REIS</nome>
        </criador>
        <criador sequencia="13" inid="Cr">
          <nome>IGOR SOARES DOS SANTOS</nome>
        </criador>
        <criador sequencia="14" inid="Cr">
          <nome>JOÃO AREIS FERREIRA BARBOSA JÚNIOR</nome>
        </criador>
        <criador sequencia="15" inid="Cr">
          <nome>MARCIO DA SILVA VILELA</nome>
        </criador>
        <criador sequencia="16" inid="Cr">
          <nome>MAYKOW DA SILVA MENEZES</nome>
        </criador>
        <criador sequencia="17" inid="Cr">
          <nome>VINÍCIUS MAGALHÃES DE QUEIROZ</nome>
        </criador>
        <criador sequencia="18" inid="Cr">
          <nome>FAUSTO ARANTES LOBO</nome>
        </criador>
        <criador sequencia="19" inid="Cr">
          <nome>FAUSTO ARANTES LOBO</nome>
        </criador>
        <criador sequencia="20" inid="Cr">
          <nome>FAUSTO ARANTES LOBO</nome>
        </criador>
        <criador sequencia="21" inid="Cr">
          <nome>FAUSTO ARANTES LOBO</nome>
        </criador>
        <criador sequencia="22" inid="Cr">
          <nome>FAUSTO ARANTES LOBO</nome>
        </criador>
        <criador sequencia="23" inid="Cr">
          <nome>FLAVIO HIOCHIO SATO</nome>
        </criador>
        <criador sequencia="24" inid="Cr">
          <nome>FÁBIO MONTANHA RAMOS</nome>
        </criador>
        <criador sequencia="25" inid="Cr">
          <nome>FÁBIO MONTANHA RAMOS</nome>
        </criador>
        <criador sequencia="26" inid="Cr">
          <nome>FÁBIO MONTANHA RAMOS</nome>
        </criador>
        <criador sequencia="27" inid="Cr">
          <nome>FÁBIO MONTANHA RAMOS</nome>
        </criador>
        <criador sequencia="28" inid="Cr">
          <nome>MARCIO DA SILVA VILELA</nome>
        </criador>
        <criador sequencia="29" inid="Cr">
          <nome>MAYKOW DA SILVA MENEZES</nome>
        </criador>
        <criador sequencia="30" inid="Cr">
          <nome>VINÍCIUS MAGALHÃES DE QUEIROZ</nome>
        </criador>
        <criador sequencia="31" inid="Cr">
          <nome>FAUSTO ARANTES LOBO</nome>
        </criador>
        <criador sequencia="32" inid="Cr">
          <nome>FAUSTO ARANTES LOBO</nome>
        </criador>
        <criador sequencia="33" inid="Cr">
          <nome>FAUSTO ARANTES LOBO</nome>
        </criador>
        <criador sequencia="34" inid="Cr">
          <nome>FAUSTO ARANTES LOBO</nome>
        </criador>
        <criador sequencia="35" inid="Cr">
          <nome>FAUSTO ARANTES LOBO</nome>
        </criador>
        <criador sequencia="36" inid="Cr">
          <nome>FLAVIO HIOCHIO SATO</nome>
        </criador>
        <criador sequencia="37" inid="Cr">
          <nome>IDALCI CRUVINEL DOS REIS</nome>
        </criador>
        <criador sequencia="38" inid="Cr">
          <nome>IDALCI CRUVINEL DOS REIS</nome>
        </criador>
        <criador sequencia="39" inid="Cr">
          <nome>IDALCI CRUVINEL DOS REIS</nome>
        </criador>
        <criador sequencia="40" inid="Cr">
          <nome>IDALCI CRUVINEL DOS REIS</nome>
        </criador>
        <criador sequencia="41" inid="Cr">
          <nome>IDALCI CRUVINEL DOS REIS</nome>
        </criador>
        <criador sequencia="42" inid="Cr">
          <nome>IGOR SOARES DOS SANTOS</nome>
        </criador>
        <criador sequencia="43" inid="Cr">
          <nome>JOÃO AREIS FERREIRA BARBOSA JÚNIOR</nome>
        </criador>
        <criador sequencia="44" inid="Cr">
          <nome>MARCIO DA SILVA VILELA</nome>
        </criador>
        <criador sequencia="45" inid="Cr">
          <nome>MAYKOW DA SILVA MENEZES</nome>
        </criador>
        <criador sequencia="46" inid="Cr">
          <nome>VINÍCIUS MAGALHÃES DE QUEIROZ</nome>
        </criador>
        <criador sequencia="47" inid="Cr">
          <nome>FAUSTO ARANTES LOBO</nome>
        </criador>
        <criador sequencia="48" inid="Cr">
          <nome>FAUSTO ARANTES LOBO</nome>
        </criador>
        <criador sequencia="49" inid="Cr">
          <nome>FAUSTO ARANTES LOBO</nome>
        </criador>
      </criadorLista>
    </processo-programa>
  </despacho>
  <despacho>
    <codigo>730</codigo>
    <titulo>Expedição do Certificado de Registro</titulo>
    <processo-programa>
      <numero inid="Np">BR 51 2020 000589-6</numero>
      <titulo inid="54">T-Pje</titulo>
      <dataCriacao inid="Dl">13/03/2020</dataCriacao>
      <campoAplicacaoLista>
        <campoAplicacao>
          <codigo inid="Cp">AD-01</codigo>
        </campoAplicacao>
        <campoAplicacao>
          <codigo inid="Cp">AD-03</codigo>
        </campoAplicacao>
        <campoAplicacao>
          <codigo inid="Cp">AD-04</codigo>
        </campoAplicacao>
      </campoAplicacaoLista>
      <linguagemLista>
        <linguagem inid="Lg">JAVA</linguagem>
        <linguagem inid="Lg">JAVA SCRIPT</linguagem>
        <linguagem inid="Lg">OUTROS</linguagem>
      </linguagemLista>
      <tipoProgramaLista>
        <tipoPrograma>
          <codigo inid="Tp">AP-01</codigo>
        </tipoPrograma>
        <tipoPrograma>
          <codigo inid="Tp">AT-06</codigo>
        </tipoPrograma>
        <tipoPrograma>
          <codigo inid="Tp">DS-04</codigo>
        </tipoPrograma>
        <tipoPrograma>
          <codigo inid="Tp">SO-07</codigo>
        </tipoPrograma>
      </tipoProgramaLista>
      <titularLista>
        <titular sequencia="1" inid="73">
          <nome>ANTONIO EMERSON MATIAS LIMA</nome>
        </titular>
        <titular sequencia="2" inid="73">
          <nome>SM SUPRIMENTOS TECNOLÓGICOS</nome>
        </titular>
      </titularLista>
      <criadorLista>
        <criador sequencia="1" inid="Cr">
          <nome>ANTONIO EMERSON MATIAS LIMA</nome>
        </criador>
      </criadorLista>
    </processo-programa>
  </despacho>
  <despacho>
    <codigo>730</codigo>
    <titulo>Expedição do Certificado de Registro</titulo>
    <processo-programa>
      <numero inid="Np">BR 51 2020 000590-0</numero>
      <titulo inid="54">Atualização de Firmware Over-The-Air em Redes Assíncronas - ANFUOTA</titulo>
      <dataCriacao inid="Dl">06/02/2020</dataCriacao>
      <campoAplicacaoLista>
        <campoAplicacao>
          <codigo inid="Cp">TC-02</codigo>
        </campoAplicacao>
        <campoAplicacao>
          <codigo inid="Cp">TC-03</codigo>
        </campoAplicacao>
      </campoAplicacaoLista>
      <linguagemLista>
        <linguagem inid="Lg">C</linguagem>
      </linguagemLista>
      <tipoProgramaLista>
        <tipoPrograma>
          <codigo inid="Tp">AP-03</codigo>
        </tipoPrograma>
        <tipoPrograma>
          <codigo inid="Tp">CD-01</codigo>
        </tipoPrograma>
        <tipoPrograma>
          <codigo inid="Tp">CD-04</codigo>
        </tipoPrograma>
      </tipoProgramaLista>
      <titularLista>
        <titular sequencia="1" inid="73">
          <nome>UNIVERSIDADE ESTADUAL DE CAMPINAS - UNICAMP</nome>
        </titular>
        <titular sequencia="2" inid="73">
          <nome>UNIVERSIDADE TECNOLÓGICA FEDERAL DO PARANÁ</nome>
        </titular>
      </titularLista>
      <criadorLista>
        <criador sequencia="1" inid="Cr">
          <nome>LEANDRO TIAGO MANERA</nome>
        </criador>
        <criador sequencia="2" inid="Cr">
          <nome>LUIZ FERNANDO PINTO DE OLIVEIRA</nome>
        </criador>
        <criador sequencia="3" inid="Cr">
          <nome>PAULO DENIS GARCEZ DA LUZ</nome>
        </criador>
      </criadorLista>
    </processo-programa>
  </despacho>
  <despacho>
    <codigo>730</codigo>
    <titulo>Expedição do Certificado de Registro</titulo>
    <processo-programa>
      <numero inid="Np">BR 51 2020 000591-8</numero>
      <titulo inid="54">ALLERGENIE®: DESENVOLVIMENTO DE APLICATIVO PARA SMARTPHONE CONTENDO ESCORES CLÍNICOS EM ALERGIA E IMUNOLOGIA PEDIÁTRICA</titulo>
      <dataCriacao inid="Dl">25/06/2019</dataCriacao>
      <campoAplicacaoLista>
        <campoAplicacao>
          <codigo inid="Cp">AD-01</codigo>
        </campoAplicacao>
      </campoAplicacaoLista>
      <linguagemLista>
        <linguagem inid="Lg">JAVA SCRIPT</linguagem>
      </linguagemLista>
      <tipoProgramaLista>
        <tipoPrograma>
          <codigo inid="Tp">AP-01</codigo>
        </tipoPrograma>
      </tipoProgramaLista>
      <titularLista>
        <titular sequencia="1" inid="73">
          <nome>UNIVERSIDADE ESTADUAL DE CAMPINAS - UNICAMP</nome>
        </titular>
      </titularLista>
      <criadorLista>
        <criador sequencia="1" inid="Cr">
          <nome>ALLAN THALES AMARAL DE PONTES</nome>
        </criador>
        <criador sequencia="2" inid="Cr">
          <nome>CLARA AYRES BRANDÃO BENETTE</nome>
        </criador>
        <criador sequencia="3" inid="Cr">
          <nome>MARCOS TADEU NOLASCO DA SILVA</nome>
        </criador>
        <criador sequencia="4" inid="Cr">
          <nome>ULISSES MARTINS DIAS</nome>
        </criador>
      </criadorLista>
    </processo-programa>
  </despacho>
  <despacho>
    <codigo>730</codigo>
    <titulo>Expedição do Certificado de Registro</titulo>
    <processo-programa>
      <numero inid="Np">BR 51 2020 000592-6</numero>
      <titulo inid="54">Aplicativo para Radio Frequência - ARF</titulo>
      <dataCriacao inid="Dl">12/06/2019</dataCriacao>
      <campoAplicacaoLista>
        <campoAplicacao>
          <codigo inid="Cp">CO-02</codigo>
        </campoAplicacao>
        <campoAplicacao>
          <codigo inid="Cp">FQ-09</codigo>
        </campoAplicacao>
      </campoAplicacaoLista>
      <linguagemLista>
        <linguagem inid="Lg">OUTROS</linguagem>
      </linguagemLista>
      <tipoProgramaLista>
        <tipoPrograma>
          <codigo inid="Tp">AP-01</codigo>
        </tipoPrograma>
      </tipoProgramaLista>
      <titularLista>
        <titular sequencia="1" inid="73">
          <nome>UNIVERSIDADE ESTADUAL DE CAMPINAS - UNICAMP</nome>
        </titular>
      </titularLista>
      <criadorLista>
        <criador sequencia="1" inid="Cr">
          <nome>HUGO ENRIQUE HERNANDEZ FIGUEROA</nome>
        </criador>
        <criador sequencia="2" inid="Cr">
          <nome>LUIZ ARIOVALDO FABRI JUNIOR</nome>
        </criador>
        <criador sequencia="3" inid="Cr">
          <nome>MARLI DE FREITAS GOMES HERNANDEZ</nome>
        </criador>
      </criadorLista>
    </processo-programa>
  </despacho>
  <despacho>
    <codigo>730</codigo>
    <titulo>Expedição do Certificado de Registro</titulo>
    <processo-programa>
      <numero inid="Np">BR 51 2020 000593-4</numero>
      <titulo inid="54">Sistema Evolução Industrias</titulo>
      <dataCriacao inid="Dl">01/01/2012</dataCriacao>
      <campoAplicacaoLista>
        <campoAplicacao>
          <codigo inid="Cp">EC-04</codigo>
        </campoAplicacao>
      </campoAplicacaoLista>
      <linguagemLista>
        <linguagem inid="Lg">C#</linguagem>
      </linguagemLista>
      <tipoProgramaLista>
        <tipoPrograma>
          <codigo inid="Tp">AP-01</codigo>
        </tipoPrograma>
        <tipoPrograma>
          <codigo inid="Tp">AT-05</codigo>
        </tipoPrograma>
        <tipoPrograma>
          <codigo inid="Tp">AT-06</codigo>
        </tipoPrograma>
      </tipoProgramaLista>
      <titularLista>
        <titular sequencia="1" inid="73">
          <nome>GUILHERME PINHEIRO DA SILVA</nome>
        </titular>
      </titularLista>
      <criadorLista>
        <criador sequencia="1" inid="Cr">
          <nome>GUILHERME PINHEIRO DA SILVA</nome>
        </criador>
      </criadorLista>
    </processo-programa>
  </despacho>
  <despacho>
    <codigo>730</codigo>
    <titulo>Expedição do Certificado de Registro</titulo>
    <processo-programa>
      <numero inid="Np">BR 51 2020 000594-2</numero>
      <titulo inid="54">PAImagem</titulo>
      <dataCriacao inid="Dl">16/11/2019</dataCriacao>
      <campoAplicacaoLista>
        <campoAplicacao>
          <codigo inid="Cp">AG-02</codigo>
        </campoAplicacao>
        <campoAplicacao>
          <codigo inid="Cp">BL-04</codigo>
        </campoAplicacao>
        <campoAplicacao>
          <codigo inid="Cp">EL-02</codigo>
        </campoAplicacao>
        <campoAplicacao>
          <codigo inid="Cp">FQ-04</codigo>
        </campoAplicacao>
        <campoAplicacao>
          <codigo inid="Cp">IF-01</codigo>
        </campoAplicacao>
      </campoAplicacaoLista>
      <linguagemLista>
        <linguagem inid="Lg">JAVA</linguagem>
      </linguagemLista>
      <tipoProgramaLista>
        <tipoPrograma>
          <codigo inid="Tp">AT-01</codigo>
        </tipoPrograma>
        <tipoPrograma>
          <codigo inid="Tp">AT-06</codigo>
        </tipoPrograma>
        <tipoPrograma>
          <codigo inid="Tp">FA-01</codigo>
        </tipoPrograma>
        <tipoPrograma>
          <codigo inid="Tp">GI-04</codigo>
        </tipoPrograma>
        <tipoPrograma>
          <codigo inid="Tp">GI-06</codigo>
        </tipoPrograma>
        <tipoPrograma>
          <codigo inid="Tp">GI-07</codigo>
        </tipoPrograma>
        <tipoPrograma>
          <codigo inid="Tp">IT-02</codigo>
        </tipoPrograma>
        <tipoPrograma>
          <codigo inid="Tp">UT-01</codigo>
        </tipoPrograma>
      </tipoProgramaLista>
      <titularLista>
        <titular sequencia="1" inid="73">
          <nome>CASSANDRO DAVI EMER</nome>
        </titular>
      </titularLista>
      <criadorLista>
        <criador sequencia="1" inid="Cr">
          <nome>CASSANDRO DAVI EMER</nome>
        </criador>
      </criadorLista>
    </processo-programa>
  </despacho>
  <despacho>
    <codigo>730</codigo>
    <titulo>Expedição do Certificado de Registro</titulo>
    <processo-programa>
      <numero inid="Np">BR 51 2020 000595-0</numero>
      <titulo inid="54">ANGEL FLUX</titulo>
      <dataCriacao inid="Dl">01/12/2019</dataCriacao>
      <campoAplicacaoLista>
        <campoAplicacao>
          <codigo inid="Cp">AD-05</codigo>
        </campoAplicacao>
        <campoAplicacao>
          <codigo inid="Cp">AH-05</codigo>
        </campoAplicacao>
        <campoAplicacao>
          <codigo inid="Cp">IF-01</codigo>
        </campoAplicacao>
        <campoAplicacao>
          <codigo inid="Cp">IF-05</codigo>
        </campoAplicacao>
        <campoAplicacao>
          <codigo inid="Cp">IF-08</codigo>
        </campoAplicacao>
        <campoAplicacao>
          <codigo inid="Cp">IF-10</codigo>
        </campoAplicacao>
        <campoAplicacao>
          <codigo inid="Cp">PS-02</codigo>
        </campoAplicacao>
      </campoAplicacaoLista>
      <linguagemLista>
        <linguagem inid="Lg">C</linguagem>
        <linguagem inid="Lg">HTML</linguagem>
        <linguagem inid="Lg">PHP</linguagem>
        <linguagem inid="Lg">PYTHON</linguagem>
      </linguagemLista>
      <tipoProgramaLista>
        <tipoPrograma>
          <codigo inid="Tp">AV-02</codigo>
        </tipoPrograma>
        <tipoPrograma>
          <codigo inid="Tp">CD-01</codigo>
        </tipoPrograma>
        <tipoPrograma>
          <codigo inid="Tp">FA-04</codigo>
        </tipoPrograma>
        <tipoPrograma>
          <codigo inid="Tp">GI-01</codigo>
        </tipoPrograma>
        <tipoPrograma>
          <codigo inid="Tp">GI-02</codigo>
        </tipoPrograma>
        <tipoPrograma>
          <codigo inid="Tp">GI-03</codigo>
        </tipoPrograma>
        <tipoPrograma>
          <codigo inid="Tp">GI-04</codigo>
        </tipoPrograma>
      </tipoProgramaLista>
      <titularLista>
        <titular sequencia="1" inid="73">
          <nome>EGSA TECNOLOGIA E INOVAÇÃO LTDA</nome>
        </titular>
      </titularLista>
      <criadorLista>
        <criador sequencia="1" inid="Cr">
          <nome>GLÁUCIA GOMES SILVA ABRUNHOSA</nome>
        </criador>
      </criadorLista>
    </processo-programa>
  </despacho>
  <despacho>
    <codigo>730</codigo>
    <titulo>Expedição do Certificado de Registro</titulo>
    <processo-programa>
      <numero inid="Np">BR 51 2020 000596-9</numero>
      <titulo inid="54">Sistema Banco Virtual de Talentos Estudantis</titulo>
      <dataCriacao inid="Dl">01/03/2019</dataCriacao>
      <campoAplicacaoLista>
        <campoAplicacao>
          <codigo inid="Cp">AD-07</codigo>
        </campoAplicacao>
        <campoAplicacao>
          <codigo inid="Cp">TB-03</codigo>
        </campoAplicacao>
      </campoAplicacaoLista>
      <linguagemLista>
        <linguagem inid="Lg">JAVA SCRIPT</linguagem>
      </linguagemLista>
      <tipoProgramaLista>
        <tipoPrograma>
          <codigo inid="Tp">AP-01</codigo>
        </tipoPrograma>
        <tipoPrograma>
          <codigo inid="Tp">AP-02</codigo>
        </tipoPrograma>
        <tipoPrograma>
          <codigo inid="Tp">AP-03</codigo>
        </tipoPrograma>
      </tipoProgramaLista>
      <titularLista>
        <titular sequencia="1" inid="73">
          <nome>INSTITUTO FEDERAL DE EDUCAÇÃO, CIÊNCIA E TECNOLOGIA GOIANO</nome>
        </titular>
      </titularLista>
      <criadorLista>
        <criador sequencia="1" inid="Cr">
          <nome>ELIANA TIBA GOMES GRANDE</nome>
        </criador>
        <criador sequencia="2" inid="Cr">
          <nome>JÚLIO RODRIGUES DE SOUSA FILHO</nome>
        </criador>
        <criador sequencia="3" inid="Cr">
          <nome>MARIA GLÁUCIA DOURADO FURQUIM SOUSA</nome>
        </criador>
      </criadorLista>
    </processo-programa>
  </despacho>
  <despacho>
    <codigo>730</codigo>
    <titulo>Expedição do Certificado de Registro</titulo>
    <processo-programa>
      <numero inid="Np">BR 51 2020 000597-7</numero>
      <titulo inid="54">Collector Line Optimizer</titulo>
      <dataCriacao inid="Dl">30/11/2019</dataCriacao>
      <campoAplicacaoLista>
        <campoAplicacao>
          <codigo inid="Cp">AG-01</codigo>
        </campoAplicacao>
        <campoAplicacao>
          <codigo inid="Cp">AG-06</codigo>
        </campoAplicacao>
        <campoAplicacao>
          <codigo inid="Cp">AH-01</codigo>
        </campoAplicacao>
        <campoAplicacao>
          <codigo inid="Cp">AN-02</codigo>
        </campoAplicacao>
        <campoAplicacao>
          <codigo inid="Cp">EN-02</codigo>
        </campoAplicacao>
        <campoAplicacao>
          <codigo inid="Cp">EN-04</codigo>
        </campoAplicacao>
      </campoAplicacaoLista>
      <linguagemLista>
        <linguagem inid="Lg">C#</linguagem>
      </linguagemLista>
      <tipoProgramaLista>
        <tipoPrograma>
          <codigo inid="Tp">AP-01</codigo>
        </tipoPrograma>
        <tipoPrograma>
          <codigo inid="Tp">AP-02</codigo>
        </tipoPrograma>
        <tipoPrograma>
          <codigo inid="Tp">IA-01</codigo>
        </tipoPrograma>
        <tipoPrograma>
          <codigo inid="Tp">TC-01</codigo>
        </tipoPrograma>
      </tipoProgramaLista>
      <titularLista>
        <titular sequencia="1" inid="73">
          <nome>UNIVERSIDADE ESTADUAL DE CAMPINAS - UNICAMP</nome>
        </titular>
      </titularLista>
      <criadorLista>
        <criador sequencia="1" inid="Cr">
          <nome>JHAIR STIVEL ACOSTA SARMIENTO</nome>
        </criador>
        <criador sequencia="2" inid="Cr">
          <nome>JOAN SEBASTIAN CHAVES HUERTAS</nome>
        </criador>
        <criador sequencia="3" inid="Cr">
          <nome>MARIA CRISTINA DIAS TAVARES</nome>
        </criador>
      </criadorLista>
    </processo-programa>
  </despacho>
  <despacho>
    <codigo>730</codigo>
    <titulo>Expedição do Certificado de Registro</titulo>
    <processo-programa>
      <numero inid="Np">BR 51 2020 000598-5</numero>
      <titulo inid="54">MILK COLOR</titulo>
      <dataCriacao inid="Dl">29/07/2019</dataCriacao>
      <campoAplicacaoLista>
        <campoAplicacao>
          <codigo inid="Cp">AG-10</codigo>
        </campoAplicacao>
        <campoAplicacao>
          <codigo inid="Cp">BL-04</codigo>
        </campoAplicacao>
        <campoAplicacao>
          <codigo inid="Cp">BL-07</codigo>
        </campoAplicacao>
        <campoAplicacao>
          <codigo inid="Cp">IF-01</codigo>
        </campoAplicacao>
      </campoAplicacaoLista>
      <linguagemLista>
        <linguagem inid="Lg">OUTROS</linguagem>
        <linguagem inid="Lg">PYTHON</linguagem>
      </linguagemLista>
      <tipoProgramaLista>
        <tipoPrograma>
          <codigo inid="Tp">AP-01</codigo>
        </tipoPrograma>
        <tipoPrograma>
          <codigo inid="Tp">GI-04</codigo>
        </tipoPrograma>
        <tipoPrograma>
          <codigo inid="Tp">GI-06</codigo>
        </tipoPrograma>
        <tipoPrograma>
          <codigo inid="Tp">TC-04</codigo>
        </tipoPrograma>
      </tipoProgramaLista>
      <titularLista>
        <titular sequencia="1" inid="73">
          <nome>UNIVERSIDADE FEDERAL DO RIO GRANDE DO NORTE</nome>
        </titular>
      </titularLista>
      <criadorLista>
        <criador sequencia="1" inid="Cr">
          <nome>ADRIANO HENRIQUE DO NASCIMENTO RANGEL</nome>
        </criador>
        <criador sequencia="2" inid="Cr">
          <nome>ALAN FERNANDES DE PAULA</nome>
        </criador>
        <criador sequencia="3" inid="Cr">
          <nome>EDGAR PERIN MORAES</nome>
        </criador>
        <criador sequencia="4" inid="Cr">
          <nome>EMANUELLE PATRÍCIA ENRIQUE DA SILVA</nome>
        </criador>
        <criador sequencia="5" inid="Cr">
          <nome>HELOYSA ALINE PINHEIRO LOPES</nome>
        </criador>
        <criador sequencia="6" inid="Cr">
          <nome>TARCÍSIO DANTAS CÂMARA</nome>
        </criador>
        <criador sequencia="7" inid="Cr">
          <nome>YHÊLDA MARIA DE OLIVEIRA SILVA</nome>
        </criador>
      </criadorLista>
    </processo-programa>
  </despacho>
  <despacho>
    <codigo>730</codigo>
    <titulo>Expedição do Certificado de Registro</titulo>
    <processo-programa>
      <numero inid="Np">BR 51 2020 000599-3</numero>
      <titulo inid="54">Click Escola</titulo>
      <dataCriacao inid="Dl">27/11/2019</dataCriacao>
      <campoAplicacaoLista>
        <campoAplicacao>
          <codigo inid="Cp">ED-04</codigo>
        </campoAplicacao>
      </campoAplicacaoLista>
      <linguagemLista>
        <linguagem inid="Lg">JAVA</linguagem>
        <linguagem inid="Lg">JAVA SCRIPT</linguagem>
      </linguagemLista>
      <tipoProgramaLista>
        <tipoPrograma>
          <codigo inid="Tp">AP-01</codigo>
        </tipoPrograma>
      </tipoProgramaLista>
      <titularLista>
        <titular sequencia="1" inid="73">
          <nome>UNIVERSIDADE FEDERAL DE MATO GROSSO DO SUL</nome>
        </titular>
      </titularLista>
      <criadorLista>
        <criador sequencia="1" inid="Cr">
          <nome>: JEFFERSON SOUZA RODRIGUES</nome>
        </criador>
        <criador sequencia="2" inid="Cr">
          <nome>AUGUSTO CESAR MUNARI JOFFER</nome>
        </criador>
        <criador sequencia="3" inid="Cr">
          <nome>BRUNO BARBIERI DE PONTES CAFEO</nome>
        </criador>
        <criador sequencia="4" inid="Cr">
          <nome>GABRIEL SANTANA DE MENEZES</nome>
        </criador>
        <criador sequencia="5" inid="Cr">
          <nome>GUILHERME SILVA CAMPOS</nome>
        </criador>
        <criador sequencia="6" inid="Cr">
          <nome>SIDNÉIA DOS ANJOS MIATO ROCHA</nome>
        </criador>
        <criador sequencia="7" inid="Cr">
          <nome>WILLIAM YUKINORI SANCHES KANASHIRO</nome>
        </criador>
      </criadorLista>
    </processo-programa>
  </despacho>
  <despacho>
    <codigo>730</codigo>
    <titulo>Expedição do Certificado de Registro</titulo>
    <processo-programa>
      <numero inid="Np">BR 51 2020 000600-0</numero>
      <titulo inid="54">E-Wood</titulo>
      <dataCriacao inid="Dl">13/06/2019</dataCriacao>
      <campoAplicacaoLista>
        <campoAplicacao>
          <codigo inid="Cp">CC-01</codigo>
        </campoAplicacao>
      </campoAplicacaoLista>
      <linguagemLista>
        <linguagem inid="Lg">JAVA</linguagem>
      </linguagemLista>
      <tipoProgramaLista>
        <tipoPrograma>
          <codigo inid="Tp">AP-01</codigo>
        </tipoPrograma>
        <tipoPrograma>
          <codigo inid="Tp">FA-01</codigo>
        </tipoPrograma>
        <tipoPrograma>
          <codigo inid="Tp">FA-04</codigo>
        </tipoPrograma>
      </tipoProgramaLista>
      <titularLista>
        <titular sequencia="1" inid="73">
          <nome>UNIVERSIDADE FEDERAL DE MATO GROSSO DO SUL</nome>
        </titular>
      </titularLista>
      <criadorLista>
        <criador sequencia="1" inid="Cr">
          <nome>ANDRÉS BATISTA CHEUNG</nome>
        </criador>
        <criador sequencia="2" inid="Cr">
          <nome>DIANE BUSSE ROSIN JANZEN</nome>
        </criador>
        <criador sequencia="3" inid="Cr">
          <nome>LUCIANA MONTERA CHEUNG</nome>
        </criador>
      </criadorLista>
    </processo-programa>
  </despacho>
  <despacho>
    <codigo>730</codigo>
    <titulo>Expedição do Certificado de Registro</titulo>
    <processo-programa>
      <numero inid="Np">BR 51 2020 000601-9</numero>
      <titulo inid="54">2iM.ANALYTICS</titulo>
      <dataCriacao inid="Dl">31/12/2019</dataCriacao>
      <campoAplicacaoLista>
        <campoAplicacao>
          <codigo inid="Cp">SD-02</codigo>
        </campoAplicacao>
        <campoAplicacao>
          <codigo inid="Cp">SD-05</codigo>
        </campoAplicacao>
        <campoAplicacao>
          <codigo inid="Cp">SD-06</codigo>
        </campoAplicacao>
        <campoAplicacao>
          <codigo inid="Cp">SD-07</codigo>
        </campoAplicacao>
        <campoAplicacao>
          <codigo inid="Cp">SD-08</codigo>
        </campoAplicacao>
      </campoAplicacaoLista>
      <linguagemLista>
        <linguagem inid="Lg">CSS</linguagem>
        <linguagem inid="Lg">FRAMEWORK</linguagem>
        <linguagem inid="Lg">HTML</linguagem>
        <linguagem inid="Lg">JQUERY</linguagem>
        <linguagem inid="Lg">PHP</linguagem>
        <linguagem inid="Lg">POSTGREE SQL</linguagem>
      </linguagemLista>
      <tipoProgramaLista>
        <tipoPrograma>
          <codigo inid="Tp">AV-01</codigo>
        </tipoPrograma>
        <tipoPrograma>
          <codigo inid="Tp">FA-04</codigo>
        </tipoPrograma>
        <tipoPrograma>
          <codigo inid="Tp">GI-01</codigo>
        </tipoPrograma>
        <tipoPrograma>
          <codigo inid="Tp">GI-04</codigo>
        </tipoPrograma>
        <tipoPrograma>
          <codigo inid="Tp">IA-02</codigo>
        </tipoPrograma>
      </tipoProgramaLista>
      <titularLista>
        <titular sequencia="1" inid="73">
          <nome>2IM INTELIGÊNCIA MÉDICA S/A</nome>
        </titular>
      </titularLista>
      <criadorLista>
        <criador sequencia="1" inid="Cr">
          <nome>CESAR LUIZ LACERDA ABICALAFFE</nome>
        </criador>
      </criadorLista>
    </processo-programa>
  </despacho>
  <despacho>
    <codigo>730</codigo>
    <titulo>Expedição do Certificado de Registro</titulo>
    <processo-programa>
      <numero inid="Np">BR 51 2020 000602-7</numero>
      <titulo inid="54">ACO (Ant Colony Optimization) para Extrair Features Dominantes em Imagens</titulo>
      <dataCriacao inid="Dl">12/07/2018</dataCriacao>
      <campoAplicacaoLista>
        <campoAplicacao>
          <codigo inid="Cp">MT-01</codigo>
        </campoAplicacao>
      </campoAplicacaoLista>
      <linguagemLista>
        <linguagem inid="Lg">MATLAB</linguagem>
      </linguagemLista>
      <tipoProgramaLista>
        <tipoPrograma>
          <codigo inid="Tp">IA-01</codigo>
        </tipoPrograma>
      </tipoProgramaLista>
      <titularLista>
        <titular sequencia="1" inid="73">
          <nome>FERNANDO RODRIGUES TRINDADE FERREIRA</nome>
        </titular>
      </titularLista>
      <criadorLista>
        <criador sequencia="1" inid="Cr">
          <nome>FERNANDO RODRIGUES TRINDADE FERREIRA</nome>
        </criador>
        <criador sequencia="2" inid="Cr">
          <nome>LUIZ GUSTAVO BIZARRO MIRISOLA</nome>
        </criador>
        <criador sequencia="3" inid="Cr">
          <nome>NEI YOSHIHIRO SOMA</nome>
        </criador>
      </criadorLista>
    </processo-programa>
  </despacho>
  <despacho>
    <codigo>730</codigo>
    <titulo>Expedição do Certificado de Registro</titulo>
    <processo-programa>
      <numero inid="Np">BR 51 2020 000603-5</numero>
      <titulo inid="54">ICadX - Outsourcing dos Processos de Coleta e Monitoramento de Dados da Atenção Básica de Saúde</titulo>
      <dataCriacao inid="Dl">10/10/2019</dataCriacao>
      <campoAplicacaoLista>
        <campoAplicacao>
          <codigo inid="Cp">AD-04</codigo>
        </campoAplicacao>
      </campoAplicacaoLista>
      <linguagemLista>
        <linguagem inid="Lg">DELPHI</linguagem>
        <linguagem inid="Lg">FRAMEWORK</linguagem>
        <linguagem inid="Lg">JAVA</linguagem>
        <linguagem inid="Lg">JAVA SCRIPT</linguagem>
        <linguagem inid="Lg">JSON</linguagem>
        <linguagem inid="Lg">MYSQL</linguagem>
        <linguagem inid="Lg">POSTGREE SQL</linguagem>
      </linguagemLista>
      <tipoProgramaLista>
        <tipoPrograma>
          <codigo inid="Tp">AP-01</codigo>
        </tipoPrograma>
        <tipoPrograma>
          <codigo inid="Tp">AT-06</codigo>
        </tipoPrograma>
        <tipoPrograma>
          <codigo inid="Tp">FA-01</codigo>
        </tipoPrograma>
        <tipoPrograma>
          <codigo inid="Tp">IA-02</codigo>
        </tipoPrograma>
      </tipoProgramaLista>
      <titularLista>
        <titular sequencia="1" inid="73">
          <nome>NLX PRESTADORA DE SERVIÇO - LTDA</nome>
        </titular>
      </titularLista>
      <criadorLista>
        <criador sequencia="1" inid="Cr">
          <nome>CARLOS ALEXANDRE PONTE NEVES</nome>
        </criador>
      </criadorLista>
    </processo-programa>
  </despacho>
  <despacho>
    <codigo>730</codigo>
    <titulo>Expedição do Certificado de Registro</titulo>
    <processo-programa>
      <numero inid="Np">BR 51 2020 000604-3</numero>
      <titulo inid="54">Método em Cascata para o Processo de Detecção de Faces</titulo>
      <dataCriacao inid="Dl">10/03/2018</dataCriacao>
      <campoAplicacaoLista>
        <campoAplicacao>
          <codigo inid="Cp">MT-01</codigo>
        </campoAplicacao>
      </campoAplicacaoLista>
      <linguagemLista>
        <linguagem inid="Lg">MATLAB</linguagem>
      </linguagemLista>
      <tipoProgramaLista>
        <tipoPrograma>
          <codigo inid="Tp">IA-01</codigo>
        </tipoPrograma>
        <tipoPrograma>
          <codigo inid="Tp">TC-03</codigo>
        </tipoPrograma>
        <tipoPrograma>
          <codigo inid="Tp">TC-04</codigo>
        </tipoPrograma>
      </tipoProgramaLista>
      <titularLista>
        <titular sequencia="1" inid="73">
          <nome>FERNANDO RODRIGUES TRINDADE FERREIRA</nome>
        </titular>
      </titularLista>
      <criadorLista>
        <criador sequencia="1" inid="Cr">
          <nome>FERNANDO RODRIGUES TRINDADE FERREIRA</nome>
        </criador>
        <criador sequencia="2" inid="Cr">
          <nome>LUIZ GUSTAVO BIZARRO MIRISOLA</nome>
        </criador>
        <criador sequencia="3" inid="Cr">
          <nome>NEI YOSHIHIRO SOMA</nome>
        </criador>
      </criadorLista>
    </processo-programa>
  </despacho>
  <despacho>
    <codigo>730</codigo>
    <titulo>Expedição do Certificado de Registro</titulo>
    <processo-programa>
      <numero inid="Np">BR 51 2020 000605-1</numero>
      <titulo inid="54">Simulação - Movimento Harmônico Simples</titulo>
      <dataCriacao inid="Dl">27/03/2020</dataCriacao>
      <campoAplicacaoLista>
        <campoAplicacao>
          <codigo inid="Cp">ED-01</codigo>
        </campoAplicacao>
        <campoAplicacao>
          <codigo inid="Cp">ED-02</codigo>
        </campoAplicacao>
        <campoAplicacao>
          <codigo inid="Cp">ED-04</codigo>
        </campoAplicacao>
      </campoAplicacaoLista>
      <linguagemLista>
        <linguagem inid="Lg">PYTHON</linguagem>
      </linguagemLista>
      <tipoProgramaLista>
        <tipoPrograma>
          <codigo inid="Tp">FA-01</codigo>
        </tipoPrograma>
        <tipoPrograma>
          <codigo inid="Tp">SM-01</codigo>
        </tipoPrograma>
      </tipoProgramaLista>
      <titularLista>
        <titular sequencia="1" inid="73">
          <nome>BRUNO OSÓRIO RODRIGUES</nome>
        </titular>
      </titularLista>
      <criadorLista>
        <criador sequencia="1" inid="Cr">
          <nome>ANDRESON LUIS CARVALHO RÊGO</nome>
        </criador>
        <criador sequencia="2" inid="Cr">
          <nome>BRUNO OSÓRIO RODRIGUES</nome>
        </criador>
        <criador sequencia="3" inid="Cr">
          <nome>PAULA DOS REIS TANNER DE LIMA ALVES</nome>
        </criador>
      </criadorLista>
    </processo-programa>
  </despacho>
  <despacho>
    <codigo>730</codigo>
    <titulo>Expedição do Certificado de Registro</titulo>
    <processo-programa>
      <numero inid="Np">BR 51 2020 000606-0</numero>
      <titulo inid="54">PowerFT ECU versão geral 4.30</titulo>
      <dataCriacao inid="Dl">01/11/2019</dataCriacao>
      <campoAplicacaoLista>
        <campoAplicacao>
          <codigo inid="Cp">EN-05</codigo>
        </campoAplicacao>
        <campoAplicacao>
          <codigo inid="Cp">IN-02</codigo>
        </campoAplicacao>
        <campoAplicacao>
          <codigo inid="Cp">IN-03</codigo>
        </campoAplicacao>
      </campoAplicacaoLista>
      <linguagemLista>
        <linguagem inid="Lg">C</linguagem>
        <linguagem inid="Lg">C#</linguagem>
      </linguagemLista>
      <tipoProgramaLista>
        <tipoPrograma>
          <codigo inid="Tp">AT-08</codigo>
        </tipoPrograma>
      </tipoProgramaLista>
      <titularLista>
        <titular sequencia="1" inid="73">
          <nome>FUELTECH LTDA</nome>
        </titular>
      </titularLista>
      <criadorLista>
        <criador sequencia="1" inid="Cr">
          <nome>ANDERSON FREDERICO DICK</nome>
        </criador>
        <criador sequencia="2" inid="Cr">
          <nome>LEONARDO PRIANTI FONTOLAN</nome>
        </criador>
      </criadorLista>
    </processo-programa>
  </despacho>
  <despacho>
    <codigo>730</codigo>
    <titulo>Expedição do Certificado de Registro</titulo>
    <processo-programa>
      <numero inid="Np">BR 51 2020 000607-8</numero>
      <titulo inid="54">CerSis - Controle de rede modbus laboratorial</titulo>
      <dataCriacao inid="Dl">01/03/2020</dataCriacao>
      <campoAplicacaoLista>
        <campoAplicacao>
          <codigo inid="Cp">IN-03</codigo>
        </campoAplicacao>
      </campoAplicacaoLista>
      <linguagemLista>
        <linguagem inid="Lg">.NET</linguagem>
      </linguagemLista>
      <tipoProgramaLista>
        <tipoPrograma>
          <codigo inid="Tp">AP-01</codigo>
        </tipoPrograma>
        <tipoPrograma>
          <codigo inid="Tp">AP-03</codigo>
        </tipoPrograma>
        <tipoPrograma>
          <codigo inid="Tp">AT-01</codigo>
        </tipoPrograma>
        <tipoPrograma>
          <codigo inid="Tp">IT-01</codigo>
        </tipoPrograma>
        <tipoPrograma>
          <codigo inid="Tp">SO-08</codigo>
        </tipoPrograma>
      </tipoProgramaLista>
      <titularLista>
        <titular sequencia="1" inid="73">
          <nome>FELIPE AMORIM BERUTTI</nome>
        </titular>
      </titularLista>
      <criadorLista>
        <criador sequencia="1" inid="Cr">
          <nome>ANNELISE KOPP ALVES</nome>
        </criador>
      </criadorLista>
    </processo-programa>
  </despacho>
  <despacho>
    <codigo>730</codigo>
    <titulo>Expedição do Certificado de Registro</titulo>
    <processo-programa>
      <numero inid="Np">BR 51 2020 000608-6</numero>
      <titulo inid="54">JERIMUM JOBS</titulo>
      <dataCriacao inid="Dl">13/11/2017</dataCriacao>
      <campoAplicacaoLista>
        <campoAplicacao>
          <codigo inid="Cp">AD-04</codigo>
        </campoAplicacao>
        <campoAplicacao>
          <codigo inid="Cp">AD-07</codigo>
        </campoAplicacao>
      </campoAplicacaoLista>
      <linguagemLista>
        <linguagem inid="Lg">JAVA</linguagem>
      </linguagemLista>
      <tipoProgramaLista>
        <tipoPrograma>
          <codigo inid="Tp">AP-01</codigo>
        </tipoPrograma>
        <tipoPrograma>
          <codigo inid="Tp">GI-01</codigo>
        </tipoPrograma>
      </tipoProgramaLista>
      <titularLista>
        <titular sequencia="1" inid="73">
          <nome>UNIVERSIDADE FEDERAL DO RIO GRANDE DO NORTE</nome>
        </titular>
      </titularLista>
      <criadorLista>
        <criador sequencia="1" inid="Cr">
          <nome>ANDERSON PAIVA CRUZ</nome>
        </criador>
        <criador sequencia="2" inid="Cr">
          <nome>ANDRÉ SANTIAGO DA FONSECA SILVA</nome>
        </criador>
        <criador sequencia="3" inid="Cr">
          <nome>BRUNO SILVA DOS SANTOS</nome>
        </criador>
        <criador sequencia="4" inid="Cr">
          <nome>CARLOS DANILO CÂMARA DE OLIVEIRA</nome>
        </criador>
        <criador sequencia="5" inid="Cr">
          <nome>DAVID COELHO DOS SANTOS</nome>
        </criador>
        <criador sequencia="6" inid="Cr">
          <nome>FELIPE VANDERLEI BRASIL PINHEIRO</nome>
        </criador>
        <criador sequencia="7" inid="Cr">
          <nome>FERNANDA CHACON FONTOURA</nome>
        </criador>
        <criador sequencia="8" inid="Cr">
          <nome>GILMAR VITOR DA SILVA ANDRADE</nome>
        </criador>
        <criador sequencia="9" inid="Cr">
          <nome>ISRAEL ARAÚJO DO NASCIMENTO DANTAS</nome>
        </criador>
        <criador sequencia="10" inid="Cr">
          <nome>ITAMIR DE MORAIS BARROCA FILHO</nome>
        </criador>
        <criador sequencia="11" inid="Cr">
          <nome>ITANILDO AUGUSTO SINNESIO DANTAS</nome>
        </criador>
        <criador sequencia="12" inid="Cr">
          <nome>JACYANA SUASSUNA NUNES</nome>
        </criador>
        <criador sequencia="13" inid="Cr">
          <nome>JOSÉ ANTONIO BEZERRA JUNIOR</nome>
        </criador>
        <criador sequencia="14" inid="Cr">
          <nome>LUCIANO EDUARDO DANTAS BEZERRA FILHO</nome>
        </criador>
        <criador sequencia="15" inid="Cr">
          <nome>MARCOS ANTONIO CAVALCANTI JÚNIOR</nome>
        </criador>
        <criador sequencia="16" inid="Cr">
          <nome>RAFAEL GARCIA DANTAS</nome>
        </criador>
        <criador sequencia="17" inid="Cr">
          <nome>RENNO FRANK DE MELO XAVIER</nome>
        </criador>
        <criador sequencia="18" inid="Cr">
          <nome>SABRINA KARINE LOURENÇO DOS SANTOS</nome>
        </criador>
        <criador sequencia="19" inid="Cr">
          <nome>SEBASTIÃO NOBERTO CAMÊLO PESSÔA NETO</nome>
        </criador>
        <criador sequencia="20" inid="Cr">
          <nome>SÉRGIO GIORDANNO MEDEIROS DE LUNA</nome>
        </criador>
        <criador sequencia="21" inid="Cr">
          <nome>THIAGO JOSE DA SILVA</nome>
        </criador>
      </criadorLista>
    </processo-programa>
  </despacho>
  <despacho>
    <codigo>730</codigo>
    <titulo>Expedição do Certificado de Registro</titulo>
    <processo-programa>
      <numero inid="Np">BR 51 2020 000609-4</numero>
      <titulo inid="54">CREDENCIAMENTO</titulo>
      <dataCriacao inid="Dl">05/12/2017</dataCriacao>
      <campoAplicacaoLista>
        <campoAplicacao>
          <codigo inid="Cp">AD-02</codigo>
        </campoAplicacao>
        <campoAplicacao>
          <codigo inid="Cp">AD-04</codigo>
        </campoAplicacao>
      </campoAplicacaoLista>
      <linguagemLista>
        <linguagem inid="Lg">JAVA</linguagem>
      </linguagemLista>
      <tipoProgramaLista>
        <tipoPrograma>
          <codigo inid="Tp">AP-01</codigo>
        </tipoPrograma>
        <tipoPrograma>
          <codigo inid="Tp">GI-01</codigo>
        </tipoPrograma>
      </tipoProgramaLista>
      <titularLista>
        <titular sequencia="1" inid="73">
          <nome>UNIVERSIDADE FEDERAL DO RIO GRANDE DO NORTE</nome>
        </titular>
      </titularLista>
      <criadorLista>
        <criador sequencia="1" inid="Cr">
          <nome>ANDERSON PAIVA CRUZ</nome>
        </criador>
        <criador sequencia="2" inid="Cr">
          <nome>ANDRÉ SANTIAGO DA FONSECA SILVA</nome>
        </criador>
        <criador sequencia="3" inid="Cr">
          <nome>CARLOS DANILO CÂMARA DE OLIVEIRA</nome>
        </criador>
        <criador sequencia="4" inid="Cr">
          <nome>DAVID COELHO DOS SANTOS</nome>
        </criador>
        <criador sequencia="5" inid="Cr">
          <nome>FERNANDA CHACON FONTOURA</nome>
        </criador>
        <criador sequencia="6" inid="Cr">
          <nome>ITAMIR DE MORAIS BARROCA FILHO</nome>
        </criador>
        <criador sequencia="7" inid="Cr">
          <nome>ITANILDO AUGUSTO SINNESIO DANTAS</nome>
        </criador>
        <criador sequencia="8" inid="Cr">
          <nome>JULIETE VIEIRA DO COUTO</nome>
        </criador>
        <criador sequencia="9" inid="Cr">
          <nome>MARCOS ANTONIO CAVALCANTI JÚNIOR</nome>
        </criador>
        <criador sequencia="10" inid="Cr">
          <nome>MARCUS VINÍCIUS CHAVES MOREIRA</nome>
        </criador>
        <criador sequencia="11" inid="Cr">
          <nome>SÉRGIO GIORDANNO MEDEIROS DE LUNA</nome>
        </criador>
        <criador sequencia="12" inid="Cr">
          <nome>VIVIANE MEDEIROS DE FREITAS</nome>
        </criador>
      </criadorLista>
    </processo-programa>
  </despacho>
  <despacho>
    <codigo>730</codigo>
    <titulo>Expedição do Certificado de Registro</titulo>
    <processo-programa>
      <numero inid="Np">BR 51 2020 000612-4</numero>
      <titulo inid="54">Sistema MIRA</titulo>
      <dataCriacao inid="Dl">22/05/2010</dataCriacao>
      <campoAplicacaoLista>
        <campoAplicacao>
          <codigo inid="Cp">PS-01</codigo>
        </campoAplicacao>
      </campoAplicacaoLista>
      <linguagemLista>
        <linguagem inid="Lg">DELPHI</linguagem>
      </linguagemLista>
      <tipoProgramaLista>
        <tipoPrograma>
          <codigo inid="Tp">SO-02</codigo>
        </tipoPrograma>
      </tipoProgramaLista>
      <titularLista>
        <titular sequencia="1" inid="73">
          <nome>UNIVERSIDADE FEDERAL DO RIO DE JANEIRO</nome>
        </titular>
      </titularLista>
      <criadorLista>
        <criador sequencia="1" inid="Cr">
          <nome>BRUNA BRANDÃO VELASQUES</nome>
        </criador>
        <criador sequencia="2" inid="Cr">
          <nome>CARLOS FERNANDO GASTÃO AMOROSO</nome>
        </criador>
        <criador sequencia="3" inid="Cr">
          <nome>EDUARDO BECKER NICOLICHE</nome>
        </criador>
        <criador sequencia="4" inid="Cr">
          <nome>JESSÉ DI GIACOMO SILVA</nome>
        </criador>
        <criador sequencia="5" inid="Cr">
          <nome>JOÃO LUIS JUNQUEIRA MORAES</nome>
        </criador>
        <criador sequencia="6" inid="Cr">
          <nome>JULIANA BITTENCOURT MARQUES</nome>
        </criador>
        <criador sequencia="7" inid="Cr">
          <nome>MARCELO PONTES NOBRE</nome>
        </criador>
        <criador sequencia="8" inid="Cr">
          <nome>MARCO ANTONIO ORSINI NEVES</nome>
        </criador>
        <criador sequencia="9" inid="Cr">
          <nome>MARCOS VINÍCIUS MACHADO REGO</nome>
        </criador>
        <criador sequencia="10" inid="Cr">
          <nome>MARIANA BRANCO GONGORA</nome>
        </criador>
        <criador sequencia="11" inid="Cr">
          <nome>MAURÍCIO CAGY</nome>
        </criador>
        <criador sequencia="12" inid="Cr">
          <nome>ROY REIS FRIEDE</nome>
        </criador>
      </criadorLista>
    </processo-programa>
  </despacho>
  <despacho>
    <codigo>730</codigo>
    <titulo>Expedição do Certificado de Registro</titulo>
    <processo-programa>
      <numero inid="Np">BR 51 2020 000613-2</numero>
      <titulo inid="54">GEOSYX</titulo>
      <dataCriacao inid="Dl">01/03/2020</dataCriacao>
      <campoAplicacaoLista>
        <campoAplicacao>
          <codigo inid="Cp">AD-08</codigo>
        </campoAplicacao>
      </campoAplicacaoLista>
      <linguagemLista>
        <linguagem inid="Lg">JAVA SCRIPT</linguagem>
        <linguagem inid="Lg">PHP</linguagem>
      </linguagemLista>
      <tipoProgramaLista>
        <tipoPrograma>
          <codigo inid="Tp">GI-01</codigo>
        </tipoPrograma>
      </tipoProgramaLista>
      <titularLista>
        <titular sequencia="1" inid="73">
          <nome>TAMTEX CONFEÇÇÃO E COMÉRCIO DE MALHAS LTDA. EPP</nome>
        </titular>
      </titularLista>
      <criadorLista>
        <criador sequencia="1" inid="Cr">
          <nome>ANTONIO CARLOS BERTAGNOLI</nome>
        </criador>
        <criador sequencia="2" inid="Cr">
          <nome>FELIPE SILVERIO</nome>
        </criador>
      </criadorLista>
    </processo-programa>
  </despacho>
  <despacho>
    <codigo>734</codigo>
    <titulo>Transferência de Titularidade</titulo>
    <processo-programa>
      <numero inid="Np">10596-2</numero>
      <titulo inid="54">SAUDE LAB</titulo>
      <titularLista>
        <titular sequencia="1" inid="73">
          <nome>MOREIRA &amp; BITENCOURT LTDA</nome>
        </titular>
      </titularLista>
    </processo-programa>
    <comentario inid="co">Transferência da petição 870200042040 homologada.</comentario>
  </despacho>
  <despacho>
    <codigo>734</codigo>
    <titulo>Transferência de Titularidade</titulo>
    <processo-programa>
      <numero inid="Np">BR 51 2019 002506-7</numero>
      <titulo inid="54">4S - Short Step Sale System</titulo>
      <titularLista>
        <titular sequencia="1" inid="73">
          <nome>AMPLOCOR CORRETORA E REPRESENTACOES COMERCIAIS LTDA</nome>
        </titular>
      </titularLista>
    </processo-programa>
    <comentario inid="co">Transferência da petição 870200040524 homologada.</comentario>
  </despacho>
  <despacho>
    <codigo>747</codigo>
    <titulo>Correção de dados no Certificado de Registro devido à falha do interessado</titulo>
    <processo-programa>
      <numero inid="Np">BR 51 2013 001079-9</numero>
      <titulo inid="54">BRISK</titulo>
      <titularLista>
        <titular sequencia="1" inid="73">
          <nome>CDIS INFORMATICA LTDA - EPP</nome>
        </titular>
      </titularLista>
    </processo-programa>
    <comentario inid="co">Alteração de título realizada conforme solicitação.</comentario>
  </despacho>
  <despacho>
    <codigo>747</codigo>
    <titulo>Correção de dados no Certificado de Registro devido à falha do interessado</titulo>
    <processo-programa>
      <numero inid="Np">BR 51 2019 001454-5</numero>
      <titulo inid="54">RVCEMIG - SISTEMA DE REALIDADE VIRTUAL PARA MONITORAMENTO E CONTROLE DE SUBESTAÇÕES DE ENERGIA ELÉTRICA</titulo>
      <titularLista>
        <titular sequencia="1" inid="73">
          <nome>CEMIG GERAÇÃO E TRANSMISSÃO S.A</nome>
        </titular>
        <titular sequencia="2" inid="73">
          <nome>UNIVERSIDADE FEDERAL DE UBERLÂNDIA</nome>
        </titular>
      </titularLista>
    </processo-programa>
    <comentario inid="co">Inclusão de autores realizada conforme solicitação.</comentario>
  </despacho>
  <despacho>
    <codigo>747</codigo>
    <titulo>Correção de dados no Certificado de Registro devido à falha do interessado</titulo>
    <processo-programa>
      <numero inid="Np">BR 51 2019 001468-5</numero>
      <titulo inid="54">RVCEMIG - SISTEMA DE VISUALIZAÇÃO PARA OPERAÇÃO EM CENTRAIS HIDRELÉTRICAS</titulo>
      <titularLista>
        <titular sequencia="1" inid="73">
          <nome>CEMIG GERAÇÃO E TRANSMISSÃO S.A</nome>
        </titular>
        <titular sequencia="2" inid="73">
          <nome>UNIVERSIDADE FEDERAL DE UBERLÂNDIA</nome>
        </titular>
      </titularLista>
    </processo-programa>
    <comentario inid="co">Inclusão de autores realizada conforme solicitação.</comentario>
  </despacho>
</revista>