<revista numero="2719" dataPublicacao="14/02/2023" diretoria="Programa">
  <despacho>
    <codigo>709</codigo>
    <titulo>Renúncia do Registro</titulo>
    <processo-programa>
      <numero inid="Np">BR 51 2021 002933-0</numero>
      <titulo inid="54">Plataforma e dispositivos IOT com comunicação por cabos e sem fio, em rede do tipo malha, criptografada, utilizando servidores com bancos de dados locais ou descentralizados (nuvem).</titulo>
    </processo-programa>
  </despacho>
  <despacho>
    <codigo>730</codigo>
    <titulo>Expedição do Certificado de Registro</titulo>
    <processo-programa>
      <numero inid="Np">BR 51 2023 000214-3</numero>
      <titulo inid="54">Detecção de padrões funcionais em Ressonância Magnética do cérebro por meio de 4D deep learning e redes adversárias generativas</titulo>
      <dataCriacao inid="Dl">29/10/2022</dataCriacao>
      <campoAplicacaoLista>
        <campoAplicacao>
          <codigo inid="Cp">SD-07</codigo>
        </campoAplicacao>
        <campoAplicacao>
          <codigo inid="Cp">SD-08</codigo>
        </campoAplicacao>
      </campoAplicacaoLista>
      <linguagemLista>
        <linguagem inid="Lg">PYTHON</linguagem>
      </linguagemLista>
      <tipoProgramaLista>
        <tipoPrograma>
          <codigo inid="Tp">IA-01</codigo>
        </tipoPrograma>
      </tipoProgramaLista>
      <titularLista>
        <titular sequencia="1" inid="73">
          <nome>LUIS ANDRE DUTRA E SILVA</nome>
        </titular>
      </titularLista>
      <criadorLista>
        <criador sequencia="1" inid="Cr">
          <nome>LUIS ANDRE DUTRA E SILVA</nome>
        </criador>
      </criadorLista>
    </processo-programa>
  </despacho>
  <despacho>
    <codigo>730</codigo>
    <titulo>Expedição do Certificado de Registro</titulo>
    <processo-programa>
      <numero inid="Np">BR 51 2023 000275-5</numero>
      <titulo inid="54">Sistema de Cálculos Agronômicos - Sis_Agr Calculadora Agronômica</titulo>
      <dataCriacao inid="Dl">31/01/2023</dataCriacao>
      <campoAplicacaoLista>
        <campoAplicacao>
          <codigo inid="Cp">AG-02</codigo>
        </campoAplicacao>
      </campoAplicacaoLista>
      <linguagemLista>
        <linguagem inid="Lg">JAVA SCRIPT</linguagem>
        <linguagem inid="Lg">JSON</linguagem>
      </linguagemLista>
      <tipoProgramaLista>
        <tipoPrograma>
          <codigo inid="Tp">AP-01</codigo>
        </tipoPrograma>
      </tipoProgramaLista>
      <titularLista>
        <titular sequencia="1" inid="73">
          <nome>MARCOS WAGNER DE SOUZA RIBEIRO</nome>
        </titular>
      </titularLista>
      <criadorLista>
        <criador sequencia="1" inid="Cr">
          <nome>ANA CAROLINA GONDIM INOCÊNCIO</nome>
        </criador>
        <criador sequencia="2" inid="Cr">
          <nome>GUSTAVO BORGES GUIMARÃES</nome>
        </criador>
        <criador sequencia="3" inid="Cr">
          <nome>HUGO FRANCISCO MEDEIROS BARRETO</nome>
        </criador>
        <criador sequencia="4" inid="Cr">
          <nome>LUCIANO FERREIRA DE CARVALHO NETO</nome>
        </criador>
      </criadorLista>
    </processo-programa>
  </despacho>
  <despacho>
    <codigo>730</codigo>
    <titulo>Expedição do Certificado de Registro</titulo>
    <processo-programa>
      <numero inid="Np">BR 51 2023 000276-3</numero>
      <titulo inid="54">STING_RF: Binding affinity prediction using a nonparametric regression model based on physicochemical and structural descriptors of the nano-environment  for protein-ligand interactions</titulo>
      <dataCriacao inid="Dl">01/05/2016</dataCriacao>
      <campoAplicacaoLista>
        <campoAplicacao>
          <codigo inid="Cp">BL-07</codigo>
        </campoAplicacao>
      </campoAplicacaoLista>
      <linguagemLista>
        <linguagem inid="Lg">JAVA</linguagem>
        <linguagem inid="Lg">PYTHON</linguagem>
        <linguagem inid="Lg">R</linguagem>
      </linguagemLista>
      <tipoProgramaLista>
        <tipoPrograma>
          <codigo inid="Tp">IA-01</codigo>
        </tipoPrograma>
        <tipoPrograma>
          <codigo inid="Tp">TC-03</codigo>
        </tipoPrograma>
      </tipoProgramaLista>
      <titularLista>
        <titular sequencia="1" inid="73">
          <nome>LUIZ CÉSAR BORRO</nome>
        </titular>
      </titularLista>
      <criadorLista>
        <criador sequencia="1" inid="Cr">
          <nome>GORAN NESIC</nome>
        </criador>
        <criador sequencia="2" inid="Cr">
          <nome>LUIZ CÉSAR BORRO</nome>
        </criador>
      </criadorLista>
    </processo-programa>
  </despacho>
  <despacho>
    <codigo>730</codigo>
    <titulo>Expedição do Certificado de Registro</titulo>
    <processo-programa>
      <numero inid="Np">BR 51 2023 000277-1</numero>
      <titulo inid="54">URBE ACESSÍVEL</titulo>
      <dataCriacao inid="Dl">10/11/2022</dataCriacao>
      <campoAplicacaoLista>
        <campoAplicacao>
          <codigo inid="Cp">AH-02</codigo>
        </campoAplicacao>
        <campoAplicacao>
          <codigo inid="Cp">AH-05</codigo>
        </campoAplicacao>
        <campoAplicacao>
          <codigo inid="Cp">AN-02</codigo>
        </campoAplicacao>
      </campoAplicacaoLista>
      <linguagemLista>
        <linguagem inid="Lg">JAVA SCRIPT</linguagem>
      </linguagemLista>
      <tipoProgramaLista>
        <tipoPrograma>
          <codigo inid="Tp">AP-01</codigo>
        </tipoPrograma>
      </tipoProgramaLista>
      <titularLista>
        <titular sequencia="1" inid="73">
          <nome>FUNDAÇÃO EDUCACIONAL JAYME DE ALTAVILA - FEJAL</nome>
        </titular>
      </titularLista>
      <criadorLista>
        <criador sequencia="1" inid="Cr">
          <nome>CARLOS ALBERTO CORREIA LESSA FILHO</nome>
        </criador>
        <criador sequencia="2" inid="Cr">
          <nome>EBERTH MARQUES DA SILVA</nome>
        </criador>
        <criador sequencia="3" inid="Cr">
          <nome>JESSÉ MARQUES DA SILVA JÚNIOR PAVÃO</nome>
        </criador>
        <criador sequencia="4" inid="Cr">
          <nome>JOÃO PEREIRA JÚNIOR</nome>
        </criador>
        <criador sequencia="5" inid="Cr">
          <nome>KAYLANNE REGINA DA SILVA</nome>
        </criador>
        <criador sequencia="6" inid="Cr">
          <nome>LUCAS MATHEUS DE MELO SANTOS</nome>
        </criador>
        <criador sequencia="7" inid="Cr">
          <nome>LUIZ GUSTAVO MARQUES DA SILVA</nome>
        </criador>
        <criador sequencia="8" inid="Cr">
          <nome>MARIA VERÔNICA TEIXEIRA CAVALCANTE</nome>
        </criador>
        <criador sequencia="9" inid="Cr">
          <nome>MOZART DE MELO ALVES JUNIOR</nome>
        </criador>
        <criador sequencia="10" inid="Cr">
          <nome>PAULO ROGÉRIO BARBOSA DE MIRANDA</nome>
        </criador>
        <criador sequencia="11" inid="Cr">
          <nome>RODNEY AZEVEDO KOZLOWISKI DE AZEVEDO</nome>
        </criador>
      </criadorLista>
    </processo-programa>
  </despacho>
  <despacho>
    <codigo>730</codigo>
    <titulo>Expedição do Certificado de Registro</titulo>
    <processo-programa>
      <numero inid="Np">BR 51 2023 000278-0</numero>
      <titulo inid="54">Count PCRunning</titulo>
      <dataCriacao inid="Dl">02/11/2022</dataCriacao>
      <campoAplicacaoLista>
        <campoAplicacao>
          <codigo inid="Cp">MA-01</codigo>
        </campoAplicacao>
        <campoAplicacao>
          <codigo inid="Cp">MA-02</codigo>
        </campoAplicacao>
        <campoAplicacao>
          <codigo inid="Cp">MA-03</codigo>
        </campoAplicacao>
        <campoAplicacao>
          <codigo inid="Cp">MA-04</codigo>
        </campoAplicacao>
        <campoAplicacao>
          <codigo inid="Cp">SM-02</codigo>
        </campoAplicacao>
      </campoAplicacaoLista>
      <linguagemLista>
        <linguagem inid="Lg">PYTHON</linguagem>
      </linguagemLista>
      <tipoProgramaLista>
        <tipoPrograma>
          <codigo inid="Tp">AP-01</codigo>
        </tipoPrograma>
        <tipoPrograma>
          <codigo inid="Tp">AP-03</codigo>
        </tipoPrograma>
      </tipoProgramaLista>
      <titularLista>
        <titular sequencia="1" inid="73">
          <nome>FUNDAÇÃO EDUCACIONAL JAYME DE ALTAVILA - FEJAL</nome>
        </titular>
      </titularLista>
      <criadorLista>
        <criador sequencia="1" inid="Cr">
          <nome>ANSELMO JOSÉ DA SILVA</nome>
        </criador>
        <criador sequencia="2" inid="Cr">
          <nome>ARTUR VICTOR DE SOUZA CORDEIRO</nome>
        </criador>
        <criador sequencia="3" inid="Cr">
          <nome>EDUARDO GUILHERME PEIXOTO MELO</nome>
        </criador>
        <criador sequencia="4" inid="Cr">
          <nome>PAULO ROGÉRIO BARBOSA DE MIRANDA</nome>
        </criador>
      </criadorLista>
    </processo-programa>
  </despacho>
  <despacho>
    <codigo>730</codigo>
    <titulo>Expedição do Certificado de Registro</titulo>
    <processo-programa>
      <numero inid="Np">BR 51 2023 000279-8</numero>
      <titulo inid="54">CONEXOS Cloud</titulo>
      <dataCriacao inid="Dl">28/07/1998</dataCriacao>
      <campoAplicacaoLista>
        <campoAplicacao>
          <codigo inid="Cp">AD-01</codigo>
        </campoAplicacao>
        <campoAplicacao>
          <codigo inid="Cp">AD-03</codigo>
        </campoAplicacao>
        <campoAplicacao>
          <codigo inid="Cp">AD-05</codigo>
        </campoAplicacao>
        <campoAplicacao>
          <codigo inid="Cp">AD-08</codigo>
        </campoAplicacao>
        <campoAplicacao>
          <codigo inid="Cp">AD-09</codigo>
        </campoAplicacao>
        <campoAplicacao>
          <codigo inid="Cp">AD-11</codigo>
        </campoAplicacao>
        <campoAplicacao>
          <codigo inid="Cp">AG-01</codigo>
        </campoAplicacao>
        <campoAplicacao>
          <codigo inid="Cp">EC-05</codigo>
        </campoAplicacao>
        <campoAplicacao>
          <codigo inid="Cp">EC-08</codigo>
        </campoAplicacao>
        <campoAplicacao>
          <codigo inid="Cp">EC-14</codigo>
        </campoAplicacao>
        <campoAplicacao>
          <codigo inid="Cp">FN-03</codigo>
        </campoAplicacao>
        <campoAplicacao>
          <codigo inid="Cp">FN-05</codigo>
        </campoAplicacao>
        <campoAplicacao>
          <codigo inid="Cp">FN-06</codigo>
        </campoAplicacao>
        <campoAplicacao>
          <codigo inid="Cp">IF-02</codigo>
        </campoAplicacao>
        <campoAplicacao>
          <codigo inid="Cp">IF-03</codigo>
        </campoAplicacao>
        <campoAplicacao>
          <codigo inid="Cp">IF-04</codigo>
        </campoAplicacao>
        <campoAplicacao>
          <codigo inid="Cp">IF-06</codigo>
        </campoAplicacao>
        <campoAplicacao>
          <codigo inid="Cp">IF-07</codigo>
        </campoAplicacao>
        <campoAplicacao>
          <codigo inid="Cp">IF-10</codigo>
        </campoAplicacao>
        <campoAplicacao>
          <codigo inid="Cp">SV-03</codigo>
        </campoAplicacao>
        <campoAplicacao>
          <codigo inid="Cp">TP-01</codigo>
        </campoAplicacao>
      </campoAplicacaoLista>
      <linguagemLista>
        <linguagem inid="Lg">CSS</linguagem>
        <linguagem inid="Lg">FRAMEWORK</linguagem>
        <linguagem inid="Lg">HTML</linguagem>
        <linguagem inid="Lg">JAVA</linguagem>
        <linguagem inid="Lg">JAVA SCRIPT</linguagem>
        <linguagem inid="Lg">JSON</linguagem>
        <linguagem inid="Lg">PL / SQL</linguagem>
        <linguagem inid="Lg">SQL</linguagem>
        <linguagem inid="Lg">XML</linguagem>
      </linguagemLista>
      <tipoProgramaLista>
        <tipoPrograma>
          <codigo inid="Tp">AP-01</codigo>
        </tipoPrograma>
        <tipoPrograma>
          <codigo inid="Tp">AP-02</codigo>
        </tipoPrograma>
        <tipoPrograma>
          <codigo inid="Tp">AP-03</codigo>
        </tipoPrograma>
        <tipoPrograma>
          <codigo inid="Tp">AP-04</codigo>
        </tipoPrograma>
        <tipoPrograma>
          <codigo inid="Tp">AP-05</codigo>
        </tipoPrograma>
        <tipoPrograma>
          <codigo inid="Tp">AT-01</codigo>
        </tipoPrograma>
        <tipoPrograma>
          <codigo inid="Tp">AT-02</codigo>
        </tipoPrograma>
        <tipoPrograma>
          <codigo inid="Tp">AT-03</codigo>
        </tipoPrograma>
        <tipoPrograma>
          <codigo inid="Tp">AT-05</codigo>
        </tipoPrograma>
        <tipoPrograma>
          <codigo inid="Tp">AT-06</codigo>
        </tipoPrograma>
        <tipoPrograma>
          <codigo inid="Tp">AT-07</codigo>
        </tipoPrograma>
        <tipoPrograma>
          <codigo inid="Tp">AV-01</codigo>
        </tipoPrograma>
        <tipoPrograma>
          <codigo inid="Tp">AV-02</codigo>
        </tipoPrograma>
        <tipoPrograma>
          <codigo inid="Tp">CD-01</codigo>
        </tipoPrograma>
        <tipoPrograma>
          <codigo inid="Tp">CD-04</codigo>
        </tipoPrograma>
        <tipoPrograma>
          <codigo inid="Tp">DS-01</codigo>
        </tipoPrograma>
        <tipoPrograma>
          <codigo inid="Tp">DS-05</codigo>
        </tipoPrograma>
        <tipoPrograma>
          <codigo inid="Tp">DS-07</codigo>
        </tipoPrograma>
        <tipoPrograma>
          <codigo inid="Tp">FA-01</codigo>
        </tipoPrograma>
        <tipoPrograma>
          <codigo inid="Tp">GI-01</codigo>
        </tipoPrograma>
        <tipoPrograma>
          <codigo inid="Tp">GI-03</codigo>
        </tipoPrograma>
        <tipoPrograma>
          <codigo inid="Tp">GI-04</codigo>
        </tipoPrograma>
        <tipoPrograma>
          <codigo inid="Tp">GI-05</codigo>
        </tipoPrograma>
        <tipoPrograma>
          <codigo inid="Tp">GI-06</codigo>
        </tipoPrograma>
        <tipoPrograma>
          <codigo inid="Tp">GI-07</codigo>
        </tipoPrograma>
        <tipoPrograma>
          <codigo inid="Tp">IA-02</codigo>
        </tipoPrograma>
      </tipoProgramaLista>
      <titularLista>
        <titular sequencia="1" inid="73">
          <nome>CONEXOS CONSULTORIA E SISTEMAS LTDA - EPP</nome>
        </titular>
      </titularLista>
      <criadorLista>
        <criador sequencia="1" inid="Cr">
          <nome>CLAUDENIR SCALZER</nome>
        </criador>
        <criador sequencia="2" inid="Cr">
          <nome>KEZIO GUAITOLINI</nome>
        </criador>
      </criadorLista>
    </processo-programa>
  </despacho>
  <despacho>
    <codigo>730</codigo>
    <titulo>Expedição do Certificado de Registro</titulo>
    <processo-programa>
      <numero inid="Np">BR 51 2023 000280-1</numero>
      <titulo inid="54">SISPONTO RH DESKTOP, HCS, MOBILE, FACIAL, 671</titulo>
      <dataCriacao inid="Dl">10/12/2021</dataCriacao>
      <campoAplicacaoLista>
        <campoAplicacao>
          <codigo inid="Cp">AD-01</codigo>
        </campoAplicacao>
        <campoAplicacao>
          <codigo inid="Cp">AD-02</codigo>
        </campoAplicacao>
        <campoAplicacao>
          <codigo inid="Cp">AD-04</codigo>
        </campoAplicacao>
        <campoAplicacao>
          <codigo inid="Cp">AD-05</codigo>
        </campoAplicacao>
        <campoAplicacao>
          <codigo inid="Cp">AD-11</codigo>
        </campoAplicacao>
        <campoAplicacao>
          <codigo inid="Cp">CC-01</codigo>
        </campoAplicacao>
        <campoAplicacao>
          <codigo inid="Cp">EC-14</codigo>
        </campoAplicacao>
        <campoAplicacao>
          <codigo inid="Cp">FN-06</codigo>
        </campoAplicacao>
        <campoAplicacao>
          <codigo inid="Cp">TB-01</codigo>
        </campoAplicacao>
        <campoAplicacao>
          <codigo inid="Cp">TB-02</codigo>
        </campoAplicacao>
        <campoAplicacao>
          <codigo inid="Cp">TP-03</codigo>
        </campoAplicacao>
      </campoAplicacaoLista>
      <linguagemLista>
        <linguagem inid="Lg">DELPHI</linguagem>
        <linguagem inid="Lg">MYSQL</linguagem>
        <linguagem inid="Lg">SQL</linguagem>
      </linguagemLista>
      <tipoProgramaLista>
        <tipoPrograma>
          <codigo inid="Tp">AP-01</codigo>
        </tipoPrograma>
        <tipoPrograma>
          <codigo inid="Tp">AP-03</codigo>
        </tipoPrograma>
        <tipoPrograma>
          <codigo inid="Tp">AT-01</codigo>
        </tipoPrograma>
        <tipoPrograma>
          <codigo inid="Tp">AT-02</codigo>
        </tipoPrograma>
        <tipoPrograma>
          <codigo inid="Tp">CD-01</codigo>
        </tipoPrograma>
        <tipoPrograma>
          <codigo inid="Tp">CD-05</codigo>
        </tipoPrograma>
        <tipoPrograma>
          <codigo inid="Tp">FA-01</codigo>
        </tipoPrograma>
        <tipoPrograma>
          <codigo inid="Tp">GI-06</codigo>
        </tipoPrograma>
        <tipoPrograma>
          <codigo inid="Tp">SO-02</codigo>
        </tipoPrograma>
        <tipoPrograma>
          <codigo inid="Tp">SO-06</codigo>
        </tipoPrograma>
      </tipoProgramaLista>
      <titularLista>
        <titular sequencia="1" inid="73">
          <nome>JACKSON TULIO REIS</nome>
        </titular>
      </titularLista>
      <criadorLista>
        <criador sequencia="1" inid="Cr">
          <nome>JACKSON TULIO REIS</nome>
        </criador>
      </criadorLista>
    </processo-programa>
  </despacho>
  <despacho>
    <codigo>730</codigo>
    <titulo>Expedição do Certificado de Registro</titulo>
    <processo-programa>
      <numero inid="Np">BR 51 2023 000281-0</numero>
      <titulo inid="54">Single APP Portal</titulo>
      <dataCriacao inid="Dl">01/01/2022</dataCriacao>
      <campoAplicacaoLista>
        <campoAplicacao>
          <codigo inid="Cp">AD-01</codigo>
        </campoAplicacao>
        <campoAplicacao>
          <codigo inid="Cp">AD-05</codigo>
        </campoAplicacao>
        <campoAplicacao>
          <codigo inid="Cp">AD-07</codigo>
        </campoAplicacao>
        <campoAplicacao>
          <codigo inid="Cp">AD-11</codigo>
        </campoAplicacao>
      </campoAplicacaoLista>
      <linguagemLista>
        <linguagem inid="Lg">JAVA SCRIPT</linguagem>
        <linguagem inid="Lg">JSON</linguagem>
        <linguagem inid="Lg">MYSQL</linguagem>
        <linguagem inid="Lg">NODEJS</linguagem>
      </linguagemLista>
      <tipoProgramaLista>
        <tipoPrograma>
          <codigo inid="Tp">AP-01</codigo>
        </tipoPrograma>
        <tipoPrograma>
          <codigo inid="Tp">AP-03</codigo>
        </tipoPrograma>
        <tipoPrograma>
          <codigo inid="Tp">AT-01</codigo>
        </tipoPrograma>
        <tipoPrograma>
          <codigo inid="Tp">AT-02</codigo>
        </tipoPrograma>
        <tipoPrograma>
          <codigo inid="Tp">AT-06</codigo>
        </tipoPrograma>
        <tipoPrograma>
          <codigo inid="Tp">IA-02</codigo>
        </tipoPrograma>
      </tipoProgramaLista>
      <titularLista>
        <titular sequencia="1" inid="73">
          <nome>MARIANA CICALA BRETAS</nome>
        </titular>
        <titular sequencia="2" inid="73">
          <nome>MCB CONSULTING LTDA</nome>
        </titular>
      </titularLista>
      <criadorLista>
        <criador sequencia="1" inid="Cr">
          <nome>MARCO ANTONIO SILVA ARAUJO DIAS</nome>
        </criador>
      </criadorLista>
    </processo-programa>
  </despacho>
  <despacho>
    <codigo>730</codigo>
    <titulo>Expedição do Certificado de Registro</titulo>
    <processo-programa>
      <numero inid="Np">BR 51 2023 000282-8</numero>
      <titulo inid="54">Portal do Cidadão</titulo>
      <dataCriacao inid="Dl">30/05/2022</dataCriacao>
      <campoAplicacaoLista>
        <campoAplicacao>
          <codigo inid="Cp">IF-10</codigo>
        </campoAplicacao>
      </campoAplicacaoLista>
      <linguagemLista>
        <linguagem inid="Lg">.NET</linguagem>
        <linguagem inid="Lg">C#</linguagem>
        <linguagem inid="Lg">CSS</linguagem>
        <linguagem inid="Lg">HTML</linguagem>
        <linguagem inid="Lg">JAVA SCRIPT</linguagem>
        <linguagem inid="Lg">JSON</linguagem>
      </linguagemLista>
      <tipoProgramaLista>
        <tipoPrograma>
          <codigo inid="Tp">AP-01</codigo>
        </tipoPrograma>
        <tipoPrograma>
          <codigo inid="Tp">GI-01</codigo>
        </tipoPrograma>
      </tipoProgramaLista>
      <titularLista>
        <titular sequencia="1" inid="73">
          <nome>SUPERINTENDENCIA ESTADUAL DE TECNOLOGIA DA INFORMAÇÃO E COMUNICAÇÃO</nome>
        </titular>
      </titularLista>
      <criadorLista>
        <criador sequencia="1" inid="Cr">
          <nome>ALEF CARVALHO DA SILVA</nome>
        </criador>
        <criador sequencia="2" inid="Cr">
          <nome>ANDRÉ HONÓRIO DE ANDRADE SILVA</nome>
        </criador>
        <criador sequencia="3" inid="Cr">
          <nome>ANNY VICTORIA DOS SANTOS GOMES RIBEIRO</nome>
        </criador>
        <criador sequencia="4" inid="Cr">
          <nome>EDUARDO SOUZA FERREIRA</nome>
        </criador>
        <criador sequencia="5" inid="Cr">
          <nome>EMANUEL RUFINO ALCANTARA DE LIMA</nome>
        </criador>
        <criador sequencia="6" inid="Cr">
          <nome>EURIANE NOGUEIRA FROTA</nome>
        </criador>
        <criador sequencia="7" inid="Cr">
          <nome>GEZINÉIA PAULA DA COSTA</nome>
        </criador>
        <criador sequencia="8" inid="Cr">
          <nome>GUSTAVO FELIX GOMES</nome>
        </criador>
        <criador sequencia="9" inid="Cr">
          <nome>KARINE NOGUEIRA DOS SANTOS</nome>
        </criador>
        <criador sequencia="10" inid="Cr">
          <nome>LUCAS DE SOUZA E SOUSA</nome>
        </criador>
        <criador sequencia="11" inid="Cr">
          <nome>MONIKE IZZO MARTINS</nome>
        </criador>
        <criador sequencia="12" inid="Cr">
          <nome>RAFAEL PASSOS DOS SANTOS</nome>
        </criador>
        <criador sequencia="13" inid="Cr">
          <nome>WAGNER MOREIRA MELO</nome>
        </criador>
      </criadorLista>
    </processo-programa>
  </despacho>
  <despacho>
    <codigo>730</codigo>
    <titulo>Expedição do Certificado de Registro</titulo>
    <processo-programa>
      <numero inid="Np">BR 51 2023 000283-6</numero>
      <titulo inid="54">Sistema Inteligente de Diagnóstico e Desfecho de Doenças</titulo>
      <dataCriacao inid="Dl">15/12/2022</dataCriacao>
      <campoAplicacaoLista>
        <campoAplicacao>
          <codigo inid="Cp">SD-02</codigo>
        </campoAplicacao>
        <campoAplicacao>
          <codigo inid="Cp">SD-05</codigo>
        </campoAplicacao>
      </campoAplicacaoLista>
      <linguagemLista>
        <linguagem inid="Lg">PYTHON</linguagem>
        <linguagem inid="Lg">SQL</linguagem>
      </linguagemLista>
      <tipoProgramaLista>
        <tipoPrograma>
          <codigo inid="Tp">IA-01</codigo>
        </tipoPrograma>
      </tipoProgramaLista>
      <titularLista>
        <titular sequencia="1" inid="73">
          <nome>UNIVERSIDADE DO ESTADO DO RIO DE JANEIRO</nome>
        </titular>
      </titularLista>
      <criadorLista>
        <criador sequencia="1" inid="Cr">
          <nome>ALESSON MANSUR TORRES KOPP</nome>
        </criador>
        <criador sequencia="2" inid="Cr">
          <nome>CRISTIANE OLIVEIRA DE FARIA</nome>
        </criador>
        <criador sequencia="3" inid="Cr">
          <nome>KARLA TEREZA FIGUEIREDO LEITE</nome>
        </criador>
        <criador sequencia="4" inid="Cr">
          <nome>VITÓRIA MARTINS DO RIO</nome>
        </criador>
      </criadorLista>
    </processo-programa>
  </despacho>
  <despacho>
    <codigo>730</codigo>
    <titulo>Expedição do Certificado de Registro</titulo>
    <processo-programa>
      <numero inid="Np">BR 51 2023 000284-4</numero>
      <titulo inid="54">Scylax</titulo>
      <dataCriacao inid="Dl">01/10/2020</dataCriacao>
      <campoAplicacaoLista>
        <campoAplicacao>
          <codigo inid="Cp">IF-02</codigo>
        </campoAplicacao>
      </campoAplicacaoLista>
      <linguagemLista>
        <linguagem inid="Lg">JAVA SCRIPT</linguagem>
        <linguagem inid="Lg">PYTHON</linguagem>
      </linguagemLista>
      <tipoProgramaLista>
        <tipoPrograma>
          <codigo inid="Tp">GI-04</codigo>
        </tipoPrograma>
      </tipoProgramaLista>
      <titularLista>
        <titular sequencia="1" inid="73">
          <nome>UNIVERSIDADE FEDERAL DO RIO GRANDE DO NORTE</nome>
        </titular>
      </titularLista>
      <criadorLista>
        <criador sequencia="1" inid="Cr">
          <nome>BRENO SANTANA SANTOS</nome>
        </criador>
        <criador sequencia="2" inid="Cr">
          <nome>CINTHIA KATIANE ARAÚJO DO NASCIMENTO</nome>
        </criador>
        <criador sequencia="3" inid="Cr">
          <nome>DAVID GLEYDSON GADELHA DE MORAIS</nome>
        </criador>
        <criador sequencia="4" inid="Cr">
          <nome>DOUGLAS FELIPE ALVES LIMA</nome>
        </criador>
        <criador sequencia="5" inid="Cr">
          <nome>ELAINE CRISTINA GAVIOLI</nome>
        </criador>
        <criador sequencia="6" inid="Cr">
          <nome>ELOISA HELENA FONSECA DANTAS</nome>
        </criador>
        <criador sequencia="7" inid="Cr">
          <nome>FRANCISCO DE ASSIS CAMPOS JÚNIOR</nome>
        </criador>
        <criador sequencia="8" inid="Cr">
          <nome>GIBEON SOARES DE AQUINO JÚNIOR</nome>
        </criador>
        <criador sequencia="9" inid="Cr">
          <nome>JEFFERSON FERREIRA DE OLIVEIRA</nome>
        </criador>
        <criador sequencia="10" inid="Cr">
          <nome>JOEL FELIPE FERREIRA GOMES</nome>
        </criador>
        <criador sequencia="11" inid="Cr">
          <nome>JOÃO VICTOR MALHEIROS FARIAS DE AQUINO</nome>
        </criador>
        <criador sequencia="12" inid="Cr">
          <nome>JOÃO VICTOR MALHEIROS FARIAS DE AQUINO</nome>
        </criador>
        <criador sequencia="13" inid="Cr">
          <nome>KADJA ALESKA SIMPLÍCIO DE LIMA</nome>
        </criador>
        <criador sequencia="14" inid="Cr">
          <nome>LUIZ EDUARDO BARROS DE ARAÚJO FILHO</nome>
        </criador>
        <criador sequencia="15" inid="Cr">
          <nome>LUIZA LORENA TOSCANO DE MEDEIROS</nome>
        </criador>
        <criador sequencia="16" inid="Cr">
          <nome>PAULO HENRIQUE DE QUEIROZ LOPES</nome>
        </criador>
        <criador sequencia="17" inid="Cr">
          <nome>PEDRO HENRIQUE DE FREITAS SILVA</nome>
        </criador>
        <criador sequencia="18" inid="Cr">
          <nome>RICARDO AUGUSTO NIEDERAUER FLORES SEVERO</nome>
        </criador>
        <criador sequencia="19" inid="Cr">
          <nome>RITA DE CÁSSIA DE SOUZA BARBALHO</nome>
        </criador>
        <criador sequencia="20" inid="Cr">
          <nome>RUBENS MARIBONDO DO NASCIMENTO</nome>
        </criador>
        <criador sequencia="21" inid="Cr">
          <nome>SIBELE BERENICE CASTELLÃ PERGHER</nome>
        </criador>
        <criador sequencia="22" inid="Cr">
          <nome>VOLNEY LOURENÇO DOS SANTOS OLIVEIRA</nome>
        </criador>
        <criador sequencia="23" inid="Cr">
          <nome>YURI REINALDO DA SILVA</nome>
        </criador>
      </criadorLista>
    </processo-programa>
  </despacho>
  <despacho>
    <codigo>730</codigo>
    <titulo>Expedição do Certificado de Registro</titulo>
    <processo-programa>
      <numero inid="Np">BR 51 2023 000286-0</numero>
      <titulo inid="54">COMETA 16 - Computer for Every Task Architecture</titulo>
      <dataCriacao inid="Dl">06/02/2023</dataCriacao>
      <campoAplicacaoLista>
        <campoAplicacao>
          <codigo inid="Cp">IF-01</codigo>
        </campoAplicacao>
        <campoAplicacao>
          <codigo inid="Cp">IF-07</codigo>
        </campoAplicacao>
      </campoAplicacaoLista>
      <linguagemLista>
        <linguagem inid="Lg">VHDL</linguagem>
      </linguagemLista>
      <tipoProgramaLista>
        <tipoPrograma>
          <codigo inid="Tp">SM-01</codigo>
        </tipoPrograma>
      </tipoProgramaLista>
      <titularLista>
        <titular sequencia="1" inid="73">
          <nome>UNIVERSIDADE FEDERAL DO PIAUÍ</nome>
        </titular>
      </titularLista>
      <criadorLista>
        <criador sequencia="1" inid="Cr">
          <nome>ANTONIO GERALDO REGO JUNIOR</nome>
        </criador>
        <criador sequencia="2" inid="Cr">
          <nome>CAYO CESAR LOPES MASCARENHAS PIRES CARDOSO</nome>
        </criador>
        <criador sequencia="3" inid="Cr">
          <nome>CLAUDINEY RYAN DA SILVA</nome>
        </criador>
        <criador sequencia="4" inid="Cr">
          <nome>FABIO ANDERSON CARVALHO SILVA</nome>
        </criador>
        <criador sequencia="5" inid="Cr">
          <nome>ICARO GABRIEL DE ARAUJO SILVA</nome>
        </criador>
        <criador sequencia="6" inid="Cr">
          <nome>IVAN SARAIVA SILVA</nome>
        </criador>
        <criador sequencia="7" inid="Cr">
          <nome>NIVALDO NOGUEIRA PARANAGUÁ SANTOS E SILVA</nome>
        </criador>
      </criadorLista>
    </processo-programa>
  </despacho>
  <despacho>
    <codigo>730</codigo>
    <titulo>Expedição do Certificado de Registro</titulo>
    <processo-programa>
      <numero inid="Np">BR 51 2023 000287-9</numero>
      <titulo inid="54">VALORGD</titulo>
      <dataCriacao inid="Dl">01/11/2022</dataCriacao>
      <campoAplicacaoLista>
        <campoAplicacao>
          <codigo inid="Cp">AD-02</codigo>
        </campoAplicacao>
        <campoAplicacao>
          <codigo inid="Cp">EC-01</codigo>
        </campoAplicacao>
        <campoAplicacao>
          <codigo inid="Cp">EN-01</codigo>
        </campoAplicacao>
        <campoAplicacao>
          <codigo inid="Cp">EN-02</codigo>
        </campoAplicacao>
        <campoAplicacao>
          <codigo inid="Cp">FN-05</codigo>
        </campoAplicacao>
      </campoAplicacaoLista>
      <linguagemLista>
        <linguagem inid="Lg">JAVA</linguagem>
        <linguagem inid="Lg">JAVA SCRIPT</linguagem>
        <linguagem inid="Lg">PYTHON</linguagem>
        <linguagem inid="Lg">XML</linguagem>
      </linguagemLista>
      <tipoProgramaLista>
        <tipoPrograma>
          <codigo inid="Tp">GI-01</codigo>
        </tipoPrograma>
        <tipoPrograma>
          <codigo inid="Tp">GI-04</codigo>
        </tipoPrograma>
        <tipoPrograma>
          <codigo inid="Tp">GI-06</codigo>
        </tipoPrograma>
      </tipoProgramaLista>
      <titularLista>
        <titular sequencia="1" inid="73">
          <nome>COMPANHIA ESTADUAL DE DISTRIBUIÇÃO DE ENERGIA ELÉTRICA ? CEEE-D</nome>
        </titular>
        <titular sequencia="2" inid="73">
          <nome>UNIVERSIDADE FEDERAL DE SANTA MARIA</nome>
        </titular>
      </titularLista>
      <criadorLista>
        <criador sequencia="1" inid="Cr">
          <nome>CARMEN BRUM ROSA</nome>
        </criador>
        <criador sequencia="2" inid="Cr">
          <nome>GUSTAVO MORES DE LAZARI</nome>
        </criador>
        <criador sequencia="3" inid="Cr">
          <nome>HILQUIAS SILVA EPALANGA CHIQUETE</nome>
        </criador>
        <criador sequencia="4" inid="Cr">
          <nome>LAURA LISIANE CALLAI DOS SANTOS</nome>
        </criador>
        <criador sequencia="5" inid="Cr">
          <nome>MAURICIO SPERANDIO</nome>
        </criador>
        <criador sequencia="6" inid="Cr">
          <nome>RAFAEL GRESSLER MILBRADT</nome>
        </criador>
        <criador sequencia="7" inid="Cr">
          <nome>SANTOS PEDROZO VIANA</nome>
        </criador>
      </criadorLista>
    </processo-programa>
  </despacho>
  <despacho>
    <codigo>730</codigo>
    <titulo>Expedição do Certificado de Registro</titulo>
    <processo-programa>
      <numero inid="Np">BR 51 2023 000289-5</numero>
      <titulo inid="54">Seren Pass</titulo>
      <dataCriacao inid="Dl">05/02/2022</dataCriacao>
      <campoAplicacaoLista>
        <campoAplicacao>
          <codigo inid="Cp">ED-04</codigo>
        </campoAplicacao>
        <campoAplicacao>
          <codigo inid="Cp">ED-06</codigo>
        </campoAplicacao>
        <campoAplicacao>
          <codigo inid="Cp">PS-01</codigo>
        </campoAplicacao>
      </campoAplicacaoLista>
      <linguagemLista>
        <linguagem inid="Lg">HTML</linguagem>
        <linguagem inid="Lg">JAVA SCRIPT</linguagem>
        <linguagem inid="Lg">NODEJS</linguagem>
      </linguagemLista>
      <tipoProgramaLista>
        <tipoPrograma>
          <codigo inid="Tp">AP-01</codigo>
        </tipoPrograma>
        <tipoPrograma>
          <codigo inid="Tp">IA-02</codigo>
        </tipoPrograma>
      </tipoProgramaLista>
      <titularLista>
        <titular sequencia="1" inid="73">
          <nome>VINICIUS MARTINS BORGES</nome>
        </titular>
      </titularLista>
      <criadorLista>
        <criador sequencia="1" inid="Cr">
          <nome>VINICIUS MARTINS BORGES</nome>
        </criador>
      </criadorLista>
    </processo-programa>
  </despacho>
  <despacho>
    <codigo>730</codigo>
    <titulo>Expedição do Certificado de Registro</titulo>
    <processo-programa>
      <numero inid="Np">BR 51 2023 000290-9</numero>
      <titulo inid="54">CIGARS HOUSE</titulo>
      <dataCriacao inid="Dl">03/06/2022</dataCriacao>
      <campoAplicacaoLista>
        <campoAplicacao>
          <codigo inid="Cp">SV-03</codigo>
        </campoAplicacao>
      </campoAplicacaoLista>
      <linguagemLista>
        <linguagem inid="Lg">JAVA SCRIPT</linguagem>
        <linguagem inid="Lg">OUTROS</linguagem>
      </linguagemLista>
      <tipoProgramaLista>
        <tipoPrograma>
          <codigo inid="Tp">AP-01</codigo>
        </tipoPrograma>
        <tipoPrograma>
          <codigo inid="Tp">UT-01</codigo>
        </tipoPrograma>
      </tipoProgramaLista>
      <titularLista>
        <titular sequencia="1" inid="73">
          <nome>EASYCODE SOLUÇÕES DE TI LTDA</nome>
        </titular>
      </titularLista>
      <criadorLista>
        <criador sequencia="1" inid="Cr">
          <nome>JOSÉ ALCEU DA SILVA MOREIRA</nome>
        </criador>
      </criadorLista>
    </processo-programa>
  </despacho>
  <despacho>
    <codigo>730</codigo>
    <titulo>Expedição do Certificado de Registro</titulo>
    <processo-programa>
      <numero inid="Np">BR 51 2023 000291-7</numero>
      <titulo inid="54">FACIAL EVALUATION APP (IOS E ANDROID)</titulo>
      <dataCriacao inid="Dl">05/01/2023</dataCriacao>
      <campoAplicacaoLista>
        <campoAplicacao>
          <codigo inid="Cp">SD-08</codigo>
        </campoAplicacao>
      </campoAplicacaoLista>
      <linguagemLista>
        <linguagem inid="Lg">OUTROS</linguagem>
      </linguagemLista>
      <tipoProgramaLista>
        <tipoPrograma>
          <codigo inid="Tp">AP-01</codigo>
        </tipoPrograma>
      </tipoProgramaLista>
      <titularLista>
        <titular sequencia="1" inid="73">
          <nome>IPADE - INSTITUTO PARA O DESENVOLVIMENTO DA EDUCAÇÃO LTDA</nome>
        </titular>
      </titularLista>
      <criadorLista>
        <criador sequencia="1" inid="Cr">
          <nome>ANA AMÉLIA NEIVA DE CASTRO</nome>
        </criador>
        <criador sequencia="2" inid="Cr">
          <nome>ANA JÚLIA DE MELO RIOS</nome>
        </criador>
        <criador sequencia="3" inid="Cr">
          <nome>CLAUDIA ROBERTA DE ANDRADE GUIMARÃES</nome>
        </criador>
      </criadorLista>
    </processo-programa>
  </despacho>
  <despacho>
    <codigo>730</codigo>
    <titulo>Expedição do Certificado de Registro</titulo>
    <processo-programa>
      <numero inid="Np">BR 51 2023 000292-5</numero>
      <titulo inid="54">itBuzz 1.0.0 - Captive Portal Inteligente - Plataforma analítica para gestão de acesso a hotspots</titulo>
      <dataCriacao inid="Dl">20/01/2023</dataCriacao>
      <campoAplicacaoLista>
        <campoAplicacao>
          <codigo inid="Cp">AD-10</codigo>
        </campoAplicacao>
        <campoAplicacao>
          <codigo inid="Cp">CO-04</codigo>
        </campoAplicacao>
        <campoAplicacao>
          <codigo inid="Cp">IF-09</codigo>
        </campoAplicacao>
      </campoAplicacaoLista>
      <linguagemLista>
        <linguagem inid="Lg">CSS</linguagem>
        <linguagem inid="Lg">HTML</linguagem>
        <linguagem inid="Lg">JAVA SCRIPT</linguagem>
        <linguagem inid="Lg">NODEJS</linguagem>
        <linguagem inid="Lg">POSTGREE SQL</linguagem>
      </linguagemLista>
      <tipoProgramaLista>
        <tipoPrograma>
          <codigo inid="Tp">PD-05</codigo>
        </tipoPrograma>
      </tipoProgramaLista>
      <titularLista>
        <titular sequencia="1" inid="73">
          <nome>TECNO - IT, TECNOLOGIA, SERVICOS E COMUNICACAO SA</nome>
        </titular>
      </titularLista>
      <criadorLista>
        <criador sequencia="1" inid="Cr">
          <nome>ELIANA CRISTINA DE DEUS SANTOS</nome>
        </criador>
        <criador sequencia="2" inid="Cr">
          <nome>PEDRO NESTOR LARA SILVA</nome>
        </criador>
        <criador sequencia="3" inid="Cr">
          <nome>VINNICIUS DE OLIVEIRA CAMPAGNUCI</nome>
        </criador>
      </criadorLista>
    </processo-programa>
  </despacho>
  <despacho>
    <codigo>730</codigo>
    <titulo>Expedição do Certificado de Registro</titulo>
    <processo-programa>
      <numero inid="Np">BR 51 2023 000293-3</numero>
      <titulo inid="54">EasyToDye</titulo>
      <dataCriacao inid="Dl">26/01/2023</dataCriacao>
      <campoAplicacaoLista>
        <campoAplicacao>
          <codigo inid="Cp">AD-01</codigo>
        </campoAplicacao>
        <campoAplicacao>
          <codigo inid="Cp">AD-08</codigo>
        </campoAplicacao>
        <campoAplicacao>
          <codigo inid="Cp">MT-05</codigo>
        </campoAplicacao>
      </campoAplicacaoLista>
      <linguagemLista>
        <linguagem inid="Lg">CSS</linguagem>
        <linguagem inid="Lg">HTML</linguagem>
        <linguagem inid="Lg">JAVA SCRIPT</linguagem>
        <linguagem inid="Lg">JQUERY</linguagem>
        <linguagem inid="Lg">MYSQL</linguagem>
        <linguagem inid="Lg">PHP</linguagem>
      </linguagemLista>
      <tipoProgramaLista>
        <tipoPrograma>
          <codigo inid="Tp">IA-02</codigo>
        </tipoPrograma>
        <tipoPrograma>
          <codigo inid="Tp">SO-01</codigo>
        </tipoPrograma>
      </tipoProgramaLista>
      <titularLista>
        <titular sequencia="1" inid="73">
          <nome>SAMUEL SOBOTA 04421686913</nome>
        </titular>
      </titularLista>
      <criadorLista>
        <criador sequencia="1" inid="Cr">
          <nome>MAICON VOLTOLINI</nome>
        </criador>
      </criadorLista>
    </processo-programa>
  </despacho>
  <despacho>
    <codigo>730</codigo>
    <titulo>Expedição do Certificado de Registro</titulo>
    <processo-programa>
      <numero inid="Np">BR 51 2023 000294-1</numero>
      <titulo inid="54">GALI</titulo>
      <dataCriacao inid="Dl">11/03/2021</dataCriacao>
      <campoAplicacaoLista>
        <campoAplicacao>
          <codigo inid="Cp">AD-01</codigo>
        </campoAplicacao>
        <campoAplicacao>
          <codigo inid="Cp">AD-02</codigo>
        </campoAplicacao>
        <campoAplicacao>
          <codigo inid="Cp">AD-05</codigo>
        </campoAplicacao>
        <campoAplicacao>
          <codigo inid="Cp">AD-08</codigo>
        </campoAplicacao>
        <campoAplicacao>
          <codigo inid="Cp">AD-09</codigo>
        </campoAplicacao>
        <campoAplicacao>
          <codigo inid="Cp">EC-07</codigo>
        </campoAplicacao>
        <campoAplicacao>
          <codigo inid="Cp">EC-08</codigo>
        </campoAplicacao>
        <campoAplicacao>
          <codigo inid="Cp">FN-03</codigo>
        </campoAplicacao>
        <campoAplicacao>
          <codigo inid="Cp">FN-05</codigo>
        </campoAplicacao>
        <campoAplicacao>
          <codigo inid="Cp">FN-06</codigo>
        </campoAplicacao>
        <campoAplicacao>
          <codigo inid="Cp">IF-04</codigo>
        </campoAplicacao>
        <campoAplicacao>
          <codigo inid="Cp">IF-06</codigo>
        </campoAplicacao>
        <campoAplicacao>
          <codigo inid="Cp">IF-07</codigo>
        </campoAplicacao>
        <campoAplicacao>
          <codigo inid="Cp">IF-10</codigo>
        </campoAplicacao>
        <campoAplicacao>
          <codigo inid="Cp">IN-02</codigo>
        </campoAplicacao>
        <campoAplicacao>
          <codigo inid="Cp">TB-02</codigo>
        </campoAplicacao>
      </campoAplicacaoLista>
      <linguagemLista>
        <linguagem inid="Lg">HTML</linguagem>
        <linguagem inid="Lg">JAVA SCRIPT</linguagem>
        <linguagem inid="Lg">JSON</linguagem>
        <linguagem inid="Lg">PYTHON</linguagem>
        <linguagem inid="Lg">SHELL SCRIPT</linguagem>
        <linguagem inid="Lg">SQL</linguagem>
        <linguagem inid="Lg">XML</linguagem>
      </linguagemLista>
      <tipoProgramaLista>
        <tipoPrograma>
          <codigo inid="Tp">AP-01</codigo>
        </tipoPrograma>
        <tipoPrograma>
          <codigo inid="Tp">AP-02</codigo>
        </tipoPrograma>
        <tipoPrograma>
          <codigo inid="Tp">AP-03</codigo>
        </tipoPrograma>
        <tipoPrograma>
          <codigo inid="Tp">AP-04</codigo>
        </tipoPrograma>
        <tipoPrograma>
          <codigo inid="Tp">AT-02</codigo>
        </tipoPrograma>
        <tipoPrograma>
          <codigo inid="Tp">AT-06</codigo>
        </tipoPrograma>
        <tipoPrograma>
          <codigo inid="Tp">AV-01</codigo>
        </tipoPrograma>
        <tipoPrograma>
          <codigo inid="Tp">AV-02</codigo>
        </tipoPrograma>
        <tipoPrograma>
          <codigo inid="Tp">CD-01</codigo>
        </tipoPrograma>
        <tipoPrograma>
          <codigo inid="Tp">CD-04</codigo>
        </tipoPrograma>
        <tipoPrograma>
          <codigo inid="Tp">CD-05</codigo>
        </tipoPrograma>
        <tipoPrograma>
          <codigo inid="Tp">CD-06</codigo>
        </tipoPrograma>
        <tipoPrograma>
          <codigo inid="Tp">CT-03</codigo>
        </tipoPrograma>
        <tipoPrograma>
          <codigo inid="Tp">FA-01</codigo>
        </tipoPrograma>
        <tipoPrograma>
          <codigo inid="Tp">GI-01</codigo>
        </tipoPrograma>
        <tipoPrograma>
          <codigo inid="Tp">GI-02</codigo>
        </tipoPrograma>
        <tipoPrograma>
          <codigo inid="Tp">GI-04</codigo>
        </tipoPrograma>
        <tipoPrograma>
          <codigo inid="Tp">GI-06</codigo>
        </tipoPrograma>
        <tipoPrograma>
          <codigo inid="Tp">IA-03</codigo>
        </tipoPrograma>
        <tipoPrograma>
          <codigo inid="Tp">PD-01</codigo>
        </tipoPrograma>
        <tipoPrograma>
          <codigo inid="Tp">PD-04</codigo>
        </tipoPrograma>
        <tipoPrograma>
          <codigo inid="Tp">PD-05</codigo>
        </tipoPrograma>
        <tipoPrograma>
          <codigo inid="Tp">SO-05</codigo>
        </tipoPrograma>
        <tipoPrograma>
          <codigo inid="Tp">SO-06</codigo>
        </tipoPrograma>
        <tipoPrograma>
          <codigo inid="Tp">SO-07</codigo>
        </tipoPrograma>
        <tipoPrograma>
          <codigo inid="Tp">SO-08</codigo>
        </tipoPrograma>
        <tipoPrograma>
          <codigo inid="Tp">SO-09</codigo>
        </tipoPrograma>
      </tipoProgramaLista>
      <titularLista>
        <titular sequencia="1" inid="73">
          <nome>PLUGIFY TECNOLOGIA S.A.</nome>
        </titular>
      </titularLista>
      <criadorLista>
        <criador sequencia="1" inid="Cr">
          <nome>GUILHERME BUENO ALENCAR FERREIRA</nome>
        </criador>
      </criadorLista>
    </processo-programa>
  </despacho>
  <despacho>
    <codigo>730</codigo>
    <titulo>Expedição do Certificado de Registro</titulo>
    <processo-programa>
      <numero inid="Np">BR 51 2023 000295-0</numero>
      <titulo inid="54">Bioquímica RA</titulo>
      <dataCriacao inid="Dl">02/08/2022</dataCriacao>
      <campoAplicacaoLista>
        <campoAplicacao>
          <codigo inid="Cp">BL-01</codigo>
        </campoAplicacao>
      </campoAplicacaoLista>
      <linguagemLista>
        <linguagem inid="Lg">C#</linguagem>
      </linguagemLista>
      <tipoProgramaLista>
        <tipoPrograma>
          <codigo inid="Tp">AP-01</codigo>
        </tipoPrograma>
      </tipoProgramaLista>
      <titularLista>
        <titular sequencia="1" inid="73">
          <nome>FUNDAÇÃO UNIVERSIDADE DO ESTADO DO RIO GRANDE DO NORTE - FUERN</nome>
        </titular>
      </titularLista>
      <criadorLista>
        <criador sequencia="1" inid="Cr">
          <nome>IURI PAIVA RODRIGUES BEZERRA</nome>
        </criador>
        <criador sequencia="2" inid="Cr">
          <nome>PABLO DE CASTRO SANTOS</nome>
        </criador>
        <criador sequencia="3" inid="Cr">
          <nome>REGINA CÉLIA PEREIRA MARQUES</nome>
        </criador>
      </criadorLista>
    </processo-programa>
  </despacho>
  <despacho>
    <codigo>730</codigo>
    <titulo>Expedição do Certificado de Registro</titulo>
    <processo-programa>
      <numero inid="Np">BR 51 2023 000296-8</numero>
      <titulo inid="54">Rede 44 sensor bico</titulo>
      <dataCriacao inid="Dl">20/11/2022</dataCriacao>
      <campoAplicacaoLista>
        <campoAplicacao>
          <codigo inid="Cp">AG-01</codigo>
        </campoAplicacao>
      </campoAplicacaoLista>
      <linguagemLista>
        <linguagem inid="Lg">C</linguagem>
      </linguagemLista>
      <tipoProgramaLista>
        <tipoPrograma>
          <codigo inid="Tp">AT-01</codigo>
        </tipoPrograma>
        <tipoPrograma>
          <codigo inid="Tp">AV-01</codigo>
        </tipoPrograma>
        <tipoPrograma>
          <codigo inid="Tp">CD-04</codigo>
        </tipoPrograma>
        <tipoPrograma>
          <codigo inid="Tp">FA-01</codigo>
        </tipoPrograma>
        <tipoPrograma>
          <codigo inid="Tp">FA-04</codigo>
        </tipoPrograma>
        <tipoPrograma>
          <codigo inid="Tp">IT-01</codigo>
        </tipoPrograma>
        <tipoPrograma>
          <codigo inid="Tp">SO-02</codigo>
        </tipoPrograma>
      </tipoProgramaLista>
      <titularLista>
        <titular sequencia="1" inid="73">
          <nome>PRO SOLUS DO BRASIL S.A.</nome>
        </titular>
      </titularLista>
      <criadorLista>
        <criador sequencia="1" inid="Cr">
          <nome>FELIPE BORINO GIROLDO</nome>
        </criador>
        <criador sequencia="2" inid="Cr">
          <nome>GUILHERME PEREIRA NOYA</nome>
        </criador>
        <criador sequencia="3" inid="Cr">
          <nome>LEONARDO PONTES BAISER</nome>
        </criador>
        <criador sequencia="4" inid="Cr">
          <nome>MARCOS HENRIQUE AZEVEDO ANDRADE</nome>
        </criador>
        <criador sequencia="5" inid="Cr">
          <nome>NICHOLLAS MARSHELL MENDES SILVA</nome>
        </criador>
        <criador sequencia="6" inid="Cr">
          <nome>PAULO DE TARSO GARCIA MELO</nome>
        </criador>
        <criador sequencia="7" inid="Cr">
          <nome>ROGER CHRISTIAN DE OLIVEIRA</nome>
        </criador>
      </criadorLista>
    </processo-programa>
  </despacho>
  <despacho>
    <codigo>730</codigo>
    <titulo>Expedição do Certificado de Registro</titulo>
    <processo-programa>
      <numero inid="Np">BR 51 2023 000297-6</numero>
      <titulo inid="54">PLATAFORMA SISCAN/VIGICOLO: Aplicação web para gerenciamento de usuários da atenção primária de saúde nos programas de prevenção primária e secundária do câncer de colo uterino</titulo>
      <dataCriacao inid="Dl">21/06/2021</dataCriacao>
      <campoAplicacaoLista>
        <campoAplicacao>
          <codigo inid="Cp">SD-01</codigo>
        </campoAplicacao>
      </campoAplicacaoLista>
      <linguagemLista>
        <linguagem inid="Lg">JAVA SCRIPT</linguagem>
      </linguagemLista>
      <tipoProgramaLista>
        <tipoPrograma>
          <codigo inid="Tp">AP-01</codigo>
        </tipoPrograma>
        <tipoPrograma>
          <codigo inid="Tp">AP-02</codigo>
        </tipoPrograma>
        <tipoPrograma>
          <codigo inid="Tp">AP-03</codigo>
        </tipoPrograma>
        <tipoPrograma>
          <codigo inid="Tp">FA-01</codigo>
        </tipoPrograma>
      </tipoProgramaLista>
      <titularLista>
        <titular sequencia="1" inid="73">
          <nome>UNIVERSIDADE ESTADUAL DA PARAIBA</nome>
        </titular>
      </titularLista>
      <criadorLista>
        <criador sequencia="1" inid="Cr">
          <nome>DEMÉTRIO GOMES MESTRE</nome>
        </criador>
        <criador sequencia="2" inid="Cr">
          <nome>JOSÉ AUGUSTO DE OLIVEIRA NETO</nome>
        </criador>
        <criador sequencia="3" inid="Cr">
          <nome>LAUDEMIR NASCIMENTO VITORINO</nome>
        </criador>
        <criador sequencia="4" inid="Cr">
          <nome>MATHEUS ALCANTARA DE SANTANA</nome>
        </criador>
        <criador sequencia="5" inid="Cr">
          <nome>VINICIUS BARBOSA DA SILVA</nome>
        </criador>
      </criadorLista>
    </processo-programa>
  </despacho>
  <despacho>
    <codigo>730</codigo>
    <titulo>Expedição do Certificado de Registro</titulo>
    <processo-programa>
      <numero inid="Np">BR 51 2023 000298-4</numero>
      <titulo inid="54">DEOLIx - Detecção Online de Lixo em Imagens</titulo>
      <dataCriacao inid="Dl">22/01/2023</dataCriacao>
      <campoAplicacaoLista>
        <campoAplicacao>
          <codigo inid="Cp">SM-03</codigo>
        </campoAplicacao>
      </campoAplicacaoLista>
      <linguagemLista>
        <linguagem inid="Lg">C++</linguagem>
        <linguagem inid="Lg">PYTHON</linguagem>
        <linguagem inid="Lg">SHELL SCRIPT</linguagem>
      </linguagemLista>
      <tipoProgramaLista>
        <tipoPrograma>
          <codigo inid="Tp">TC-03</codigo>
        </tipoPrograma>
      </tipoProgramaLista>
      <titularLista>
        <titular sequencia="1" inid="73">
          <nome>UNIVERSIDADE FEDERAL DO CEARÁ</nome>
        </titular>
      </titularLista>
      <criadorLista>
        <criador sequencia="1" inid="Cr">
          <nome>JOSÉ GILVAN RODRIGUES MAIA</nome>
        </criador>
        <criador sequencia="2" inid="Cr">
          <nome>PAULO ANTONIO LEAL REGO</nome>
        </criador>
      </criadorLista>
    </processo-programa>
  </despacho>
  <despacho>
    <codigo>730</codigo>
    <titulo>Expedição do Certificado de Registro</titulo>
    <processo-programa>
      <numero inid="Np">BR 51 2023 000299-2</numero>
      <titulo inid="54">4You</titulo>
      <dataCriacao inid="Dl">24/04/2018</dataCriacao>
      <campoAplicacaoLista>
        <campoAplicacao>
          <codigo inid="Cp">AD-07</codigo>
        </campoAplicacao>
      </campoAplicacaoLista>
      <linguagemLista>
        <linguagem inid="Lg">C#</linguagem>
        <linguagem inid="Lg">GENEXUS</linguagem>
        <linguagem inid="Lg">JAVA</linguagem>
        <linguagem inid="Lg">SWIFT</linguagem>
      </linguagemLista>
      <tipoProgramaLista>
        <tipoPrograma>
          <codigo inid="Tp">AT-02</codigo>
        </tipoPrograma>
      </tipoProgramaLista>
      <titularLista>
        <titular sequencia="1" inid="73">
          <nome>SOLUÇÃO INFORMÁTICA LTDA</nome>
        </titular>
      </titularLista>
      <criadorLista>
        <criador sequencia="1" inid="Cr">
          <nome>RONALDO WECK</nome>
        </criador>
      </criadorLista>
    </processo-programa>
  </despacho>
  <despacho>
    <codigo>730</codigo>
    <titulo>Expedição do Certificado de Registro</titulo>
    <processo-programa>
      <numero inid="Np">BR 51 2023 000300-0</numero>
      <titulo inid="54">GEOPIXEL CIDADES</titulo>
      <dataCriacao inid="Dl">03/01/2022</dataCriacao>
      <campoAplicacaoLista>
        <campoAplicacao>
          <codigo inid="Cp">AD-01</codigo>
        </campoAplicacao>
        <campoAplicacao>
          <codigo inid="Cp">AD-02</codigo>
        </campoAplicacao>
        <campoAplicacao>
          <codigo inid="Cp">AD-04</codigo>
        </campoAplicacao>
        <campoAplicacao>
          <codigo inid="Cp">AD-09</codigo>
        </campoAplicacao>
        <campoAplicacao>
          <codigo inid="Cp">AH-01</codigo>
        </campoAplicacao>
        <campoAplicacao>
          <codigo inid="Cp">AH-02</codigo>
        </campoAplicacao>
        <campoAplicacao>
          <codigo inid="Cp">AH-03</codigo>
        </campoAplicacao>
        <campoAplicacao>
          <codigo inid="Cp">AH-05</codigo>
        </campoAplicacao>
        <campoAplicacao>
          <codigo inid="Cp">DI-01</codigo>
        </campoAplicacao>
        <campoAplicacao>
          <codigo inid="Cp">GC-06</codigo>
        </campoAplicacao>
        <campoAplicacao>
          <codigo inid="Cp">GC-07</codigo>
        </campoAplicacao>
        <campoAplicacao>
          <codigo inid="Cp">GC-08</codigo>
        </campoAplicacao>
        <campoAplicacao>
          <codigo inid="Cp">GC-09</codigo>
        </campoAplicacao>
        <campoAplicacao>
          <codigo inid="Cp">GC-10</codigo>
        </campoAplicacao>
        <campoAplicacao>
          <codigo inid="Cp">HB-01</codigo>
        </campoAplicacao>
        <campoAplicacao>
          <codigo inid="Cp">HD-01</codigo>
        </campoAplicacao>
        <campoAplicacao>
          <codigo inid="Cp">HD-02</codigo>
        </campoAplicacao>
        <campoAplicacao>
          <codigo inid="Cp">UB-01</codigo>
        </campoAplicacao>
        <campoAplicacao>
          <codigo inid="Cp">UB-02</codigo>
        </campoAplicacao>
        <campoAplicacao>
          <codigo inid="Cp">UB-03</codigo>
        </campoAplicacao>
        <campoAplicacao>
          <codigo inid="Cp">UB-04</codigo>
        </campoAplicacao>
      </campoAplicacaoLista>
      <linguagemLista>
        <linguagem inid="Lg">AJAX</linguagem>
        <linguagem inid="Lg">C++</linguagem>
        <linguagem inid="Lg">CSS</linguagem>
        <linguagem inid="Lg">DHTML</linguagem>
        <linguagem inid="Lg">FIREBIRD</linguagem>
        <linguagem inid="Lg">HTML</linguagem>
        <linguagem inid="Lg">JAVA</linguagem>
        <linguagem inid="Lg">JAVA SCRIPT</linguagem>
        <linguagem inid="Lg">JQUERY</linguagem>
        <linguagem inid="Lg">JSON</linguagem>
        <linguagem inid="Lg">MYSQL</linguagem>
        <linguagem inid="Lg">PL / SQL</linguagem>
        <linguagem inid="Lg">POSTGREE SQL</linguagem>
        <linguagem inid="Lg">SQL</linguagem>
        <linguagem inid="Lg">XML</linguagem>
      </linguagemLista>
      <tipoProgramaLista>
        <tipoPrograma>
          <codigo inid="Tp">AP-01</codigo>
        </tipoPrograma>
        <tipoPrograma>
          <codigo inid="Tp">AP-02</codigo>
        </tipoPrograma>
        <tipoPrograma>
          <codigo inid="Tp">AP-03</codigo>
        </tipoPrograma>
        <tipoPrograma>
          <codigo inid="Tp">AP-04</codigo>
        </tipoPrograma>
        <tipoPrograma>
          <codigo inid="Tp">GI-01</codigo>
        </tipoPrograma>
        <tipoPrograma>
          <codigo inid="Tp">GI-02</codigo>
        </tipoPrograma>
      </tipoProgramaLista>
      <titularLista>
        <titular sequencia="1" inid="73">
          <nome>GEO PIXEL GEOTECNOLOGIAS CONSULTORIA E SERVIÇO LTDA</nome>
        </titular>
      </titularLista>
      <criadorLista>
        <criador sequencia="1" inid="Cr">
          <nome>BRUNO RODRIGUES DO PRADO</nome>
        </criador>
        <criador sequencia="2" inid="Cr">
          <nome>FERNANDO LEONARDI</nome>
        </criador>
        <criador sequencia="3" inid="Cr">
          <nome>MANOEL JIMENEZ ORTIZ</nome>
        </criador>
        <criador sequencia="4" inid="Cr">
          <nome>MARCOS JOSÉ RIBEIRO</nome>
        </criador>
        <criador sequencia="5" inid="Cr">
          <nome>PAULO ROBERTO DE ALMEIDA SIMÃO</nome>
        </criador>
        <criador sequencia="6" inid="Cr">
          <nome>UBIRAJARA MOURA DE FREITAS</nome>
        </criador>
      </criadorLista>
    </processo-programa>
  </despacho>
  <despacho>
    <codigo>730</codigo>
    <titulo>Expedição do Certificado de Registro</titulo>
    <processo-programa>
      <numero inid="Np">BR 51 2023 000301-8</numero>
      <titulo inid="54">NeoID</titulo>
      <dataCriacao inid="Dl">15/12/2015</dataCriacao>
      <campoAplicacaoLista>
        <campoAplicacao>
          <codigo inid="Cp">DI-03</codigo>
        </campoAplicacao>
        <campoAplicacao>
          <codigo inid="Cp">IF-04</codigo>
        </campoAplicacao>
        <campoAplicacao>
          <codigo inid="Cp">IF-09</codigo>
        </campoAplicacao>
      </campoAplicacaoLista>
      <linguagemLista>
        <linguagem inid="Lg">C++</linguagem>
        <linguagem inid="Lg">JAVA</linguagem>
        <linguagem inid="Lg">JAVA SCRIPT</linguagem>
        <linguagem inid="Lg">POSTGREE SQL</linguagem>
        <linguagem inid="Lg">SWIFT</linguagem>
      </linguagemLista>
      <tipoProgramaLista>
        <tipoPrograma>
          <codigo inid="Tp">AP-01</codigo>
        </tipoPrograma>
        <tipoPrograma>
          <codigo inid="Tp">AP-03</codigo>
        </tipoPrograma>
        <tipoPrograma>
          <codigo inid="Tp">FA-01</codigo>
        </tipoPrograma>
        <tipoPrograma>
          <codigo inid="Tp">PD-01</codigo>
        </tipoPrograma>
        <tipoPrograma>
          <codigo inid="Tp">PD-02</codigo>
        </tipoPrograma>
        <tipoPrograma>
          <codigo inid="Tp">PD-03</codigo>
        </tipoPrograma>
        <tipoPrograma>
          <codigo inid="Tp">UT-01</codigo>
        </tipoPrograma>
      </tipoProgramaLista>
      <titularLista>
        <titular sequencia="1" inid="73">
          <nome>SERVIÇO FEDERAL DE PROCESSAMENTO DE DADOS (SERPRO)</nome>
        </titular>
      </titularLista>
      <criadorLista>
        <criador sequencia="1" inid="Cr">
          <nome>SAULO WEIL DE ANDRADE</nome>
        </criador>
      </criadorLista>
    </processo-programa>
  </despacho>
  <despacho>
    <codigo>730</codigo>
    <titulo>Expedição do Certificado de Registro</titulo>
    <processo-programa>
      <numero inid="Np">BR 51 2023 000302-6</numero>
      <titulo inid="54">Vitaprimo</titulo>
      <dataCriacao inid="Dl">10/03/1997</dataCriacao>
      <campoAplicacaoLista>
        <campoAplicacao>
          <codigo inid="Cp">AD-02</codigo>
        </campoAplicacao>
        <campoAplicacao>
          <codigo inid="Cp">FN-06</codigo>
        </campoAplicacao>
      </campoAplicacaoLista>
      <linguagemLista>
        <linguagem inid="Lg">DELPHI</linguagem>
      </linguagemLista>
      <tipoProgramaLista>
        <tipoPrograma>
          <codigo inid="Tp">AP-01</codigo>
        </tipoPrograma>
        <tipoPrograma>
          <codigo inid="Tp">AP-02</codigo>
        </tipoPrograma>
        <tipoPrograma>
          <codigo inid="Tp">AP-03</codigo>
        </tipoPrograma>
        <tipoPrograma>
          <codigo inid="Tp">AP-04</codigo>
        </tipoPrograma>
        <tipoPrograma>
          <codigo inid="Tp">AP-05</codigo>
        </tipoPrograma>
        <tipoPrograma>
          <codigo inid="Tp">AT-02</codigo>
        </tipoPrograma>
        <tipoPrograma>
          <codigo inid="Tp">AT-03</codigo>
        </tipoPrograma>
        <tipoPrograma>
          <codigo inid="Tp">AT-06</codigo>
        </tipoPrograma>
        <tipoPrograma>
          <codigo inid="Tp">FA-01</codigo>
        </tipoPrograma>
        <tipoPrograma>
          <codigo inid="Tp">GI-02</codigo>
        </tipoPrograma>
        <tipoPrograma>
          <codigo inid="Tp">GI-03</codigo>
        </tipoPrograma>
        <tipoPrograma>
          <codigo inid="Tp">GI-04</codigo>
        </tipoPrograma>
        <tipoPrograma>
          <codigo inid="Tp">TC-01</codigo>
        </tipoPrograma>
      </tipoProgramaLista>
      <titularLista>
        <titular sequencia="1" inid="73">
          <nome>SIGMA-G DESENVOLVIMENTO LTDA.</nome>
        </titular>
      </titularLista>
      <criadorLista>
        <criador sequencia="1" inid="Cr">
          <nome>FABIO ARAUJO GRANDI</nome>
        </criador>
      </criadorLista>
    </processo-programa>
  </despacho>
  <despacho>
    <codigo>730</codigo>
    <titulo>Expedição do Certificado de Registro</titulo>
    <processo-programa>
      <numero inid="Np">BR 51 2023 000303-4</numero>
      <titulo inid="54">IBFE</titulo>
      <dataCriacao inid="Dl">22/06/2020</dataCriacao>
      <campoAplicacaoLista>
        <campoAplicacao>
          <codigo inid="Cp">AD-07</codigo>
        </campoAplicacao>
        <campoAplicacao>
          <codigo inid="Cp">CO-02</codigo>
        </campoAplicacao>
        <campoAplicacao>
          <codigo inid="Cp">ED-01</codigo>
        </campoAplicacao>
        <campoAplicacao>
          <codigo inid="Cp">ED-02</codigo>
        </campoAplicacao>
        <campoAplicacao>
          <codigo inid="Cp">PS-01</codigo>
        </campoAplicacao>
      </campoAplicacaoLista>
      <linguagemLista>
        <linguagem inid="Lg">PHP</linguagem>
      </linguagemLista>
      <tipoProgramaLista>
        <tipoPrograma>
          <codigo inid="Tp">AP-01</codigo>
        </tipoPrograma>
        <tipoPrograma>
          <codigo inid="Tp">FA-01</codigo>
        </tipoPrograma>
        <tipoPrograma>
          <codigo inid="Tp">GI-01</codigo>
        </tipoPrograma>
        <tipoPrograma>
          <codigo inid="Tp">TC-01</codigo>
        </tipoPrograma>
      </tipoProgramaLista>
      <titularLista>
        <titular sequencia="1" inid="73">
          <nome>INSTITUTO FEDERAL DO NORTE DE MINAS GERAIS</nome>
        </titular>
      </titularLista>
      <criadorLista>
        <criador sequencia="1" inid="Cr">
          <nome>FRANCIS BENTO MARQUES</nome>
        </criador>
        <criador sequencia="2" inid="Cr">
          <nome>GUSTAVO HENRIQUE SILVA DE SOUZA</nome>
        </criador>
        <criador sequencia="3" inid="Cr">
          <nome>YURI BENTO MARQUES</nome>
        </criador>
      </criadorLista>
    </processo-programa>
  </despacho>
  <despacho>
    <codigo>730</codigo>
    <titulo>Expedição do Certificado de Registro</titulo>
    <processo-programa>
      <numero inid="Np">BR 51 2023 000304-2</numero>
      <titulo inid="54">HiparcSIG</titulo>
      <dataCriacao inid="Dl">31/01/2019</dataCriacao>
      <campoAplicacaoLista>
        <campoAplicacao>
          <codigo inid="Cp">EC-11</codigo>
        </campoAplicacao>
        <campoAplicacao>
          <codigo inid="Cp">FN-01</codigo>
        </campoAplicacao>
        <campoAplicacao>
          <codigo inid="Cp">GC-05</codigo>
        </campoAplicacao>
        <campoAplicacao>
          <codigo inid="Cp">GC-06</codigo>
        </campoAplicacao>
        <campoAplicacao>
          <codigo inid="Cp">GC-07</codigo>
        </campoAplicacao>
        <campoAplicacao>
          <codigo inid="Cp">GC-08</codigo>
        </campoAplicacao>
        <campoAplicacao>
          <codigo inid="Cp">GC-09</codigo>
        </campoAplicacao>
        <campoAplicacao>
          <codigo inid="Cp">UB-02</codigo>
        </campoAplicacao>
      </campoAplicacaoLista>
      <linguagemLista>
        <linguagem inid="Lg">JAVA</linguagem>
        <linguagem inid="Lg">JAVA SCRIPT</linguagem>
        <linguagem inid="Lg">PHP</linguagem>
        <linguagem inid="Lg">SQL</linguagem>
      </linguagemLista>
      <tipoProgramaLista>
        <tipoPrograma>
          <codigo inid="Tp">AP-01</codigo>
        </tipoPrograma>
        <tipoPrograma>
          <codigo inid="Tp">AP-02</codigo>
        </tipoPrograma>
        <tipoPrograma>
          <codigo inid="Tp">AP-03</codigo>
        </tipoPrograma>
        <tipoPrograma>
          <codigo inid="Tp">GI-01</codigo>
        </tipoPrograma>
        <tipoPrograma>
          <codigo inid="Tp">GI-02</codigo>
        </tipoPrograma>
        <tipoPrograma>
          <codigo inid="Tp">GI-06</codigo>
        </tipoPrograma>
        <tipoPrograma>
          <codigo inid="Tp">IA-02</codigo>
        </tipoPrograma>
        <tipoPrograma>
          <codigo inid="Tp">SO-09</codigo>
        </tipoPrograma>
      </tipoProgramaLista>
      <titularLista>
        <titular sequencia="1" inid="73">
          <nome>HIPARC SISTEMAS E AEROLEVANTAMENTOS LTDA</nome>
        </titular>
      </titularLista>
      <criadorLista>
        <criador sequencia="1" inid="Cr">
          <nome>FELIPE NEGRELLI MARTINS</nome>
        </criador>
        <criador sequencia="2" inid="Cr">
          <nome>WILLIAN BRUSCHI VANELI</nome>
        </criador>
      </criadorLista>
    </processo-programa>
  </despacho>
  <despacho>
    <codigo>730</codigo>
    <titulo>Expedição do Certificado de Registro</titulo>
    <processo-programa>
      <numero inid="Np">BR 51 2023 000305-0</numero>
      <titulo inid="54">Eyeflow Inspection</titulo>
      <dataCriacao inid="Dl">01/01/2018</dataCriacao>
      <campoAplicacaoLista>
        <campoAplicacao>
          <codigo inid="Cp">IN-02</codigo>
        </campoAplicacao>
      </campoAplicacaoLista>
      <linguagemLista>
        <linguagem inid="Lg">C++</linguagem>
        <linguagem inid="Lg">JAVA SCRIPT</linguagem>
        <linguagem inid="Lg">NODEJS</linguagem>
        <linguagem inid="Lg">OUTROS</linguagem>
        <linguagem inid="Lg">PL / SQL</linguagem>
        <linguagem inid="Lg">PYTHON</linguagem>
      </linguagemLista>
      <tipoProgramaLista>
        <tipoPrograma>
          <codigo inid="Tp">IA-01</codigo>
        </tipoPrograma>
      </tipoProgramaLista>
      <titularLista>
        <titular sequencia="1" inid="73">
          <nome>EYEFLOW SERVICOS EM INFORMATICA LTDA</nome>
        </titular>
      </titularLista>
      <criadorLista>
        <criador sequencia="1" inid="Cr">
          <nome>FELIPE ALVES SANTOS</nome>
        </criador>
        <criador sequencia="2" inid="Cr">
          <nome>GABRIEL CARVALHO DE AZEVEDO E MELO</nome>
        </criador>
        <criador sequencia="3" inid="Cr">
          <nome>JOSÉ ALEXSANDRO SOBRAL DE FREITAS</nome>
        </criador>
      </criadorLista>
    </processo-programa>
  </despacho>
  <despacho>
    <codigo>730</codigo>
    <titulo>Expedição do Certificado de Registro</titulo>
    <processo-programa>
      <numero inid="Np">BR 51 2023 000307-7</numero>
      <titulo inid="54">Aplicativo Carrega Fácil</titulo>
      <dataCriacao inid="Dl">21/11/2022</dataCriacao>
      <campoAplicacaoLista>
        <campoAplicacao>
          <codigo inid="Cp">TP-01</codigo>
        </campoAplicacao>
      </campoAplicacaoLista>
      <linguagemLista>
        <linguagem inid="Lg">OUTROS</linguagem>
      </linguagemLista>
      <tipoProgramaLista>
        <tipoPrograma>
          <codigo inid="Tp">AP-01</codigo>
        </tipoPrograma>
      </tipoProgramaLista>
      <titularLista>
        <titular sequencia="1" inid="73">
          <nome>SOUFER INDUSTRIAL LTDA</nome>
        </titular>
      </titularLista>
      <criadorLista>
        <criador sequencia="1" inid="Cr">
          <nome>EDSON FERNANDO DE SOUZA</nome>
        </criador>
      </criadorLista>
    </processo-programa>
  </despacho>
  <despacho>
    <codigo>730</codigo>
    <titulo>Expedição do Certificado de Registro</titulo>
    <processo-programa>
      <numero inid="Np">BR 51 2023 000308-5</numero>
      <titulo inid="54">Sistema de Informação Gerencial para Agricultores Familiares - SIGAF</titulo>
      <dataCriacao inid="Dl">01/02/2022</dataCriacao>
      <campoAplicacaoLista>
        <campoAplicacao>
          <codigo inid="Cp">AG-05</codigo>
        </campoAplicacao>
        <campoAplicacao>
          <codigo inid="Cp">ED-04</codigo>
        </campoAplicacao>
        <campoAplicacao>
          <codigo inid="Cp">IN-05</codigo>
        </campoAplicacao>
      </campoAplicacaoLista>
      <linguagemLista>
        <linguagem inid="Lg">JAVA</linguagem>
        <linguagem inid="Lg">SQL</linguagem>
        <linguagem inid="Lg">XML</linguagem>
      </linguagemLista>
      <tipoProgramaLista>
        <tipoPrograma>
          <codigo inid="Tp">AP-01</codigo>
        </tipoPrograma>
      </tipoProgramaLista>
      <titularLista>
        <titular sequencia="1" inid="73">
          <nome>INSTITUTO FEDERAL SUL-RIO-GRANDENSE</nome>
        </titular>
      </titularLista>
      <criadorLista>
        <criador sequencia="1" inid="Cr">
          <nome>ADELAIDE MARLI NEIS</nome>
        </criador>
        <criador sequencia="2" inid="Cr">
          <nome>CAROLINA LEANDRO</nome>
        </criador>
        <criador sequencia="3" inid="Cr">
          <nome>CLEIDIMAR DA SILVA BARBOSA</nome>
        </criador>
        <criador sequencia="4" inid="Cr">
          <nome>DJENIFER PRISCILA BOHN</nome>
        </criador>
        <criador sequencia="5" inid="Cr">
          <nome>GABRIELA LEANDRO</nome>
        </criador>
        <criador sequencia="6" inid="Cr">
          <nome>GEOVANE GRIESANG</nome>
        </criador>
        <criador sequencia="7" inid="Cr">
          <nome>JEAN BOCK</nome>
        </criador>
        <criador sequencia="8" inid="Cr">
          <nome>JEAN MARCOS DA SILVA</nome>
        </criador>
        <criador sequencia="9" inid="Cr">
          <nome>LIVIA ROBERTA BRUCH</nome>
        </criador>
      </criadorLista>
    </processo-programa>
  </despacho>
  <despacho>
    <codigo>730</codigo>
    <titulo>Expedição do Certificado de Registro</titulo>
    <processo-programa>
      <numero inid="Np">BR 51 2023 000309-3</numero>
      <titulo inid="54">Algoritmos de Machine Learning Para Detecção de Outliers em Grande Banco de Dados Identificando Perdas Não Técnicas</titulo>
      <dataCriacao inid="Dl">01/12/2022</dataCriacao>
      <campoAplicacaoLista>
        <campoAplicacao>
          <codigo inid="Cp">EN-04</codigo>
        </campoAplicacao>
      </campoAplicacaoLista>
      <linguagemLista>
        <linguagem inid="Lg">PYTHON</linguagem>
      </linguagemLista>
      <tipoProgramaLista>
        <tipoPrograma>
          <codigo inid="Tp">SM-01</codigo>
        </tipoPrograma>
      </tipoProgramaLista>
      <titularLista>
        <titular sequencia="1" inid="73">
          <nome>COMPANHIA ESTADUAL DE DISTRIBUIÇÃO DE ENERGIA ELÉTRICA ? CEEE-D</nome>
        </titular>
        <titular sequencia="2" inid="73">
          <nome>UNIVERSIDADE DO VALE DO RIO DOS SINOS - UNISINOS</nome>
        </titular>
        <titular sequencia="3" inid="73">
          <nome>UNIVERSIDADE FEDERAL DE SANTA MARIA</nome>
        </titular>
      </titularLista>
      <criadorLista>
        <criador sequencia="1" inid="Cr">
          <nome>ALZENIRA DA ROSA ABAIDE</nome>
        </criador>
        <criador sequencia="2" inid="Cr">
          <nome>BRUNO KNEVITZ HAMMERSCHMITT</nome>
        </criador>
        <criador sequencia="3" inid="Cr">
          <nome>FERNANDO GUILHERME KAEHLER GUARDA</nome>
        </criador>
        <criador sequencia="4" inid="Cr">
          <nome>LAURA LISIANE CALLAI DOS SANTOS</nome>
        </criador>
        <criador sequencia="5" inid="Cr">
          <nome>LÚCIO RENÊ PRADE</nome>
        </criador>
        <criador sequencia="6" inid="Cr">
          <nome>MAIKE RODRIGO ALCANTARA REIS</nome>
        </criador>
        <criador sequencia="7" inid="Cr">
          <nome>MARCELO BRUNO CAPELETTI</nome>
        </criador>
        <criador sequencia="8" inid="Cr">
          <nome>NELSON KNAK NETO</nome>
        </criador>
      </criadorLista>
    </processo-programa>
  </despacho>
  <despacho>
    <codigo>730</codigo>
    <titulo>Expedição do Certificado de Registro</titulo>
    <processo-programa>
      <numero inid="Np">BR 51 2023 000310-7</numero>
      <titulo inid="54">Mineração de Dados Exógenos e Endógenos em Grande Banco de Dados de Empresas de Energia para Identificação de Perdas Não Técnicas</titulo>
      <dataCriacao inid="Dl">01/12/2022</dataCriacao>
      <campoAplicacaoLista>
        <campoAplicacao>
          <codigo inid="Cp">EN-04</codigo>
        </campoAplicacao>
      </campoAplicacaoLista>
      <linguagemLista>
        <linguagem inid="Lg">PYTHON</linguagem>
        <linguagem inid="Lg">SQL</linguagem>
      </linguagemLista>
      <tipoProgramaLista>
        <tipoPrograma>
          <codigo inid="Tp">SM-01</codigo>
        </tipoPrograma>
      </tipoProgramaLista>
      <titularLista>
        <titular sequencia="1" inid="73">
          <nome>COMPANHIA ESTADUAL DE DISTRIBUIÇÃO DE ENERGIA ELÉTRICA ? CEEE-D</nome>
        </titular>
        <titular sequencia="2" inid="73">
          <nome>UNIVERSIDADE DO VALE DO RIO DOS SINOS - UNISINOS</nome>
        </titular>
        <titular sequencia="3" inid="73">
          <nome>UNIVERSIDADE FEDERAL DE SANTA MARIA</nome>
        </titular>
      </titularLista>
      <criadorLista>
        <criador sequencia="1" inid="Cr">
          <nome>ALZENIRA DA ROSA ABAIDE</nome>
        </criador>
        <criador sequencia="2" inid="Cr">
          <nome>BRUNO KNEVITZ HAMMERSCHMITT</nome>
        </criador>
        <criador sequencia="3" inid="Cr">
          <nome>FERNANDO GUILHERME KAEHLER GUARDA</nome>
        </criador>
        <criador sequencia="4" inid="Cr">
          <nome>LAURA LISIANE CALLAI DOS SANTOS</nome>
        </criador>
        <criador sequencia="5" inid="Cr">
          <nome>LÚCIO RENÊ PRADE</nome>
        </criador>
        <criador sequencia="6" inid="Cr">
          <nome>MAIKE RODRIGO ALCANTARA REIS</nome>
        </criador>
        <criador sequencia="7" inid="Cr">
          <nome>MARCELO BRUNO CAPELETTI</nome>
        </criador>
        <criador sequencia="8" inid="Cr">
          <nome>NELSON KNAK NETO</nome>
        </criador>
      </criadorLista>
    </processo-programa>
  </despacho>
  <despacho>
    <codigo>730</codigo>
    <titulo>Expedição do Certificado de Registro</titulo>
    <processo-programa>
      <numero inid="Np">BR 51 2023 000311-5</numero>
      <titulo inid="54">Algoritmo recursivo de alta performance para cálculo da inversa da matriz de relação do numerador (Matriz A)</titulo>
      <dataCriacao inid="Dl">23/01/2023</dataCriacao>
      <campoAplicacaoLista>
        <campoAplicacao>
          <codigo inid="Cp">BL-02</codigo>
        </campoAplicacao>
        <campoAplicacao>
          <codigo inid="Cp">MT-04</codigo>
        </campoAplicacao>
        <campoAplicacao>
          <codigo inid="Cp">MT-05</codigo>
        </campoAplicacao>
      </campoAplicacaoLista>
      <linguagemLista>
        <linguagem inid="Lg">PYTHON</linguagem>
      </linguagemLista>
      <tipoProgramaLista>
        <tipoPrograma>
          <codigo inid="Tp">DS-06</codigo>
        </tipoPrograma>
        <tipoPrograma>
          <codigo inid="Tp">GI-06</codigo>
        </tipoPrograma>
      </tipoProgramaLista>
      <titularLista>
        <titular sequencia="1" inid="73">
          <nome>FERNANDO JEAN DIJKINGA</nome>
        </titular>
        <titular sequencia="2" inid="73">
          <nome>GENMATE GENÉTICA LTDA</nome>
        </titular>
      </titularLista>
      <criadorLista>
        <criador sequencia="1" inid="Cr">
          <nome>FERNANDO JEAN DIJKINGA</nome>
        </criador>
      </criadorLista>
    </processo-programa>
  </despacho>
  <despacho>
    <codigo>730</codigo>
    <titulo>Expedição do Certificado de Registro</titulo>
    <processo-programa>
      <numero inid="Np">BR 51 2023 000312-3</numero>
      <titulo inid="54">Sistema para equipamento de Osmose Reversa</titulo>
      <dataCriacao inid="Dl">01/07/2022</dataCriacao>
      <campoAplicacaoLista>
        <campoAplicacao>
          <codigo inid="Cp">SM-04</codigo>
        </campoAplicacao>
      </campoAplicacaoLista>
      <linguagemLista>
        <linguagem inid="Lg">C</linguagem>
        <linguagem inid="Lg">C++</linguagem>
        <linguagem inid="Lg">JAVA SCRIPT</linguagem>
        <linguagem inid="Lg">OUTROS</linguagem>
      </linguagemLista>
      <tipoProgramaLista>
        <tipoPrograma>
          <codigo inid="Tp">AT-05</codigo>
        </tipoPrograma>
        <tipoPrograma>
          <codigo inid="Tp">CD-01</codigo>
        </tipoPrograma>
        <tipoPrograma>
          <codigo inid="Tp">CD-03</codigo>
        </tipoPrograma>
        <tipoPrograma>
          <codigo inid="Tp">IT-02</codigo>
        </tipoPrograma>
        <tipoPrograma>
          <codigo inid="Tp">IT-04</codigo>
        </tipoPrograma>
      </tipoProgramaLista>
      <titularLista>
        <titular sequencia="1" inid="73">
          <nome>ALLCA INDÚSTRIA COMÉRCIO E IMPORTAÇÃO LTDA</nome>
        </titular>
      </titularLista>
      <criadorLista>
        <criador sequencia="1" inid="Cr">
          <nome>DJAN DE ALMEIRO DO ROSÁRIO</nome>
        </criador>
        <criador sequencia="2" inid="Cr">
          <nome>FÁBIO AUGUSTO DARELLA DE ASSIS BASTOS</nome>
        </criador>
        <criador sequencia="3" inid="Cr">
          <nome>NORTON REGIS</nome>
        </criador>
      </criadorLista>
    </processo-programa>
  </despacho>
  <despacho>
    <codigo>730</codigo>
    <titulo>Expedição do Certificado de Registro</titulo>
    <processo-programa>
      <numero inid="Np">BR 51 2023 000313-1</numero>
      <titulo inid="54">ReabilitApp</titulo>
      <dataCriacao inid="Dl">20/01/2023</dataCriacao>
      <campoAplicacaoLista>
        <campoAplicacao>
          <codigo inid="Cp">SD-05</codigo>
        </campoAplicacao>
      </campoAplicacaoLista>
      <linguagemLista>
        <linguagem inid="Lg">C</linguagem>
        <linguagem inid="Lg">C++</linguagem>
      </linguagemLista>
      <tipoProgramaLista>
        <tipoPrograma>
          <codigo inid="Tp">IT-03</codigo>
        </tipoPrograma>
      </tipoProgramaLista>
      <titularLista>
        <titular sequencia="1" inid="73">
          <nome>UNIVERSIDADE DO ESTADO DO RIO DE JANEIRO</nome>
        </titular>
      </titularLista>
      <criadorLista>
        <criador sequencia="1" inid="Cr">
          <nome>GISELE DUARTE CABOCLO ANTOLIN</nome>
        </criador>
        <criador sequencia="2" inid="Cr">
          <nome>JORGE GABRIEL SILVEIRA DA SILVA</nome>
        </criador>
        <criador sequencia="3" inid="Cr">
          <nome>LUANA SOARES DE AZEVEDO</nome>
        </criador>
        <criador sequencia="4" inid="Cr">
          <nome>MAURICIO QUELHAS ANTOLIN</nome>
        </criador>
      </criadorLista>
    </processo-programa>
  </despacho>
  <despacho>
    <codigo>730</codigo>
    <titulo>Expedição do Certificado de Registro</titulo>
    <processo-programa>
      <numero inid="Np">BR 51 2023 000314-0</numero>
      <titulo inid="54">Simulador de negociações no mercado de balcão do setor elétrico brasileiro, com suporte de métricas de risco individuais e sistêmicas.</titulo>
      <dataCriacao inid="Dl">06/06/2021</dataCriacao>
      <campoAplicacaoLista>
        <campoAplicacao>
          <codigo inid="Cp">EN-01</codigo>
        </campoAplicacao>
        <campoAplicacao>
          <codigo inid="Cp">FN-05</codigo>
        </campoAplicacao>
        <campoAplicacao>
          <codigo inid="Cp">MT-06</codigo>
        </campoAplicacao>
        <campoAplicacao>
          <codigo inid="Cp">SV-01</codigo>
        </campoAplicacao>
        <campoAplicacao>
          <codigo inid="Cp">SV-03</codigo>
        </campoAplicacao>
      </campoAplicacaoLista>
      <linguagemLista>
        <linguagem inid="Lg">PYTHON</linguagem>
      </linguagemLista>
      <tipoProgramaLista>
        <tipoPrograma>
          <codigo inid="Tp">AT-03</codigo>
        </tipoPrograma>
      </tipoProgramaLista>
      <titularLista>
        <titular sequencia="1" inid="73">
          <nome>FDTE - FUNDACAO PARA DESENVOLVIMENTO TECNOLOGICO DA ENGENHARIA</nome>
        </titular>
        <titular sequencia="2" inid="73">
          <nome>NAVARRA TECHNOLOGIES SOLUCOES EM TECNOLOGIA LTDA</nome>
        </titular>
        <titular sequencia="3" inid="73">
          <nome>RIO PARANAPANEMA ENERGIA S.A.</nome>
        </titular>
      </titularLista>
      <criadorLista>
        <criador sequencia="1" inid="Cr">
          <nome>PEDRO SOUZA ROSA</nome>
        </criador>
        <criador sequencia="2" inid="Cr">
          <nome>RAFAEL FARACO</nome>
        </criador>
      </criadorLista>
    </processo-programa>
  </despacho>
  <despacho>
    <codigo>730</codigo>
    <titulo>Expedição do Certificado de Registro</titulo>
    <processo-programa>
      <numero inid="Np">BR 51 2023 000315-8</numero>
      <titulo inid="54">Açaide: Feira Virtual de Açaí</titulo>
      <dataCriacao inid="Dl">05/01/2022</dataCriacao>
      <campoAplicacaoLista>
        <campoAplicacao>
          <codigo inid="Cp">AG-04</codigo>
        </campoAplicacao>
        <campoAplicacao>
          <codigo inid="Cp">EC-07</codigo>
        </campoAplicacao>
        <campoAplicacao>
          <codigo inid="Cp">SV-03</codigo>
        </campoAplicacao>
      </campoAplicacaoLista>
      <linguagemLista>
        <linguagem inid="Lg">OUTROS</linguagem>
      </linguagemLista>
      <tipoProgramaLista>
        <tipoPrograma>
          <codigo inid="Tp">AP-01</codigo>
        </tipoPrograma>
      </tipoProgramaLista>
      <titularLista>
        <titular sequencia="1" inid="73">
          <nome>CENTRO UNIVERSITÁRIO DO PARÁ</nome>
        </titular>
      </titularLista>
      <criadorLista>
        <criador sequencia="1" inid="Cr">
          <nome>MARCOS VINICIUS VASCONCELOS GOMES</nome>
        </criador>
        <criador sequencia="2" inid="Cr">
          <nome>MÁRIO COSENZA HERMES</nome>
        </criador>
      </criadorLista>
    </processo-programa>
  </despacho>
  <despacho>
    <codigo>730</codigo>
    <titulo>Expedição do Certificado de Registro</titulo>
    <processo-programa>
      <numero inid="Np">BR 51 2023 000316-6</numero>
      <titulo inid="54">Prontto Indique e Ganhe</titulo>
      <dataCriacao inid="Dl">01/02/2021</dataCriacao>
      <campoAplicacaoLista>
        <campoAplicacao>
          <codigo inid="Cp">AD-10</codigo>
        </campoAplicacao>
      </campoAplicacaoLista>
      <linguagemLista>
        <linguagem inid="Lg">HTML</linguagem>
        <linguagem inid="Lg">JAVA SCRIPT</linguagem>
        <linguagem inid="Lg">PYTHON</linguagem>
      </linguagemLista>
      <tipoProgramaLista>
        <tipoPrograma>
          <codigo inid="Tp">AP-01</codigo>
        </tipoPrograma>
        <tipoPrograma>
          <codigo inid="Tp">GI-01</codigo>
        </tipoPrograma>
        <tipoPrograma>
          <codigo inid="Tp">GI-06</codigo>
        </tipoPrograma>
      </tipoProgramaLista>
      <titularLista>
        <titular sequencia="1" inid="73">
          <nome>PRONTTO LTDA</nome>
        </titular>
      </titularLista>
      <criadorLista>
        <criador sequencia="1" inid="Cr">
          <nome>RAFAEL RODRIGUES BRAZ</nome>
        </criador>
      </criadorLista>
    </processo-programa>
  </despacho>
  <despacho>
    <codigo>742</codigo>
    <titulo>Petição não conhecida</titulo>
    <processo-programa>
      <numero inid="Np">BR 51 2023 000225-9</numero>
      <titulo inid="54">O resgate das máscaras - Nia e a aventura na Tanzânia</titulo>
      <titularLista>
        <titular sequencia="1" inid="73">
          <nome>INSTITUTO FEDERAL DE EDUCAÇÃO, CIÊNCIA E TECNOLOGIA DA BAHIA - IFBA</nome>
        </titular>
      </titularLista>
    </processo-programa>
    <comentario inid="co">Pagamento da GRU fora do prazo ou não realizado referente ao protocolo 870230008409</comentario>
  </despacho>
</revista>