<revista numero="2582" dataPublicacao="30/06/2020" diretoria="Programa">
  <despacho>
    <codigo>730</codigo>
    <titulo>Expedição do Certificado de Registro</titulo>
    <processo-programa>
      <numero inid="Np">BR 51 2020 000991-3</numero>
      <titulo inid="54">Ping.</titulo>
      <dataCriacao inid="Dl">02/08/2019</dataCriacao>
      <campoAplicacaoLista>
        <campoAplicacao>
          <codigo inid="Cp">AD-01</codigo>
        </campoAplicacao>
        <campoAplicacao>
          <codigo inid="Cp">AD-02</codigo>
        </campoAplicacao>
        <campoAplicacao>
          <codigo inid="Cp">AD-03</codigo>
        </campoAplicacao>
        <campoAplicacao>
          <codigo inid="Cp">AD-04</codigo>
        </campoAplicacao>
        <campoAplicacao>
          <codigo inid="Cp">AD-05</codigo>
        </campoAplicacao>
        <campoAplicacao>
          <codigo inid="Cp">AD-09</codigo>
        </campoAplicacao>
        <campoAplicacao>
          <codigo inid="Cp">AD-11</codigo>
        </campoAplicacao>
        <campoAplicacao>
          <codigo inid="Cp">IF-02</codigo>
        </campoAplicacao>
        <campoAplicacao>
          <codigo inid="Cp">IF-04</codigo>
        </campoAplicacao>
        <campoAplicacao>
          <codigo inid="Cp">IF-06</codigo>
        </campoAplicacao>
        <campoAplicacao>
          <codigo inid="Cp">IF-07</codigo>
        </campoAplicacao>
        <campoAplicacao>
          <codigo inid="Cp">IF-08</codigo>
        </campoAplicacao>
      </campoAplicacaoLista>
      <linguagemLista>
        <linguagem inid="Lg">JAVA SCRIPT</linguagem>
        <linguagem inid="Lg">POSTGREE SQL</linguagem>
        <linguagem inid="Lg">RUBY</linguagem>
      </linguagemLista>
      <tipoProgramaLista>
        <tipoPrograma>
          <codigo inid="Tp">AP-01</codigo>
        </tipoPrograma>
        <tipoPrograma>
          <codigo inid="Tp">AP-02</codigo>
        </tipoPrograma>
        <tipoPrograma>
          <codigo inid="Tp">AP-03</codigo>
        </tipoPrograma>
        <tipoPrograma>
          <codigo inid="Tp">AP-04</codigo>
        </tipoPrograma>
        <tipoPrograma>
          <codigo inid="Tp">AT-01</codigo>
        </tipoPrograma>
        <tipoPrograma>
          <codigo inid="Tp">AT-02</codigo>
        </tipoPrograma>
        <tipoPrograma>
          <codigo inid="Tp">AT-03</codigo>
        </tipoPrograma>
        <tipoPrograma>
          <codigo inid="Tp">AT-06</codigo>
        </tipoPrograma>
        <tipoPrograma>
          <codigo inid="Tp">AV-01</codigo>
        </tipoPrograma>
        <tipoPrograma>
          <codigo inid="Tp">CD-01</codigo>
        </tipoPrograma>
        <tipoPrograma>
          <codigo inid="Tp">DS-07</codigo>
        </tipoPrograma>
        <tipoPrograma>
          <codigo inid="Tp">FA-02</codigo>
        </tipoPrograma>
        <tipoPrograma>
          <codigo inid="Tp">GI-01</codigo>
        </tipoPrograma>
        <tipoPrograma>
          <codigo inid="Tp">GI-04</codigo>
        </tipoPrograma>
        <tipoPrograma>
          <codigo inid="Tp">GI-05</codigo>
        </tipoPrograma>
        <tipoPrograma>
          <codigo inid="Tp">GI-06</codigo>
        </tipoPrograma>
        <tipoPrograma>
          <codigo inid="Tp">GI-07</codigo>
        </tipoPrograma>
        <tipoPrograma>
          <codigo inid="Tp">GI-08</codigo>
        </tipoPrograma>
        <tipoPrograma>
          <codigo inid="Tp">IA-01</codigo>
        </tipoPrograma>
        <tipoPrograma>
          <codigo inid="Tp">PD-05</codigo>
        </tipoPrograma>
        <tipoPrograma>
          <codigo inid="Tp">SO-05</codigo>
        </tipoPrograma>
        <tipoPrograma>
          <codigo inid="Tp">SO-07</codigo>
        </tipoPrograma>
        <tipoPrograma>
          <codigo inid="Tp">UT-06</codigo>
        </tipoPrograma>
      </tipoProgramaLista>
      <titularLista>
        <titular sequencia="1" inid="73">
          <nome>BRUNO DA SILVA PINHEIRO</nome>
        </titular>
        <titular sequencia="2" inid="73">
          <nome>CLAYTON GUIMARÃES COVA DOS SANTOS</nome>
        </titular>
        <titular sequencia="3" inid="73">
          <nome>PDIO SERVICOS DE ENGENHARIA DE SOFTWARE LTDA</nome>
        </titular>
        <titular sequencia="4" inid="73">
          <nome>TÂNIA BORGES DA COSTA</nome>
        </titular>
      </titularLista>
      <criadorLista>
        <criador sequencia="1" inid="Cr">
          <nome>BRUNO DA SILVA PINHEIRO</nome>
        </criador>
        <criador sequencia="2" inid="Cr">
          <nome>CLAYTON GUIMARÃES COVA DOS SANTOS</nome>
        </criador>
        <criador sequencia="3" inid="Cr">
          <nome>TÂNIA BORGES DA COSTA</nome>
        </criador>
      </criadorLista>
    </processo-programa>
  </despacho>
  <despacho>
    <codigo>730</codigo>
    <titulo>Expedição do Certificado de Registro</titulo>
    <processo-programa>
      <numero inid="Np">BR 51 2020 001138-1</numero>
      <titulo inid="54">Raptors of SouthEdge</titulo>
      <dataCriacao inid="Dl">14/06/2020</dataCriacao>
      <campoAplicacaoLista>
        <campoAplicacao>
          <codigo inid="Cp">CO-05</codigo>
        </campoAplicacao>
        <campoAplicacao>
          <codigo inid="Cp">TB-06</codigo>
        </campoAplicacao>
      </campoAplicacaoLista>
      <linguagemLista>
        <linguagem inid="Lg">OUTROS</linguagem>
      </linguagemLista>
      <tipoProgramaLista>
        <tipoPrograma>
          <codigo inid="Tp">ET-01</codigo>
        </tipoPrograma>
        <tipoPrograma>
          <codigo inid="Tp">ET-02</codigo>
        </tipoPrograma>
      </tipoProgramaLista>
      <titularLista>
        <titular sequencia="1" inid="73">
          <nome>LUCAS REGO LIMA DE CARVALHO</nome>
        </titular>
      </titularLista>
      <criadorLista>
        <criador sequencia="1" inid="Cr">
          <nome>LUCAS REGO LIMA DE CARVALHO</nome>
        </criador>
      </criadorLista>
    </processo-programa>
  </despacho>
  <despacho>
    <codigo>730</codigo>
    <titulo>Expedição do Certificado de Registro</titulo>
    <processo-programa>
      <numero inid="Np">BR 51 2020 001146-2</numero>
      <titulo inid="54">Work Training - Instruções ocupacionais, diálogos de segurança e educação continuada</titulo>
      <dataCriacao inid="Dl">20/05/2020</dataCriacao>
      <campoAplicacaoLista>
        <campoAplicacao>
          <codigo inid="Cp">AD-01</codigo>
        </campoAplicacao>
        <campoAplicacao>
          <codigo inid="Cp">EN-04</codigo>
        </campoAplicacao>
        <campoAplicacao>
          <codigo inid="Cp">TB-04</codigo>
        </campoAplicacao>
      </campoAplicacaoLista>
      <linguagemLista>
        <linguagem inid="Lg">CSS</linguagem>
        <linguagem inid="Lg">HTML</linguagem>
        <linguagem inid="Lg">JAVA</linguagem>
        <linguagem inid="Lg">JAVA SCRIPT</linguagem>
        <linguagem inid="Lg">JQUERY</linguagem>
        <linguagem inid="Lg">MYSQL</linguagem>
        <linguagem inid="Lg">PHP</linguagem>
      </linguagemLista>
      <tipoProgramaLista>
        <tipoPrograma>
          <codigo inid="Tp">AP-01</codigo>
        </tipoPrograma>
        <tipoPrograma>
          <codigo inid="Tp">AV-01</codigo>
        </tipoPrograma>
        <tipoPrograma>
          <codigo inid="Tp">GI-04</codigo>
        </tipoPrograma>
        <tipoPrograma>
          <codigo inid="Tp">SO-05</codigo>
        </tipoPrograma>
      </tipoProgramaLista>
      <titularLista>
        <titular sequencia="1" inid="73">
          <nome>WALMIR DA SILVA SANTIAGO JUNIOR</nome>
        </titular>
      </titularLista>
      <criadorLista>
        <criador sequencia="1" inid="Cr">
          <nome>WALMIR DA SILVA SANTIAGO JUNIOR</nome>
        </criador>
      </criadorLista>
    </processo-programa>
  </despacho>
  <despacho>
    <codigo>730</codigo>
    <titulo>Expedição do Certificado de Registro</titulo>
    <processo-programa>
      <numero inid="Np">BR 51 2020 001148-9</numero>
      <titulo inid="54">CFOPMBM - Inscrição</titulo>
      <dataCriacao inid="Dl">27/04/2011</dataCriacao>
      <campoAplicacaoLista>
        <campoAplicacao>
          <codigo inid="Cp">AD-01</codigo>
        </campoAplicacao>
        <campoAplicacao>
          <codigo inid="Cp">ED-06</codigo>
        </campoAplicacao>
      </campoAplicacaoLista>
      <linguagemLista>
        <linguagem inid="Lg">JAVA</linguagem>
      </linguagemLista>
      <tipoProgramaLista>
        <tipoPrograma>
          <codigo inid="Tp">AP-01</codigo>
        </tipoPrograma>
      </tipoProgramaLista>
      <titularLista>
        <titular sequencia="1" inid="73">
          <nome>UNIVERSIDADE DO ESTADO DA BAHIA</nome>
        </titular>
      </titularLista>
      <criadorLista>
        <criador sequencia="1" inid="Cr">
          <nome>BENJAMIN RAMOS FILHO</nome>
        </criador>
        <criador sequencia="2" inid="Cr">
          <nome>BRUNO CÉSAR PEREIRA LEITE</nome>
        </criador>
        <criador sequencia="3" inid="Cr">
          <nome>DIANE LEAL DA SILVA</nome>
        </criador>
        <criador sequencia="4" inid="Cr">
          <nome>IURY BARRETO DA SILVA</nome>
        </criador>
        <criador sequencia="5" inid="Cr">
          <nome>JORDAN DA SILVA SANTOS</nome>
        </criador>
        <criador sequencia="6" inid="Cr">
          <nome>MARISTELA CAMPOS DE OLIVEIRA</nome>
        </criador>
        <criador sequencia="7" inid="Cr">
          <nome>VIRGÍLIO MIRANDA BARRETO</nome>
        </criador>
      </criadorLista>
    </processo-programa>
  </despacho>
  <despacho>
    <codigo>730</codigo>
    <titulo>Expedição do Certificado de Registro</titulo>
    <processo-programa>
      <numero inid="Np">BR 51 2020 001149-7</numero>
      <titulo inid="54">RHO_CUT</titulo>
      <dataCriacao inid="Dl">01/07/2019</dataCriacao>
      <campoAplicacaoLista>
        <campoAplicacao>
          <codigo inid="Cp">MT-06</codigo>
        </campoAplicacao>
      </campoAplicacaoLista>
      <linguagemLista>
        <linguagem inid="Lg">C++</linguagem>
      </linguagemLista>
      <tipoProgramaLista>
        <tipoPrograma>
          <codigo inid="Tp">SM-01</codigo>
        </tipoPrograma>
      </tipoProgramaLista>
      <titularLista>
        <titular sequencia="1" inid="73">
          <nome>ANDREA DE ALMEIDA BRITO</nome>
        </titular>
        <titular sequencia="2" inid="73">
          <nome>ARLEYS PEREIRA NUNES DE CASTRO</nome>
        </titular>
        <titular sequencia="3" inid="73">
          <nome>FLORÊNCIO MENDES OLIVEIRA FILHO</nome>
        </titular>
        <titular sequencia="4" inid="73">
          <nome>GILNEY FIGUEIRA ZEBENDE</nome>
        </titular>
      </titularLista>
      <criadorLista>
        <criador sequencia="1" inid="Cr">
          <nome>ANDREA DE ALMEIDA BRITO</nome>
        </criador>
        <criador sequencia="2" inid="Cr">
          <nome>ARLEYS PEREIRA NUNES DE CASTRO</nome>
        </criador>
        <criador sequencia="3" inid="Cr">
          <nome>FLORÊNCIO MENDES OLIVEIRA FILHO</nome>
        </criador>
        <criador sequencia="4" inid="Cr">
          <nome>GILNEY FIGUEIRA ZEBENDE</nome>
        </criador>
      </criadorLista>
    </processo-programa>
  </despacho>
  <despacho>
    <codigo>730</codigo>
    <titulo>Expedição do Certificado de Registro</titulo>
    <processo-programa>
      <numero inid="Np">BR 51 2020 001150-0</numero>
      <titulo inid="54">Rho BA Map</titulo>
      <dataCriacao inid="Dl">01/01/2020</dataCriacao>
      <campoAplicacaoLista>
        <campoAplicacao>
          <codigo inid="Cp">MT-06</codigo>
        </campoAplicacao>
      </campoAplicacaoLista>
      <linguagemLista>
        <linguagem inid="Lg">C++</linguagem>
      </linguagemLista>
      <tipoProgramaLista>
        <tipoPrograma>
          <codigo inid="Tp">SM-01</codigo>
        </tipoPrograma>
      </tipoProgramaLista>
      <titularLista>
        <titular sequencia="1" inid="73">
          <nome>ANDREA DE ALMEIDA BRITO</nome>
        </titular>
        <titular sequencia="2" inid="73">
          <nome>ARLEYS PEREIRA NUNES DE CASTRO</nome>
        </titular>
        <titular sequencia="3" inid="73">
          <nome>FLORÊNCIO MENDES OLIVEIRA FILHO</nome>
        </titular>
        <titular sequencia="4" inid="73">
          <nome>GILNEY FIGUEIRA ZEBENDE</nome>
        </titular>
      </titularLista>
      <criadorLista>
        <criador sequencia="1" inid="Cr">
          <nome>ANDREA DE ALMEIDA BRITO</nome>
        </criador>
        <criador sequencia="2" inid="Cr">
          <nome>ARLEYS PEREIRA NUNES DE CASTRO</nome>
        </criador>
        <criador sequencia="3" inid="Cr">
          <nome>FLORÊNCIO MENDES OLIVEIRA FILHO</nome>
        </criador>
        <criador sequencia="4" inid="Cr">
          <nome>GILNEY FIGUEIRA ZEBENDE</nome>
        </criador>
      </criadorLista>
    </processo-programa>
  </despacho>
  <despacho>
    <codigo>730</codigo>
    <titulo>Expedição do Certificado de Registro</titulo>
    <processo-programa>
      <numero inid="Np">BR 51 2020 001151-9</numero>
      <titulo inid="54">VENDA FÁCIL</titulo>
      <dataCriacao inid="Dl">16/03/2020</dataCriacao>
      <campoAplicacaoLista>
        <campoAplicacao>
          <codigo inid="Cp">AD-05</codigo>
        </campoAplicacao>
        <campoAplicacao>
          <codigo inid="Cp">AD-10</codigo>
        </campoAplicacao>
        <campoAplicacao>
          <codigo inid="Cp">EC-04</codigo>
        </campoAplicacao>
        <campoAplicacao>
          <codigo inid="Cp">EC-07</codigo>
        </campoAplicacao>
        <campoAplicacao>
          <codigo inid="Cp">EC-14</codigo>
        </campoAplicacao>
        <campoAplicacao>
          <codigo inid="Cp">SV-03</codigo>
        </campoAplicacao>
      </campoAplicacaoLista>
      <linguagemLista>
        <linguagem inid="Lg">HTML</linguagem>
        <linguagem inid="Lg">JAVA SCRIPT</linguagem>
      </linguagemLista>
      <tipoProgramaLista>
        <tipoPrograma>
          <codigo inid="Tp">AP-01</codigo>
        </tipoPrograma>
        <tipoPrograma>
          <codigo inid="Tp">AP-02</codigo>
        </tipoPrograma>
        <tipoPrograma>
          <codigo inid="Tp">AP-03</codigo>
        </tipoPrograma>
        <tipoPrograma>
          <codigo inid="Tp">AT-01</codigo>
        </tipoPrograma>
        <tipoPrograma>
          <codigo inid="Tp">AT-03</codigo>
        </tipoPrograma>
        <tipoPrograma>
          <codigo inid="Tp">AT-06</codigo>
        </tipoPrograma>
        <tipoPrograma>
          <codigo inid="Tp">FA-01</codigo>
        </tipoPrograma>
        <tipoPrograma>
          <codigo inid="Tp">GI-01</codigo>
        </tipoPrograma>
        <tipoPrograma>
          <codigo inid="Tp">GI-04</codigo>
        </tipoPrograma>
        <tipoPrograma>
          <codigo inid="Tp">GI-06</codigo>
        </tipoPrograma>
      </tipoProgramaLista>
      <titularLista>
        <titular sequencia="1" inid="73">
          <nome>OTIMIZE TREINAMENTOS E SOLUÇÕES DE TECNOLOGIA DA INFORMAÇÃO E COMUNICAÇÃO LTDA-ME</nome>
        </titular>
      </titularLista>
      <criadorLista>
        <criador sequencia="1" inid="Cr">
          <nome>ITALO AYALA DE ALMEIDA RABELO</nome>
        </criador>
        <criador sequencia="2" inid="Cr">
          <nome>JOSIMAR RABELO DE SOUZA</nome>
        </criador>
        <criador sequencia="3" inid="Cr">
          <nome>THOMAS DE ALMEIDA RABELO</nome>
        </criador>
      </criadorLista>
    </processo-programa>
  </despacho>
  <despacho>
    <codigo>730</codigo>
    <titulo>Expedição do Certificado de Registro</titulo>
    <processo-programa>
      <numero inid="Np">BR 51 2020 001152-7</numero>
      <titulo inid="54">HIPPOCAMPUS</titulo>
      <dataCriacao inid="Dl">10/04/2020</dataCriacao>
      <campoAplicacaoLista>
        <campoAplicacao>
          <codigo inid="Cp">ED-03</codigo>
        </campoAplicacao>
        <campoAplicacao>
          <codigo inid="Cp">ED-04</codigo>
        </campoAplicacao>
        <campoAplicacao>
          <codigo inid="Cp">ED-05</codigo>
        </campoAplicacao>
      </campoAplicacaoLista>
      <linguagemLista>
        <linguagem inid="Lg">CSS</linguagem>
        <linguagem inid="Lg">HTML</linguagem>
        <linguagem inid="Lg">JAVA SCRIPT</linguagem>
        <linguagem inid="Lg">JSON</linguagem>
        <linguagem inid="Lg">NODEJS</linguagem>
        <linguagem inid="Lg">OUTROS</linguagem>
      </linguagemLista>
      <tipoProgramaLista>
        <tipoPrograma>
          <codigo inid="Tp">AP-01</codigo>
        </tipoPrograma>
        <tipoPrograma>
          <codigo inid="Tp">AP-02</codigo>
        </tipoPrograma>
        <tipoPrograma>
          <codigo inid="Tp">FA-01</codigo>
        </tipoPrograma>
        <tipoPrograma>
          <codigo inid="Tp">FA-02</codigo>
        </tipoPrograma>
        <tipoPrograma>
          <codigo inid="Tp">GI-01</codigo>
        </tipoPrograma>
      </tipoProgramaLista>
      <titularLista>
        <titular sequencia="1" inid="73">
          <nome>MARCIO YURI DE SOUZA FERREIRA</nome>
        </titular>
      </titularLista>
      <criadorLista>
        <criador sequencia="1" inid="Cr">
          <nome>MARCIO YURI DE SOUZA FERREIRA</nome>
        </criador>
      </criadorLista>
    </processo-programa>
  </despacho>
  <despacho>
    <codigo>730</codigo>
    <titulo>Expedição do Certificado de Registro</titulo>
    <processo-programa>
      <numero inid="Np">BR 51 2020 001153-5</numero>
      <titulo inid="54">PGS-MEDICAL</titulo>
      <dataCriacao inid="Dl">28/08/2018</dataCriacao>
      <campoAplicacaoLista>
        <campoAplicacao>
          <codigo inid="Cp">AD-01</codigo>
        </campoAplicacao>
        <campoAplicacao>
          <codigo inid="Cp">AD-02</codigo>
        </campoAplicacao>
        <campoAplicacao>
          <codigo inid="Cp">SD-01</codigo>
        </campoAplicacao>
        <campoAplicacao>
          <codigo inid="Cp">SD-02</codigo>
        </campoAplicacao>
        <campoAplicacao>
          <codigo inid="Cp">SD-05</codigo>
        </campoAplicacao>
      </campoAplicacaoLista>
      <linguagemLista>
        <linguagem inid="Lg">PHP</linguagem>
      </linguagemLista>
      <tipoProgramaLista>
        <tipoPrograma>
          <codigo inid="Tp">AV-01</codigo>
        </tipoPrograma>
        <tipoPrograma>
          <codigo inid="Tp">GI-01</codigo>
        </tipoPrograma>
        <tipoPrograma>
          <codigo inid="Tp">GI-03</codigo>
        </tipoPrograma>
        <tipoPrograma>
          <codigo inid="Tp">GI-04</codigo>
        </tipoPrograma>
        <tipoPrograma>
          <codigo inid="Tp">IA-01</codigo>
        </tipoPrograma>
        <tipoPrograma>
          <codigo inid="Tp">SO-05</codigo>
        </tipoPrograma>
        <tipoPrograma>
          <codigo inid="Tp">SO-07</codigo>
        </tipoPrograma>
      </tipoProgramaLista>
      <titularLista>
        <titular sequencia="1" inid="73">
          <nome>PGS MEDICAL SPE LTDA</nome>
        </titular>
      </titularLista>
      <criadorLista>
        <criador sequencia="1" inid="Cr">
          <nome>ANDERSON GUSTAVO PARANHOS DE MENEZES</nome>
        </criador>
        <criador sequencia="2" inid="Cr">
          <nome>MARCOS MAGGI DOS SANTOS</nome>
        </criador>
        <criador sequencia="3" inid="Cr">
          <nome>WAGNER MARQUES DA SILVA</nome>
        </criador>
      </criadorLista>
    </processo-programa>
  </despacho>
  <despacho>
    <codigo>730</codigo>
    <titulo>Expedição do Certificado de Registro</titulo>
    <processo-programa>
      <numero inid="Np">BR 51 2020 001154-3</numero>
      <titulo inid="54">SI-ALPHA - Sistema Integrado Alpha</titulo>
      <dataCriacao inid="Dl">18/09/2007</dataCriacao>
      <campoAplicacaoLista>
        <campoAplicacao>
          <codigo inid="Cp">AD-05</codigo>
        </campoAplicacao>
        <campoAplicacao>
          <codigo inid="Cp">AD-08</codigo>
        </campoAplicacao>
        <campoAplicacao>
          <codigo inid="Cp">AD-10</codigo>
        </campoAplicacao>
      </campoAplicacaoLista>
      <linguagemLista>
        <linguagem inid="Lg">DELPHI</linguagem>
      </linguagemLista>
      <tipoProgramaLista>
        <tipoPrograma>
          <codigo inid="Tp">AP-02</codigo>
        </tipoPrograma>
        <tipoPrograma>
          <codigo inid="Tp">AT-03</codigo>
        </tipoPrograma>
      </tipoProgramaLista>
      <titularLista>
        <titular sequencia="1" inid="73">
          <nome>ALPHA GALVANO QUIMICA BRASILEIRA LTDA</nome>
        </titular>
      </titularLista>
      <criadorLista>
        <criador sequencia="1" inid="Cr">
          <nome>ELIEL ODILON FERREIRA</nome>
        </criador>
      </criadorLista>
    </processo-programa>
  </despacho>
  <despacho>
    <codigo>730</codigo>
    <titulo>Expedição do Certificado de Registro</titulo>
    <processo-programa>
      <numero inid="Np">BR 51 2020 001155-1</numero>
      <titulo inid="54">DMC statistical test</titulo>
      <dataCriacao inid="Dl">02/01/2020</dataCriacao>
      <campoAplicacaoLista>
        <campoAplicacao>
          <codigo inid="Cp">MT-06</codigo>
        </campoAplicacao>
      </campoAplicacaoLista>
      <linguagemLista>
        <linguagem inid="Lg">R</linguagem>
      </linguagemLista>
      <tipoProgramaLista>
        <tipoPrograma>
          <codigo inid="Tp">SM-01</codigo>
        </tipoPrograma>
      </tipoProgramaLista>
      <titularLista>
        <titular sequencia="1" inid="73">
          <nome>ALOÍSIO MACHADO DA SILVA FILHO</nome>
        </titular>
        <titular sequencia="2" inid="73">
          <nome>ARLEYS PEREIRA NUNES DE CASTRO</nome>
        </titular>
        <titular sequencia="3" inid="73">
          <nome>EVERALDO FREITAS GUEDES</nome>
        </titular>
        <titular sequencia="4" inid="73">
          <nome>FLORÊNCIO MENDES OLIVEIRA FILHO</nome>
        </titular>
        <titular sequencia="5" inid="73">
          <nome>GILNEY FIGUEIRA ZEBENDE</nome>
        </titular>
      </titularLista>
      <criadorLista>
        <criador sequencia="1" inid="Cr">
          <nome>ALOÍSIO MACHADO DA SILVA FILHO</nome>
        </criador>
        <criador sequencia="2" inid="Cr">
          <nome>ARLEYS PEREIRA NUNES DE CASTRO</nome>
        </criador>
        <criador sequencia="3" inid="Cr">
          <nome>EVERALDO FREITAS GUEDES</nome>
        </criador>
        <criador sequencia="4" inid="Cr">
          <nome>FLORÊNCIO MENDES OLIVEIRA FILHO</nome>
        </criador>
        <criador sequencia="5" inid="Cr">
          <nome>GILNEY FIGUEIRA ZEBENDE</nome>
        </criador>
      </criadorLista>
    </processo-programa>
  </despacho>
  <despacho>
    <codigo>730</codigo>
    <titulo>Expedição do Certificado de Registro</titulo>
    <processo-programa>
      <numero inid="Np">BR 51 2020 001156-0</numero>
      <titulo inid="54">AgroTag</titulo>
      <dataCriacao inid="Dl">10/10/2017</dataCriacao>
      <campoAplicacaoLista>
        <campoAplicacao>
          <codigo inid="Cp">AG-01</codigo>
        </campoAplicacao>
        <campoAplicacao>
          <codigo inid="Cp">AG-09</codigo>
        </campoAplicacao>
        <campoAplicacao>
          <codigo inid="Cp">AG-11</codigo>
        </campoAplicacao>
        <campoAplicacao>
          <codigo inid="Cp">GC-06</codigo>
        </campoAplicacao>
        <campoAplicacao>
          <codigo inid="Cp">GC-08</codigo>
        </campoAplicacao>
      </campoAplicacaoLista>
      <linguagemLista>
        <linguagem inid="Lg">JAVA</linguagem>
      </linguagemLista>
      <tipoProgramaLista>
        <tipoPrograma>
          <codigo inid="Tp">AP-01</codigo>
        </tipoPrograma>
        <tipoPrograma>
          <codigo inid="Tp">FA-03</codigo>
        </tipoPrograma>
        <tipoPrograma>
          <codigo inid="Tp">TC-02</codigo>
        </tipoPrograma>
        <tipoPrograma>
          <codigo inid="Tp">TI-03</codigo>
        </tipoPrograma>
      </tipoProgramaLista>
      <titularLista>
        <titular sequencia="1" inid="73">
          <nome>EMBRAPA-EMPRESA BRASILEIRA DE PESQUISA AGROPECUARIA</nome>
        </titular>
      </titularLista>
      <criadorLista>
        <criador sequencia="1" inid="Cr">
          <nome>CELSO VAINER MANZATTO</nome>
        </criador>
        <criador sequencia="2" inid="Cr">
          <nome>CHRISTOFER DA SILVA CARVALHO</nome>
        </criador>
        <criador sequencia="3" inid="Cr">
          <nome>DANIEL DE CASTRO VICTORIA</nome>
        </criador>
        <criador sequencia="4" inid="Cr">
          <nome>HELDER DI PIERO CARNETTA</nome>
        </criador>
        <criador sequencia="5" inid="Cr">
          <nome>LADISLAU ARAÚJO SKORUPA</nome>
        </criador>
        <criador sequencia="6" inid="Cr">
          <nome>LUCIANA SPINELLI DE ARAÚJO</nome>
        </criador>
        <criador sequencia="7" inid="Cr">
          <nome>LUIZ EDUARDO VICENTE</nome>
        </criador>
        <criador sequencia="8" inid="Cr">
          <nome>PAULA JULIANA CASTILHO DE MENDONÇA</nome>
        </criador>
        <criador sequencia="9" inid="Cr">
          <nome>RODRIGO FERNANDES BULGARELLI</nome>
        </criador>
        <criador sequencia="10" inid="Cr">
          <nome>VINÍCIUS FERNANDES DIAS</nome>
        </criador>
      </criadorLista>
    </processo-programa>
  </despacho>
  <despacho>
    <codigo>730</codigo>
    <titulo>Expedição do Certificado de Registro</titulo>
    <processo-programa>
      <numero inid="Np">BR 51 2020 001157-8</numero>
      <titulo inid="54">DEGG - Deconvolução Espectral Gaussiana Generalizada</titulo>
      <dataCriacao inid="Dl">08/04/2020</dataCriacao>
      <campoAplicacaoLista>
        <campoAplicacao>
          <codigo inid="Cp">FQ-12</codigo>
        </campoAplicacao>
        <campoAplicacao>
          <codigo inid="Cp">SD-09</codigo>
        </campoAplicacao>
      </campoAplicacaoLista>
      <linguagemLista>
        <linguagem inid="Lg">MATLAB</linguagem>
      </linguagemLista>
      <tipoProgramaLista>
        <tipoPrograma>
          <codigo inid="Tp">IA-02</codigo>
        </tipoPrograma>
        <tipoPrograma>
          <codigo inid="Tp">IT-03</codigo>
        </tipoPrograma>
      </tipoProgramaLista>
      <titularLista>
        <titular sequencia="1" inid="73">
          <nome>LAURITA DOS SANTOS</nome>
        </titular>
        <titular sequencia="2" inid="73">
          <nome>MARCELLO MAGRI AMARAL</nome>
        </titular>
      </titularLista>
      <criadorLista>
        <criador sequencia="1" inid="Cr">
          <nome>DANIELA TERESA ROSSIGNOLI UEBELE</nome>
        </criador>
        <criador sequencia="2" inid="Cr">
          <nome>LAURITA DOS SANTOS</nome>
        </criador>
        <criador sequencia="3" inid="Cr">
          <nome>MARCELLO MAGRI AMARAL</nome>
        </criador>
      </criadorLista>
    </processo-programa>
  </despacho>
  <despacho>
    <codigo>730</codigo>
    <titulo>Expedição do Certificado de Registro</titulo>
    <processo-programa>
      <numero inid="Np">BR 51 2020 001158-6</numero>
      <titulo inid="54">Cronos</titulo>
      <dataCriacao inid="Dl">01/12/2006</dataCriacao>
      <campoAplicacaoLista>
        <campoAplicacao>
          <codigo inid="Cp">AD-02</codigo>
        </campoAplicacao>
        <campoAplicacao>
          <codigo inid="Cp">AD-07</codigo>
        </campoAplicacao>
        <campoAplicacao>
          <codigo inid="Cp">AD-08</codigo>
        </campoAplicacao>
      </campoAplicacaoLista>
      <linguagemLista>
        <linguagem inid="Lg">DELPHI</linguagem>
        <linguagem inid="Lg">TRANSACTION SQL</linguagem>
      </linguagemLista>
      <tipoProgramaLista>
        <tipoPrograma>
          <codigo inid="Tp">AP-02</codigo>
        </tipoPrograma>
      </tipoProgramaLista>
      <titularLista>
        <titular sequencia="1" inid="73">
          <nome>MARCEL ALVES DA SILVA</nome>
        </titular>
      </titularLista>
      <criadorLista>
        <criador sequencia="1" inid="Cr">
          <nome>MARCEL ALVES DA SILVA</nome>
        </criador>
      </criadorLista>
    </processo-programa>
  </despacho>
  <despacho>
    <codigo>730</codigo>
    <titulo>Expedição do Certificado de Registro</titulo>
    <processo-programa>
      <numero inid="Np">BR 51 2020 001160-8</numero>
      <titulo inid="54">App Minha Saúde</titulo>
      <dataCriacao inid="Dl">27/03/2020</dataCriacao>
      <campoAplicacaoLista>
        <campoAplicacao>
          <codigo inid="Cp">IN-02</codigo>
        </campoAplicacao>
        <campoAplicacao>
          <codigo inid="Cp">PR-03</codigo>
        </campoAplicacao>
        <campoAplicacao>
          <codigo inid="Cp">SD-01</codigo>
        </campoAplicacao>
        <campoAplicacao>
          <codigo inid="Cp">SD-05</codigo>
        </campoAplicacao>
        <campoAplicacao>
          <codigo inid="Cp">SD-07</codigo>
        </campoAplicacao>
      </campoAplicacaoLista>
      <linguagemLista>
        <linguagem inid="Lg">JAVA SCRIPT</linguagem>
      </linguagemLista>
      <tipoProgramaLista>
        <tipoPrograma>
          <codigo inid="Tp">AP-01</codigo>
        </tipoPrograma>
        <tipoPrograma>
          <codigo inid="Tp">AP-02</codigo>
        </tipoPrograma>
        <tipoPrograma>
          <codigo inid="Tp">AP-03</codigo>
        </tipoPrograma>
        <tipoPrograma>
          <codigo inid="Tp">AT-01</codigo>
        </tipoPrograma>
        <tipoPrograma>
          <codigo inid="Tp">AT-06</codigo>
        </tipoPrograma>
        <tipoPrograma>
          <codigo inid="Tp">CD-01</codigo>
        </tipoPrograma>
        <tipoPrograma>
          <codigo inid="Tp">FA-04</codigo>
        </tipoPrograma>
        <tipoPrograma>
          <codigo inid="Tp">GI-01</codigo>
        </tipoPrograma>
        <tipoPrograma>
          <codigo inid="Tp">GI-03</codigo>
        </tipoPrograma>
        <tipoPrograma>
          <codigo inid="Tp">GI-04</codigo>
        </tipoPrograma>
        <tipoPrograma>
          <codigo inid="Tp">GI-06</codigo>
        </tipoPrograma>
        <tipoPrograma>
          <codigo inid="Tp">IA-03</codigo>
        </tipoPrograma>
      </tipoProgramaLista>
      <titularLista>
        <titular sequencia="1" inid="73">
          <nome>PRONTLIFE PESQUISA E INOVACAO EM GESTAO DE SAUDE LTDA</nome>
        </titular>
      </titularLista>
      <criadorLista>
        <criador sequencia="1" inid="Cr">
          <nome>ANDRÉ ASSIS RODRIGUES</nome>
        </criador>
        <criador sequencia="2" inid="Cr">
          <nome>SÉRGIO ASSIS RODRIGUES</nome>
        </criador>
      </criadorLista>
    </processo-programa>
  </despacho>
  <despacho>
    <codigo>730</codigo>
    <titulo>Expedição do Certificado de Registro</titulo>
    <processo-programa>
      <numero inid="Np">BR 51 2020 001161-6</numero>
      <titulo inid="54">Pré-natal</titulo>
      <dataCriacao inid="Dl">07/12/2018</dataCriacao>
      <campoAplicacaoLista>
        <campoAplicacao>
          <codigo inid="Cp">SD-08</codigo>
        </campoAplicacao>
      </campoAplicacaoLista>
      <linguagemLista>
        <linguagem inid="Lg">OUTROS</linguagem>
      </linguagemLista>
      <tipoProgramaLista>
        <tipoPrograma>
          <codigo inid="Tp">AP-01</codigo>
        </tipoPrograma>
      </tipoProgramaLista>
      <titularLista>
        <titular sequencia="1" inid="73">
          <nome>UNIVERSIDADE FEDERAL DO RIO GRANDE DO SUL</nome>
        </titular>
      </titularLista>
      <criadorLista>
        <criador sequencia="1" inid="Cr">
          <nome>ANA CÉLIA DA SILVA SIQUEIRA</nome>
        </criador>
        <criador sequencia="2" inid="Cr">
          <nome>CYNTHIA GOULART MOLINA BASTOS</nome>
        </criador>
        <criador sequencia="3" inid="Cr">
          <nome>ELISA EICHENBERG FURASTÉ</nome>
        </criador>
        <criador sequencia="4" inid="Cr">
          <nome>ELLEN MACHADO ARLINDO</nome>
        </criador>
        <criador sequencia="5" inid="Cr">
          <nome>ERNO HARZHEIM</nome>
        </criador>
        <criador sequencia="6" inid="Cr">
          <nome>GRETA GRADELLA</nome>
        </criador>
        <criador sequencia="7" inid="Cr">
          <nome>GUILHERME BECKER SANDER</nome>
        </criador>
        <criador sequencia="8" inid="Cr">
          <nome>LUIZ FELIPE TELLES</nome>
        </criador>
        <criador sequencia="9" inid="Cr">
          <nome>MARCELO RODRIGUES GONÇALVES</nome>
        </criador>
        <criador sequencia="10" inid="Cr">
          <nome>MILENA RODRIGUES AGOSTINHO RECH</nome>
        </criador>
        <criador sequencia="11" inid="Cr">
          <nome>OTÁVIO PEREIRA D&apos;AVILA</nome>
        </criador>
        <criador sequencia="12" inid="Cr">
          <nome>ROBERTO NUNES UMPIERRE</nome>
        </criador>
      </criadorLista>
    </processo-programa>
  </despacho>
  <despacho>
    <codigo>730</codigo>
    <titulo>Expedição do Certificado de Registro</titulo>
    <processo-programa>
      <numero inid="Np">BR 51 2020 001162-4</numero>
      <titulo inid="54">ESTOMATOAPP</titulo>
      <dataCriacao inid="Dl">07/12/2018</dataCriacao>
      <campoAplicacaoLista>
        <campoAplicacao>
          <codigo inid="Cp">SD-06</codigo>
        </campoAplicacao>
      </campoAplicacaoLista>
      <linguagemLista>
        <linguagem inid="Lg">OUTROS</linguagem>
      </linguagemLista>
      <tipoProgramaLista>
        <tipoPrograma>
          <codigo inid="Tp">AP-01</codigo>
        </tipoPrograma>
      </tipoProgramaLista>
      <titularLista>
        <titular sequencia="1" inid="73">
          <nome>UNIVERSIDADE FEDERAL DO RIO GRANDE DO SUL</nome>
        </titular>
      </titularLista>
      <criadorLista>
        <criador sequencia="1" inid="Cr">
          <nome>ANA CÉLIA DA SILVA SIQUEIRA</nome>
        </criador>
        <criador sequencia="2" inid="Cr">
          <nome>CYNTHIA GOULART MOLINA BASTOS</nome>
        </criador>
        <criador sequencia="3" inid="Cr">
          <nome>GRETA GRADELLA</nome>
        </criador>
        <criador sequencia="4" inid="Cr">
          <nome>GUILHERME BECKER SANDER</nome>
        </criador>
        <criador sequencia="5" inid="Cr">
          <nome>LORENZO COSTA KUPSTAITIS</nome>
        </criador>
        <criador sequencia="6" inid="Cr">
          <nome>LUAN NATHIEL SANTANA KOVALSKI</nome>
        </criador>
        <criador sequencia="7" inid="Cr">
          <nome>MANOELA DOMINGUES MARTINS</nome>
        </criador>
        <criador sequencia="8" inid="Cr">
          <nome>MARCELO RODRIGUES GONÇALVES</nome>
        </criador>
        <criador sequencia="9" inid="Cr">
          <nome>MARCO ANTONIO TREVIZANI MARTINS</nome>
        </criador>
        <criador sequencia="10" inid="Cr">
          <nome>MICHELLE ROXO GONÇALVES</nome>
        </criador>
        <criador sequencia="11" inid="Cr">
          <nome>OTÁVIO PEREIRA D&apos;AVILA</nome>
        </criador>
        <criador sequencia="12" inid="Cr">
          <nome>ROBERTO NUNES UMPIERRE</nome>
        </criador>
        <criador sequencia="13" inid="Cr">
          <nome>VINICIUS COELHO CARRARD</nome>
        </criador>
      </criadorLista>
    </processo-programa>
  </despacho>
  <despacho>
    <codigo>730</codigo>
    <titulo>Expedição do Certificado de Registro</titulo>
    <processo-programa>
      <numero inid="Np">BR 51 2020 001163-2</numero>
      <titulo inid="54">SÍFILIS</titulo>
      <dataCriacao inid="Dl">07/12/2018</dataCriacao>
      <campoAplicacaoLista>
        <campoAplicacao>
          <codigo inid="Cp">SD-06</codigo>
        </campoAplicacao>
      </campoAplicacaoLista>
      <linguagemLista>
        <linguagem inid="Lg">OUTROS</linguagem>
      </linguagemLista>
      <tipoProgramaLista>
        <tipoPrograma>
          <codigo inid="Tp">AP-01</codigo>
        </tipoPrograma>
      </tipoProgramaLista>
      <titularLista>
        <titular sequencia="1" inid="73">
          <nome>UNIVERSIDADE FEDERAL DO RIO GRANDE DO SUL</nome>
        </titular>
      </titularLista>
      <criadorLista>
        <criador sequencia="1" inid="Cr">
          <nome>ANA CÉLIA DA SILVA SIQUEIRA</nome>
        </criador>
        <criador sequencia="2" inid="Cr">
          <nome>ELISE BOTTESELLE DE OLIVEIRA</nome>
        </criador>
        <criador sequencia="3" inid="Cr">
          <nome>GRETA GRADELLA</nome>
        </criador>
        <criador sequencia="4" inid="Cr">
          <nome>GUILHERME BECKER SANDER</nome>
        </criador>
        <criador sequencia="5" inid="Cr">
          <nome>LAURA FERRAZ DOS SANTOS</nome>
        </criador>
        <criador sequencia="6" inid="Cr">
          <nome>LORENZO COSTA KUPSTAITIS</nome>
        </criador>
        <criador sequencia="7" inid="Cr">
          <nome>MARCELO RODRIGUES GONÇALVES</nome>
        </criador>
        <criador sequencia="8" inid="Cr">
          <nome>OTÁVIO PEREIRA D&apos;AVILA</nome>
        </criador>
        <criador sequencia="9" inid="Cr">
          <nome>ROBERTO NUNES UMPIERRE</nome>
        </criador>
        <criador sequencia="10" inid="Cr">
          <nome>RUDI ROMAN</nome>
        </criador>
      </criadorLista>
    </processo-programa>
  </despacho>
  <despacho>
    <codigo>730</codigo>
    <titulo>Expedição do Certificado de Registro</titulo>
    <processo-programa>
      <numero inid="Np">BR 51 2020 001164-0</numero>
      <titulo inid="54">Gourmet PDV</titulo>
      <dataCriacao inid="Dl">01/12/2018</dataCriacao>
      <campoAplicacaoLista>
        <campoAplicacao>
          <codigo inid="Cp">AD-05</codigo>
        </campoAplicacao>
      </campoAplicacaoLista>
      <linguagemLista>
        <linguagem inid="Lg">JAVA</linguagem>
        <linguagem inid="Lg">OUTROS</linguagem>
      </linguagemLista>
      <tipoProgramaLista>
        <tipoPrograma>
          <codigo inid="Tp">AP-01</codigo>
        </tipoPrograma>
        <tipoPrograma>
          <codigo inid="Tp">AP-03</codigo>
        </tipoPrograma>
        <tipoPrograma>
          <codigo inid="Tp">AT-01</codigo>
        </tipoPrograma>
        <tipoPrograma>
          <codigo inid="Tp">AT-03</codigo>
        </tipoPrograma>
        <tipoPrograma>
          <codigo inid="Tp">FA-01</codigo>
        </tipoPrograma>
      </tipoProgramaLista>
      <titularLista>
        <titular sequencia="1" inid="73">
          <nome>SECCO &amp; RAFAEL LTDA ME</nome>
        </titular>
      </titularLista>
      <criadorLista>
        <criador sequencia="1" inid="Cr">
          <nome>ANDREIA SECCO ANTONIO</nome>
        </criador>
      </criadorLista>
    </processo-programa>
  </despacho>
  <despacho>
    <codigo>730</codigo>
    <titulo>Expedição do Certificado de Registro</titulo>
    <processo-programa>
      <numero inid="Np">BR 51 2020 001165-9</numero>
      <titulo inid="54">Spill Manager</titulo>
      <dataCriacao inid="Dl">15/06/2020</dataCriacao>
      <campoAplicacaoLista>
        <campoAplicacao>
          <codigo inid="Cp">EL-01</codigo>
        </campoAplicacao>
        <campoAplicacao>
          <codigo inid="Cp">EN-03</codigo>
        </campoAplicacao>
        <campoAplicacao>
          <codigo inid="Cp">FQ-14</codigo>
        </campoAplicacao>
        <campoAplicacao>
          <codigo inid="Cp">GC-04</codigo>
        </campoAplicacao>
        <campoAplicacao>
          <codigo inid="Cp">HD-01</codigo>
        </campoAplicacao>
        <campoAplicacao>
          <codigo inid="Cp">HD-04</codigo>
        </campoAplicacao>
        <campoAplicacao>
          <codigo inid="Cp">IF-07</codigo>
        </campoAplicacao>
        <campoAplicacao>
          <codigo inid="Cp">MA-01</codigo>
        </campoAplicacao>
        <campoAplicacao>
          <codigo inid="Cp">MA-03</codigo>
        </campoAplicacao>
        <campoAplicacao>
          <codigo inid="Cp">MA-04</codigo>
        </campoAplicacao>
      </campoAplicacaoLista>
      <linguagemLista>
        <linguagem inid="Lg">JAVA</linguagem>
      </linguagemLista>
      <tipoProgramaLista>
        <tipoPrograma>
          <codigo inid="Tp">SM-01</codigo>
        </tipoPrograma>
        <tipoPrograma>
          <codigo inid="Tp">TC-01</codigo>
        </tipoPrograma>
        <tipoPrograma>
          <codigo inid="Tp">TI-03</codigo>
        </tipoPrograma>
      </tipoProgramaLista>
      <titularLista>
        <titular sequencia="1" inid="73">
          <nome>GCN ENGENHARIA LTDA</nome>
        </titular>
      </titularLista>
      <criadorLista>
        <criador sequencia="1" inid="Cr">
          <nome>GIOVANI CAVALCANTI NUNES</nome>
        </criador>
      </criadorLista>
    </processo-programa>
  </despacho>
  <despacho>
    <codigo>730</codigo>
    <titulo>Expedição do Certificado de Registro</titulo>
    <processo-programa>
      <numero inid="Np">BR 51 2020 001167-5</numero>
      <titulo inid="54">PeticionaMais: Peticione de um portal para diversos Tribunais</titulo>
      <dataCriacao inid="Dl">01/01/2019</dataCriacao>
      <campoAplicacaoLista>
        <campoAplicacao>
          <codigo inid="Cp">AD-01</codigo>
        </campoAplicacao>
        <campoAplicacao>
          <codigo inid="Cp">IF-10</codigo>
        </campoAplicacao>
      </campoAplicacaoLista>
      <linguagemLista>
        <linguagem inid="Lg">JAVA</linguagem>
        <linguagem inid="Lg">JAVA SCRIPT</linguagem>
        <linguagem inid="Lg">OUTROS</linguagem>
        <linguagem inid="Lg">PYTHON</linguagem>
      </linguagemLista>
      <tipoProgramaLista>
        <tipoPrograma>
          <codigo inid="Tp">IA-02</codigo>
        </tipoPrograma>
        <tipoPrograma>
          <codigo inid="Tp">SO-04</codigo>
        </tipoPrograma>
      </tipoProgramaLista>
      <titularLista>
        <titular sequencia="1" inid="73">
          <nome>SOFTPLAN PLANEJAMENTO E SISTEMAS LTDA.</nome>
        </titular>
      </titularLista>
      <criadorLista>
        <criador sequencia="1" inid="Cr">
          <nome>PAULO ROBERTO BLASCHKE PACHECO</nome>
        </criador>
        <criador sequencia="2" inid="Cr">
          <nome>TAUILLIO LUCIANO DE LIMA MACHADO</nome>
        </criador>
      </criadorLista>
    </processo-programa>
  </despacho>
  <despacho>
    <codigo>730</codigo>
    <titulo>Expedição do Certificado de Registro</titulo>
    <processo-programa>
      <numero inid="Np">BR 51 2020 001169-1</numero>
      <titulo inid="54">Calculadora de Hipertensão</titulo>
      <dataCriacao inid="Dl">15/06/2018</dataCriacao>
      <campoAplicacaoLista>
        <campoAplicacao>
          <codigo inid="Cp">SD-06</codigo>
        </campoAplicacao>
      </campoAplicacaoLista>
      <linguagemLista>
        <linguagem inid="Lg">OUTROS</linguagem>
      </linguagemLista>
      <tipoProgramaLista>
        <tipoPrograma>
          <codigo inid="Tp">AP-01</codigo>
        </tipoPrograma>
      </tipoProgramaLista>
      <titularLista>
        <titular sequencia="1" inid="73">
          <nome>UNIVERSIDADE FEDERAL DO RIO GRANDE DO SUL</nome>
        </titular>
      </titularLista>
      <criadorLista>
        <criador sequencia="1" inid="Cr">
          <nome>ANA CÉLIA DA SILVA SIQUEIRA</nome>
        </criador>
        <criador sequencia="2" inid="Cr">
          <nome>ERNO HARZHEIM</nome>
        </criador>
        <criador sequencia="3" inid="Cr">
          <nome>GRETA GRADELLA</nome>
        </criador>
        <criador sequencia="4" inid="Cr">
          <nome>GUILHERME BECKER SANDER</nome>
        </criador>
        <criador sequencia="5" inid="Cr">
          <nome>LORENZO COSTA KUPSTAITIS</nome>
        </criador>
        <criador sequencia="6" inid="Cr">
          <nome>MARCELO RODRIGUES GONÇALVES</nome>
        </criador>
        <criador sequencia="7" inid="Cr">
          <nome>OTÁVIO PEREIRA D&apos;AVILA</nome>
        </criador>
        <criador sequencia="8" inid="Cr">
          <nome>PRISCILA RAUPP DA ROSA</nome>
        </criador>
        <criador sequencia="9" inid="Cr">
          <nome>ROBERTO NUNES UMPIERRE</nome>
        </criador>
        <criador sequencia="10" inid="Cr">
          <nome>RODOLFO SOUZA DA SILVA</nome>
        </criador>
      </criadorLista>
    </processo-programa>
  </despacho>
  <despacho>
    <codigo>730</codigo>
    <titulo>Expedição do Certificado de Registro</titulo>
    <processo-programa>
      <numero inid="Np">BR 51 2020 001170-5</numero>
      <titulo inid="54">INFORME SOBRESSALENTES MOBILE</titulo>
      <dataCriacao inid="Dl">24/04/2020</dataCriacao>
      <campoAplicacaoLista>
        <campoAplicacao>
          <codigo inid="Cp">IF-01</codigo>
        </campoAplicacao>
      </campoAplicacaoLista>
      <linguagemLista>
        <linguagem inid="Lg">OUTROS</linguagem>
      </linguagemLista>
      <tipoProgramaLista>
        <tipoPrograma>
          <codigo inid="Tp">AP-01</codigo>
        </tipoPrograma>
      </tipoProgramaLista>
      <titularLista>
        <titular sequencia="1" inid="73">
          <nome>VALE S.A.</nome>
        </titular>
      </titularLista>
      <criadorLista>
        <criador sequencia="1" inid="Cr">
          <nome>BRUNO HIGINO COSTA BARBOSA</nome>
        </criador>
      </criadorLista>
    </processo-programa>
  </despacho>
  <despacho>
    <codigo>730</codigo>
    <titulo>Expedição do Certificado de Registro</titulo>
    <processo-programa>
      <numero inid="Np">BR 51 2020 001171-3</numero>
      <titulo inid="54">Plataforma XporY.com</titulo>
      <dataCriacao inid="Dl">01/07/2013</dataCriacao>
      <campoAplicacaoLista>
        <campoAplicacao>
          <codigo inid="Cp">AD-05</codigo>
        </campoAplicacao>
      </campoAplicacaoLista>
      <linguagemLista>
        <linguagem inid="Lg">CSS</linguagem>
        <linguagem inid="Lg">GROOVY</linguagem>
        <linguagem inid="Lg">HTML</linguagem>
        <linguagem inid="Lg">JAVA</linguagem>
        <linguagem inid="Lg">JAVA SCRIPT</linguagem>
        <linguagem inid="Lg">SWIFT</linguagem>
      </linguagemLista>
      <tipoProgramaLista>
        <tipoPrograma>
          <codigo inid="Tp">AP-04</codigo>
        </tipoPrograma>
        <tipoPrograma>
          <codigo inid="Tp">AT-03</codigo>
        </tipoPrograma>
        <tipoPrograma>
          <codigo inid="Tp">CD-01</codigo>
        </tipoPrograma>
        <tipoPrograma>
          <codigo inid="Tp">GI-01</codigo>
        </tipoPrograma>
        <tipoPrograma>
          <codigo inid="Tp">GI-04</codigo>
        </tipoPrograma>
        <tipoPrograma>
          <codigo inid="Tp">GI-06</codigo>
        </tipoPrograma>
        <tipoPrograma>
          <codigo inid="Tp">IA-02</codigo>
        </tipoPrograma>
      </tipoProgramaLista>
      <titularLista>
        <titular sequencia="1" inid="73">
          <nome>XPORY PERMUTAS CORPORATIVAS MULTILATERAIS LTDA</nome>
        </titular>
      </titularLista>
      <criadorLista>
        <criador sequencia="1" inid="Cr">
          <nome>RAFAELRIBEIRO BARBOSA</nome>
        </criador>
      </criadorLista>
    </processo-programa>
  </despacho>
  <despacho>
    <codigo>730</codigo>
    <titulo>Expedição do Certificado de Registro</titulo>
    <processo-programa>
      <numero inid="Np">BR 51 2020 001172-1</numero>
      <titulo inid="54">Sistema de geração de testes diagnósticos baseados em espectrometria de massas e aprendizado de máquina</titulo>
      <dataCriacao inid="Dl">05/06/2020</dataCriacao>
      <campoAplicacaoLista>
        <campoAplicacao>
          <codigo inid="Cp">BL-07</codigo>
        </campoAplicacao>
        <campoAplicacao>
          <codigo inid="Cp">FQ-12</codigo>
        </campoAplicacao>
        <campoAplicacao>
          <codigo inid="Cp">FQ-16</codigo>
        </campoAplicacao>
        <campoAplicacao>
          <codigo inid="Cp">SD-03</codigo>
        </campoAplicacao>
        <campoAplicacao>
          <codigo inid="Cp">SD-06</codigo>
        </campoAplicacao>
        <campoAplicacao>
          <codigo inid="Cp">SD-09</codigo>
        </campoAplicacao>
        <campoAplicacao>
          <codigo inid="Cp">SD-10</codigo>
        </campoAplicacao>
      </campoAplicacaoLista>
      <linguagemLista>
        <linguagem inid="Lg">PYTHON</linguagem>
      </linguagemLista>
      <tipoProgramaLista>
        <tipoPrograma>
          <codigo inid="Tp">AP-01</codigo>
        </tipoPrograma>
        <tipoPrograma>
          <codigo inid="Tp">IA-01</codigo>
        </tipoPrograma>
        <tipoPrograma>
          <codigo inid="Tp">TC-03</codigo>
        </tipoPrograma>
      </tipoProgramaLista>
      <titularLista>
        <titular sequencia="1" inid="73">
          <nome>UNIVERSIDADE ESTADUAL DE CAMPINAS - UNICAMP</nome>
        </titular>
      </titularLista>
      <criadorLista>
        <criador sequencia="1" inid="Cr">
          <nome>ANDERSON DE REZENDE ROCHA</nome>
        </criador>
        <criador sequencia="2" inid="Cr">
          <nome>JEANY DELAFIORI</nome>
        </criador>
        <criador sequencia="3" inid="Cr">
          <nome>LUIZ CLAUDIO NAVARRO</nome>
        </criador>
        <criador sequencia="4" inid="Cr">
          <nome>RODRIGO RAMOS CATHARINO</nome>
        </criador>
      </criadorLista>
    </processo-programa>
  </despacho>
  <despacho>
    <codigo>730</codigo>
    <titulo>Expedição do Certificado de Registro</titulo>
    <processo-programa>
      <numero inid="Np">BR 51 2020 001173-0</numero>
      <titulo inid="54">APLICATIVO DE SERVIÇOS DE BELEZA</titulo>
      <dataCriacao inid="Dl">18/11/2019</dataCriacao>
      <campoAplicacaoLista>
        <campoAplicacao>
          <codigo inid="Cp">AD-06</codigo>
        </campoAplicacao>
        <campoAplicacao>
          <codigo inid="Cp">AD-10</codigo>
        </campoAplicacao>
        <campoAplicacao>
          <codigo inid="Cp">CO-04</codigo>
        </campoAplicacao>
        <campoAplicacao>
          <codigo inid="Cp">EC-07</codigo>
        </campoAplicacao>
        <campoAplicacao>
          <codigo inid="Cp">EC-08</codigo>
        </campoAplicacao>
        <campoAplicacao>
          <codigo inid="Cp">EC-14</codigo>
        </campoAplicacao>
        <campoAplicacao>
          <codigo inid="Cp">IN-02</codigo>
        </campoAplicacao>
      </campoAplicacaoLista>
      <linguagemLista>
        <linguagem inid="Lg">OUTROS</linguagem>
      </linguagemLista>
      <tipoProgramaLista>
        <tipoPrograma>
          <codigo inid="Tp">AP-01</codigo>
        </tipoPrograma>
        <tipoPrograma>
          <codigo inid="Tp">AP-02</codigo>
        </tipoPrograma>
        <tipoPrograma>
          <codigo inid="Tp">AP-03</codigo>
        </tipoPrograma>
        <tipoPrograma>
          <codigo inid="Tp">AT-06</codigo>
        </tipoPrograma>
        <tipoPrograma>
          <codigo inid="Tp">AV-02</codigo>
        </tipoPrograma>
        <tipoPrograma>
          <codigo inid="Tp">CD-01</codigo>
        </tipoPrograma>
        <tipoPrograma>
          <codigo inid="Tp">GI-01</codigo>
        </tipoPrograma>
        <tipoPrograma>
          <codigo inid="Tp">GI-02</codigo>
        </tipoPrograma>
        <tipoPrograma>
          <codigo inid="Tp">GI-04</codigo>
        </tipoPrograma>
        <tipoPrograma>
          <codigo inid="Tp">GI-06</codigo>
        </tipoPrograma>
        <tipoPrograma>
          <codigo inid="Tp">GI-08</codigo>
        </tipoPrograma>
        <tipoPrograma>
          <codigo inid="Tp">IA-02</codigo>
        </tipoPrograma>
        <tipoPrograma>
          <codigo inid="Tp">PD-01</codigo>
        </tipoPrograma>
        <tipoPrograma>
          <codigo inid="Tp">PD-02</codigo>
        </tipoPrograma>
        <tipoPrograma>
          <codigo inid="Tp">PD-03</codigo>
        </tipoPrograma>
        <tipoPrograma>
          <codigo inid="Tp">PD-04</codigo>
        </tipoPrograma>
        <tipoPrograma>
          <codigo inid="Tp">PD-05</codigo>
        </tipoPrograma>
        <tipoPrograma>
          <codigo inid="Tp">SO-01</codigo>
        </tipoPrograma>
        <tipoPrograma>
          <codigo inid="Tp">SO-02</codigo>
        </tipoPrograma>
        <tipoPrograma>
          <codigo inid="Tp">SO-04</codigo>
        </tipoPrograma>
        <tipoPrograma>
          <codigo inid="Tp">SO-05</codigo>
        </tipoPrograma>
        <tipoPrograma>
          <codigo inid="Tp">SO-06</codigo>
        </tipoPrograma>
        <tipoPrograma>
          <codigo inid="Tp">SO-07</codigo>
        </tipoPrograma>
        <tipoPrograma>
          <codigo inid="Tp">SO-08</codigo>
        </tipoPrograma>
        <tipoPrograma>
          <codigo inid="Tp">SO-09</codigo>
        </tipoPrograma>
        <tipoPrograma>
          <codigo inid="Tp">TC-04</codigo>
        </tipoPrograma>
        <tipoPrograma>
          <codigo inid="Tp">TI-01</codigo>
        </tipoPrograma>
        <tipoPrograma>
          <codigo inid="Tp">TI-03</codigo>
        </tipoPrograma>
        <tipoPrograma>
          <codigo inid="Tp">TI-04</codigo>
        </tipoPrograma>
        <tipoPrograma>
          <codigo inid="Tp">UT-06</codigo>
        </tipoPrograma>
      </tipoProgramaLista>
      <titularLista>
        <titular sequencia="1" inid="73">
          <nome>EDER LOBATO PERINI</nome>
        </titular>
        <titular sequencia="2" inid="73">
          <nome>ELEANDRO BATISTA DE OLIVEIRA</nome>
        </titular>
      </titularLista>
      <criadorLista>
        <criador sequencia="1" inid="Cr">
          <nome>EDER LOBATO PERINI</nome>
        </criador>
        <criador sequencia="2" inid="Cr">
          <nome>ELEANDRO BATISTA DE OLIVEIRA</nome>
        </criador>
      </criadorLista>
    </processo-programa>
  </despacho>
  <despacho>
    <codigo>730</codigo>
    <titulo>Expedição do Certificado de Registro</titulo>
    <processo-programa>
      <numero inid="Np">BR 51 2020 001174-8</numero>
      <titulo inid="54">RITCHIE</titulo>
      <dataCriacao inid="Dl">16/04/2020</dataCriacao>
      <campoAplicacaoLista>
        <campoAplicacao>
          <codigo inid="Cp">AD-01</codigo>
        </campoAplicacao>
        <campoAplicacao>
          <codigo inid="Cp">AD-02</codigo>
        </campoAplicacao>
        <campoAplicacao>
          <codigo inid="Cp">AD-03</codigo>
        </campoAplicacao>
      </campoAplicacaoLista>
      <linguagemLista>
        <linguagem inid="Lg">C</linguagem>
      </linguagemLista>
      <tipoProgramaLista>
        <tipoPrograma>
          <codigo inid="Tp">SO-04</codigo>
        </tipoPrograma>
      </tipoProgramaLista>
      <titularLista>
        <titular sequencia="1" inid="73">
          <nome>ZUP I.T. SERVICOS EM TECNOLOGIA E INOVACAO LTDA</nome>
        </titular>
      </titularLista>
      <criadorLista>
        <criador sequencia="1" inid="Cr">
          <nome>ERNÉLIO VIEIRA DA SILVA JÚNIOR</nome>
        </criador>
        <criador sequencia="2" inid="Cr">
          <nome>GUILLAUME FALOURD</nome>
        </criador>
        <criador sequencia="3" inid="Cr">
          <nome>KADU ARTUR PRUSSEK</nome>
        </criador>
        <criador sequencia="4" inid="Cr">
          <nome>MARCOS GUIMARÃES DE MEDEIROS</nome>
        </criador>
        <criador sequencia="5" inid="Cr">
          <nome>RODRIGO MEDEIROS FERNANDES</nome>
        </criador>
        <criador sequencia="6" inid="Cr">
          <nome>SANDOKAN DIAS ARANTES</nome>
        </criador>
        <criador sequencia="7" inid="Cr">
          <nome>VINÍCIUS RAMOS DE FARIA</nome>
        </criador>
      </criadorLista>
    </processo-programa>
  </despacho>
  <despacho>
    <codigo>730</codigo>
    <titulo>Expedição do Certificado de Registro</titulo>
    <processo-programa>
      <numero inid="Np">BR 51 2020 001175-6</numero>
      <titulo inid="54">Facom em Foco</titulo>
      <dataCriacao inid="Dl">07/11/2019</dataCriacao>
      <campoAplicacaoLista>
        <campoAplicacao>
          <codigo inid="Cp">CO-04</codigo>
        </campoAplicacao>
        <campoAplicacao>
          <codigo inid="Cp">ED-03</codigo>
        </campoAplicacao>
      </campoAplicacaoLista>
      <linguagemLista>
        <linguagem inid="Lg">JAVA SCRIPT</linguagem>
        <linguagem inid="Lg">OUTROS</linguagem>
      </linguagemLista>
      <tipoProgramaLista>
        <tipoPrograma>
          <codigo inid="Tp">AP-01</codigo>
        </tipoPrograma>
      </tipoProgramaLista>
      <titularLista>
        <titular sequencia="1" inid="73">
          <nome>UNIVERSIDADE FEDERAL DE MATO GROSSO DO SUL</nome>
        </titular>
      </titularLista>
      <criadorLista>
        <criador sequencia="1" inid="Cr">
          <nome>BRUNA DE MORAES TAVARES</nome>
        </criador>
        <criador sequencia="2" inid="Cr">
          <nome>DEIVISSON GUILHERME BENTO OLIVEIRA</nome>
        </criador>
        <criador sequencia="3" inid="Cr">
          <nome>DOUGLAS FELICIANO CAMARGO DA SILVA</nome>
        </criador>
        <criador sequencia="4" inid="Cr">
          <nome>FRANCISCO JOSÉ SILVEIRA DE VASCONCELLOS</nome>
        </criador>
        <criador sequencia="5" inid="Cr">
          <nome>GIAN LUCAS SILVA DA FONSECA</nome>
        </criador>
        <criador sequencia="6" inid="Cr">
          <nome>JANE DIRCE ALVES SANDIM ELEUTÉRIO</nome>
        </criador>
        <criador sequencia="7" inid="Cr">
          <nome>JOSÉ AUGUSTO SOTTILI REIS</nome>
        </criador>
        <criador sequencia="8" inid="Cr">
          <nome>LEONARDO DE SOUZA KRAMER</nome>
        </criador>
        <criador sequencia="9" inid="Cr">
          <nome>LUCAS GRIJÓ</nome>
        </criador>
        <criador sequencia="10" inid="Cr">
          <nome>LUCIANA MONTERA CHEUNG</nome>
        </criador>
        <criador sequencia="11" inid="Cr">
          <nome>LUIZ ERIVAN MOUZINHO SILVA FILHO</nome>
        </criador>
        <criador sequencia="12" inid="Cr">
          <nome>MATHEUS FONTES DA GAMA</nome>
        </criador>
        <criador sequencia="13" inid="Cr">
          <nome>NATHALY VENERUCHI GARCIA</nome>
        </criador>
        <criador sequencia="14" inid="Cr">
          <nome>RHEBECA CORREIA DE ABREU</nome>
        </criador>
        <criador sequencia="15" inid="Cr">
          <nome>VICTOR PEREIRA DE PAULA</nome>
        </criador>
        <criador sequencia="16" inid="Cr">
          <nome>VINICIUS BARBOSA MARTINS</nome>
        </criador>
        <criador sequencia="17" inid="Cr">
          <nome>WALQUIRIA LIDIANE LOPES</nome>
        </criador>
        <criador sequencia="18" inid="Cr">
          <nome>WILLIAM YUKINORI SANCHES KANASHIRO</nome>
        </criador>
      </criadorLista>
    </processo-programa>
  </despacho>
  <despacho>
    <codigo>730</codigo>
    <titulo>Expedição do Certificado de Registro</titulo>
    <processo-programa>
      <numero inid="Np">BR 51 2020 001176-4</numero>
      <titulo inid="54">Acervo-IPeC</titulo>
      <dataCriacao inid="Dl">20/07/2018</dataCriacao>
      <campoAplicacaoLista>
        <campoAplicacao>
          <codigo inid="Cp">BL-01</codigo>
        </campoAplicacao>
        <campoAplicacao>
          <codigo inid="Cp">EL-01</codigo>
        </campoAplicacao>
        <campoAplicacao>
          <codigo inid="Cp">IF-08</codigo>
        </campoAplicacao>
        <campoAplicacao>
          <codigo inid="Cp">MA-01</codigo>
        </campoAplicacao>
      </campoAplicacaoLista>
      <linguagemLista>
        <linguagem inid="Lg">HTML</linguagem>
        <linguagem inid="Lg">JAVA SCRIPT</linguagem>
        <linguagem inid="Lg">PHP</linguagem>
        <linguagem inid="Lg">SQL</linguagem>
      </linguagemLista>
      <tipoProgramaLista>
        <tipoPrograma>
          <codigo inid="Tp">GI-07</codigo>
        </tipoPrograma>
        <tipoPrograma>
          <codigo inid="Tp">TC-01</codigo>
        </tipoPrograma>
        <tipoPrograma>
          <codigo inid="Tp">UT-01</codigo>
        </tipoPrograma>
      </tipoProgramaLista>
      <titularLista>
        <titular sequencia="1" inid="73">
          <nome>INSTITUTO DE PESQUISAS CANANÉIA</nome>
        </titular>
        <titular sequencia="2" inid="73">
          <nome>UNIVERSIDADE FEDERAL DO PARANA</nome>
        </titular>
      </titularLista>
      <criadorLista>
        <criador sequencia="1" inid="Cr">
          <nome>EMYGDIO LEITE DE ARAUJO MONTEIRO FILHO</nome>
        </criador>
        <criador sequencia="2" inid="Cr">
          <nome>MONIQUE SCHREINER</nome>
        </criador>
      </criadorLista>
    </processo-programa>
  </despacho>
  <despacho>
    <codigo>730</codigo>
    <titulo>Expedição do Certificado de Registro</titulo>
    <processo-programa>
      <numero inid="Np">BR 51 2020 001177-2</numero>
      <titulo inid="54">NEO DEVICE MANAGER</titulo>
      <dataCriacao inid="Dl">01/10/2018</dataCriacao>
      <campoAplicacaoLista>
        <campoAplicacao>
          <codigo inid="Cp">AD-04</codigo>
        </campoAplicacao>
        <campoAplicacao>
          <codigo inid="Cp">AH-02</codigo>
        </campoAplicacao>
        <campoAplicacao>
          <codigo inid="Cp">AH-03</codigo>
        </campoAplicacao>
        <campoAplicacao>
          <codigo inid="Cp">CC-04</codigo>
        </campoAplicacao>
        <campoAplicacao>
          <codigo inid="Cp">IN-03</codigo>
        </campoAplicacao>
        <campoAplicacao>
          <codigo inid="Cp">TC-02</codigo>
        </campoAplicacao>
        <campoAplicacao>
          <codigo inid="Cp">TP-01</codigo>
        </campoAplicacao>
        <campoAplicacao>
          <codigo inid="Cp">TP-04</codigo>
        </campoAplicacao>
        <campoAplicacao>
          <codigo inid="Cp">UB-04</codigo>
        </campoAplicacao>
      </campoAplicacaoLista>
      <linguagemLista>
        <linguagem inid="Lg">JAVA SCRIPT</linguagem>
        <linguagem inid="Lg">OUTROS</linguagem>
        <linguagem inid="Lg">PYTHON</linguagem>
      </linguagemLista>
      <tipoProgramaLista>
        <tipoPrograma>
          <codigo inid="Tp">AP-01</codigo>
        </tipoPrograma>
        <tipoPrograma>
          <codigo inid="Tp">AP-03</codigo>
        </tipoPrograma>
        <tipoPrograma>
          <codigo inid="Tp">AT-06</codigo>
        </tipoPrograma>
        <tipoPrograma>
          <codigo inid="Tp">AV-01</codigo>
        </tipoPrograma>
        <tipoPrograma>
          <codigo inid="Tp">CD-01</codigo>
        </tipoPrograma>
        <tipoPrograma>
          <codigo inid="Tp">CD-04</codigo>
        </tipoPrograma>
        <tipoPrograma>
          <codigo inid="Tp">CT-04</codigo>
        </tipoPrograma>
        <tipoPrograma>
          <codigo inid="Tp">FA-04</codigo>
        </tipoPrograma>
        <tipoPrograma>
          <codigo inid="Tp">IA-01</codigo>
        </tipoPrograma>
        <tipoPrograma>
          <codigo inid="Tp">IA-02</codigo>
        </tipoPrograma>
        <tipoPrograma>
          <codigo inid="Tp">SM-02</codigo>
        </tipoPrograma>
        <tipoPrograma>
          <codigo inid="Tp">SM-04</codigo>
        </tipoPrograma>
        <tipoPrograma>
          <codigo inid="Tp">SO-04</codigo>
        </tipoPrograma>
        <tipoPrograma>
          <codigo inid="Tp">SO-06</codigo>
        </tipoPrograma>
        <tipoPrograma>
          <codigo inid="Tp">SO-07</codigo>
        </tipoPrograma>
        <tipoPrograma>
          <codigo inid="Tp">SO-08</codigo>
        </tipoPrograma>
        <tipoPrograma>
          <codigo inid="Tp">TC-01</codigo>
        </tipoPrograma>
        <tipoPrograma>
          <codigo inid="Tp">TI-02</codigo>
        </tipoPrograma>
      </tipoProgramaLista>
      <titularLista>
        <titular sequencia="1" inid="73">
          <nome>ATMAN TECNOLOGIA LTDA</nome>
        </titular>
      </titularLista>
      <criadorLista>
        <criador sequencia="1" inid="Cr">
          <nome>ANDREI CARLOS BASTOS</nome>
        </criador>
        <criador sequencia="2" inid="Cr">
          <nome>FERNANDO LUIZ SOSSAI MARTINELLI</nome>
        </criador>
        <criador sequencia="3" inid="Cr">
          <nome>FRANCO VIEIRA DE SOUZA</nome>
        </criador>
        <criador sequencia="4" inid="Cr">
          <nome>GIORDANA DUTRA DO SOUTO GATTI</nome>
        </criador>
        <criador sequencia="5" inid="Cr">
          <nome>GUSTAVO VIEIRA SALZMANN</nome>
        </criador>
        <criador sequencia="6" inid="Cr">
          <nome>JULIANA QUEIROZ PEIXOTO</nome>
        </criador>
        <criador sequencia="7" inid="Cr">
          <nome>ROGÉRIO JOSÉ MENEZES ALVES</nome>
        </criador>
      </criadorLista>
    </processo-programa>
  </despacho>
  <despacho>
    <codigo>730</codigo>
    <titulo>Expedição do Certificado de Registro</titulo>
    <processo-programa>
      <numero inid="Np">BR 51 2020 001178-0</numero>
      <titulo inid="54">MyVibes App aplicativo web, mobile, nativo e multi-idiomas para reprogramação mental e vibracional durante o sono ou desperto</titulo>
      <dataCriacao inid="Dl">01/05/2020</dataCriacao>
      <campoAplicacaoLista>
        <campoAplicacao>
          <codigo inid="Cp">CO-01</codigo>
        </campoAplicacao>
        <campoAplicacao>
          <codigo inid="Cp">CO-02</codigo>
        </campoAplicacao>
        <campoAplicacao>
          <codigo inid="Cp">CO-03</codigo>
        </campoAplicacao>
        <campoAplicacao>
          <codigo inid="Cp">FQ-01</codigo>
        </campoAplicacao>
        <campoAplicacao>
          <codigo inid="Cp">FQ-02</codigo>
        </campoAplicacao>
        <campoAplicacao>
          <codigo inid="Cp">FQ-03</codigo>
        </campoAplicacao>
        <campoAplicacao>
          <codigo inid="Cp">FQ-08</codigo>
        </campoAplicacao>
        <campoAplicacao>
          <codigo inid="Cp">IF-04</codigo>
        </campoAplicacao>
        <campoAplicacao>
          <codigo inid="Cp">SD-01</codigo>
        </campoAplicacao>
      </campoAplicacaoLista>
      <linguagemLista>
        <linguagem inid="Lg">HTML</linguagem>
        <linguagem inid="Lg">JAVA SCRIPT</linguagem>
        <linguagem inid="Lg">PHP</linguagem>
        <linguagem inid="Lg">SQL</linguagem>
        <linguagem inid="Lg">SWIFT</linguagem>
      </linguagemLista>
      <tipoProgramaLista>
        <tipoPrograma>
          <codigo inid="Tp">AP-01</codigo>
        </tipoPrograma>
        <tipoPrograma>
          <codigo inid="Tp">AT-01</codigo>
        </tipoPrograma>
        <tipoPrograma>
          <codigo inid="Tp">ET-01</codigo>
        </tipoPrograma>
        <tipoPrograma>
          <codigo inid="Tp">FA-01</codigo>
        </tipoPrograma>
        <tipoPrograma>
          <codigo inid="Tp">FA-02</codigo>
        </tipoPrograma>
        <tipoPrograma>
          <codigo inid="Tp">IA-02</codigo>
        </tipoPrograma>
        <tipoPrograma>
          <codigo inid="Tp">LG-02</codigo>
        </tipoPrograma>
        <tipoPrograma>
          <codigo inid="Tp">SM-01</codigo>
        </tipoPrograma>
        <tipoPrograma>
          <codigo inid="Tp">SO-07</codigo>
        </tipoPrograma>
        <tipoPrograma>
          <codigo inid="Tp">SO-09</codigo>
        </tipoPrograma>
        <tipoPrograma>
          <codigo inid="Tp">TC-01</codigo>
        </tipoPrograma>
        <tipoPrograma>
          <codigo inid="Tp">UT-03</codigo>
        </tipoPrograma>
        <tipoPrograma>
          <codigo inid="Tp">UT-04</codigo>
        </tipoPrograma>
      </tipoProgramaLista>
      <titularLista>
        <titular sequencia="1" inid="73">
          <nome>FLÁVIO PIOKER GOMES DA SILVA</nome>
        </titular>
      </titularLista>
      <criadorLista>
        <criador sequencia="1" inid="Cr">
          <nome>FLÁVIO PIOKER GOMES DA SILVA</nome>
        </criador>
      </criadorLista>
    </processo-programa>
  </despacho>
  <despacho>
    <codigo>730</codigo>
    <titulo>Expedição do Certificado de Registro</titulo>
    <processo-programa>
      <numero inid="Np">BR 51 2020 001179-9</numero>
      <titulo inid="54">Sistema Modular de Equações para Estimação de Perdas em Conversores CC-CC</titulo>
      <dataCriacao inid="Dl">01/03/2020</dataCriacao>
      <campoAplicacaoLista>
        <campoAplicacao>
          <codigo inid="Cp">EN-04</codigo>
        </campoAplicacao>
        <campoAplicacao>
          <codigo inid="Cp">EN-05</codigo>
        </campoAplicacao>
      </campoAplicacaoLista>
      <linguagemLista>
        <linguagem inid="Lg">C</linguagem>
        <linguagem inid="Lg">MATLAB</linguagem>
      </linguagemLista>
      <tipoProgramaLista>
        <tipoPrograma>
          <codigo inid="Tp">AP-01</codigo>
        </tipoPrograma>
        <tipoPrograma>
          <codigo inid="Tp">AT-01</codigo>
        </tipoPrograma>
        <tipoPrograma>
          <codigo inid="Tp">DS-06</codigo>
        </tipoPrograma>
        <tipoPrograma>
          <codigo inid="Tp">DS-08</codigo>
        </tipoPrograma>
        <tipoPrograma>
          <codigo inid="Tp">FA-01</codigo>
        </tipoPrograma>
        <tipoPrograma>
          <codigo inid="Tp">GI-04</codigo>
        </tipoPrograma>
      </tipoProgramaLista>
      <titularLista>
        <titular sequencia="1" inid="73">
          <nome>TIAGO MIGUEL KLEIN FAISTEL</nome>
        </titular>
      </titularLista>
      <criadorLista>
        <criador sequencia="1" inid="Cr">
          <nome>ANTÓNIO MANUEL SANTOS SPENCER ANDRADE</nome>
        </criador>
        <criador sequencia="2" inid="Cr">
          <nome>RONALDO ANTONIO GUISSO</nome>
        </criador>
        <criador sequencia="3" inid="Cr">
          <nome>TIAGO MIGUEL KLEIN FAISTEL</nome>
        </criador>
      </criadorLista>
    </processo-programa>
  </despacho>
  <despacho>
    <codigo>730</codigo>
    <titulo>Expedição do Certificado de Registro</titulo>
    <processo-programa>
      <numero inid="Np">BR 51 2020 001180-2</numero>
      <titulo inid="54">Psico Bot</titulo>
      <dataCriacao inid="Dl">28/02/2020</dataCriacao>
      <campoAplicacaoLista>
        <campoAplicacao>
          <codigo inid="Cp">PS-01</codigo>
        </campoAplicacao>
      </campoAplicacaoLista>
      <linguagemLista>
        <linguagem inid="Lg">NODEJS</linguagem>
      </linguagemLista>
      <tipoProgramaLista>
        <tipoPrograma>
          <codigo inid="Tp">TC-01</codigo>
        </tipoPrograma>
      </tipoProgramaLista>
      <titularLista>
        <titular sequencia="1" inid="73">
          <nome>FUNDAÇÃO UNIVERSIDADE DE PASSO FUNDO</nome>
        </titular>
      </titularLista>
      <criadorLista>
        <criador sequencia="1" inid="Cr">
          <nome>ALINI LOPES</nome>
        </criador>
        <criador sequencia="2" inid="Cr">
          <nome>ANA CAROLINA BERTOLETTI DE MARCHI</nome>
        </criador>
        <criador sequencia="3" inid="Cr">
          <nome>EDUARDO DOS SANTOS DE LIMA</nome>
        </criador>
        <criador sequencia="4" inid="Cr">
          <nome>SILVANA ALBA SCORTEGAGNA</nome>
        </criador>
      </criadorLista>
    </processo-programa>
  </despacho>
  <despacho>
    <codigo>730</codigo>
    <titulo>Expedição do Certificado de Registro</titulo>
    <processo-programa>
      <numero inid="Np">BR 51 2020 001181-0</numero>
      <titulo inid="54">Delphos - Gestão de Risco de Ameaça Interna</titulo>
      <dataCriacao inid="Dl">12/10/2019</dataCriacao>
      <campoAplicacaoLista>
        <campoAplicacao>
          <codigo inid="Cp">AD-07</codigo>
        </campoAplicacao>
      </campoAplicacaoLista>
      <linguagemLista>
        <linguagem inid="Lg">DELPHI</linguagem>
        <linguagem inid="Lg">PASCAL</linguagem>
      </linguagemLista>
      <tipoProgramaLista>
        <tipoPrograma>
          <codigo inid="Tp">AP-01</codigo>
        </tipoPrograma>
        <tipoPrograma>
          <codigo inid="Tp">AP-04</codigo>
        </tipoPrograma>
        <tipoPrograma>
          <codigo inid="Tp">AV-01</codigo>
        </tipoPrograma>
        <tipoPrograma>
          <codigo inid="Tp">IA-02</codigo>
        </tipoPrograma>
      </tipoProgramaLista>
      <titularLista>
        <titular sequencia="1" inid="73">
          <nome>INTELLCONNECT CONSULTORIA EM INTELIGÊNCIA EMPRESARIAL LTDA</nome>
        </titular>
      </titularLista>
      <criadorLista>
        <criador sequencia="1" inid="Cr">
          <nome>LILIAN LEANDRO BEZERRA</nome>
        </criador>
      </criadorLista>
    </processo-programa>
  </despacho>
  <despacho>
    <codigo>730</codigo>
    <titulo>Expedição do Certificado de Registro</titulo>
    <processo-programa>
      <numero inid="Np">BR 51 2020 001183-7</numero>
      <titulo inid="54">Biojogos</titulo>
      <dataCriacao inid="Dl">05/11/2019</dataCriacao>
      <campoAplicacaoLista>
        <campoAplicacao>
          <codigo inid="Cp">ED-01</codigo>
        </campoAplicacao>
      </campoAplicacaoLista>
      <linguagemLista>
        <linguagem inid="Lg">CSS</linguagem>
        <linguagem inid="Lg">HTML</linguagem>
        <linguagem inid="Lg">JAVA SCRIPT</linguagem>
        <linguagem inid="Lg">PHP</linguagem>
      </linguagemLista>
      <tipoProgramaLista>
        <tipoPrograma>
          <codigo inid="Tp">AP-01</codigo>
        </tipoPrograma>
      </tipoProgramaLista>
      <titularLista>
        <titular sequencia="1" inid="73">
          <nome>UNIVERSIDADE DO ESTADO DO RIO GRANDE DO NORTE - UERN</nome>
        </titular>
      </titularLista>
      <criadorLista>
        <criador sequencia="1" inid="Cr">
          <nome>ANA BERNADETE LIMA FRAGOSO</nome>
        </criador>
        <criador sequencia="2" inid="Cr">
          <nome>REGINA CÉLIA PEREIRA MARQUES</nome>
        </criador>
        <criador sequencia="3" inid="Cr">
          <nome>SOLANGE MARIA CUNHA BATISTA MAIA</nome>
        </criador>
      </criadorLista>
    </processo-programa>
  </despacho>
  <despacho>
    <codigo>730</codigo>
    <titulo>Expedição do Certificado de Registro</titulo>
    <processo-programa>
      <numero inid="Np">BR 51 2020 001184-5</numero>
      <titulo inid="54">IFecitel</titulo>
      <dataCriacao inid="Dl">17/10/2019</dataCriacao>
      <campoAplicacaoLista>
        <campoAplicacao>
          <codigo inid="Cp">IF-01</codigo>
        </campoAplicacao>
      </campoAplicacaoLista>
      <linguagemLista>
        <linguagem inid="Lg">JAVA</linguagem>
      </linguagemLista>
      <tipoProgramaLista>
        <tipoPrograma>
          <codigo inid="Tp">AP-01</codigo>
        </tipoPrograma>
      </tipoProgramaLista>
      <titularLista>
        <titular sequencia="1" inid="73">
          <nome>INSTITUTO FEDERAL DE EDUCAÇÃO, CIÊNCIA E TECNOLOGIA DE MATO GROSSO DO SUL</nome>
        </titular>
      </titularLista>
      <criadorLista>
        <criador sequencia="1" inid="Cr">
          <nome>ALEX FERNANDO DE ARAÚJO</nome>
        </criador>
        <criador sequencia="2" inid="Cr">
          <nome>EVERTON GALDINO ELIAS</nome>
        </criador>
        <criador sequencia="3" inid="Cr">
          <nome>ROGÉRIO ALVES DOS SANTOS ANTONIASSI</nome>
        </criador>
      </criadorLista>
    </processo-programa>
  </despacho>
  <despacho>
    <codigo>730</codigo>
    <titulo>Expedição do Certificado de Registro</titulo>
    <processo-programa>
      <numero inid="Np">BR 51 2020 001185-3</numero>
      <titulo inid="54">Receituário Médico Digital</titulo>
      <dataCriacao inid="Dl">01/02/2013</dataCriacao>
      <campoAplicacaoLista>
        <campoAplicacao>
          <codigo inid="Cp">SD-07</codigo>
        </campoAplicacao>
        <campoAplicacao>
          <codigo inid="Cp">SD-08</codigo>
        </campoAplicacao>
      </campoAplicacaoLista>
      <linguagemLista>
        <linguagem inid="Lg">OUTROS</linguagem>
      </linguagemLista>
      <tipoProgramaLista>
        <tipoPrograma>
          <codigo inid="Tp">AP-01</codigo>
        </tipoPrograma>
        <tipoPrograma>
          <codigo inid="Tp">AT-02</codigo>
        </tipoPrograma>
        <tipoPrograma>
          <codigo inid="Tp">FA-01</codigo>
        </tipoPrograma>
        <tipoPrograma>
          <codigo inid="Tp">TC-01</codigo>
        </tipoPrograma>
      </tipoProgramaLista>
      <titularLista>
        <titular sequencia="1" inid="73">
          <nome>CLINICA MEDICA DR ISRAEL OLEGARIO EIRELI</nome>
        </titular>
      </titularLista>
      <criadorLista>
        <criador sequencia="1" inid="Cr">
          <nome>ISRAEL OLEGARIO DE SOUZA MOREIRA</nome>
        </criador>
      </criadorLista>
    </processo-programa>
  </despacho>
  <despacho>
    <codigo>730</codigo>
    <titulo>Expedição do Certificado de Registro</titulo>
    <processo-programa>
      <numero inid="Np">BR 51 2020 001186-1</numero>
      <titulo inid="54">Doação Inteligente</titulo>
      <dataCriacao inid="Dl">25/05/2020</dataCriacao>
      <campoAplicacaoLista>
        <campoAplicacao>
          <codigo inid="Cp">AD-01</codigo>
        </campoAplicacao>
        <campoAplicacao>
          <codigo inid="Cp">AD-04</codigo>
        </campoAplicacao>
        <campoAplicacao>
          <codigo inid="Cp">AN-01</codigo>
        </campoAplicacao>
        <campoAplicacao>
          <codigo inid="Cp">AN-02</codigo>
        </campoAplicacao>
        <campoAplicacao>
          <codigo inid="Cp">IF-04</codigo>
        </campoAplicacao>
      </campoAplicacaoLista>
      <linguagemLista>
        <linguagem inid="Lg">CSS</linguagem>
        <linguagem inid="Lg">HTML</linguagem>
        <linguagem inid="Lg">JAVA SCRIPT</linguagem>
        <linguagem inid="Lg">MYSQL</linguagem>
        <linguagem inid="Lg">NODEJS</linguagem>
        <linguagem inid="Lg">SQL</linguagem>
      </linguagemLista>
      <tipoProgramaLista>
        <tipoPrograma>
          <codigo inid="Tp">AP-01</codigo>
        </tipoPrograma>
        <tipoPrograma>
          <codigo inid="Tp">AP-03</codigo>
        </tipoPrograma>
        <tipoPrograma>
          <codigo inid="Tp">GI-01</codigo>
        </tipoPrograma>
        <tipoPrograma>
          <codigo inid="Tp">GI-02</codigo>
        </tipoPrograma>
        <tipoPrograma>
          <codigo inid="Tp">GI-04</codigo>
        </tipoPrograma>
      </tipoProgramaLista>
      <titularLista>
        <titular sequencia="1" inid="73">
          <nome>UNIVERSIDADE FEDERAL DE SÃO JOÃO DEL REI</nome>
        </titular>
      </titularLista>
      <criadorLista>
        <criador sequencia="1" inid="Cr">
          <nome>ALEX VIDIGAL BASTOS</nome>
        </criador>
        <criador sequencia="2" inid="Cr">
          <nome>JONATAN DAVI REIS DE ALMEIDA</nome>
        </criador>
        <criador sequencia="3" inid="Cr">
          <nome>JÚNIA MAÍSA DE OLIVEIRA PEREIRA</nome>
        </criador>
        <criador sequencia="4" inid="Cr">
          <nome>MATHEUS RODRIGUES SILVA MAIA</nome>
        </criador>
      </criadorLista>
    </processo-programa>
  </despacho>
  <despacho>
    <codigo>730</codigo>
    <titulo>Expedição do Certificado de Registro</titulo>
    <processo-programa>
      <numero inid="Np">BR 51 2020 001188-8</numero>
      <titulo inid="54">DELPHOS SOFTWARE</titulo>
      <dataCriacao inid="Dl">01/06/2020</dataCriacao>
      <campoAplicacaoLista>
        <campoAplicacao>
          <codigo inid="Cp">AD-10</codigo>
        </campoAplicacao>
        <campoAplicacao>
          <codigo inid="Cp">SV-03</codigo>
        </campoAplicacao>
      </campoAplicacaoLista>
      <linguagemLista>
        <linguagem inid="Lg">OUTROS</linguagem>
      </linguagemLista>
      <tipoProgramaLista>
        <tipoPrograma>
          <codigo inid="Tp">AT-03</codigo>
        </tipoPrograma>
      </tipoProgramaLista>
      <titularLista>
        <titular sequencia="1" inid="73">
          <nome>CARLOS EDUARDO GIMENES</nome>
        </titular>
      </titularLista>
      <criadorLista>
        <criador sequencia="1" inid="Cr">
          <nome>CARLOS EDUARDO GIMENES</nome>
        </criador>
      </criadorLista>
    </processo-programa>
  </despacho>
  <despacho>
    <codigo>730</codigo>
    <titulo>Expedição do Certificado de Registro</titulo>
    <processo-programa>
      <numero inid="Np">BR 51 2020 001189-6</numero>
      <titulo inid="54">iNovaFisio</titulo>
      <dataCriacao inid="Dl">30/10/2019</dataCriacao>
      <campoAplicacaoLista>
        <campoAplicacao>
          <codigo inid="Cp">SD-06</codigo>
        </campoAplicacao>
      </campoAplicacaoLista>
      <linguagemLista>
        <linguagem inid="Lg">JAVA SCRIPT</linguagem>
      </linguagemLista>
      <tipoProgramaLista>
        <tipoPrograma>
          <codigo inid="Tp">AP-01</codigo>
        </tipoPrograma>
      </tipoProgramaLista>
      <titularLista>
        <titular sequencia="1" inid="73">
          <nome>UNIVERSIDADE DO ESTADO DO RIO GRANDE DO NORTE - UERN</nome>
        </titular>
        <titular sequencia="2" inid="73">
          <nome>UNIVERSIDADE FEDERAL DO CEARÁ</nome>
        </titular>
      </titularLista>
      <criadorLista>
        <criador sequencia="1" inid="Cr">
          <nome>ANTONIA DIANA BRAGA NOGUEIRA</nome>
        </criador>
        <criador sequencia="2" inid="Cr">
          <nome>CICÍLIA RAQUEL MAIA LEITE</nome>
        </criador>
        <criador sequencia="3" inid="Cr">
          <nome>DANIELY ILDEGARDES BRITO TATMATSU</nome>
        </criador>
        <criador sequencia="4" inid="Cr">
          <nome>JOSÉ CARLOS TATMATSU ROCHA</nome>
        </criador>
        <criador sequencia="5" inid="Cr">
          <nome>MARCOS DANTAS ORTIZ</nome>
        </criador>
        <criador sequencia="6" inid="Cr">
          <nome>VICTOR PEROBA DE ALMEIDA</nome>
        </criador>
      </criadorLista>
    </processo-programa>
  </despacho>
  <despacho>
    <codigo>730</codigo>
    <titulo>Expedição do Certificado de Registro</titulo>
    <processo-programa>
      <numero inid="Np">BR 51 2020 001194-2</numero>
      <titulo inid="54">CACoq</titulo>
      <dataCriacao inid="Dl">01/03/2019</dataCriacao>
      <campoAplicacaoLista>
        <campoAplicacao>
          <codigo inid="Cp">IN-02</codigo>
        </campoAplicacao>
      </campoAplicacaoLista>
      <linguagemLista>
        <linguagem inid="Lg">C</linguagem>
        <linguagem inid="Lg">OUTROS</linguagem>
      </linguagemLista>
      <tipoProgramaLista>
        <tipoPrograma>
          <codigo inid="Tp">LG-02</codigo>
        </tipoPrograma>
      </tipoProgramaLista>
      <titularLista>
        <titular sequencia="1" inid="73">
          <nome>UNIVERSIDADE FEDERAL FLUMINENSE</nome>
        </titular>
      </titularLista>
      <criadorLista>
        <criador sequencia="1" inid="Cr">
          <nome>BRUNO LOPES VIEIRA</nome>
        </criador>
        <criador sequencia="2" inid="Cr">
          <nome>ERICK SIMAS GRILO</nome>
        </criador>
      </criadorLista>
    </processo-programa>
  </despacho>
  <despacho>
    <codigo>730</codigo>
    <titulo>Expedição do Certificado de Registro</titulo>
    <processo-programa>
      <numero inid="Np">BR 51 2020 001196-9</numero>
      <titulo inid="54">Cálculo Automático do ICMS</titulo>
      <dataCriacao inid="Dl">30/04/2019</dataCriacao>
      <campoAplicacaoLista>
        <campoAplicacao>
          <codigo inid="Cp">FN-01</codigo>
        </campoAplicacao>
        <campoAplicacao>
          <codigo inid="Cp">IF-02</codigo>
        </campoAplicacao>
        <campoAplicacao>
          <codigo inid="Cp">IF-07</codigo>
        </campoAplicacao>
        <campoAplicacao>
          <codigo inid="Cp">IF-10</codigo>
        </campoAplicacao>
      </campoAplicacaoLista>
      <linguagemLista>
        <linguagem inid="Lg">PYTHON</linguagem>
      </linguagemLista>
      <tipoProgramaLista>
        <tipoPrograma>
          <codigo inid="Tp">IA-02</codigo>
        </tipoPrograma>
      </tipoProgramaLista>
      <titularLista>
        <titular sequencia="1" inid="73">
          <nome>SECRETARIA DE ESTADO DA FAZENDA DE ALAGOAS</nome>
        </titular>
        <titular sequencia="2" inid="73">
          <nome>UNIVERSIDADE FEDERAL DE ALAGOAS</nome>
        </titular>
      </titularLista>
      <criadorLista>
        <criador sequencia="1" inid="Cr">
          <nome>ANDRÉ LUIZ LINS DE AQUINO</nome>
        </criador>
        <criador sequencia="2" inid="Cr">
          <nome>HEITOR SOARES RAMOS FILHO</nome>
        </criador>
      </criadorLista>
    </processo-programa>
  </despacho>
  <despacho>
    <codigo>730</codigo>
    <titulo>Expedição do Certificado de Registro</titulo>
    <processo-programa>
      <numero inid="Np">BR 51 2020 001197-7</numero>
      <titulo inid="54">SISTEMA ERP PARA PRESTADORES DE SERVICOS</titulo>
      <dataCriacao inid="Dl">10/06/2020</dataCriacao>
      <campoAplicacaoLista>
        <campoAplicacao>
          <codigo inid="Cp">AD-11</codigo>
        </campoAplicacao>
      </campoAplicacaoLista>
      <linguagemLista>
        <linguagem inid="Lg">PHP</linguagem>
      </linguagemLista>
      <tipoProgramaLista>
        <tipoPrograma>
          <codigo inid="Tp">AP-01</codigo>
        </tipoPrograma>
        <tipoPrograma>
          <codigo inid="Tp">AP-02</codigo>
        </tipoPrograma>
        <tipoPrograma>
          <codigo inid="Tp">AP-03</codigo>
        </tipoPrograma>
        <tipoPrograma>
          <codigo inid="Tp">AT-02</codigo>
        </tipoPrograma>
        <tipoPrograma>
          <codigo inid="Tp">AT-03</codigo>
        </tipoPrograma>
      </tipoProgramaLista>
      <titularLista>
        <titular sequencia="1" inid="73">
          <nome>JOAO VICTOR CORDEIRO SAULNIER DE PIERRELEVEE BRAGANCA</nome>
        </titular>
      </titularLista>
      <criadorLista>
        <criador sequencia="1" inid="Cr">
          <nome>JANAINA MAIANA ABREU BARBOSA</nome>
        </criador>
        <criador sequencia="2" inid="Cr">
          <nome>JOAO VICTOR CORDEIRO SAULNIER DE PIERRELEVEE BRAGANCA</nome>
        </criador>
        <criador sequencia="3" inid="Cr">
          <nome>MAYLLA LUANNA BARBOSA MARTINS BRAGANCA</nome>
        </criador>
        <criador sequencia="4" inid="Cr">
          <nome>ROBERTO ARTURO QUEZADA SALES</nome>
        </criador>
      </criadorLista>
    </processo-programa>
  </despacho>
  <despacho>
    <codigo>734</codigo>
    <titulo>Transferência de Titularidade</titulo>
    <processo-programa>
      <numero inid="Np">BR 51 2017 001361-6</numero>
      <titulo inid="54">SIMCIF - SISTEMA DE INTELIGÊNCIA MUNICIPAL, CONTROLE INTERNO E FISCALIZAÇÃO</titulo>
      <titularLista>
        <titular sequencia="1" inid="73">
          <nome>GEDANKEN DESENVOLVIMENTO E LICENCIAMENTO DE PROGRAMAS DE COMPUTADOR LTDA - ME</nome>
        </titular>
        <titular sequencia="2" inid="73">
          <nome>REVELAGOV GESTÃO DE ATIVOS EIRELI</nome>
        </titular>
      </titularLista>
    </processo-programa>
    <comentario inid="co">Transferência da petição 870200076986 homologada.</comentario>
  </despacho>
  <despacho>
    <codigo>747</codigo>
    <titulo>Correção de dados no Certificado de Registro devido à falha do interessado</titulo>
    <processo-programa>
      <numero inid="Np">BR 51 2019 002626-8</numero>
      <titulo inid="54">SensingBus</titulo>
      <titularLista>
        <titular sequencia="1" inid="73">
          <nome>UNIVERSIDADE FEDERAL DO RIO DE JANEIRO</nome>
        </titular>
      </titularLista>
    </processo-programa>
    <comentario inid="co">Alteração realizada conforme solicitação.</comentario>
  </despacho>
</revista>