<revista numero="2565" dataPublicacao="03/03/2020" diretoria="Programa">
  <despacho>
    <codigo>111</codigo>
    <titulo>Despacho Anulado</titulo>
    <processo-programa>
      <numero inid="Np">BR 51 2020 000001-0</numero>
      <titulo inid="54">HANDS 2 HELP</titulo>
      <titularLista>
        <titular sequencia="1" inid="73">
          <nome>FUNDAÇÃO EDUCACIONAL SEVERINO SOMBRA</nome>
        </titular>
        <titular sequencia="2" inid="73">
          <nome>RUY DA COSTA NOGUEIRA ALVES JUNIOR</nome>
        </titular>
      </titularLista>
    </processo-programa>
    <comentario inid="co">Anulado o despacho 747 , publicado na RPI 2564 por ter sido indevido. Anulado o despacho 747 publicado na RPI 2564 por ter sido indevido. .</comentario>
  </despacho>
  <despacho>
    <codigo>730</codigo>
    <titulo>Expedição do Certificado de Registro</titulo>
    <processo-programa>
      <numero inid="Np">BR 51 2020 000313-3</numero>
      <titulo inid="54">criarNet</titulo>
      <dataCriacao inid="Dl">19/12/2019</dataCriacao>
      <campoAplicacaoLista>
        <campoAplicacao>
          <codigo inid="Cp">CO-02</codigo>
        </campoAplicacao>
        <campoAplicacao>
          <codigo inid="Cp">IF-01</codigo>
        </campoAplicacao>
        <campoAplicacao>
          <codigo inid="Cp">MT-06</codigo>
        </campoAplicacao>
      </campoAplicacaoLista>
      <linguagemLista>
        <linguagem inid="Lg">DELPHI</linguagem>
      </linguagemLista>
      <tipoProgramaLista>
        <tipoPrograma>
          <codigo inid="Tp">TC-02</codigo>
        </tipoPrograma>
        <tipoPrograma>
          <codigo inid="Tp">UT-01</codigo>
        </tipoPrograma>
      </tipoProgramaLista>
      <titularLista>
        <titular sequencia="1" inid="73">
          <nome>HERNANE BORGES DE BARROS PEREIRA</nome>
        </titular>
        <titular sequencia="2" inid="73">
          <nome>MARCIO VIEIRA BORGES</nome>
        </titular>
        <titular sequencia="3" inid="73">
          <nome>ROBERTO LUIZ SOUZA MONTEIRO</nome>
        </titular>
      </titularLista>
      <criadorLista>
        <criador sequencia="1" inid="Cr">
          <nome>HERNANE BORGES DE BARROS PEREIRA</nome>
        </criador>
        <criador sequencia="2" inid="Cr">
          <nome>MARCIO VIEIRA BORGES</nome>
        </criador>
        <criador sequencia="3" inid="Cr">
          <nome>ROBERTO LUIZ SOUZA MONTEIRO</nome>
        </criador>
      </criadorLista>
    </processo-programa>
  </despacho>
  <despacho>
    <codigo>730</codigo>
    <titulo>Expedição do Certificado de Registro</titulo>
    <processo-programa>
      <numero inid="Np">BR 51 2020 000315-0</numero>
      <titulo inid="54">INOVE LPR</titulo>
      <dataCriacao inid="Dl">01/08/2019</dataCriacao>
      <campoAplicacaoLista>
        <campoAplicacao>
          <codigo inid="Cp">GC-04</codigo>
        </campoAplicacao>
        <campoAplicacao>
          <codigo inid="Cp">GC-08</codigo>
        </campoAplicacao>
        <campoAplicacao>
          <codigo inid="Cp">GC-10</codigo>
        </campoAplicacao>
        <campoAplicacao>
          <codigo inid="Cp">IF-01</codigo>
        </campoAplicacao>
        <campoAplicacao>
          <codigo inid="Cp">IF-07</codigo>
        </campoAplicacao>
        <campoAplicacao>
          <codigo inid="Cp">IN-02</codigo>
        </campoAplicacao>
      </campoAplicacaoLista>
      <linguagemLista>
        <linguagem inid="Lg">PYTHON</linguagem>
      </linguagemLista>
      <tipoProgramaLista>
        <tipoPrograma>
          <codigo inid="Tp">AP-01</codigo>
        </tipoPrograma>
      </tipoProgramaLista>
      <titularLista>
        <titular sequencia="1" inid="73">
          <nome>GLEIDSOM MARCOS COSTA ME</nome>
        </titular>
      </titularLista>
      <criadorLista>
        <criador sequencia="1" inid="Cr">
          <nome>CLÁUDIO ADRIANO DE ANDRADE JÚNIOR</nome>
        </criador>
      </criadorLista>
    </processo-programa>
  </despacho>
  <despacho>
    <codigo>730</codigo>
    <titulo>Expedição do Certificado de Registro</titulo>
    <processo-programa>
      <numero inid="Np">BR 51 2020 000316-8</numero>
      <titulo inid="54">MarketReplayUI</titulo>
      <dataCriacao inid="Dl">18/09/2019</dataCriacao>
      <campoAplicacaoLista>
        <campoAplicacao>
          <codigo inid="Cp">EC-07</codigo>
        </campoAplicacao>
        <campoAplicacao>
          <codigo inid="Cp">ED-04</codigo>
        </campoAplicacao>
        <campoAplicacao>
          <codigo inid="Cp">FN-03</codigo>
        </campoAplicacao>
        <campoAplicacao>
          <codigo inid="Cp">IF-01</codigo>
        </campoAplicacao>
        <campoAplicacao>
          <codigo inid="Cp">IF-02</codigo>
        </campoAplicacao>
      </campoAplicacaoLista>
      <linguagemLista>
        <linguagem inid="Lg">C++</linguagem>
        <linguagem inid="Lg">OUTROS</linguagem>
      </linguagemLista>
      <tipoProgramaLista>
        <tipoPrograma>
          <codigo inid="Tp">AP-01</codigo>
        </tipoPrograma>
        <tipoPrograma>
          <codigo inid="Tp">FA-01</codigo>
        </tipoPrograma>
        <tipoPrograma>
          <codigo inid="Tp">SO-02</codigo>
        </tipoPrograma>
      </tipoProgramaLista>
      <titularLista>
        <titular sequencia="1" inid="73">
          <nome>LUIS PAULO SANTOS VALENTE</nome>
        </titular>
      </titularLista>
      <criadorLista>
        <criador sequencia="1" inid="Cr">
          <nome>LUIS PAULO SANTOS VALENTE</nome>
        </criador>
      </criadorLista>
    </processo-programa>
  </despacho>
  <despacho>
    <codigo>730</codigo>
    <titulo>Expedição do Certificado de Registro</titulo>
    <processo-programa>
      <numero inid="Np">BR 51 2020 000319-2</numero>
      <titulo inid="54">Anota meu pedido</titulo>
      <dataCriacao inid="Dl">03/12/2018</dataCriacao>
      <campoAplicacaoLista>
        <campoAplicacao>
          <codigo inid="Cp">AD-10</codigo>
        </campoAplicacao>
      </campoAplicacaoLista>
      <linguagemLista>
        <linguagem inid="Lg">JAVA SCRIPT</linguagem>
        <linguagem inid="Lg">OUTROS</linguagem>
        <linguagem inid="Lg">PHP</linguagem>
        <linguagem inid="Lg">POSTGREE SQL</linguagem>
      </linguagemLista>
      <tipoProgramaLista>
        <tipoPrograma>
          <codigo inid="Tp">AP-01</codigo>
        </tipoPrograma>
        <tipoPrograma>
          <codigo inid="Tp">AP-03</codigo>
        </tipoPrograma>
      </tipoProgramaLista>
      <titularLista>
        <titular sequencia="1" inid="73">
          <nome>CRISTIANE DA SILVA E IRMÃO LTDA</nome>
        </titular>
      </titularLista>
      <criadorLista>
        <criador sequencia="1" inid="Cr">
          <nome>RAFAEL DA SILVA</nome>
        </criador>
      </criadorLista>
    </processo-programa>
  </despacho>
  <despacho>
    <codigo>730</codigo>
    <titulo>Expedição do Certificado de Registro</titulo>
    <processo-programa>
      <numero inid="Np">BR 51 2020 000320-6</numero>
      <titulo inid="54">Publicus</titulo>
      <dataCriacao inid="Dl">01/07/2019</dataCriacao>
      <campoAplicacaoLista>
        <campoAplicacao>
          <codigo inid="Cp">IF-08</codigo>
        </campoAplicacao>
      </campoAplicacaoLista>
      <linguagemLista>
        <linguagem inid="Lg">C#</linguagem>
        <linguagem inid="Lg">PHP</linguagem>
      </linguagemLista>
      <tipoProgramaLista>
        <tipoPrograma>
          <codigo inid="Tp">FA-04</codigo>
        </tipoPrograma>
        <tipoPrograma>
          <codigo inid="Tp">GI-01</codigo>
        </tipoPrograma>
      </tipoProgramaLista>
      <titularLista>
        <titular sequencia="1" inid="73">
          <nome>UNIVERSIDADE FEDERAL DO RIO GRANDE DO NORTE</nome>
        </titular>
      </titularLista>
      <criadorLista>
        <criador sequencia="1" inid="Cr">
          <nome>BRUNO SANTANA DA SILVA</nome>
        </criador>
      </criadorLista>
    </processo-programa>
  </despacho>
  <despacho>
    <codigo>730</codigo>
    <titulo>Expedição do Certificado de Registro</titulo>
    <processo-programa>
      <numero inid="Np">BR 51 2020 000321-4</numero>
      <titulo inid="54">NORMATIZA</titulo>
      <dataCriacao inid="Dl">21/05/2019</dataCriacao>
      <campoAplicacaoLista>
        <campoAplicacao>
          <codigo inid="Cp">CC-01</codigo>
        </campoAplicacao>
        <campoAplicacao>
          <codigo inid="Cp">CC-02</codigo>
        </campoAplicacao>
        <campoAplicacao>
          <codigo inid="Cp">CC-03</codigo>
        </campoAplicacao>
        <campoAplicacao>
          <codigo inid="Cp">IN-03</codigo>
        </campoAplicacao>
        <campoAplicacao>
          <codigo inid="Cp">SD-07</codigo>
        </campoAplicacao>
        <campoAplicacao>
          <codigo inid="Cp">SV-02</codigo>
        </campoAplicacao>
        <campoAplicacao>
          <codigo inid="Cp">TB-04</codigo>
        </campoAplicacao>
      </campoAplicacaoLista>
      <linguagemLista>
        <linguagem inid="Lg">.NET</linguagem>
        <linguagem inid="Lg">C#</linguagem>
        <linguagem inid="Lg">OUTROS</linguagem>
      </linguagemLista>
      <tipoProgramaLista>
        <tipoPrograma>
          <codigo inid="Tp">AP-01</codigo>
        </tipoPrograma>
        <tipoPrograma>
          <codigo inid="Tp">AP-03</codigo>
        </tipoPrograma>
        <tipoPrograma>
          <codigo inid="Tp">AT-01</codigo>
        </tipoPrograma>
        <tipoPrograma>
          <codigo inid="Tp">AT-06</codigo>
        </tipoPrograma>
        <tipoPrograma>
          <codigo inid="Tp">CD-06</codigo>
        </tipoPrograma>
        <tipoPrograma>
          <codigo inid="Tp">GI-04</codigo>
        </tipoPrograma>
        <tipoPrograma>
          <codigo inid="Tp">PD-01</codigo>
        </tipoPrograma>
        <tipoPrograma>
          <codigo inid="Tp">PD-02</codigo>
        </tipoPrograma>
        <tipoPrograma>
          <codigo inid="Tp">PD-03</codigo>
        </tipoPrograma>
        <tipoPrograma>
          <codigo inid="Tp">SO-05</codigo>
        </tipoPrograma>
        <tipoPrograma>
          <codigo inid="Tp">UT-06</codigo>
        </tipoPrograma>
      </tipoProgramaLista>
      <titularLista>
        <titular sequencia="1" inid="73">
          <nome>NORMATIZA SISTEMAS LTDA</nome>
        </titular>
      </titularLista>
      <criadorLista>
        <criador sequencia="1" inid="Cr">
          <nome>AIRTON LEANDRO SEIDEL</nome>
        </criador>
      </criadorLista>
    </processo-programa>
  </despacho>
  <despacho>
    <codigo>730</codigo>
    <titulo>Expedição do Certificado de Registro</titulo>
    <processo-programa>
      <numero inid="Np">BR 51 2020 000322-2</numero>
      <titulo inid="54">PIMENTAPP</titulo>
      <dataCriacao inid="Dl">Não informado</dataCriacao>
      <campoAplicacaoLista>
        <campoAplicacao>
          <codigo inid="Cp">AD-01</codigo>
        </campoAplicacao>
        <campoAplicacao>
          <codigo inid="Cp">AG-01</codigo>
        </campoAplicacao>
        <campoAplicacao>
          <codigo inid="Cp">IF-01</codigo>
        </campoAplicacao>
      </campoAplicacaoLista>
      <linguagemLista>
        <linguagem inid="Lg">HTML</linguagem>
        <linguagem inid="Lg">JAVA</linguagem>
        <linguagem inid="Lg">PHP</linguagem>
      </linguagemLista>
      <tipoProgramaLista>
        <tipoPrograma>
          <codigo inid="Tp">AP-01</codigo>
        </tipoPrograma>
        <tipoPrograma>
          <codigo inid="Tp">AP-03</codigo>
        </tipoPrograma>
        <tipoPrograma>
          <codigo inid="Tp">AT-01</codigo>
        </tipoPrograma>
        <tipoPrograma>
          <codigo inid="Tp">GI-01</codigo>
        </tipoPrograma>
      </tipoProgramaLista>
      <titularLista>
        <titular sequencia="1" inid="73">
          <nome>UNIVERSIDADE DO ESTADO DO PARA</nome>
        </titular>
      </titularLista>
      <criadorLista>
        <criador sequencia="1" inid="Cr">
          <nome>ANDERSON JORGE SERRA DA COSTA</nome>
        </criador>
        <criador sequencia="2" inid="Cr">
          <nome>VICTOR BENEDITO COSTA FERREIRA</nome>
        </criador>
      </criadorLista>
    </processo-programa>
  </despacho>
  <despacho>
    <codigo>730</codigo>
    <titulo>Expedição do Certificado de Registro</titulo>
    <processo-programa>
      <numero inid="Np">BR 51 2020 000323-0</numero>
      <titulo inid="54">Avaliar</titulo>
      <dataCriacao inid="Dl">10/11/2019</dataCriacao>
      <campoAplicacaoLista>
        <campoAplicacao>
          <codigo inid="Cp">AD-01</codigo>
        </campoAplicacao>
        <campoAplicacao>
          <codigo inid="Cp">ED-01</codigo>
        </campoAplicacao>
        <campoAplicacao>
          <codigo inid="Cp">ED-06</codigo>
        </campoAplicacao>
        <campoAplicacao>
          <codigo inid="Cp">IF-10</codigo>
        </campoAplicacao>
      </campoAplicacaoLista>
      <linguagemLista>
        <linguagem inid="Lg">CSS</linguagem>
        <linguagem inid="Lg">HTML</linguagem>
        <linguagem inid="Lg">JAVA SCRIPT</linguagem>
        <linguagem inid="Lg">PHP</linguagem>
      </linguagemLista>
      <tipoProgramaLista>
        <tipoPrograma>
          <codigo inid="Tp">GI-01</codigo>
        </tipoPrograma>
        <tipoPrograma>
          <codigo inid="Tp">GI-04</codigo>
        </tipoPrograma>
        <tipoPrograma>
          <codigo inid="Tp">GI-06</codigo>
        </tipoPrograma>
      </tipoProgramaLista>
      <titularLista>
        <titular sequencia="1" inid="73">
          <nome>UNIVERSIDADE FEDERAL DO AGRESTE DE PERNAMBUCO</nome>
        </titular>
        <titular sequencia="2" inid="73">
          <nome>UNIVERSIDADE FEDERAL RURAL DE PERNAMBUCO</nome>
        </titular>
      </titularLista>
      <criadorLista>
        <criador sequencia="1" inid="Cr">
          <nome>ALANA MARIA TENORIO ELIAS</nome>
        </criador>
        <criador sequencia="2" inid="Cr">
          <nome>ANDERSON FERNANDES DE ALENCAR</nome>
        </criador>
        <criador sequencia="3" inid="Cr">
          <nome>IGOR MEDEIROS VANDERLEI</nome>
        </criador>
        <criador sequencia="4" inid="Cr">
          <nome>MARIEL JOSE PIMENTEL DE ANDRADE</nome>
        </criador>
        <criador sequencia="5" inid="Cr">
          <nome>RODRIGO GUSMAO DE CARVALHO ROCHA</nome>
        </criador>
      </criadorLista>
    </processo-programa>
  </despacho>
  <despacho>
    <codigo>730</codigo>
    <titulo>Expedição do Certificado de Registro</titulo>
    <processo-programa>
      <numero inid="Np">BR 51 2020 000324-9</numero>
      <titulo inid="54">GC VOE - PLATAFORMA DE CREDITO, RISCO E PROCESSAMENTO DE PAGAMENTOS DIGITAIS</titulo>
      <dataCriacao inid="Dl">28/09/2012</dataCriacao>
      <campoAplicacaoLista>
        <campoAplicacao>
          <codigo inid="Cp">FN-03</codigo>
        </campoAplicacao>
        <campoAplicacao>
          <codigo inid="Cp">FN-05</codigo>
        </campoAplicacao>
        <campoAplicacao>
          <codigo inid="Cp">IN-02</codigo>
        </campoAplicacao>
        <campoAplicacao>
          <codigo inid="Cp">TC-04</codigo>
        </campoAplicacao>
      </campoAplicacaoLista>
      <linguagemLista>
        <linguagem inid="Lg">.NET</linguagem>
        <linguagem inid="Lg">C#</linguagem>
        <linguagem inid="Lg">HTML</linguagem>
        <linguagem inid="Lg">SQL</linguagem>
      </linguagemLista>
      <tipoProgramaLista>
        <tipoPrograma>
          <codigo inid="Tp">AP-01</codigo>
        </tipoPrograma>
      </tipoProgramaLista>
      <titularLista>
        <titular sequencia="1" inid="73">
          <nome>JOSÉ MÁRIO DE PAULA RIBEIRO JÚNIOR</nome>
        </titular>
        <titular sequencia="2" inid="73">
          <nome>VOECARD EMISSORA, PROCESSAMENTO E ADMINISTRADORA DE CARTÕES LTDA</nome>
        </titular>
      </titularLista>
      <criadorLista>
        <criador sequencia="1" inid="Cr">
          <nome>JOSÉ MÁRIO DE PAULA RIBEIRO JUNIOR</nome>
        </criador>
      </criadorLista>
    </processo-programa>
  </despacho>
  <despacho>
    <codigo>730</codigo>
    <titulo>Expedição do Certificado de Registro</titulo>
    <processo-programa>
      <numero inid="Np">BR 51 2020 000325-7</numero>
      <titulo inid="54">Sistema de Autoatendimento - Credifisco</titulo>
      <dataCriacao inid="Dl">12/02/2019</dataCriacao>
      <campoAplicacaoLista>
        <campoAplicacao>
          <codigo inid="Cp">AD-01</codigo>
        </campoAplicacao>
      </campoAplicacaoLista>
      <linguagemLista>
        <linguagem inid="Lg">FRAMEWORK</linguagem>
        <linguagem inid="Lg">HTML</linguagem>
        <linguagem inid="Lg">JAVA SCRIPT</linguagem>
        <linguagem inid="Lg">JSON</linguagem>
        <linguagem inid="Lg">MYSQL</linguagem>
        <linguagem inid="Lg">PHP</linguagem>
      </linguagemLista>
      <tipoProgramaLista>
        <tipoPrograma>
          <codigo inid="Tp">AP-01</codigo>
        </tipoPrograma>
        <tipoPrograma>
          <codigo inid="Tp">AP-03</codigo>
        </tipoPrograma>
        <tipoPrograma>
          <codigo inid="Tp">AT-02</codigo>
        </tipoPrograma>
        <tipoPrograma>
          <codigo inid="Tp">AT-06</codigo>
        </tipoPrograma>
        <tipoPrograma>
          <codigo inid="Tp">SO-04</codigo>
        </tipoPrograma>
      </tipoProgramaLista>
      <titularLista>
        <titular sequencia="1" inid="73">
          <nome>COOPERATIVA DE CREDITO MUTUO DE SERVIDORES PUBLICOS DO ESTADO DE SAO PAULO CREDIFISCO</nome>
        </titular>
      </titularLista>
      <criadorLista>
        <criador sequencia="1" inid="Cr">
          <nome>FABIANA ESTEVES DE PAIVA</nome>
        </criador>
        <criador sequencia="2" inid="Cr">
          <nome>FELIPE DA SILVA MUÑOZ</nome>
        </criador>
        <criador sequencia="3" inid="Cr">
          <nome>FOAD MOBINI KESHEH</nome>
        </criador>
        <criador sequencia="4" inid="Cr">
          <nome>LUCIANO SANTOS DE CARVALHO</nome>
        </criador>
        <criador sequencia="5" inid="Cr">
          <nome>MAIKO MIRANDA RODRIGUES FORTES</nome>
        </criador>
      </criadorLista>
    </processo-programa>
  </despacho>
  <despacho>
    <codigo>730</codigo>
    <titulo>Expedição do Certificado de Registro</titulo>
    <processo-programa>
      <numero inid="Np">BR 51 2020 000326-5</numero>
      <titulo inid="54">Prime Risk Classified Mobile</titulo>
      <dataCriacao inid="Dl">01/01/2019</dataCriacao>
      <campoAplicacaoLista>
        <campoAplicacao>
          <codigo inid="Cp">AD-01</codigo>
        </campoAplicacao>
        <campoAplicacao>
          <codigo inid="Cp">AD-02</codigo>
        </campoAplicacao>
        <campoAplicacao>
          <codigo inid="Cp">AD-05</codigo>
        </campoAplicacao>
        <campoAplicacao>
          <codigo inid="Cp">AD-06</codigo>
        </campoAplicacao>
        <campoAplicacao>
          <codigo inid="Cp">AD-09</codigo>
        </campoAplicacao>
        <campoAplicacao>
          <codigo inid="Cp">IF-01</codigo>
        </campoAplicacao>
        <campoAplicacao>
          <codigo inid="Cp">IF-02</codigo>
        </campoAplicacao>
        <campoAplicacao>
          <codigo inid="Cp">IF-07</codigo>
        </campoAplicacao>
        <campoAplicacao>
          <codigo inid="Cp">IF-10</codigo>
        </campoAplicacao>
        <campoAplicacao>
          <codigo inid="Cp">TB-01</codigo>
        </campoAplicacao>
      </campoAplicacaoLista>
      <linguagemLista>
        <linguagem inid="Lg">.NET</linguagem>
        <linguagem inid="Lg">C#</linguagem>
        <linguagem inid="Lg">CSS</linguagem>
        <linguagem inid="Lg">HTML</linguagem>
        <linguagem inid="Lg">IOS</linguagem>
        <linguagem inid="Lg">JAVA SCRIPT</linguagem>
        <linguagem inid="Lg">JSON</linguagem>
        <linguagem inid="Lg">NODEJS</linguagem>
        <linguagem inid="Lg">SQL</linguagem>
        <linguagem inid="Lg">XML</linguagem>
      </linguagemLista>
      <tipoProgramaLista>
        <tipoPrograma>
          <codigo inid="Tp">AP-01</codigo>
        </tipoPrograma>
        <tipoPrograma>
          <codigo inid="Tp">AP-03</codigo>
        </tipoPrograma>
        <tipoPrograma>
          <codigo inid="Tp">AP-04</codigo>
        </tipoPrograma>
        <tipoPrograma>
          <codigo inid="Tp">AT-02</codigo>
        </tipoPrograma>
        <tipoPrograma>
          <codigo inid="Tp">FA-01</codigo>
        </tipoPrograma>
        <tipoPrograma>
          <codigo inid="Tp">GI-06</codigo>
        </tipoPrograma>
        <tipoPrograma>
          <codigo inid="Tp">GI-07</codigo>
        </tipoPrograma>
        <tipoPrograma>
          <codigo inid="Tp">IA-02</codigo>
        </tipoPrograma>
        <tipoPrograma>
          <codigo inid="Tp">SO-07</codigo>
        </tipoPrograma>
      </tipoProgramaLista>
      <titularLista>
        <titular sequencia="1" inid="73">
          <nome>LINEARCODE SISTEMAS E SERVIÇOS DE INFORMATICA LTDA</nome>
        </titular>
      </titularLista>
      <criadorLista>
        <criador sequencia="1" inid="Cr">
          <nome>TILDEN GARCIA XAVIER LOPES</nome>
        </criador>
      </criadorLista>
    </processo-programa>
  </despacho>
  <despacho>
    <codigo>730</codigo>
    <titulo>Expedição do Certificado de Registro</titulo>
    <processo-programa>
      <numero inid="Np">BR 51 2020 000327-3</numero>
      <titulo inid="54">Sistema de Certificação de Produtos - Inmetro</titulo>
      <dataCriacao inid="Dl">01/07/2015</dataCriacao>
      <campoAplicacaoLista>
        <campoAplicacao>
          <codigo inid="Cp">AD-04</codigo>
        </campoAplicacao>
        <campoAplicacao>
          <codigo inid="Cp">AD-06</codigo>
        </campoAplicacao>
      </campoAplicacaoLista>
      <linguagemLista>
        <linguagem inid="Lg">C#</linguagem>
      </linguagemLista>
      <tipoProgramaLista>
        <tipoPrograma>
          <codigo inid="Tp">AT-06</codigo>
        </tipoPrograma>
      </tipoProgramaLista>
      <titularLista>
        <titular sequencia="1" inid="73">
          <nome>RICARDO SAMPAIO PADOVANI</nome>
        </titular>
      </titularLista>
      <criadorLista>
        <criador sequencia="1" inid="Cr">
          <nome>RICARDO SAMPAIO PADOVANI</nome>
        </criador>
      </criadorLista>
    </processo-programa>
  </despacho>
  <despacho>
    <codigo>730</codigo>
    <titulo>Expedição do Certificado de Registro</titulo>
    <processo-programa>
      <numero inid="Np">BR 51 2020 000328-1</numero>
      <titulo inid="54">3fty</titulo>
      <dataCriacao inid="Dl">01/12/2019</dataCriacao>
      <campoAplicacaoLista>
        <campoAplicacao>
          <codigo inid="Cp">CO-04</codigo>
        </campoAplicacao>
      </campoAplicacaoLista>
      <linguagemLista>
        <linguagem inid="Lg">CSS</linguagem>
        <linguagem inid="Lg">JQUERY</linguagem>
        <linguagem inid="Lg">JSON</linguagem>
        <linguagem inid="Lg">NODEJS</linguagem>
        <linguagem inid="Lg">PHP</linguagem>
        <linguagem inid="Lg">POSTGREE SQL</linguagem>
      </linguagemLista>
      <tipoProgramaLista>
        <tipoPrograma>
          <codigo inid="Tp">AP-01</codigo>
        </tipoPrograma>
        <tipoPrograma>
          <codigo inid="Tp">ET-01</codigo>
        </tipoPrograma>
      </tipoProgramaLista>
      <titularLista>
        <titular sequencia="1" inid="73">
          <nome>SIMONE HELENA SANTOS VIRGENS</nome>
        </titular>
      </titularLista>
      <criadorLista>
        <criador sequencia="1" inid="Cr">
          <nome>LUCIANA PATRICIA DAS VIRGENS SILVA</nome>
        </criador>
      </criadorLista>
    </processo-programa>
  </despacho>
  <despacho>
    <codigo>730</codigo>
    <titulo>Expedição do Certificado de Registro</titulo>
    <processo-programa>
      <numero inid="Np">BR 51 2020 000329-0</numero>
      <titulo inid="54">Sistema de Agendamentos Estéticos - SAE</titulo>
      <dataCriacao inid="Dl">19/02/2020</dataCriacao>
      <campoAplicacaoLista>
        <campoAplicacao>
          <codigo inid="Cp">AD-05</codigo>
        </campoAplicacao>
        <campoAplicacao>
          <codigo inid="Cp">FN-05</codigo>
        </campoAplicacao>
      </campoAplicacaoLista>
      <linguagemLista>
        <linguagem inid="Lg">.NET</linguagem>
        <linguagem inid="Lg">AJAX</linguagem>
        <linguagem inid="Lg">C#</linguagem>
        <linguagem inid="Lg">JAVA SCRIPT</linguagem>
      </linguagemLista>
      <tipoProgramaLista>
        <tipoPrograma>
          <codigo inid="Tp">AP-02</codigo>
        </tipoPrograma>
        <tipoPrograma>
          <codigo inid="Tp">AP-03</codigo>
        </tipoPrograma>
        <tipoPrograma>
          <codigo inid="Tp">AT-06</codigo>
        </tipoPrograma>
        <tipoPrograma>
          <codigo inid="Tp">DS-04</codigo>
        </tipoPrograma>
        <tipoPrograma>
          <codigo inid="Tp">IA-02</codigo>
        </tipoPrograma>
      </tipoProgramaLista>
      <titularLista>
        <titular sequencia="1" inid="73">
          <nome>DANIMAR VERIATO</nome>
        </titular>
      </titularLista>
      <criadorLista>
        <criador sequencia="1" inid="Cr">
          <nome>DANIMAR VERIATO</nome>
        </criador>
      </criadorLista>
    </processo-programa>
  </despacho>
  <despacho>
    <codigo>730</codigo>
    <titulo>Expedição do Certificado de Registro</titulo>
    <processo-programa>
      <numero inid="Np">BR 51 2020 000330-3</numero>
      <titulo inid="54">Solicita</titulo>
      <dataCriacao inid="Dl">12/11/2019</dataCriacao>
      <campoAplicacaoLista>
        <campoAplicacao>
          <codigo inid="Cp">AD-01</codigo>
        </campoAplicacao>
        <campoAplicacao>
          <codigo inid="Cp">AD-04</codigo>
        </campoAplicacao>
      </campoAplicacaoLista>
      <linguagemLista>
        <linguagem inid="Lg">CSS</linguagem>
        <linguagem inid="Lg">HTML</linguagem>
        <linguagem inid="Lg">JAVA SCRIPT</linguagem>
        <linguagem inid="Lg">PHP</linguagem>
      </linguagemLista>
      <tipoProgramaLista>
        <tipoPrograma>
          <codigo inid="Tp">GI-01</codigo>
        </tipoPrograma>
        <tipoPrograma>
          <codigo inid="Tp">GI-07</codigo>
        </tipoPrograma>
      </tipoProgramaLista>
      <titularLista>
        <titular sequencia="1" inid="73">
          <nome>UNIVERSIDADE FEDERAL DO AGRESTE DE PERNAMBUCO</nome>
        </titular>
        <titular sequencia="2" inid="73">
          <nome>UNIVERSIDADE FEDERAL RURAL DE PERNAMBUCO</nome>
        </titular>
      </titularLista>
      <criadorLista>
        <criador sequencia="1" inid="Cr">
          <nome>ANDERSON FERNANDES DE ALENCAR</nome>
        </criador>
        <criador sequencia="2" inid="Cr">
          <nome>DANIEL ALVES DA COSTA</nome>
        </criador>
        <criador sequencia="3" inid="Cr">
          <nome>IGOR MEDEIROS VANDERLEI</nome>
        </criador>
        <criador sequencia="4" inid="Cr">
          <nome>IHAGO FREIRE SANTOS</nome>
        </criador>
        <criador sequencia="5" inid="Cr">
          <nome>JORGE VELOSO DOS SANTOS</nome>
        </criador>
        <criador sequencia="6" inid="Cr">
          <nome>LUCAS SIQUEIRA DE ARAUJO</nome>
        </criador>
        <criador sequencia="7" inid="Cr">
          <nome>RODRIGO GUSMAO DE CARVALHO ROCHA</nome>
        </criador>
      </criadorLista>
    </processo-programa>
  </despacho>
  <despacho>
    <codigo>730</codigo>
    <titulo>Expedição do Certificado de Registro</titulo>
    <processo-programa>
      <numero inid="Np">BR 51 2020 000331-1</numero>
      <titulo inid="54">ConectAEE</titulo>
      <dataCriacao inid="Dl">10/11/2019</dataCriacao>
      <campoAplicacaoLista>
        <campoAplicacao>
          <codigo inid="Cp">ED-01</codigo>
        </campoAplicacao>
        <campoAplicacao>
          <codigo inid="Cp">ED-03</codigo>
        </campoAplicacao>
        <campoAplicacao>
          <codigo inid="Cp">ED-04</codigo>
        </campoAplicacao>
      </campoAplicacaoLista>
      <linguagemLista>
        <linguagem inid="Lg">CSS</linguagem>
        <linguagem inid="Lg">HTML</linguagem>
        <linguagem inid="Lg">JAVA SCRIPT</linguagem>
        <linguagem inid="Lg">PHP</linguagem>
      </linguagemLista>
      <tipoProgramaLista>
        <tipoPrograma>
          <codigo inid="Tp">AP-02</codigo>
        </tipoPrograma>
        <tipoPrograma>
          <codigo inid="Tp">FA-01</codigo>
        </tipoPrograma>
        <tipoPrograma>
          <codigo inid="Tp">GI-01</codigo>
        </tipoPrograma>
      </tipoProgramaLista>
      <titularLista>
        <titular sequencia="1" inid="73">
          <nome>UNIVERSIDADE FEDERAL DO AGRESTE DE PERNAMBUCO</nome>
        </titular>
        <titular sequencia="2" inid="73">
          <nome>UNIVERSIDADE FEDERAL RURAL DE PERNAMBUCO</nome>
        </titular>
      </titularLista>
      <criadorLista>
        <criador sequencia="1" inid="Cr">
          <nome>ADELINO LOURENÇO DA SILVA NETO</nome>
        </criador>
        <criador sequencia="2" inid="Cr">
          <nome>ANDERSON FERNANDES DE ALENCAR</nome>
        </criador>
        <criador sequencia="3" inid="Cr">
          <nome>EBERSON NASCIMENTO SANTOS</nome>
        </criador>
        <criador sequencia="4" inid="Cr">
          <nome>IGOR MEDEIROS VANDERLEI</nome>
        </criador>
        <criador sequencia="5" inid="Cr">
          <nome>MARIEL JOSE PIMENTEL DE ANDRADE</nome>
        </criador>
      </criadorLista>
    </processo-programa>
  </despacho>
  <despacho>
    <codigo>730</codigo>
    <titulo>Expedição do Certificado de Registro</titulo>
    <processo-programa>
      <numero inid="Np">BR 51 2020 000332-0</numero>
      <titulo inid="54">Avaliação de SNP em bases genéticas</titulo>
      <dataCriacao inid="Dl">10/01/2020</dataCriacao>
      <campoAplicacaoLista>
        <campoAplicacao>
          <codigo inid="Cp">IN-02</codigo>
        </campoAplicacao>
      </campoAplicacaoLista>
      <linguagemLista>
        <linguagem inid="Lg">JAVA</linguagem>
      </linguagemLista>
      <tipoProgramaLista>
        <tipoPrograma>
          <codigo inid="Tp">AP-01</codigo>
        </tipoPrograma>
        <tipoPrograma>
          <codigo inid="Tp">FA-01</codigo>
        </tipoPrograma>
        <tipoPrograma>
          <codigo inid="Tp">GI-08</codigo>
        </tipoPrograma>
        <tipoPrograma>
          <codigo inid="Tp">IA-01</codigo>
        </tipoPrograma>
        <tipoPrograma>
          <codigo inid="Tp">IA-02</codigo>
        </tipoPrograma>
      </tipoProgramaLista>
      <titularLista>
        <titular sequencia="1" inid="73">
          <nome>EDSON JOSÉ PACHECO</nome>
        </titular>
      </titularLista>
      <criadorLista>
        <criador sequencia="1" inid="Cr">
          <nome>EDSON JOSE PACHECO</nome>
        </criador>
      </criadorLista>
    </processo-programa>
  </despacho>
  <despacho>
    <codigo>730</codigo>
    <titulo>Expedição do Certificado de Registro</titulo>
    <processo-programa>
      <numero inid="Np">BR 51 2020 000334-6</numero>
      <titulo inid="54">PATEFISCO - Programa de Análise Técnico Financeiro de Sistemas de cogeração</titulo>
      <dataCriacao inid="Dl">01/07/2019</dataCriacao>
      <campoAplicacaoLista>
        <campoAplicacao>
          <codigo inid="Cp">EC-09</codigo>
        </campoAplicacao>
        <campoAplicacao>
          <codigo inid="Cp">EN-02</codigo>
        </campoAplicacao>
        <campoAplicacao>
          <codigo inid="Cp">EN-04</codigo>
        </campoAplicacao>
        <campoAplicacao>
          <codigo inid="Cp">IN-03</codigo>
        </campoAplicacao>
        <campoAplicacao>
          <codigo inid="Cp">MT-06</codigo>
        </campoAplicacao>
      </campoAplicacaoLista>
      <linguagemLista>
        <linguagem inid="Lg">MATLAB</linguagem>
      </linguagemLista>
      <tipoProgramaLista>
        <tipoPrograma>
          <codigo inid="Tp">AV-01</codigo>
        </tipoPrograma>
        <tipoPrograma>
          <codigo inid="Tp">FA-01</codigo>
        </tipoPrograma>
        <tipoPrograma>
          <codigo inid="Tp">FA-04</codigo>
        </tipoPrograma>
        <tipoPrograma>
          <codigo inid="Tp">SM-01</codigo>
        </tipoPrograma>
        <tipoPrograma>
          <codigo inid="Tp">TC-01</codigo>
        </tipoPrograma>
      </tipoProgramaLista>
      <titularLista>
        <titular sequencia="1" inid="73">
          <nome>INSTITUTO FEDERAL DE EDUCAÇÃO, CIÊNCIA E TECNOLOGIA DE PERNAMBUCO</nome>
        </titular>
        <titular sequencia="2" inid="73">
          <nome>UNIVERSIDADE FEDERAL DE PERNAMBUCO</nome>
        </titular>
      </titularLista>
      <criadorLista>
        <criador sequencia="1" inid="Cr">
          <nome>ALVARO ANTÔNIO OCHOA VILLA</nome>
        </criador>
        <criador sequencia="2" inid="Cr">
          <nome>CARLOS EDUARDO CAVALCANTI</nome>
        </criador>
        <criador sequencia="3" inid="Cr">
          <nome>GUSTAVO DE NOVAES PIRES LEITE</nome>
        </criador>
        <criador sequencia="4" inid="Cr">
          <nome>HÉBER CLAUDIUS NUNES SILVA</nome>
        </criador>
        <criador sequencia="5" inid="Cr">
          <nome>JORGE RECARTE HENRÍQUEZ GUERRERO</nome>
        </criador>
        <criador sequencia="6" inid="Cr">
          <nome>JOSE CARLOS CHARAMBA DUTRA</nome>
        </criador>
        <criador sequencia="7" inid="Cr">
          <nome>JOSÉ ÂNGELO PEIXOTO DA COSTA</nome>
        </criador>
        <criador sequencia="8" inid="Cr">
          <nome>JOSÉ ÂNGELO PEIXOTO DA COSTA</nome>
        </criador>
        <criador sequencia="9" inid="Cr">
          <nome>JOSÉ ÂNGELO PEIXOTO DA COSTA</nome>
        </criador>
        <criador sequencia="10" inid="Cr">
          <nome>RONALDO JOSÉ AMORIM CAMPOS</nome>
        </criador>
        <criador sequencia="11" inid="Cr">
          <nome>JOSE CARLOS CHARAMBA DUTRA</nome>
        </criador>
        <criador sequencia="12" inid="Cr">
          <nome>JOSÉ ÂNGELO PEIXOTO DA COSTA</nome>
        </criador>
        <criador sequencia="13" inid="Cr">
          <nome>JOSÉ ÂNGELO PEIXOTO DA COSTA</nome>
        </criador>
      </criadorLista>
    </processo-programa>
  </despacho>
  <despacho>
    <codigo>730</codigo>
    <titulo>Expedição do Certificado de Registro</titulo>
    <processo-programa>
      <numero inid="Np">BR 51 2020 000335-4</numero>
      <titulo inid="54">QiWEB</titulo>
      <dataCriacao inid="Dl">27/06/2019</dataCriacao>
      <campoAplicacaoLista>
        <campoAplicacao>
          <codigo inid="Cp">ED-03</codigo>
        </campoAplicacao>
      </campoAplicacaoLista>
      <linguagemLista>
        <linguagem inid="Lg">CSS</linguagem>
        <linguagem inid="Lg">HTML</linguagem>
        <linguagem inid="Lg">PHP</linguagem>
        <linguagem inid="Lg">SQL</linguagem>
      </linguagemLista>
      <tipoProgramaLista>
        <tipoPrograma>
          <codigo inid="Tp">FA-01</codigo>
        </tipoPrograma>
        <tipoPrograma>
          <codigo inid="Tp">IA-02</codigo>
        </tipoPrograma>
      </tipoProgramaLista>
      <titularLista>
        <titular sequencia="1" inid="73">
          <nome>INSTITUTO FEDERAL DE EDUCAÇÃO, CIÊNCIA E TECNOLOGIA DE ALAGOAS - IFAL</nome>
        </titular>
      </titularLista>
      <criadorLista>
        <criador sequencia="1" inid="Cr">
          <nome>HANDRIK PALMEIRA MAGALHÃES</nome>
        </criador>
        <criador sequencia="2" inid="Cr">
          <nome>JOÃO PAULO AJALA SORGATO</nome>
        </criador>
      </criadorLista>
    </processo-programa>
  </despacho>
  <despacho>
    <codigo>730</codigo>
    <titulo>Expedição do Certificado de Registro</titulo>
    <processo-programa>
      <numero inid="Np">BR 51 2020 000336-2</numero>
      <titulo inid="54">ACESSBUS</titulo>
      <dataCriacao inid="Dl">01/08/2016</dataCriacao>
      <campoAplicacaoLista>
        <campoAplicacao>
          <codigo inid="Cp">IF-10</codigo>
        </campoAplicacao>
        <campoAplicacao>
          <codigo inid="Cp">SD-04</codigo>
        </campoAplicacao>
        <campoAplicacao>
          <codigo inid="Cp">TC-04</codigo>
        </campoAplicacao>
        <campoAplicacao>
          <codigo inid="Cp">TP-02</codigo>
        </campoAplicacao>
        <campoAplicacao>
          <codigo inid="Cp">UB-04</codigo>
        </campoAplicacao>
      </campoAplicacaoLista>
      <linguagemLista>
        <linguagem inid="Lg">JAVA</linguagem>
      </linguagemLista>
      <tipoProgramaLista>
        <tipoPrograma>
          <codigo inid="Tp">AP-01</codigo>
        </tipoPrograma>
        <tipoPrograma>
          <codigo inid="Tp">FA-01</codigo>
        </tipoPrograma>
      </tipoProgramaLista>
      <titularLista>
        <titular sequencia="1" inid="73">
          <nome>INSTITUTO FEDERAL DE EDUCAÇÃO, CIÊNCIA E TECNOLOGIA DE ALAGOAS - IFAL</nome>
        </titular>
      </titularLista>
      <criadorLista>
        <criador sequencia="1" inid="Cr">
          <nome>ANA KARLA CAVALCANTE FERREIRA</nome>
        </criador>
        <criador sequencia="2" inid="Cr">
          <nome>EVERTON MACENA DE PAIVA</nome>
        </criador>
        <criador sequencia="3" inid="Cr">
          <nome>MATEUS GUEDES DE LIMA</nome>
        </criador>
      </criadorLista>
    </processo-programa>
  </despacho>
  <despacho>
    <codigo>730</codigo>
    <titulo>Expedição do Certificado de Registro</titulo>
    <processo-programa>
      <numero inid="Np">BR 51 2020 000337-0</numero>
      <titulo inid="54">Temporada App</titulo>
      <dataCriacao inid="Dl">11/01/2020</dataCriacao>
      <campoAplicacaoLista>
        <campoAplicacao>
          <codigo inid="Cp">SV-04</codigo>
        </campoAplicacao>
      </campoAplicacaoLista>
      <linguagemLista>
        <linguagem inid="Lg">C++</linguagem>
        <linguagem inid="Lg">JAVA SCRIPT</linguagem>
        <linguagem inid="Lg">PHP</linguagem>
      </linguagemLista>
      <tipoProgramaLista>
        <tipoPrograma>
          <codigo inid="Tp">AP-01</codigo>
        </tipoPrograma>
      </tipoProgramaLista>
      <titularLista>
        <titular sequencia="1" inid="73">
          <nome>JOICE ALBERTINA PEREIRA</nome>
        </titular>
      </titularLista>
      <criadorLista>
        <criador sequencia="1" inid="Cr">
          <nome>JOICE ALBERTINA PEREIRA</nome>
        </criador>
      </criadorLista>
    </processo-programa>
  </despacho>
  <despacho>
    <codigo>730</codigo>
    <titulo>Expedição do Certificado de Registro</titulo>
    <processo-programa>
      <numero inid="Np">BR 51 2020 000338-9</numero>
      <titulo inid="54">Horus-Server - Servidor de Automação para Posturografia Estática</titulo>
      <dataCriacao inid="Dl">14/03/2019</dataCriacao>
      <campoAplicacaoLista>
        <campoAplicacao>
          <codigo inid="Cp">SD-06</codigo>
        </campoAplicacao>
        <campoAplicacao>
          <codigo inid="Cp">SD-08</codigo>
        </campoAplicacao>
        <campoAplicacao>
          <codigo inid="Cp">SD-09</codigo>
        </campoAplicacao>
      </campoAplicacaoLista>
      <linguagemLista>
        <linguagem inid="Lg">C</linguagem>
        <linguagem inid="Lg">C++</linguagem>
      </linguagemLista>
      <tipoProgramaLista>
        <tipoPrograma>
          <codigo inid="Tp">CD-04</codigo>
        </tipoPrograma>
        <tipoPrograma>
          <codigo inid="Tp">IT-03</codigo>
        </tipoPrograma>
        <tipoPrograma>
          <codigo inid="Tp">SO-06</codigo>
        </tipoPrograma>
      </tipoProgramaLista>
      <titularLista>
        <titular sequencia="1" inid="73">
          <nome>CONTRONIC SISTEMAS AUTOMÁTICOS LTDA</nome>
        </titular>
      </titularLista>
      <criadorLista>
        <criador sequencia="1" inid="Cr">
          <nome>DOUGLAS ADALBERTO SCHEUNEMANN</nome>
        </criador>
        <criador sequencia="2" inid="Cr">
          <nome>GUSTAVO OTT</nome>
        </criador>
        <criador sequencia="3" inid="Cr">
          <nome>MAURICIO CAMPELO TAVARES</nome>
        </criador>
      </criadorLista>
    </processo-programa>
  </despacho>
  <despacho>
    <codigo>730</codigo>
    <titulo>Expedição do Certificado de Registro</titulo>
    <processo-programa>
      <numero inid="Np">BR 51 2020 000339-7</numero>
      <titulo inid="54">plataforma eutolimpo.com.br</titulo>
      <dataCriacao inid="Dl">01/01/2019</dataCriacao>
      <campoAplicacaoLista>
        <campoAplicacao>
          <codigo inid="Cp">AD-05</codigo>
        </campoAplicacao>
      </campoAplicacaoLista>
      <linguagemLista>
        <linguagem inid="Lg">C++</linguagem>
        <linguagem inid="Lg">JAVA SCRIPT</linguagem>
        <linguagem inid="Lg">PHP</linguagem>
      </linguagemLista>
      <tipoProgramaLista>
        <tipoPrograma>
          <codigo inid="Tp">AP-01</codigo>
        </tipoPrograma>
        <tipoPrograma>
          <codigo inid="Tp">AP-02</codigo>
        </tipoPrograma>
        <tipoPrograma>
          <codigo inid="Tp">ET-01</codigo>
        </tipoPrograma>
        <tipoPrograma>
          <codigo inid="Tp">GI-01</codigo>
        </tipoPrograma>
      </tipoProgramaLista>
      <titularLista>
        <titular sequencia="1" inid="73">
          <nome>BIGGER DATA PRESTACAO DE SERVIÇOS LTDA</nome>
        </titular>
      </titularLista>
      <criadorLista>
        <criador sequencia="1" inid="Cr">
          <nome>GABRIELA ROVERI</nome>
        </criador>
      </criadorLista>
    </processo-programa>
  </despacho>
  <despacho>
    <codigo>730</codigo>
    <titulo>Expedição do Certificado de Registro</titulo>
    <processo-programa>
      <numero inid="Np">BR 51 2020 000340-0</numero>
      <titulo inid="54">Custodiam - Gestão de Custodiados</titulo>
      <dataCriacao inid="Dl">18/12/2017</dataCriacao>
      <campoAplicacaoLista>
        <campoAplicacao>
          <codigo inid="Cp">AD-02</codigo>
        </campoAplicacao>
        <campoAplicacao>
          <codigo inid="Cp">IF-02</codigo>
        </campoAplicacao>
        <campoAplicacao>
          <codigo inid="Cp">IF-04</codigo>
        </campoAplicacao>
        <campoAplicacao>
          <codigo inid="Cp">IF-07</codigo>
        </campoAplicacao>
      </campoAplicacaoLista>
      <linguagemLista>
        <linguagem inid="Lg">ACCESS</linguagem>
        <linguagem inid="Lg">CSS</linguagem>
        <linguagem inid="Lg">HTML</linguagem>
        <linguagem inid="Lg">JAVA SCRIPT</linguagem>
        <linguagem inid="Lg">MYSQL</linguagem>
        <linguagem inid="Lg">PHP</linguagem>
      </linguagemLista>
      <tipoProgramaLista>
        <tipoPrograma>
          <codigo inid="Tp">AP-01</codigo>
        </tipoPrograma>
        <tipoPrograma>
          <codigo inid="Tp">AP-03</codigo>
        </tipoPrograma>
        <tipoPrograma>
          <codigo inid="Tp">GI-01</codigo>
        </tipoPrograma>
      </tipoProgramaLista>
      <titularLista>
        <titular sequencia="1" inid="73">
          <nome>GUSTAVO PEREIRA PACHECO DE ALMEIDA</nome>
        </titular>
      </titularLista>
      <criadorLista>
        <criador sequencia="1" inid="Cr">
          <nome>GUSTAVO PEREIRA PACHECO DE ALMEIDA</nome>
        </criador>
      </criadorLista>
    </processo-programa>
  </despacho>
  <despacho>
    <codigo>730</codigo>
    <titulo>Expedição do Certificado de Registro</titulo>
    <processo-programa>
      <numero inid="Np">BR 51 2020 000341-9</numero>
      <titulo inid="54">CubeCubes</titulo>
      <dataCriacao inid="Dl">27/01/2020</dataCriacao>
      <campoAplicacaoLista>
        <campoAplicacao>
          <codigo inid="Cp">EC-07</codigo>
        </campoAplicacao>
        <campoAplicacao>
          <codigo inid="Cp">SV-03</codigo>
        </campoAplicacao>
        <campoAplicacao>
          <codigo inid="Cp">TB-06</codigo>
        </campoAplicacao>
      </campoAplicacaoLista>
      <linguagemLista>
        <linguagem inid="Lg">OUTROS</linguagem>
        <linguagem inid="Lg">PYTHON</linguagem>
      </linguagemLista>
      <tipoProgramaLista>
        <tipoPrograma>
          <codigo inid="Tp">AP-01</codigo>
        </tipoPrograma>
        <tipoPrograma>
          <codigo inid="Tp">ET-01</codigo>
        </tipoPrograma>
        <tipoPrograma>
          <codigo inid="Tp">ET-02</codigo>
        </tipoPrograma>
      </tipoProgramaLista>
      <titularLista>
        <titular sequencia="1" inid="73">
          <nome>GUILHERME CIAVARELLI DE ALMEIDA COUTINHO</nome>
        </titular>
      </titularLista>
      <criadorLista>
        <criador sequencia="1" inid="Cr">
          <nome>GUILHERME CIAVARELLI DE ALMEIDA COUTINHO</nome>
        </criador>
      </criadorLista>
    </processo-programa>
  </despacho>
  <despacho>
    <codigo>730</codigo>
    <titulo>Expedição do Certificado de Registro</titulo>
    <processo-programa>
      <numero inid="Np">BR 51 2020 000342-7</numero>
      <titulo inid="54">Avaliação de Operadores de Redes de Distribuição</titulo>
      <dataCriacao inid="Dl">27/01/2020</dataCriacao>
      <campoAplicacaoLista>
        <campoAplicacao>
          <codigo inid="Cp">EN-01</codigo>
        </campoAplicacao>
        <campoAplicacao>
          <codigo inid="Cp">EN-04</codigo>
        </campoAplicacao>
      </campoAplicacaoLista>
      <linguagemLista>
        <linguagem inid="Lg">C</linguagem>
      </linguagemLista>
      <tipoProgramaLista>
        <tipoPrograma>
          <codigo inid="Tp">FA-01</codigo>
        </tipoPrograma>
        <tipoPrograma>
          <codigo inid="Tp">IA-01</codigo>
        </tipoPrograma>
        <tipoPrograma>
          <codigo inid="Tp">SM-01</codigo>
        </tipoPrograma>
        <tipoPrograma>
          <codigo inid="Tp">TC-02</codigo>
        </tipoPrograma>
      </tipoProgramaLista>
      <titularLista>
        <titular sequencia="1" inid="73">
          <nome>INSTITUTO FEDERAL DE EDUCAÇÃO, CIÊNCIA E TECNOLOGIA DE SANTA CATARINA</nome>
        </titular>
      </titularLista>
      <criadorLista>
        <criador sequencia="1" inid="Cr">
          <nome>EDISON ANTÔNIO CARDOSO ARANHA NETO</nome>
        </criador>
        <criador sequencia="2" inid="Cr">
          <nome>NEIMAR DE ALMEIDA OLIVA</nome>
        </criador>
      </criadorLista>
    </processo-programa>
  </despacho>
  <despacho>
    <codigo>730</codigo>
    <titulo>Expedição do Certificado de Registro</titulo>
    <processo-programa>
      <numero inid="Np">BR 51 2020 000343-5</numero>
      <titulo inid="54">Bacen Data Extract</titulo>
      <dataCriacao inid="Dl">20/10/2018</dataCriacao>
      <campoAplicacaoLista>
        <campoAplicacao>
          <codigo inid="Cp">IF-01</codigo>
        </campoAplicacao>
        <campoAplicacao>
          <codigo inid="Cp">IF-10</codigo>
        </campoAplicacao>
      </campoAplicacaoLista>
      <linguagemLista>
        <linguagem inid="Lg">OUTROS</linguagem>
      </linguagemLista>
      <tipoProgramaLista>
        <tipoPrograma>
          <codigo inid="Tp">GI-02</codigo>
        </tipoPrograma>
        <tipoPrograma>
          <codigo inid="Tp">GI-05</codigo>
        </tipoPrograma>
        <tipoPrograma>
          <codigo inid="Tp">TI-03</codigo>
        </tipoPrograma>
        <tipoPrograma>
          <codigo inid="Tp">TI-04</codigo>
        </tipoPrograma>
      </tipoProgramaLista>
      <titularLista>
        <titular sequencia="1" inid="73">
          <nome>MARCELO HENRIQUE SHINKODA SANTOS</nome>
        </titular>
      </titularLista>
      <criadorLista>
        <criador sequencia="1" inid="Cr">
          <nome>MARCELO HENRIQUE SHINKODA SANTOS</nome>
        </criador>
      </criadorLista>
    </processo-programa>
  </despacho>
  <despacho>
    <codigo>730</codigo>
    <titulo>Expedição do Certificado de Registro</titulo>
    <processo-programa>
      <numero inid="Np">BR 51 2020 000344-3</numero>
      <titulo inid="54">ROBÔ FOREX 2017</titulo>
      <dataCriacao inid="Dl">10/12/2016</dataCriacao>
      <campoAplicacaoLista>
        <campoAplicacao>
          <codigo inid="Cp">EC-01</codigo>
        </campoAplicacao>
        <campoAplicacao>
          <codigo inid="Cp">EC-02</codigo>
        </campoAplicacao>
        <campoAplicacao>
          <codigo inid="Cp">EC-03</codigo>
        </campoAplicacao>
        <campoAplicacao>
          <codigo inid="Cp">EC-06</codigo>
        </campoAplicacao>
        <campoAplicacao>
          <codigo inid="Cp">EC-07</codigo>
        </campoAplicacao>
        <campoAplicacao>
          <codigo inid="Cp">EC-09</codigo>
        </campoAplicacao>
        <campoAplicacao>
          <codigo inid="Cp">FN-02</codigo>
        </campoAplicacao>
        <campoAplicacao>
          <codigo inid="Cp">FN-03</codigo>
        </campoAplicacao>
        <campoAplicacao>
          <codigo inid="Cp">FN-04</codigo>
        </campoAplicacao>
        <campoAplicacao>
          <codigo inid="Cp">FN-05</codigo>
        </campoAplicacao>
      </campoAplicacaoLista>
      <linguagemLista>
        <linguagem inid="Lg">OUTROS</linguagem>
      </linguagemLista>
      <tipoProgramaLista>
        <tipoPrograma>
          <codigo inid="Tp">AP-01</codigo>
        </tipoPrograma>
        <tipoPrograma>
          <codigo inid="Tp">AP-03</codigo>
        </tipoPrograma>
        <tipoPrograma>
          <codigo inid="Tp">AT-06</codigo>
        </tipoPrograma>
        <tipoPrograma>
          <codigo inid="Tp">FA-01</codigo>
        </tipoPrograma>
        <tipoPrograma>
          <codigo inid="Tp">IA-02</codigo>
        </tipoPrograma>
        <tipoPrograma>
          <codigo inid="Tp">LG-07</codigo>
        </tipoPrograma>
        <tipoPrograma>
          <codigo inid="Tp">SO-07</codigo>
        </tipoPrograma>
        <tipoPrograma>
          <codigo inid="Tp">SO-09</codigo>
        </tipoPrograma>
        <tipoPrograma>
          <codigo inid="Tp">TC-03</codigo>
        </tipoPrograma>
      </tipoProgramaLista>
      <titularLista>
        <titular sequencia="1" inid="73">
          <nome>JONATHAN ROSA VIEIRA BISPO</nome>
        </titular>
      </titularLista>
      <criadorLista>
        <criador sequencia="1" inid="Cr">
          <nome>JONATHAN ROSA VIEIRA BISPO</nome>
        </criador>
      </criadorLista>
    </processo-programa>
  </despacho>
  <despacho>
    <codigo>730</codigo>
    <titulo>Expedição do Certificado de Registro</titulo>
    <processo-programa>
      <numero inid="Np">BR 51 2020 000345-1</numero>
      <titulo inid="54">Banco de Preços</titulo>
      <dataCriacao inid="Dl">03/01/2010</dataCriacao>
      <campoAplicacaoLista>
        <campoAplicacao>
          <codigo inid="Cp">AD-02</codigo>
        </campoAplicacao>
        <campoAplicacao>
          <codigo inid="Cp">AD-10</codigo>
        </campoAplicacao>
        <campoAplicacao>
          <codigo inid="Cp">CC-04</codigo>
        </campoAplicacao>
        <campoAplicacao>
          <codigo inid="Cp">DI-01</codigo>
        </campoAplicacao>
        <campoAplicacao>
          <codigo inid="Cp">DI-02</codigo>
        </campoAplicacao>
        <campoAplicacao>
          <codigo inid="Cp">DI-03</codigo>
        </campoAplicacao>
        <campoAplicacao>
          <codigo inid="Cp">EC-01</codigo>
        </campoAplicacao>
        <campoAplicacao>
          <codigo inid="Cp">EC-07</codigo>
        </campoAplicacao>
        <campoAplicacao>
          <codigo inid="Cp">EC-14</codigo>
        </campoAplicacao>
        <campoAplicacao>
          <codigo inid="Cp">ED-04</codigo>
        </campoAplicacao>
        <campoAplicacao>
          <codigo inid="Cp">FN-01</codigo>
        </campoAplicacao>
        <campoAplicacao>
          <codigo inid="Cp">IF-01</codigo>
        </campoAplicacao>
        <campoAplicacao>
          <codigo inid="Cp">IF-02</codigo>
        </campoAplicacao>
        <campoAplicacao>
          <codigo inid="Cp">IF-07</codigo>
        </campoAplicacao>
        <campoAplicacao>
          <codigo inid="Cp">IF-10</codigo>
        </campoAplicacao>
      </campoAplicacaoLista>
      <linguagemLista>
        <linguagem inid="Lg">C#</linguagem>
      </linguagemLista>
      <tipoProgramaLista>
        <tipoPrograma>
          <codigo inid="Tp">GI-01</codigo>
        </tipoPrograma>
      </tipoProgramaLista>
      <titularLista>
        <titular sequencia="1" inid="73">
          <nome>NP CAPACITAÇÃO E SOLUÇÕES TECNOLÓGICAS LTDA</nome>
        </titular>
      </titularLista>
      <criadorLista>
        <criador sequencia="1" inid="Cr">
          <nome>RUDIMAR BARBOSA DOS REIS</nome>
        </criador>
      </criadorLista>
    </processo-programa>
  </despacho>
  <despacho>
    <codigo>730</codigo>
    <titulo>Expedição do Certificado de Registro</titulo>
    <processo-programa>
      <numero inid="Np">BR 51 2020 000346-0</numero>
      <titulo inid="54">ContratosGov</titulo>
      <dataCriacao inid="Dl">25/08/2014</dataCriacao>
      <campoAplicacaoLista>
        <campoAplicacao>
          <codigo inid="Cp">AD-01</codigo>
        </campoAplicacao>
        <campoAplicacao>
          <codigo inid="Cp">AD-02</codigo>
        </campoAplicacao>
        <campoAplicacao>
          <codigo inid="Cp">AD-08</codigo>
        </campoAplicacao>
        <campoAplicacao>
          <codigo inid="Cp">CC-04</codigo>
        </campoAplicacao>
        <campoAplicacao>
          <codigo inid="Cp">DI-01</codigo>
        </campoAplicacao>
        <campoAplicacao>
          <codigo inid="Cp">DI-02</codigo>
        </campoAplicacao>
        <campoAplicacao>
          <codigo inid="Cp">DI-03</codigo>
        </campoAplicacao>
        <campoAplicacao>
          <codigo inid="Cp">EC-01</codigo>
        </campoAplicacao>
        <campoAplicacao>
          <codigo inid="Cp">EC-14</codigo>
        </campoAplicacao>
        <campoAplicacao>
          <codigo inid="Cp">ED-04</codigo>
        </campoAplicacao>
        <campoAplicacao>
          <codigo inid="Cp">FN-01</codigo>
        </campoAplicacao>
        <campoAplicacao>
          <codigo inid="Cp">IF-02</codigo>
        </campoAplicacao>
        <campoAplicacao>
          <codigo inid="Cp">IF-04</codigo>
        </campoAplicacao>
        <campoAplicacao>
          <codigo inid="Cp">IF-07</codigo>
        </campoAplicacao>
        <campoAplicacao>
          <codigo inid="Cp">IF-10</codigo>
        </campoAplicacao>
      </campoAplicacaoLista>
      <linguagemLista>
        <linguagem inid="Lg">C#</linguagem>
      </linguagemLista>
      <tipoProgramaLista>
        <tipoPrograma>
          <codigo inid="Tp">GI-01</codigo>
        </tipoPrograma>
      </tipoProgramaLista>
      <titularLista>
        <titular sequencia="1" inid="73">
          <nome>INSTITUTO NEGOCIOS PUBLICOS DO BRASIL LTDA</nome>
        </titular>
      </titularLista>
      <criadorLista>
        <criador sequencia="1" inid="Cr">
          <nome>RUDIMAR BARBOSA DOS REIS</nome>
        </criador>
      </criadorLista>
    </processo-programa>
  </despacho>
  <despacho>
    <codigo>730</codigo>
    <titulo>Expedição do Certificado de Registro</titulo>
    <processo-programa>
      <numero inid="Np">BR 51 2020 000347-8</numero>
      <titulo inid="54">SOLLICITA</titulo>
      <dataCriacao inid="Dl">26/08/2014</dataCriacao>
      <campoAplicacaoLista>
        <campoAplicacao>
          <codigo inid="Cp">AD-01</codigo>
        </campoAplicacao>
        <campoAplicacao>
          <codigo inid="Cp">AD-02</codigo>
        </campoAplicacao>
        <campoAplicacao>
          <codigo inid="Cp">AD-08</codigo>
        </campoAplicacao>
        <campoAplicacao>
          <codigo inid="Cp">CC-04</codigo>
        </campoAplicacao>
        <campoAplicacao>
          <codigo inid="Cp">DI-01</codigo>
        </campoAplicacao>
        <campoAplicacao>
          <codigo inid="Cp">DI-02</codigo>
        </campoAplicacao>
        <campoAplicacao>
          <codigo inid="Cp">DI-03</codigo>
        </campoAplicacao>
        <campoAplicacao>
          <codigo inid="Cp">EC-01</codigo>
        </campoAplicacao>
        <campoAplicacao>
          <codigo inid="Cp">EC-07</codigo>
        </campoAplicacao>
        <campoAplicacao>
          <codigo inid="Cp">EC-14</codigo>
        </campoAplicacao>
        <campoAplicacao>
          <codigo inid="Cp">ED-04</codigo>
        </campoAplicacao>
        <campoAplicacao>
          <codigo inid="Cp">FN-01</codigo>
        </campoAplicacao>
        <campoAplicacao>
          <codigo inid="Cp">IF-01</codigo>
        </campoAplicacao>
        <campoAplicacao>
          <codigo inid="Cp">IF-02</codigo>
        </campoAplicacao>
        <campoAplicacao>
          <codigo inid="Cp">IF-07</codigo>
        </campoAplicacao>
        <campoAplicacao>
          <codigo inid="Cp">IF-10</codigo>
        </campoAplicacao>
      </campoAplicacaoLista>
      <linguagemLista>
        <linguagem inid="Lg">C#</linguagem>
      </linguagemLista>
      <tipoProgramaLista>
        <tipoPrograma>
          <codigo inid="Tp">GI-01</codigo>
        </tipoPrograma>
      </tipoProgramaLista>
      <titularLista>
        <titular sequencia="1" inid="73">
          <nome>EDITORA NEGÓCIOS PÚBLICOS DO BRASIL LTDA - ME</nome>
        </titular>
      </titularLista>
      <criadorLista>
        <criador sequencia="1" inid="Cr">
          <nome>RUDIMAR BARBOSA DOS REIS</nome>
        </criador>
      </criadorLista>
    </processo-programa>
  </despacho>
  <despacho>
    <codigo>730</codigo>
    <titulo>Expedição do Certificado de Registro</titulo>
    <processo-programa>
      <numero inid="Np">BR 51 2020 000348-6</numero>
      <titulo inid="54">Software para Reabilitação Postural - Force Field</titulo>
      <dataCriacao inid="Dl">26/02/2020</dataCriacao>
      <campoAplicacaoLista>
        <campoAplicacao>
          <codigo inid="Cp">SD-06</codigo>
        </campoAplicacao>
        <campoAplicacao>
          <codigo inid="Cp">SD-08</codigo>
        </campoAplicacao>
        <campoAplicacao>
          <codigo inid="Cp">SD-09</codigo>
        </campoAplicacao>
      </campoAplicacaoLista>
      <linguagemLista>
        <linguagem inid="Lg">C#</linguagem>
      </linguagemLista>
      <tipoProgramaLista>
        <tipoPrograma>
          <codigo inid="Tp">ET-02</codigo>
        </tipoPrograma>
        <tipoPrograma>
          <codigo inid="Tp">IT-03</codigo>
        </tipoPrograma>
      </tipoProgramaLista>
      <titularLista>
        <titular sequencia="1" inid="73">
          <nome>CONTRONIC SISTEMAS AUTOMÁTICOS LTDA</nome>
        </titular>
      </titularLista>
      <criadorLista>
        <criador sequencia="1" inid="Cr">
          <nome>MAURICIO CAMPELO TAVARES</nome>
        </criador>
        <criador sequencia="2" inid="Cr">
          <nome>VITOR WIENKE TAVARES</nome>
        </criador>
      </criadorLista>
    </processo-programa>
  </despacho>
  <despacho>
    <codigo>730</codigo>
    <titulo>Expedição do Certificado de Registro</titulo>
    <processo-programa>
      <numero inid="Np">BR 51 2020 000349-4</numero>
      <titulo inid="54">Real VM</titulo>
      <dataCriacao inid="Dl">02/04/2018</dataCriacao>
      <campoAplicacaoLista>
        <campoAplicacao>
          <codigo inid="Cp">ED-03</codigo>
        </campoAplicacao>
        <campoAplicacao>
          <codigo inid="Cp">ED-04</codigo>
        </campoAplicacao>
        <campoAplicacao>
          <codigo inid="Cp">IF-09</codigo>
        </campoAplicacao>
        <campoAplicacao>
          <codigo inid="Cp">IF-10</codigo>
        </campoAplicacao>
        <campoAplicacao>
          <codigo inid="Cp">SD-01</codigo>
        </campoAplicacao>
      </campoAplicacaoLista>
      <linguagemLista>
        <linguagem inid="Lg">C#</linguagem>
      </linguagemLista>
      <tipoProgramaLista>
        <tipoPrograma>
          <codigo inid="Tp">AP-01</codigo>
        </tipoPrograma>
        <tipoPrograma>
          <codigo inid="Tp">CD-01</codigo>
        </tipoPrograma>
        <tipoPrograma>
          <codigo inid="Tp">GI-01</codigo>
        </tipoPrograma>
        <tipoPrograma>
          <codigo inid="Tp">GI-04</codigo>
        </tipoPrograma>
        <tipoPrograma>
          <codigo inid="Tp">GI-06</codigo>
        </tipoPrograma>
        <tipoPrograma>
          <codigo inid="Tp">GI-07</codigo>
        </tipoPrograma>
        <tipoPrograma>
          <codigo inid="Tp">GI-08</codigo>
        </tipoPrograma>
        <tipoPrograma>
          <codigo inid="Tp">IA-01</codigo>
        </tipoPrograma>
        <tipoPrograma>
          <codigo inid="Tp">IA-03</codigo>
        </tipoPrograma>
        <tipoPrograma>
          <codigo inid="Tp">PD-02</codigo>
        </tipoPrograma>
        <tipoPrograma>
          <codigo inid="Tp">PD-03</codigo>
        </tipoPrograma>
        <tipoPrograma>
          <codigo inid="Tp">PD-04</codigo>
        </tipoPrograma>
        <tipoPrograma>
          <codigo inid="Tp">PD-05</codigo>
        </tipoPrograma>
        <tipoPrograma>
          <codigo inid="Tp">SM-02</codigo>
        </tipoPrograma>
        <tipoPrograma>
          <codigo inid="Tp">SO-02</codigo>
        </tipoPrograma>
        <tipoPrograma>
          <codigo inid="Tp">TC-03</codigo>
        </tipoPrograma>
        <tipoPrograma>
          <codigo inid="Tp">UT-06</codigo>
        </tipoPrograma>
      </tipoProgramaLista>
      <titularLista>
        <titular sequencia="1" inid="73">
          <nome>SENSUS CRIACAO E DESENVOLVIMENTO DE SOFTWARE LTDA</nome>
        </titular>
      </titularLista>
      <criadorLista>
        <criador sequencia="1" inid="Cr">
          <nome>LAILA JÉSSICA GONZAGA SIMÕES</nome>
        </criador>
        <criador sequencia="2" inid="Cr">
          <nome>SIBILA LILIAN OSIS</nome>
        </criador>
      </criadorLista>
    </processo-programa>
  </despacho>
  <despacho>
    <codigo>730</codigo>
    <titulo>Expedição do Certificado de Registro</titulo>
    <processo-programa>
      <numero inid="Np">BR 51 2020 000350-8</numero>
      <titulo inid="54">stt-oauth2-service 1.0.2</titulo>
      <dataCriacao inid="Dl">14/06/2019</dataCriacao>
      <campoAplicacaoLista>
        <campoAplicacao>
          <codigo inid="Cp">SD-01</codigo>
        </campoAplicacao>
      </campoAplicacaoLista>
      <linguagemLista>
        <linguagem inid="Lg">JAVA SCRIPT</linguagem>
      </linguagemLista>
      <tipoProgramaLista>
        <tipoPrograma>
          <codigo inid="Tp">PD-01</codigo>
        </tipoPrograma>
        <tipoPrograma>
          <codigo inid="Tp">PD-02</codigo>
        </tipoPrograma>
        <tipoPrograma>
          <codigo inid="Tp">PD-03</codigo>
        </tipoPrograma>
        <tipoPrograma>
          <codigo inid="Tp">PD-05</codigo>
        </tipoPrograma>
        <tipoPrograma>
          <codigo inid="Tp">SO-05</codigo>
        </tipoPrograma>
      </tipoProgramaLista>
      <titularLista>
        <titular sequencia="1" inid="73">
          <nome>UNIVERSIDADE FEDERAL DE SANTA CATARINA</nome>
        </titular>
      </titularLista>
      <criadorLista>
        <criador sequencia="1" inid="Cr">
          <nome>ALDO VON WANGENHEIM</nome>
        </criador>
        <criador sequencia="2" inid="Cr">
          <nome>ALEXANDRE SAVARIS</nome>
        </criador>
        <criador sequencia="3" inid="Cr">
          <nome>HARLEY MIGUEL WAGNER</nome>
        </criador>
        <criador sequencia="4" inid="Cr">
          <nome>WALTER HARLINZON MAYORGA OLABARRERA</nome>
        </criador>
      </criadorLista>
    </processo-programa>
  </despacho>
  <despacho>
    <codigo>730</codigo>
    <titulo>Expedição do Certificado de Registro</titulo>
    <processo-programa>
      <numero inid="Np">BR 51 2020 000351-6</numero>
      <titulo inid="54">PROMOLIVE</titulo>
      <dataCriacao inid="Dl">22/11/2019</dataCriacao>
      <campoAplicacaoLista>
        <campoAplicacao>
          <codigo inid="Cp">CO-04</codigo>
        </campoAplicacao>
      </campoAplicacaoLista>
      <linguagemLista>
        <linguagem inid="Lg">CSS</linguagem>
        <linguagem inid="Lg">HTML</linguagem>
        <linguagem inid="Lg">JAVA SCRIPT</linguagem>
      </linguagemLista>
      <tipoProgramaLista>
        <tipoPrograma>
          <codigo inid="Tp">AP-01</codigo>
        </tipoPrograma>
      </tipoProgramaLista>
      <titularLista>
        <titular sequencia="1" inid="73">
          <nome>ACCESS CONSULTORIA E INFORMATICA LTDA</nome>
        </titular>
        <titular sequencia="2" inid="73">
          <nome>MARILUCI VILLELA</nome>
        </titular>
      </titularLista>
      <criadorLista>
        <criador sequencia="1" inid="Cr">
          <nome>MARILUCI DO NASCIMENTO VILLELA</nome>
        </criador>
      </criadorLista>
    </processo-programa>
  </despacho>
  <despacho>
    <codigo>730</codigo>
    <titulo>Expedição do Certificado de Registro</titulo>
    <processo-programa>
      <numero inid="Np">BR 51 2020 000353-2</numero>
      <titulo inid="54">d-fire 3.0</titulo>
      <dataCriacao inid="Dl">28/10/2019</dataCriacao>
      <campoAplicacaoLista>
        <campoAplicacao>
          <codigo inid="Cp">CO-02</codigo>
        </campoAplicacao>
        <campoAplicacao>
          <codigo inid="Cp">EN-01</codigo>
        </campoAplicacao>
        <campoAplicacao>
          <codigo inid="Cp">EN-02</codigo>
        </campoAplicacao>
        <campoAplicacao>
          <codigo inid="Cp">EN-04</codigo>
        </campoAplicacao>
        <campoAplicacao>
          <codigo inid="Cp">HB-01</codigo>
        </campoAplicacao>
        <campoAplicacao>
          <codigo inid="Cp">IN-03</codigo>
        </campoAplicacao>
      </campoAplicacaoLista>
      <linguagemLista>
        <linguagem inid="Lg">C</linguagem>
        <linguagem inid="Lg">PYTHON</linguagem>
      </linguagemLista>
      <tipoProgramaLista>
        <tipoPrograma>
          <codigo inid="Tp">FA-01</codigo>
        </tipoPrograma>
        <tipoPrograma>
          <codigo inid="Tp">GI-02</codigo>
        </tipoPrograma>
        <tipoPrograma>
          <codigo inid="Tp">IA-01</codigo>
        </tipoPrograma>
        <tipoPrograma>
          <codigo inid="Tp">TC-01</codigo>
        </tipoPrograma>
      </tipoProgramaLista>
      <titularLista>
        <titular sequencia="1" inid="73">
          <nome>CEMIG DISTRIBUIÇÃO S.A.</nome>
        </titular>
        <titular sequencia="2" inid="73">
          <nome>GAIA SOLUÇÕES EM ENGENHARIA LTDA</nome>
        </titular>
        <titular sequencia="3" inid="73">
          <nome>UNIVERSIDADE FEDERAL DE MINAS GERAIS</nome>
        </titular>
      </titularLista>
      <criadorLista>
        <criador sequencia="1" inid="Cr">
          <nome>ADRIANO CHAVES LISBOA</nome>
        </criador>
        <criador sequencia="2" inid="Cr">
          <nome>LUCAS GONÇALVES BISPO</nome>
        </criador>
        <criador sequencia="3" inid="Cr">
          <nome>PEDRO VINÍCIUS ALMEIDA BORGES DE VENÂNCIO</nome>
        </criador>
      </criadorLista>
    </processo-programa>
  </despacho>
  <despacho>
    <codigo>730</codigo>
    <titulo>Expedição do Certificado de Registro</titulo>
    <processo-programa>
      <numero inid="Np">BR 51 2020 000354-0</numero>
      <titulo inid="54">MP Smart</titulo>
      <dataCriacao inid="Dl">24/09/2019</dataCriacao>
      <campoAplicacaoLista>
        <campoAplicacao>
          <codigo inid="Cp">EN-02</codigo>
        </campoAplicacao>
        <campoAplicacao>
          <codigo inid="Cp">HB-01</codigo>
        </campoAplicacao>
        <campoAplicacao>
          <codigo inid="Cp">SM-04</codigo>
        </campoAplicacao>
        <campoAplicacao>
          <codigo inid="Cp">TC-02</codigo>
        </campoAplicacao>
      </campoAplicacaoLista>
      <linguagemLista>
        <linguagem inid="Lg">JAVA SCRIPT</linguagem>
        <linguagem inid="Lg">PYTHON</linguagem>
      </linguagemLista>
      <tipoProgramaLista>
        <tipoPrograma>
          <codigo inid="Tp">AP-01</codigo>
        </tipoPrograma>
        <tipoPrograma>
          <codigo inid="Tp">AP-03</codigo>
        </tipoPrograma>
        <tipoPrograma>
          <codigo inid="Tp">CD-04</codigo>
        </tipoPrograma>
        <tipoPrograma>
          <codigo inid="Tp">GI-01</codigo>
        </tipoPrograma>
        <tipoPrograma>
          <codigo inid="Tp">GI-04</codigo>
        </tipoPrograma>
      </tipoProgramaLista>
      <titularLista>
        <titular sequencia="1" inid="73">
          <nome>GREEN TECH INNOVATION SERVICOS E SOLUCOES EM TECNOLOGIA EIRELI</nome>
        </titular>
      </titularLista>
      <criadorLista>
        <criador sequencia="1" inid="Cr">
          <nome>ADRIANO LEAL SPÍNOLA</nome>
        </criador>
      </criadorLista>
    </processo-programa>
  </despacho>
  <despacho>
    <codigo>730</codigo>
    <titulo>Expedição do Certificado de Registro</titulo>
    <processo-programa>
      <numero inid="Np">BR 51 2020 000355-9</numero>
      <titulo inid="54">istherefire 2.0</titulo>
      <dataCriacao inid="Dl">28/10/2019</dataCriacao>
      <campoAplicacaoLista>
        <campoAplicacao>
          <codigo inid="Cp">CO-02</codigo>
        </campoAplicacao>
        <campoAplicacao>
          <codigo inid="Cp">EN-01</codigo>
        </campoAplicacao>
        <campoAplicacao>
          <codigo inid="Cp">EN-02</codigo>
        </campoAplicacao>
        <campoAplicacao>
          <codigo inid="Cp">EN-04</codigo>
        </campoAplicacao>
        <campoAplicacao>
          <codigo inid="Cp">HB-01</codigo>
        </campoAplicacao>
        <campoAplicacao>
          <codigo inid="Cp">IN-03</codigo>
        </campoAplicacao>
      </campoAplicacaoLista>
      <linguagemLista>
        <linguagem inid="Lg">C</linguagem>
      </linguagemLista>
      <tipoProgramaLista>
        <tipoPrograma>
          <codigo inid="Tp">FA-01</codigo>
        </tipoPrograma>
        <tipoPrograma>
          <codigo inid="Tp">GI-02</codigo>
        </tipoPrograma>
        <tipoPrograma>
          <codigo inid="Tp">IA-01</codigo>
        </tipoPrograma>
        <tipoPrograma>
          <codigo inid="Tp">TC-01</codigo>
        </tipoPrograma>
      </tipoProgramaLista>
      <titularLista>
        <titular sequencia="1" inid="73">
          <nome>CEMIG DISTRIBUIÇÃO S.A.</nome>
        </titular>
        <titular sequencia="2" inid="73">
          <nome>GAIA SOLUÇÕES EM ENGENHARIA LTDA</nome>
        </titular>
        <titular sequencia="3" inid="73">
          <nome>UNIVERSIDADE FEDERAL DE MINAS GERAIS</nome>
        </titular>
      </titularLista>
      <criadorLista>
        <criador sequencia="1" inid="Cr">
          <nome>ADRIANO CHAVES LISBOA</nome>
        </criador>
        <criador sequencia="2" inid="Cr">
          <nome>ADRIANO VILELA BARBOSA</nome>
        </criador>
        <criador sequencia="3" inid="Cr">
          <nome>ARLINDO FOLLADOR NETO</nome>
        </criador>
        <criador sequencia="4" inid="Cr">
          <nome>CARLOS ALEXANDRE MEIRELES DO NASCIMENTO</nome>
        </criador>
        <criador sequencia="5" inid="Cr">
          <nome>HANI CAMILLE YEHIA</nome>
        </criador>
        <criador sequencia="6" inid="Cr">
          <nome>HERMES AGUIAR MAGALHÃES</nome>
        </criador>
        <criador sequencia="7" inid="Cr">
          <nome>LUCAS GONÇALVES BISPO</nome>
        </criador>
        <criador sequencia="8" inid="Cr">
          <nome>PEDRO VINÍCIUS ALMEIDA BORGES DE VENÂNCIO</nome>
        </criador>
      </criadorLista>
    </processo-programa>
  </despacho>
  <despacho>
    <codigo>730</codigo>
    <titulo>Expedição do Certificado de Registro</titulo>
    <processo-programa>
      <numero inid="Np">BR 51 2020 000356-7</numero>
      <titulo inid="54">ROBÔ FOREX 2018</titulo>
      <dataCriacao inid="Dl">12/12/2017</dataCriacao>
      <campoAplicacaoLista>
        <campoAplicacao>
          <codigo inid="Cp">EC-06</codigo>
        </campoAplicacao>
        <campoAplicacao>
          <codigo inid="Cp">EC-07</codigo>
        </campoAplicacao>
        <campoAplicacao>
          <codigo inid="Cp">FN-02</codigo>
        </campoAplicacao>
        <campoAplicacao>
          <codigo inid="Cp">FN-03</codigo>
        </campoAplicacao>
        <campoAplicacao>
          <codigo inid="Cp">FN-04</codigo>
        </campoAplicacao>
        <campoAplicacao>
          <codigo inid="Cp">FN-05</codigo>
        </campoAplicacao>
      </campoAplicacaoLista>
      <linguagemLista>
        <linguagem inid="Lg">OUTROS</linguagem>
      </linguagemLista>
      <tipoProgramaLista>
        <tipoPrograma>
          <codigo inid="Tp">AP-01</codigo>
        </tipoPrograma>
        <tipoPrograma>
          <codigo inid="Tp">AP-03</codigo>
        </tipoPrograma>
        <tipoPrograma>
          <codigo inid="Tp">AT-01</codigo>
        </tipoPrograma>
        <tipoPrograma>
          <codigo inid="Tp">AT-06</codigo>
        </tipoPrograma>
        <tipoPrograma>
          <codigo inid="Tp">FA-01</codigo>
        </tipoPrograma>
      </tipoProgramaLista>
      <titularLista>
        <titular sequencia="1" inid="73">
          <nome>JONATHAN ROSA VIEIRA BISPO</nome>
        </titular>
      </titularLista>
      <criadorLista>
        <criador sequencia="1" inid="Cr">
          <nome>JONATHAN ROSA VIEIRA BISPO</nome>
        </criador>
      </criadorLista>
    </processo-programa>
  </despacho>
  <despacho>
    <codigo>730</codigo>
    <titulo>Expedição do Certificado de Registro</titulo>
    <processo-programa>
      <numero inid="Np">BR 51 2020 000357-5</numero>
      <titulo inid="54">ROBÔ FOREX 2019</titulo>
      <dataCriacao inid="Dl">02/12/2018</dataCriacao>
      <campoAplicacaoLista>
        <campoAplicacao>
          <codigo inid="Cp">EC-01</codigo>
        </campoAplicacao>
        <campoAplicacao>
          <codigo inid="Cp">EC-02</codigo>
        </campoAplicacao>
        <campoAplicacao>
          <codigo inid="Cp">EC-06</codigo>
        </campoAplicacao>
        <campoAplicacao>
          <codigo inid="Cp">FN-02</codigo>
        </campoAplicacao>
        <campoAplicacao>
          <codigo inid="Cp">FN-03</codigo>
        </campoAplicacao>
        <campoAplicacao>
          <codigo inid="Cp">FN-05</codigo>
        </campoAplicacao>
      </campoAplicacaoLista>
      <linguagemLista>
        <linguagem inid="Lg">OUTROS</linguagem>
      </linguagemLista>
      <tipoProgramaLista>
        <tipoPrograma>
          <codigo inid="Tp">AP-01</codigo>
        </tipoPrograma>
        <tipoPrograma>
          <codigo inid="Tp">AP-03</codigo>
        </tipoPrograma>
        <tipoPrograma>
          <codigo inid="Tp">AT-01</codigo>
        </tipoPrograma>
        <tipoPrograma>
          <codigo inid="Tp">AT-06</codigo>
        </tipoPrograma>
        <tipoPrograma>
          <codigo inid="Tp">FA-01</codigo>
        </tipoPrograma>
        <tipoPrograma>
          <codigo inid="Tp">SO-07</codigo>
        </tipoPrograma>
        <tipoPrograma>
          <codigo inid="Tp">TC-03</codigo>
        </tipoPrograma>
      </tipoProgramaLista>
      <titularLista>
        <titular sequencia="1" inid="73">
          <nome>JONATHAN ROSA VIEIRA BISPO</nome>
        </titular>
      </titularLista>
      <criadorLista>
        <criador sequencia="1" inid="Cr">
          <nome>JONATHAN ROSA VIEIRA BISPO</nome>
        </criador>
      </criadorLista>
    </processo-programa>
  </despacho>
  <despacho>
    <codigo>730</codigo>
    <titulo>Expedição do Certificado de Registro</titulo>
    <processo-programa>
      <numero inid="Np">BR 51 2020 000358-3</numero>
      <titulo inid="54">ROBÔ FOREX 2020</titulo>
      <dataCriacao inid="Dl">12/07/2019</dataCriacao>
      <campoAplicacaoLista>
        <campoAplicacao>
          <codigo inid="Cp">EC-06</codigo>
        </campoAplicacao>
        <campoAplicacao>
          <codigo inid="Cp">EC-07</codigo>
        </campoAplicacao>
        <campoAplicacao>
          <codigo inid="Cp">FN-02</codigo>
        </campoAplicacao>
        <campoAplicacao>
          <codigo inid="Cp">FN-03</codigo>
        </campoAplicacao>
        <campoAplicacao>
          <codigo inid="Cp">FN-04</codigo>
        </campoAplicacao>
        <campoAplicacao>
          <codigo inid="Cp">FN-05</codigo>
        </campoAplicacao>
      </campoAplicacaoLista>
      <linguagemLista>
        <linguagem inid="Lg">OUTROS</linguagem>
      </linguagemLista>
      <tipoProgramaLista>
        <tipoPrograma>
          <codigo inid="Tp">AP-01</codigo>
        </tipoPrograma>
        <tipoPrograma>
          <codigo inid="Tp">AP-03</codigo>
        </tipoPrograma>
        <tipoPrograma>
          <codigo inid="Tp">AT-01</codigo>
        </tipoPrograma>
        <tipoPrograma>
          <codigo inid="Tp">FA-01</codigo>
        </tipoPrograma>
        <tipoPrograma>
          <codigo inid="Tp">GI-01</codigo>
        </tipoPrograma>
        <tipoPrograma>
          <codigo inid="Tp">IA-01</codigo>
        </tipoPrograma>
        <tipoPrograma>
          <codigo inid="Tp">IA-02</codigo>
        </tipoPrograma>
      </tipoProgramaLista>
      <titularLista>
        <titular sequencia="1" inid="73">
          <nome>JONATHAN ROSA VIEIRA BISPO</nome>
        </titular>
      </titularLista>
      <criadorLista>
        <criador sequencia="1" inid="Cr">
          <nome>JONATHAN ROSA VIEIRA</nome>
        </criador>
      </criadorLista>
    </processo-programa>
  </despacho>
  <despacho>
    <codigo>730</codigo>
    <titulo>Expedição do Certificado de Registro</titulo>
    <processo-programa>
      <numero inid="Np">BR 51 2020 000359-1</numero>
      <titulo inid="54">ROBÔ B3</titulo>
      <dataCriacao inid="Dl">01/01/2020</dataCriacao>
      <campoAplicacaoLista>
        <campoAplicacao>
          <codigo inid="Cp">EC-07</codigo>
        </campoAplicacao>
        <campoAplicacao>
          <codigo inid="Cp">FN-02</codigo>
        </campoAplicacao>
        <campoAplicacao>
          <codigo inid="Cp">FN-03</codigo>
        </campoAplicacao>
        <campoAplicacao>
          <codigo inid="Cp">FN-04</codigo>
        </campoAplicacao>
      </campoAplicacaoLista>
      <linguagemLista>
        <linguagem inid="Lg">OUTROS</linguagem>
      </linguagemLista>
      <tipoProgramaLista>
        <tipoPrograma>
          <codigo inid="Tp">AP-01</codigo>
        </tipoPrograma>
        <tipoPrograma>
          <codigo inid="Tp">AP-03</codigo>
        </tipoPrograma>
        <tipoPrograma>
          <codigo inid="Tp">AT-01</codigo>
        </tipoPrograma>
        <tipoPrograma>
          <codigo inid="Tp">AT-06</codigo>
        </tipoPrograma>
        <tipoPrograma>
          <codigo inid="Tp">IA-01</codigo>
        </tipoPrograma>
        <tipoPrograma>
          <codigo inid="Tp">IA-02</codigo>
        </tipoPrograma>
        <tipoPrograma>
          <codigo inid="Tp">SO-09</codigo>
        </tipoPrograma>
        <tipoPrograma>
          <codigo inid="Tp">TC-03</codigo>
        </tipoPrograma>
      </tipoProgramaLista>
      <titularLista>
        <titular sequencia="1" inid="73">
          <nome>JONATHAN ROSA VIEIRA BISPO</nome>
        </titular>
      </titularLista>
      <criadorLista>
        <criador sequencia="1" inid="Cr">
          <nome>JONATHAN ROSA VIEIRA BISPO</nome>
        </criador>
      </criadorLista>
    </processo-programa>
  </despacho>
  <despacho>
    <codigo>730</codigo>
    <titulo>Expedição do Certificado de Registro</titulo>
    <processo-programa>
      <numero inid="Np">BR 51 2020 000362-1</numero>
      <titulo inid="54">WisePay</titulo>
      <dataCriacao inid="Dl">24/06/2017</dataCriacao>
      <campoAplicacaoLista>
        <campoAplicacao>
          <codigo inid="Cp">FN-03</codigo>
        </campoAplicacao>
      </campoAplicacaoLista>
      <linguagemLista>
        <linguagem inid="Lg">CSS</linguagem>
        <linguagem inid="Lg">HTML</linguagem>
        <linguagem inid="Lg">JAVA SCRIPT</linguagem>
        <linguagem inid="Lg">RUBY</linguagem>
      </linguagemLista>
      <tipoProgramaLista>
        <tipoPrograma>
          <codigo inid="Tp">AP-01</codigo>
        </tipoPrograma>
        <tipoPrograma>
          <codigo inid="Tp">AP-02</codigo>
        </tipoPrograma>
        <tipoPrograma>
          <codigo inid="Tp">AP-03</codigo>
        </tipoPrograma>
        <tipoPrograma>
          <codigo inid="Tp">IA-02</codigo>
        </tipoPrograma>
        <tipoPrograma>
          <codigo inid="Tp">TI-03</codigo>
        </tipoPrograma>
      </tipoProgramaLista>
      <titularLista>
        <titular sequencia="1" inid="73">
          <nome>RFD SOLUÇÕES E SERVIÇOS LTDA</nome>
        </titular>
      </titularLista>
      <criadorLista>
        <criador sequencia="1" inid="Cr">
          <nome>PEDRO HENRIQUE PONTES DA SILVA</nome>
        </criador>
      </criadorLista>
    </processo-programa>
  </despacho>
  <despacho>
    <codigo>732</codigo>
    <titulo>Alteração de Razão Social</titulo>
    <processo-programa>
      <numero inid="Np">BR 51 2019 002093-6</numero>
      <titulo inid="54">SSI GESTÃO INTEGRADA</titulo>
      <titularLista>
        <titular sequencia="1" inid="73">
          <nome>ELISANITA APARECIDA DE MORAES</nome>
        </titular>
        <titular sequencia="2" inid="73">
          <nome>SIMONE PAES</nome>
        </titular>
        <titular sequencia="3" inid="73">
          <nome>SSI GESTÃO INTEGRADA LTDA ME</nome>
        </titular>
      </titularLista>
    </processo-programa>
  </despacho>
  <despacho>
    <codigo>733</codigo>
    <titulo>Alteração de endereço</titulo>
    <processo-programa>
      <numero inid="Np">BR 51 2020 000175-0</numero>
      <titulo inid="54">SOLUÇÃO SAJ</titulo>
      <titularLista>
        <titular sequencia="1" inid="73">
          <nome>SOFTPLAN PLANEJAMENTO E SISTEMAS LTDA.</nome>
        </titular>
      </titularLista>
    </processo-programa>
  </despacho>
  <despacho>
    <codigo>742</codigo>
    <titulo>Petição não conhecida</titulo>
    <processo-programa>
      <numero inid="Np">BR 51 2020 000016-9</numero>
      <titulo inid="54">Acesso Único</titulo>
      <titularLista>
        <titular sequencia="1" inid="73">
          <nome>TECSIS TECNOLOGIA E SISTEMAS</nome>
        </titular>
      </titularLista>
    </processo-programa>
    <comentario inid="co">Pagamento da GRU fora do prazo ou não realizado referente ao protocolo 870200002922</comentario>
  </despacho>
  <despacho>
    <codigo>742</codigo>
    <titulo>Petição não conhecida</titulo>
    <processo-programa>
      <numero inid="Np">BR 51 2020 000029-0</numero>
      <titulo inid="54">SigaFran - Sistema de Gerenciamento e Automação para Fábricas de Ração e Nutrição Animal</titulo>
      <titularLista>
        <titular sequencia="1" inid="73">
          <nome>SÓ AUTOMAÇÃO - COMÉRCIO E MONTAGEM DE EQUIPAMENTOS ELÉTRICOS LTDA</nome>
        </titular>
      </titularLista>
    </processo-programa>
    <comentario inid="co">Pagamento da GRU fora do prazo ou não realizado referente ao protocolo 870200003696</comentario>
  </despacho>
  <despacho>
    <codigo>742</codigo>
    <titulo>Petição não conhecida</titulo>
    <processo-programa>
      <numero inid="Np">BR 51 2020 000032-0</numero>
      <titulo inid="54">E-regula- Gestão de Acompanhamento do tratamento de Doenças Crônicas Não Transmissíveis (DCNT)</titulo>
      <titularLista>
        <titular sequencia="1" inid="73">
          <nome>INSTITUTO FEDERAL DE EDUCAÇÃO CIÊNCIA E TECNOLOGIA DO MARANHÃO</nome>
        </titular>
      </titularLista>
    </processo-programa>
    <comentario inid="co">Pagamento da GRU fora do prazo ou não realizado referente ao protocolo 870200003824</comentario>
  </despacho>
  <despacho>
    <codigo>742</codigo>
    <titulo>Petição não conhecida</titulo>
    <processo-programa>
      <numero inid="Np">BR 51 2020 000035-5</numero>
      <titulo inid="54">ROBÔ FOREX</titulo>
      <titularLista>
        <titular sequencia="1" inid="73">
          <nome>JONATHAN ROSA VIEIRA BISPO</nome>
        </titular>
      </titularLista>
    </processo-programa>
    <comentario inid="co">Pagamento da GRU fora do prazo ou não realizado referente ao protocolo 870200004016</comentario>
  </despacho>
  <despacho>
    <codigo>742</codigo>
    <titulo>Petição não conhecida</titulo>
    <processo-programa>
      <numero inid="Np">BR 51 2020 000203-0</numero>
      <titulo inid="54">Software Sistema de Informação para a Coleção Etnográfica (SINCE)</titulo>
      <titularLista>
        <titular sequencia="1" inid="73">
          <nome>MCTI/MUSEU PARAENSE EMÍLIO GOELDI</nome>
        </titular>
      </titularLista>
    </processo-programa>
    <comentario inid="co">Pagamento da GRU fora do prazo ou não realizado referente ao protocolo 870200014199</comentario>
  </despacho>
  <despacho>
    <codigo>742</codigo>
    <titulo>Petição não conhecida</titulo>
    <processo-programa>
      <numero inid="Np">BR 51 2020 000233-1</numero>
      <titulo inid="54">PLANTAI</titulo>
      <titularLista>
        <titular sequencia="1" inid="73">
          <nome>VALTER ALVES DE MELLO</nome>
        </titular>
      </titularLista>
    </processo-programa>
    <comentario inid="co">Pagamento da GRU fora do prazo ou não realizado referente ao protocolo 870200017121</comentario>
  </despacho>
  <despacho>
    <codigo>742</codigo>
    <titulo>Petição não conhecida</titulo>
    <processo-programa>
      <numero inid="Np">BR 51 2020 000282-0</numero>
      <titulo inid="54">Rodadas - Seleção de Projetos</titulo>
      <titularLista>
        <titular sequencia="1" inid="73">
          <nome>INSTITUTO FEDERAL DE EDUCAÇÃO, CIÊNCIA E TECNOLOGIA DA BAHIA - IFBA</nome>
        </titular>
      </titularLista>
    </processo-programa>
    <comentario inid="co">Pagamento da GRU fora do prazo ou não realizado referente ao protocolo 870200020882</comentario>
  </despacho>
  <despacho>
    <codigo>742</codigo>
    <titulo>Petição não conhecida</titulo>
    <processo-programa>
      <numero inid="Np">BR 51 2020 000283-8</numero>
      <titulo inid="54">ATMO Ledger API - Interface de Integração Blockchain</titulo>
      <titularLista>
        <titular sequencia="1" inid="73">
          <nome>INSTITUTO FEDERAL DE EDUCAÇÃO, CIÊNCIA E TECNOLOGIA DA BAHIA - IFBA</nome>
        </titular>
      </titularLista>
    </processo-programa>
    <comentario inid="co">Pagamento da GRU fora do prazo ou não realizado referente ao protocolo 870200020887</comentario>
  </despacho>
  <despacho>
    <codigo>742</codigo>
    <titulo>Petição não conhecida</titulo>
    <processo-programa>
      <numero inid="Np">BR 51 2020 000310-9</numero>
      <titulo inid="54">MiAu</titulo>
      <titularLista>
        <titular sequencia="1" inid="73">
          <nome>UNIVERSIDADE DO ESTADO DO RIO GRANDE DO NORTE - UERN</nome>
        </titular>
      </titularLista>
    </processo-programa>
    <comentario inid="co">Pagamento da GRU fora do prazo ou não realizado referente ao protocolo 870200023433</comentario>
  </despacho>
  <despacho>
    <codigo>747</codigo>
    <titulo>Correção de dados no Certificado de Registro devido à falha do interessado</titulo>
    <processo-programa>
      <numero inid="Np">BR 51 2020 000001-0</numero>
      <titulo inid="54">HANDS 2 HELP</titulo>
      <titularLista>
        <titular sequencia="1" inid="73">
          <nome>FUNDAÇÃO EDUCACIONAL SEVERINO SOMBRA</nome>
        </titular>
        <titular sequencia="2" inid="73">
          <nome>RUY DA COSTA NOGUEIRA ALVES JUNIOR</nome>
        </titular>
      </titularLista>
    </processo-programa>
    <comentario inid="co">Anotada a inclusão de novos autores conforme solicitação via fale conosco 797501.</comentario>
  </despacho>
</revista>