<revista numero="2487" dataPublicacao="04/09/2018" diretoria="Programa">
  <despacho>
    <codigo>747</codigo>
    <titulo>Correção de dados no Certificado de Registro devido à falha do interessado</titulo>
    <processo-programa>
      <numero inid="Np">BR 51 2017 001152-4</numero>
      <titulo inid="54">FACS - SISTEMA DE CONTROLE DE ACESSO FEDERADO</titulo>
      <titularLista>
        <titular sequencia="1" inid="73">
          <nome>REDE NACIONAL DE ENSINO E PESQUISA - RNP</nome>
        </titular>
      </titularLista>
    </processo-programa>
    <comentario inid="co">Adicionado autor, conforme solicitado.</comentario>
  </despacho>
</revista>