<revista numero="2584" dataPublicacao="14/07/2020" diretoria="Programa">
  <despacho>
    <codigo>730</codigo>
    <titulo>Expedição do Certificado de Registro</titulo>
    <processo-programa>
      <numero inid="Np">01242-1 antigo: 95002332</numero>
      <titulo inid="54">RESFEX</titulo>
      <dataCriacao inid="Dl">22/08/1995</dataCriacao>
      <campoAplicacaoLista>
        <campoAplicacao>
          <codigo inid="Cp">FQ-07</codigo>
        </campoAplicacao>
      </campoAplicacaoLista>
      <linguagemLista>
        <linguagem inid="Lg">BASIC</linguagem>
      </linguagemLista>
      <tipoProgramaLista>
        <tipoPrograma>
          <codigo inid="Tp">SM-01</codigo>
        </tipoPrograma>
      </tipoProgramaLista>
      <titularLista>
        <titular sequencia="1" inid="73">
          <nome>RHODIA-STER FIPACK S/A</nome>
        </titular>
      </titularLista>
      <criadorLista>
        <criador sequencia="1" inid="Cr">
          <nome>RONALD KRAUSS</nome>
        </criador>
        <criador sequencia="2" inid="Cr">
          <nome>THOMAS GONZAGA CANOVA</nome>
        </criador>
      </criadorLista>
    </processo-programa>
  </despacho>
  <despacho>
    <codigo>730</codigo>
    <titulo>Expedição do Certificado de Registro</titulo>
    <processo-programa>
      <numero inid="Np">BR 51 2020 001258-2</numero>
      <titulo inid="54">ModernaNet</titulo>
      <dataCriacao inid="Dl">31/12/2012</dataCriacao>
      <campoAplicacaoLista>
        <campoAplicacao>
          <codigo inid="Cp">AD-05</codigo>
        </campoAplicacao>
        <campoAplicacao>
          <codigo inid="Cp">AD-08</codigo>
        </campoAplicacao>
        <campoAplicacao>
          <codigo inid="Cp">AD-09</codigo>
        </campoAplicacao>
        <campoAplicacao>
          <codigo inid="Cp">AD-10</codigo>
        </campoAplicacao>
        <campoAplicacao>
          <codigo inid="Cp">AD-11</codigo>
        </campoAplicacao>
        <campoAplicacao>
          <codigo inid="Cp">EC-14</codigo>
        </campoAplicacao>
        <campoAplicacao>
          <codigo inid="Cp">FN-05</codigo>
        </campoAplicacao>
        <campoAplicacao>
          <codigo inid="Cp">FN-06</codigo>
        </campoAplicacao>
        <campoAplicacao>
          <codigo inid="Cp">PR-03</codigo>
        </campoAplicacao>
        <campoAplicacao>
          <codigo inid="Cp">SD-01</codigo>
        </campoAplicacao>
        <campoAplicacao>
          <codigo inid="Cp">SD-02</codigo>
        </campoAplicacao>
        <campoAplicacao>
          <codigo inid="Cp">SD-05</codigo>
        </campoAplicacao>
        <campoAplicacao>
          <codigo inid="Cp">SD-06</codigo>
        </campoAplicacao>
        <campoAplicacao>
          <codigo inid="Cp">SD-07</codigo>
        </campoAplicacao>
        <campoAplicacao>
          <codigo inid="Cp">SD-08</codigo>
        </campoAplicacao>
        <campoAplicacao>
          <codigo inid="Cp">SD-09</codigo>
        </campoAplicacao>
        <campoAplicacao>
          <codigo inid="Cp">SD-10</codigo>
        </campoAplicacao>
        <campoAplicacao>
          <codigo inid="Cp">SD-11</codigo>
        </campoAplicacao>
      </campoAplicacaoLista>
      <linguagemLista>
        <linguagem inid="Lg">.NET</linguagem>
        <linguagem inid="Lg">C#</linguagem>
        <linguagem inid="Lg">CSS</linguagem>
        <linguagem inid="Lg">HTML</linguagem>
        <linguagem inid="Lg">JAVA SCRIPT</linguagem>
        <linguagem inid="Lg">JQUERY</linguagem>
        <linguagem inid="Lg">OUTROS</linguagem>
        <linguagem inid="Lg">SQL</linguagem>
        <linguagem inid="Lg">XML</linguagem>
      </linguagemLista>
      <tipoProgramaLista>
        <tipoPrograma>
          <codigo inid="Tp">AP-01</codigo>
        </tipoPrograma>
        <tipoPrograma>
          <codigo inid="Tp">AP-02</codigo>
        </tipoPrograma>
        <tipoPrograma>
          <codigo inid="Tp">AP-03</codigo>
        </tipoPrograma>
        <tipoPrograma>
          <codigo inid="Tp">AP-04</codigo>
        </tipoPrograma>
        <tipoPrograma>
          <codigo inid="Tp">AP-05</codigo>
        </tipoPrograma>
        <tipoPrograma>
          <codigo inid="Tp">AT-01</codigo>
        </tipoPrograma>
        <tipoPrograma>
          <codigo inid="Tp">AT-02</codigo>
        </tipoPrograma>
        <tipoPrograma>
          <codigo inid="Tp">AT-03</codigo>
        </tipoPrograma>
        <tipoPrograma>
          <codigo inid="Tp">AT-06</codigo>
        </tipoPrograma>
        <tipoPrograma>
          <codigo inid="Tp">IA-02</codigo>
        </tipoPrograma>
        <tipoPrograma>
          <codigo inid="Tp">TC-01</codigo>
        </tipoPrograma>
      </tipoProgramaLista>
      <titularLista>
        <titular sequencia="1" inid="73">
          <nome>MODERNA SISTEMAS LTDA - EPP</nome>
        </titular>
        <titular sequencia="2" inid="73">
          <nome>MODERNA TECNOLOGIA DA INFORMAÇÃO LTDA</nome>
        </titular>
      </titularLista>
      <criadorLista>
        <criador sequencia="1" inid="Cr">
          <nome>CLEBER DE OLIVEIRA BALDIN</nome>
        </criador>
        <criador sequencia="2" inid="Cr">
          <nome>GUSTAVO HENRIQUE DOS REIS OLIVEIRA</nome>
        </criador>
        <criador sequencia="3" inid="Cr">
          <nome>TONY SARTORELLI MAROTTA</nome>
        </criador>
        <criador sequencia="4" inid="Cr">
          <nome>VINICIUS AKIRA MAROTTA</nome>
        </criador>
      </criadorLista>
    </processo-programa>
  </despacho>
  <despacho>
    <codigo>730</codigo>
    <titulo>Expedição do Certificado de Registro</titulo>
    <processo-programa>
      <numero inid="Np">BR 51 2020 001260-4</numero>
      <titulo inid="54">Renforce</titulo>
      <dataCriacao inid="Dl">10/03/2015</dataCriacao>
      <campoAplicacaoLista>
        <campoAplicacao>
          <codigo inid="Cp">CO-04</codigo>
        </campoAplicacao>
        <campoAplicacao>
          <codigo inid="Cp">ED-04</codigo>
        </campoAplicacao>
        <campoAplicacao>
          <codigo inid="Cp">ED-06</codigo>
        </campoAplicacao>
      </campoAplicacaoLista>
      <linguagemLista>
        <linguagem inid="Lg">ACTIVE SERVER PAGES</linguagem>
        <linguagem inid="Lg">AJAX</linguagem>
        <linguagem inid="Lg">JAVA SCRIPT</linguagem>
        <linguagem inid="Lg">JQUERY</linguagem>
        <linguagem inid="Lg">SQL</linguagem>
      </linguagemLista>
      <tipoProgramaLista>
        <tipoPrograma>
          <codigo inid="Tp">AP-01</codigo>
        </tipoPrograma>
        <tipoPrograma>
          <codigo inid="Tp">AV-01</codigo>
        </tipoPrograma>
        <tipoPrograma>
          <codigo inid="Tp">FA-01</codigo>
        </tipoPrograma>
        <tipoPrograma>
          <codigo inid="Tp">FA-03</codigo>
        </tipoPrograma>
        <tipoPrograma>
          <codigo inid="Tp">FA-04</codigo>
        </tipoPrograma>
        <tipoPrograma>
          <codigo inid="Tp">SO-04</codigo>
        </tipoPrograma>
        <tipoPrograma>
          <codigo inid="Tp">UT-01</codigo>
        </tipoPrograma>
      </tipoProgramaLista>
      <titularLista>
        <titular sequencia="1" inid="73">
          <nome>JHS SIMOES SOLUCOES DIGITAIS ME</nome>
        </titular>
      </titularLista>
      <criadorLista>
        <criador sequencia="1" inid="Cr">
          <nome>JOÃO HENRIQUE SCARPARO SIMÕES</nome>
        </criador>
      </criadorLista>
    </processo-programa>
  </despacho>
  <despacho>
    <codigo>730</codigo>
    <titulo>Expedição do Certificado de Registro</titulo>
    <processo-programa>
      <numero inid="Np">BR 51 2020 001269-8</numero>
      <titulo inid="54">Solução de Business Intelligence para Escolha de Tecnologias Educacionais - análise de dados</titulo>
      <dataCriacao inid="Dl">05/01/2020</dataCriacao>
      <campoAplicacaoLista>
        <campoAplicacao>
          <codigo inid="Cp">IF-01</codigo>
        </campoAplicacao>
        <campoAplicacao>
          <codigo inid="Cp">IF-04</codigo>
        </campoAplicacao>
      </campoAplicacaoLista>
      <linguagemLista>
        <linguagem inid="Lg">R</linguagem>
      </linguagemLista>
      <tipoProgramaLista>
        <tipoPrograma>
          <codigo inid="Tp">GI-01</codigo>
        </tipoPrograma>
      </tipoProgramaLista>
      <titularLista>
        <titular sequencia="1" inid="73">
          <nome>ALAN PEDRO DA SILVA</nome>
        </titular>
        <titular sequencia="2" inid="73">
          <nome>DIEGO DERMEVAL MEDEIROS DA CUNHA MATOS</nome>
        </titular>
        <titular sequencia="3" inid="73">
          <nome>FRANCISCO BRUNO DE SOUZA MENESES</nome>
        </titular>
      </titularLista>
      <criadorLista>
        <criador sequencia="1" inid="Cr">
          <nome>ALAN PEDRO DA SILVA</nome>
        </criador>
        <criador sequencia="2" inid="Cr">
          <nome>DIEGO DERMEVAL MEDEIROS DA CUNHA MATOS</nome>
        </criador>
        <criador sequencia="3" inid="Cr">
          <nome>FRANCISCO BRUNO DE SOUZA MENESES</nome>
        </criador>
      </criadorLista>
    </processo-programa>
  </despacho>
  <despacho>
    <codigo>730</codigo>
    <titulo>Expedição do Certificado de Registro</titulo>
    <processo-programa>
      <numero inid="Np">BR 51 2020 001271-0</numero>
      <titulo inid="54">MalariaAPP</titulo>
      <dataCriacao inid="Dl">01/06/2015</dataCriacao>
      <campoAplicacaoLista>
        <campoAplicacao>
          <codigo inid="Cp">SD-01</codigo>
        </campoAplicacao>
        <campoAplicacao>
          <codigo inid="Cp">SD-02</codigo>
        </campoAplicacao>
      </campoAplicacaoLista>
      <linguagemLista>
        <linguagem inid="Lg">JAVA</linguagem>
      </linguagemLista>
      <tipoProgramaLista>
        <tipoPrograma>
          <codigo inid="Tp">AP-01</codigo>
        </tipoPrograma>
      </tipoProgramaLista>
      <titularLista>
        <titular sequencia="1" inid="73">
          <nome>FUNDAÇÃO OSWALDO CRUZ</nome>
        </titular>
      </titularLista>
      <criadorLista>
        <criador sequencia="1" inid="Cr">
          <nome>JULIANE CORREA GLÓRIA</nome>
        </criador>
        <criador sequencia="2" inid="Cr">
          <nome>LUIS ANDRÉ MORAIS MARIÚBA</nome>
        </criador>
        <criador sequencia="3" inid="Cr">
          <nome>VALTEMAR FERNANDES CARDOSO</nome>
        </criador>
      </criadorLista>
    </processo-programa>
  </despacho>
  <despacho>
    <codigo>730</codigo>
    <titulo>Expedição do Certificado de Registro</titulo>
    <processo-programa>
      <numero inid="Np">BR 51 2020 001272-8</numero>
      <titulo inid="54">Dashboards para apoio na tomada de decisão de professores em ambientes educacionais gamificados - backend da versão experimental</titulo>
      <dataCriacao inid="Dl">20/06/2020</dataCriacao>
      <campoAplicacaoLista>
        <campoAplicacao>
          <codigo inid="Cp">IF-01</codigo>
        </campoAplicacao>
        <campoAplicacao>
          <codigo inid="Cp">IF-04</codigo>
        </campoAplicacao>
      </campoAplicacaoLista>
      <linguagemLista>
        <linguagem inid="Lg">JAVA SCRIPT</linguagem>
      </linguagemLista>
      <tipoProgramaLista>
        <tipoPrograma>
          <codigo inid="Tp">FA-01</codigo>
        </tipoPrograma>
      </tipoProgramaLista>
      <titularLista>
        <titular sequencia="1" inid="73">
          <nome>ALEXANDRE JOSÉ BARROS MACHADO</nome>
        </titular>
        <titular sequencia="2" inid="73">
          <nome>DIEGO DERMEVAL MEDEIROS DA CUNHA MATOS</nome>
        </titular>
        <titular sequencia="3" inid="73">
          <nome>KAMILLA KEMILLY TENÓRIO ALVES DOS SANTOS</nome>
        </titular>
      </titularLista>
      <criadorLista>
        <criador sequencia="1" inid="Cr">
          <nome>ALEXANDRE JOSÉ BARROS MACHADO</nome>
        </criador>
        <criador sequencia="2" inid="Cr">
          <nome>BRUNO LEMOS DE LIMA</nome>
        </criador>
        <criador sequencia="3" inid="Cr">
          <nome>DIEGO DERMEVAL MEDEIROS DA CUNHA MATOS</nome>
        </criador>
        <criador sequencia="4" inid="Cr">
          <nome>KAMILLA KEMILLY TENÓRIO ALVES DOS SANTOS</nome>
        </criador>
        <criador sequencia="5" inid="Cr">
          <nome>PEDRO HENRIQUE DE BRITO NASCIMENTO</nome>
        </criador>
        <criador sequencia="6" inid="Cr">
          <nome>RODRIGO SANTOS DA SILVA</nome>
        </criador>
      </criadorLista>
    </processo-programa>
  </despacho>
  <despacho>
    <codigo>730</codigo>
    <titulo>Expedição do Certificado de Registro</titulo>
    <processo-programa>
      <numero inid="Np">BR 51 2020 001275-2</numero>
      <titulo inid="54">Dashboards para apoio na tomada de decisão de professores em ambientes educacionais gamificados - frontend da versão experimental</titulo>
      <dataCriacao inid="Dl">20/06/2020</dataCriacao>
      <campoAplicacaoLista>
        <campoAplicacao>
          <codigo inid="Cp">IF-01</codigo>
        </campoAplicacao>
        <campoAplicacao>
          <codigo inid="Cp">IF-04</codigo>
        </campoAplicacao>
      </campoAplicacaoLista>
      <linguagemLista>
        <linguagem inid="Lg">CSS</linguagem>
        <linguagem inid="Lg">HTML</linguagem>
        <linguagem inid="Lg">JAVA SCRIPT</linguagem>
      </linguagemLista>
      <tipoProgramaLista>
        <tipoPrograma>
          <codigo inid="Tp">AP-01</codigo>
        </tipoPrograma>
      </tipoProgramaLista>
      <titularLista>
        <titular sequencia="1" inid="73">
          <nome>ALEXANDRE JOSÉ BARROS MACHADO</nome>
        </titular>
        <titular sequencia="2" inid="73">
          <nome>DIEGO DERMEVAL MEDEIROS DA CUNHA MATOS</nome>
        </titular>
        <titular sequencia="3" inid="73">
          <nome>KAMILLA KEMILLY TENÓRIO ALVES DOS SANTOS</nome>
        </titular>
      </titularLista>
      <criadorLista>
        <criador sequencia="1" inid="Cr">
          <nome>ALEXANDRE JOSÉ BARROS MACHADO</nome>
        </criador>
        <criador sequencia="2" inid="Cr">
          <nome>BRUNO LEMOS DE LIMA</nome>
        </criador>
        <criador sequencia="3" inid="Cr">
          <nome>DIEGO DERMEVAL MEDEIROS DA CUNHA MATOS</nome>
        </criador>
        <criador sequencia="4" inid="Cr">
          <nome>KAMILLA KEMILLY TENÓRIO ALVES DOS SANTOS</nome>
        </criador>
        <criador sequencia="5" inid="Cr">
          <nome>PEDRO HENRIQUE DE BRITO NASCIMENTO</nome>
        </criador>
        <criador sequencia="6" inid="Cr">
          <nome>RODRIGO SANTOS DA SILVA</nome>
        </criador>
      </criadorLista>
    </processo-programa>
  </despacho>
  <despacho>
    <codigo>730</codigo>
    <titulo>Expedição do Certificado de Registro</titulo>
    <processo-programa>
      <numero inid="Np">BR 51 2020 001276-0</numero>
      <titulo inid="54">LNEWS</titulo>
      <dataCriacao inid="Dl">01/05/2019</dataCriacao>
      <campoAplicacaoLista>
        <campoAplicacao>
          <codigo inid="Cp">CO-02</codigo>
        </campoAplicacao>
        <campoAplicacao>
          <codigo inid="Cp">CO-04</codigo>
        </campoAplicacao>
        <campoAplicacao>
          <codigo inid="Cp">IF-10</codigo>
        </campoAplicacao>
      </campoAplicacaoLista>
      <linguagemLista>
        <linguagem inid="Lg">PYTHON</linguagem>
      </linguagemLista>
      <tipoProgramaLista>
        <tipoPrograma>
          <codigo inid="Tp">AP-01</codigo>
        </tipoPrograma>
        <tipoPrograma>
          <codigo inid="Tp">IA-02</codigo>
        </tipoPrograma>
        <tipoPrograma>
          <codigo inid="Tp">UT-01</codigo>
        </tipoPrograma>
      </tipoProgramaLista>
      <titularLista>
        <titular sequencia="1" inid="73">
          <nome>MÁRCIO CARNEIRO DOS SANTOS</nome>
        </titular>
      </titularLista>
      <criadorLista>
        <criador sequencia="1" inid="Cr">
          <nome>MÁRCIO CARNEIRO DOS SANTOS</nome>
        </criador>
      </criadorLista>
    </processo-programa>
  </despacho>
  <despacho>
    <codigo>730</codigo>
    <titulo>Expedição do Certificado de Registro</titulo>
    <processo-programa>
      <numero inid="Np">BR 51 2020 001278-7</numero>
      <titulo inid="54">Lumiar Code v0.2</titulo>
      <dataCriacao inid="Dl">02/06/2020</dataCriacao>
      <campoAplicacaoLista>
        <campoAplicacao>
          <codigo inid="Cp">AD-01</codigo>
        </campoAplicacao>
        <campoAplicacao>
          <codigo inid="Cp">AD-06</codigo>
        </campoAplicacao>
        <campoAplicacao>
          <codigo inid="Cp">AD-09</codigo>
        </campoAplicacao>
        <campoAplicacao>
          <codigo inid="Cp">AG-01</codigo>
        </campoAplicacao>
        <campoAplicacao>
          <codigo inid="Cp">AG-04</codigo>
        </campoAplicacao>
        <campoAplicacao>
          <codigo inid="Cp">AG-05</codigo>
        </campoAplicacao>
        <campoAplicacao>
          <codigo inid="Cp">EN-01</codigo>
        </campoAplicacao>
        <campoAplicacao>
          <codigo inid="Cp">EN-04</codigo>
        </campoAplicacao>
        <campoAplicacao>
          <codigo inid="Cp">EN-05</codigo>
        </campoAplicacao>
        <campoAplicacao>
          <codigo inid="Cp">FN-01</codigo>
        </campoAplicacao>
        <campoAplicacao>
          <codigo inid="Cp">FN-03</codigo>
        </campoAplicacao>
        <campoAplicacao>
          <codigo inid="Cp">FN-04</codigo>
        </campoAplicacao>
        <campoAplicacao>
          <codigo inid="Cp">FN-05</codigo>
        </campoAplicacao>
        <campoAplicacao>
          <codigo inid="Cp">GC-06</codigo>
        </campoAplicacao>
        <campoAplicacao>
          <codigo inid="Cp">GC-08</codigo>
        </campoAplicacao>
        <campoAplicacao>
          <codigo inid="Cp">HB-02</codigo>
        </campoAplicacao>
        <campoAplicacao>
          <codigo inid="Cp">IN-01</codigo>
        </campoAplicacao>
        <campoAplicacao>
          <codigo inid="Cp">IN-02</codigo>
        </campoAplicacao>
        <campoAplicacao>
          <codigo inid="Cp">IN-03</codigo>
        </campoAplicacao>
        <campoAplicacao>
          <codigo inid="Cp">IN-05</codigo>
        </campoAplicacao>
        <campoAplicacao>
          <codigo inid="Cp">MT-03</codigo>
        </campoAplicacao>
        <campoAplicacao>
          <codigo inid="Cp">PL-02</codigo>
        </campoAplicacao>
        <campoAplicacao>
          <codigo inid="Cp">SV-03</codigo>
        </campoAplicacao>
        <campoAplicacao>
          <codigo inid="Cp">SV-04</codigo>
        </campoAplicacao>
        <campoAplicacao>
          <codigo inid="Cp">TP-01</codigo>
        </campoAplicacao>
        <campoAplicacao>
          <codigo inid="Cp">TP-03</codigo>
        </campoAplicacao>
        <campoAplicacao>
          <codigo inid="Cp">TP-04</codigo>
        </campoAplicacao>
        <campoAplicacao>
          <codigo inid="Cp">TP-05</codigo>
        </campoAplicacao>
      </campoAplicacaoLista>
      <linguagemLista>
        <linguagem inid="Lg">HTML</linguagem>
        <linguagem inid="Lg">JAVA SCRIPT</linguagem>
        <linguagem inid="Lg">OUTROS</linguagem>
        <linguagem inid="Lg">RUBY</linguagem>
      </linguagemLista>
      <tipoProgramaLista>
        <tipoPrograma>
          <codigo inid="Tp">AP-01</codigo>
        </tipoPrograma>
        <tipoPrograma>
          <codigo inid="Tp">AP-02</codigo>
        </tipoPrograma>
        <tipoPrograma>
          <codigo inid="Tp">AP-03</codigo>
        </tipoPrograma>
        <tipoPrograma>
          <codigo inid="Tp">AP-04</codigo>
        </tipoPrograma>
        <tipoPrograma>
          <codigo inid="Tp">AT-03</codigo>
        </tipoPrograma>
        <tipoPrograma>
          <codigo inid="Tp">AT-06</codigo>
        </tipoPrograma>
        <tipoPrograma>
          <codigo inid="Tp">DS-07</codigo>
        </tipoPrograma>
        <tipoPrograma>
          <codigo inid="Tp">FA-01</codigo>
        </tipoPrograma>
        <tipoPrograma>
          <codigo inid="Tp">GI-04</codigo>
        </tipoPrograma>
        <tipoPrograma>
          <codigo inid="Tp">GI-07</codigo>
        </tipoPrograma>
        <tipoPrograma>
          <codigo inid="Tp">LG-01</codigo>
        </tipoPrograma>
      </tipoProgramaLista>
      <titularLista>
        <titular sequencia="1" inid="73">
          <nome>LUMIAR TECNOLOGIA EM INFORMATICA LTDA</nome>
        </titular>
        <titular sequencia="2" inid="73">
          <nome>RAFAEL SEBASTIAO MACHADO</nome>
        </titular>
      </titularLista>
      <criadorLista>
        <criador sequencia="1" inid="Cr">
          <nome>EZIEL GOMES DA SILVA</nome>
        </criador>
        <criador sequencia="2" inid="Cr">
          <nome>RAFAEL SEBASTIAO MACHADO</nome>
        </criador>
      </criadorLista>
    </processo-programa>
  </despacho>
  <despacho>
    <codigo>730</codigo>
    <titulo>Expedição do Certificado de Registro</titulo>
    <processo-programa>
      <numero inid="Np">BR 51 2020 001279-5</numero>
      <titulo inid="54">Manusis Insights - SmartWorkflow</titulo>
      <dataCriacao inid="Dl">15/01/2020</dataCriacao>
      <campoAplicacaoLista>
        <campoAplicacao>
          <codigo inid="Cp">IF-07</codigo>
        </campoAplicacao>
        <campoAplicacao>
          <codigo inid="Cp">IN-01</codigo>
        </campoAplicacao>
        <campoAplicacao>
          <codigo inid="Cp">IN-02</codigo>
        </campoAplicacao>
        <campoAplicacao>
          <codigo inid="Cp">IN-03</codigo>
        </campoAplicacao>
      </campoAplicacaoLista>
      <linguagemLista>
        <linguagem inid="Lg">HTML</linguagem>
        <linguagem inid="Lg">JAVA SCRIPT</linguagem>
        <linguagem inid="Lg">JQUERY</linguagem>
        <linguagem inid="Lg">MYSQL</linguagem>
        <linguagem inid="Lg">RUBY</linguagem>
      </linguagemLista>
      <tipoProgramaLista>
        <tipoPrograma>
          <codigo inid="Tp">DS-01</codigo>
        </tipoPrograma>
        <tipoPrograma>
          <codigo inid="Tp">DS-04</codigo>
        </tipoPrograma>
        <tipoPrograma>
          <codigo inid="Tp">IA-01</codigo>
        </tipoPrograma>
        <tipoPrograma>
          <codigo inid="Tp">IA-02</codigo>
        </tipoPrograma>
        <tipoPrograma>
          <codigo inid="Tp">TC-01</codigo>
        </tipoPrograma>
      </tipoProgramaLista>
      <titularLista>
        <titular sequencia="1" inid="73">
          <nome>EDUARDO DE FREITAS ROCHA LOURES</nome>
        </titular>
      </titularLista>
      <criadorLista>
        <criador sequencia="1" inid="Cr">
          <nome>EDUARDO ALVES PORTELA SANTOS</nome>
        </criador>
        <criador sequencia="2" inid="Cr">
          <nome>EDUARDO DE FREITAS ROCHA LOURES</nome>
        </criador>
        <criador sequencia="3" inid="Cr">
          <nome>EWERTON GUSTHAVO GORKSI</nome>
        </criador>
      </criadorLista>
    </processo-programa>
  </despacho>
  <despacho>
    <codigo>730</codigo>
    <titulo>Expedição do Certificado de Registro</titulo>
    <processo-programa>
      <numero inid="Np">BR 51 2020 001280-9</numero>
      <titulo inid="54">ADVOSYS - Gestor Juridico</titulo>
      <dataCriacao inid="Dl">03/05/2003</dataCriacao>
      <campoAplicacaoLista>
        <campoAplicacao>
          <codigo inid="Cp">AD-11</codigo>
        </campoAplicacao>
      </campoAplicacaoLista>
      <linguagemLista>
        <linguagem inid="Lg">HTML</linguagem>
        <linguagem inid="Lg">JAVA SCRIPT</linguagem>
        <linguagem inid="Lg">PHP</linguagem>
      </linguagemLista>
      <tipoProgramaLista>
        <tipoPrograma>
          <codigo inid="Tp">AP-01</codigo>
        </tipoPrograma>
        <tipoPrograma>
          <codigo inid="Tp">AP-03</codigo>
        </tipoPrograma>
        <tipoPrograma>
          <codigo inid="Tp">AT-02</codigo>
        </tipoPrograma>
        <tipoPrograma>
          <codigo inid="Tp">GI-01</codigo>
        </tipoPrograma>
        <tipoPrograma>
          <codigo inid="Tp">GI-02</codigo>
        </tipoPrograma>
        <tipoPrograma>
          <codigo inid="Tp">GI-03</codigo>
        </tipoPrograma>
        <tipoPrograma>
          <codigo inid="Tp">GI-04</codigo>
        </tipoPrograma>
        <tipoPrograma>
          <codigo inid="Tp">GI-06</codigo>
        </tipoPrograma>
        <tipoPrograma>
          <codigo inid="Tp">GI-07</codigo>
        </tipoPrograma>
        <tipoPrograma>
          <codigo inid="Tp">IA-02</codigo>
        </tipoPrograma>
        <tipoPrograma>
          <codigo inid="Tp">PD-05</codigo>
        </tipoPrograma>
        <tipoPrograma>
          <codigo inid="Tp">SO-05</codigo>
        </tipoPrograma>
      </tipoProgramaLista>
      <titularLista>
        <titular sequencia="1" inid="73">
          <nome>FREECLASS INFORMÁTICA LTDA ME</nome>
        </titular>
        <titular sequencia="2" inid="73">
          <nome>MILTON DE MELLO MOREIRA</nome>
        </titular>
      </titularLista>
      <criadorLista>
        <criador sequencia="1" inid="Cr">
          <nome>MIGUEL ANGELO OLIVEIRA MELLO</nome>
        </criador>
        <criador sequencia="2" inid="Cr">
          <nome>MILTON DE MELLO MOREIRA</nome>
        </criador>
      </criadorLista>
    </processo-programa>
  </despacho>
  <despacho>
    <codigo>730</codigo>
    <titulo>Expedição do Certificado de Registro</titulo>
    <processo-programa>
      <numero inid="Np">BR 51 2020 001281-7</numero>
      <titulo inid="54">DMC MULTIPLE CORRELATION COEFFICIENT</titulo>
      <dataCriacao inid="Dl">25/02/2020</dataCriacao>
      <campoAplicacaoLista>
        <campoAplicacao>
          <codigo inid="Cp">MT-06</codigo>
        </campoAplicacao>
      </campoAplicacaoLista>
      <linguagemLista>
        <linguagem inid="Lg">R</linguagem>
      </linguagemLista>
      <tipoProgramaLista>
        <tipoPrograma>
          <codigo inid="Tp">SM-01</codigo>
        </tipoPrograma>
      </tipoProgramaLista>
      <titularLista>
        <titular sequencia="1" inid="73">
          <nome>ALOÍSIO MACHADO DA SILVA FILHO</nome>
        </titular>
        <titular sequencia="2" inid="73">
          <nome>ARLEYS PEREIRA NUNES DE CASTRO</nome>
        </titular>
        <titular sequencia="3" inid="73">
          <nome>ELVIRA CATIANA DE OLIVEIRA SANTOS</nome>
        </titular>
        <titular sequencia="4" inid="73">
          <nome>EVERALDO FREITAS GUEDES</nome>
        </titular>
        <titular sequencia="5" inid="73">
          <nome>FLORÊNCIO MENDES OLIVEIRA FILHO</nome>
        </titular>
        <titular sequencia="6" inid="73">
          <nome>GILNEY FIGUEIRA ZEBENDE</nome>
        </titular>
      </titularLista>
      <criadorLista>
        <criador sequencia="1" inid="Cr">
          <nome>ALOÍSIO MACHADO DA SILVA FILHO</nome>
        </criador>
        <criador sequencia="2" inid="Cr">
          <nome>ARLEYS PEREIRA NUNES DE CASTRO</nome>
        </criador>
        <criador sequencia="3" inid="Cr">
          <nome>ELVIRA CATIANA DE OLIVEIRA SANTOS</nome>
        </criador>
        <criador sequencia="4" inid="Cr">
          <nome>EVERALDO DE FREITAS GUEDES</nome>
        </criador>
        <criador sequencia="5" inid="Cr">
          <nome>FLORÊNCIO MENDES OLIVEIRA FILHO</nome>
        </criador>
        <criador sequencia="6" inid="Cr">
          <nome>GILNEY FIGUEIRA ZEBENDE</nome>
        </criador>
      </criadorLista>
    </processo-programa>
  </despacho>
  <despacho>
    <codigo>730</codigo>
    <titulo>Expedição do Certificado de Registro</titulo>
    <processo-programa>
      <numero inid="Np">BR 51 2020 001282-5</numero>
      <titulo inid="54">PI UTFPR</titulo>
      <dataCriacao inid="Dl">03/02/2020</dataCriacao>
      <campoAplicacaoLista>
        <campoAplicacao>
          <codigo inid="Cp">DI-03</codigo>
        </campoAplicacao>
      </campoAplicacaoLista>
      <linguagemLista>
        <linguagem inid="Lg">CSS</linguagem>
        <linguagem inid="Lg">HTML</linguagem>
        <linguagem inid="Lg">JAVA</linguagem>
      </linguagemLista>
      <tipoProgramaLista>
        <tipoPrograma>
          <codigo inid="Tp">AP-01</codigo>
        </tipoPrograma>
      </tipoProgramaLista>
      <titularLista>
        <titular sequencia="1" inid="73">
          <nome>UNIVERSIDADE TECNOLOGICA FEDERAL DO PARANA</nome>
        </titular>
      </titularLista>
      <criadorLista>
        <criador sequencia="1" inid="Cr">
          <nome>DAIANE MARIA DE GENARO CHIROLI</nome>
        </criador>
        <criador sequencia="2" inid="Cr">
          <nome>FERNANDO TETSUYA DAFLON SHINOHARA</nome>
        </criador>
        <criador sequencia="3" inid="Cr">
          <nome>JOÃO LUIZ KOVALESKI</nome>
        </criador>
        <criador sequencia="4" inid="Cr">
          <nome>LEANDRO CHESINI</nome>
        </criador>
        <criador sequencia="5" inid="Cr">
          <nome>MARIA CAROLINA DE OLIVEIRA RIBEIRO</nome>
        </criador>
        <criador sequencia="6" inid="Cr">
          <nome>ROGÉRIO RANTHUM</nome>
        </criador>
      </criadorLista>
    </processo-programa>
  </despacho>
  <despacho>
    <codigo>730</codigo>
    <titulo>Expedição do Certificado de Registro</titulo>
    <processo-programa>
      <numero inid="Np">BR 51 2020 001283-3</numero>
      <titulo inid="54">ADUBAPASTO 2.0</titulo>
      <dataCriacao inid="Dl">16/06/2020</dataCriacao>
      <campoAplicacaoLista>
        <campoAplicacao>
          <codigo inid="Cp">AG-02</codigo>
        </campoAplicacao>
        <campoAplicacao>
          <codigo inid="Cp">AG-07</codigo>
        </campoAplicacao>
      </campoAplicacaoLista>
      <linguagemLista>
        <linguagem inid="Lg">JAVA</linguagem>
      </linguagemLista>
      <tipoProgramaLista>
        <tipoPrograma>
          <codigo inid="Tp">AP-01</codigo>
        </tipoPrograma>
        <tipoPrograma>
          <codigo inid="Tp">GI-04</codigo>
        </tipoPrograma>
        <tipoPrograma>
          <codigo inid="Tp">GI-06</codigo>
        </tipoPrograma>
        <tipoPrograma>
          <codigo inid="Tp">IA-02</codigo>
        </tipoPrograma>
        <tipoPrograma>
          <codigo inid="Tp">TC-01</codigo>
        </tipoPrograma>
      </tipoProgramaLista>
      <titularLista>
        <titular sequencia="1" inid="73">
          <nome>EMBRAPA-EMPRESA BRASILEIRA DE PESQUISA AGROPECUARIA</nome>
        </titular>
      </titularLista>
      <criadorLista>
        <criador sequencia="1" inid="Cr">
          <nome>ALBERTO CARLOS DE CAMPOS BERNARDI</nome>
        </criador>
        <criador sequencia="2" inid="Cr">
          <nome>EDILSON DA SILVA GUIMARÃES</nome>
        </criador>
        <criador sequencia="3" inid="Cr">
          <nome>PATRÍCIA PERONDI ANCHÃO OLIVEIRA</nome>
        </criador>
        <criador sequencia="4" inid="Cr">
          <nome>ROSELITO FÁVERO DA SILVA</nome>
        </criador>
      </criadorLista>
    </processo-programa>
  </despacho>
  <despacho>
    <codigo>730</codigo>
    <titulo>Expedição do Certificado de Registro</titulo>
    <processo-programa>
      <numero inid="Np">BR 51 2020 001284-1</numero>
      <titulo inid="54">iFlona</titulo>
      <dataCriacao inid="Dl">01/10/2019</dataCriacao>
      <campoAplicacaoLista>
        <campoAplicacao>
          <codigo inid="Cp">ED-04</codigo>
        </campoAplicacao>
        <campoAplicacao>
          <codigo inid="Cp">ED-06</codigo>
        </campoAplicacao>
      </campoAplicacaoLista>
      <linguagemLista>
        <linguagem inid="Lg">JAVA</linguagem>
      </linguagemLista>
      <tipoProgramaLista>
        <tipoPrograma>
          <codigo inid="Tp">AP-01</codigo>
        </tipoPrograma>
      </tipoProgramaLista>
      <titularLista>
        <titular sequencia="1" inid="73">
          <nome>UNIVERSIDADE TECNOLOGICA FEDERAL DO PARANA</nome>
        </titular>
      </titularLista>
      <criadorLista>
        <criador sequencia="1" inid="Cr">
          <nome>LIA MARIS ORTH RITHER ANTIQUEIRA</nome>
        </criador>
        <criador sequencia="2" inid="Cr">
          <nome>ROMEU MIQUEIAS SZMOSKI</nome>
        </criador>
        <criador sequencia="3" inid="Cr">
          <nome>RÚBIA FREITAS PINHEIRO</nome>
        </criador>
      </criadorLista>
    </processo-programa>
  </despacho>
  <despacho>
    <codigo>730</codigo>
    <titulo>Expedição do Certificado de Registro</titulo>
    <processo-programa>
      <numero inid="Np">BR 51 2020 001285-0</numero>
      <titulo inid="54">SkinScanApp</titulo>
      <dataCriacao inid="Dl">08/02/2020</dataCriacao>
      <campoAplicacaoLista>
        <campoAplicacao>
          <codigo inid="Cp">SD-06</codigo>
        </campoAplicacao>
      </campoAplicacaoLista>
      <linguagemLista>
        <linguagem inid="Lg">CSS</linguagem>
        <linguagem inid="Lg">HTML</linguagem>
        <linguagem inid="Lg">JAVA SCRIPT</linguagem>
      </linguagemLista>
      <tipoProgramaLista>
        <tipoPrograma>
          <codigo inid="Tp">AP-01</codigo>
        </tipoPrograma>
      </tipoProgramaLista>
      <titularLista>
        <titular sequencia="1" inid="73">
          <nome>FUNDACAO DE ENSINO SUPERIOR DO VALE DO SAPUCAI</nome>
        </titular>
      </titularLista>
      <criadorLista>
        <criador sequencia="1" inid="Cr">
          <nome>DANIELA FRANCESCATO VEIGA</nome>
        </criador>
        <criador sequencia="2" inid="Cr">
          <nome>JOSÉ WILSON MOREIRA FILHO</nome>
        </criador>
        <criador sequencia="3" inid="Cr">
          <nome>MARCELO PRADO DE CARVALHO</nome>
        </criador>
      </criadorLista>
    </processo-programa>
  </despacho>
  <despacho>
    <codigo>730</codigo>
    <titulo>Expedição do Certificado de Registro</titulo>
    <processo-programa>
      <numero inid="Np">BR 51 2020 001286-8</numero>
      <titulo inid="54">Firmware Sistema de Segurança para Gás Toikos</titulo>
      <dataCriacao inid="Dl">15/08/2018</dataCriacao>
      <campoAplicacaoLista>
        <campoAplicacao>
          <codigo inid="Cp">IN-02</codigo>
        </campoAplicacao>
      </campoAplicacaoLista>
      <linguagemLista>
        <linguagem inid="Lg">C++</linguagem>
      </linguagemLista>
      <tipoProgramaLista>
        <tipoPrograma>
          <codigo inid="Tp">AT-01</codigo>
        </tipoPrograma>
      </tipoProgramaLista>
      <titularLista>
        <titular sequencia="1" inid="73">
          <nome>DIGILETRIC INDUSTRIA E COMÉRCIO DE MÁQUINAS E EQUIPAMENTOS LTDA</nome>
        </titular>
      </titularLista>
      <criadorLista>
        <criador sequencia="1" inid="Cr">
          <nome>EDILSON JOSÉ BAGGIO</nome>
        </criador>
        <criador sequencia="2" inid="Cr">
          <nome>FELIPE PANASSOL ZANIOL</nome>
        </criador>
        <criador sequencia="3" inid="Cr">
          <nome>IGOR WILIAN FAORO</nome>
        </criador>
      </criadorLista>
    </processo-programa>
  </despacho>
  <despacho>
    <codigo>730</codigo>
    <titulo>Expedição do Certificado de Registro</titulo>
    <processo-programa>
      <numero inid="Np">BR 51 2020 001287-6</numero>
      <titulo inid="54">Sistema de consulta pública para protocolos de pesquisa em Informática na Educação</titulo>
      <dataCriacao inid="Dl">22/04/2020</dataCriacao>
      <campoAplicacaoLista>
        <campoAplicacao>
          <codigo inid="Cp">IF-04</codigo>
        </campoAplicacao>
      </campoAplicacaoLista>
      <linguagemLista>
        <linguagem inid="Lg">CSS</linguagem>
        <linguagem inid="Lg">HTML</linguagem>
        <linguagem inid="Lg">JAVA SCRIPT</linguagem>
        <linguagem inid="Lg">PHP</linguagem>
        <linguagem inid="Lg">SQL</linguagem>
      </linguagemLista>
      <tipoProgramaLista>
        <tipoPrograma>
          <codigo inid="Tp">AP-01</codigo>
        </tipoPrograma>
      </tipoProgramaLista>
      <titularLista>
        <titular sequencia="1" inid="73">
          <nome>DIEGO DERMEVAL MEDEIROS DA CUNHA MATOS</nome>
        </titular>
        <titular sequencia="2" inid="73">
          <nome>LEONARDO BRANDÃO MARQUES</nome>
        </titular>
        <titular sequencia="3" inid="73">
          <nome>RANILSON OSCAR ARAÚJO PAIVA</nome>
        </titular>
      </titularLista>
      <criadorLista>
        <criador sequencia="1" inid="Cr">
          <nome>DIEGO DERMEVAL MEDEIROS DA CUNHA MATOS</nome>
        </criador>
        <criador sequencia="2" inid="Cr">
          <nome>LEONARDO BRANDÃO MARQUES</nome>
        </criador>
        <criador sequencia="3" inid="Cr">
          <nome>RANILSO OSCAR ARAÚJO PAIVA</nome>
        </criador>
      </criadorLista>
    </processo-programa>
  </despacho>
  <despacho>
    <codigo>730</codigo>
    <titulo>Expedição do Certificado de Registro</titulo>
    <processo-programa>
      <numero inid="Np">BR 51 2020 001288-4</numero>
      <titulo inid="54">English Card</titulo>
      <dataCriacao inid="Dl">19/06/2019</dataCriacao>
      <campoAplicacaoLista>
        <campoAplicacao>
          <codigo inid="Cp">ED-04</codigo>
        </campoAplicacao>
      </campoAplicacaoLista>
      <linguagemLista>
        <linguagem inid="Lg">JAVA SCRIPT</linguagem>
      </linguagemLista>
      <tipoProgramaLista>
        <tipoPrograma>
          <codigo inid="Tp">AP-01</codigo>
        </tipoPrograma>
      </tipoProgramaLista>
      <titularLista>
        <titular sequencia="1" inid="73">
          <nome>INSTITUTO FEDERAL DE EDUCAÇÃO, CIÊNCIA E TECNOLOGIA GOIANO</nome>
        </titular>
      </titularLista>
      <criadorLista>
        <criador sequencia="1" inid="Cr">
          <nome>CARLOS EDUARDO ALVES DE MOURA</nome>
        </criador>
        <criador sequencia="2" inid="Cr">
          <nome>CLÁUDIO ULISSE</nome>
        </criador>
        <criador sequencia="3" inid="Cr">
          <nome>FLÁVIA GONÇALVES FERNANDES</nome>
        </criador>
        <criador sequencia="4" inid="Cr">
          <nome>GEISE DIVINO DA SILVA</nome>
        </criador>
      </criadorLista>
    </processo-programa>
  </despacho>
  <despacho>
    <codigo>730</codigo>
    <titulo>Expedição do Certificado de Registro</titulo>
    <processo-programa>
      <numero inid="Np">BR 51 2020 001289-2</numero>
      <titulo inid="54">CALC - MAGIN</titulo>
      <dataCriacao inid="Dl">26/07/2017</dataCriacao>
      <campoAplicacaoLista>
        <campoAplicacao>
          <codigo inid="Cp">AG-09</codigo>
        </campoAplicacao>
      </campoAplicacaoLista>
      <linguagemLista>
        <linguagem inid="Lg">VISUAL BASIC</linguagem>
      </linguagemLista>
      <tipoProgramaLista>
        <tipoPrograma>
          <codigo inid="Tp">TC-01</codigo>
        </tipoPrograma>
      </tipoProgramaLista>
      <titularLista>
        <titular sequencia="1" inid="73">
          <nome>INSTITUTO FEDERAL DE EDUCAÇÃO, CIÊNCIA E TECNOLOGIA GOIANO</nome>
        </titular>
      </titularLista>
      <criadorLista>
        <criador sequencia="1" inid="Cr">
          <nome>ANIELA PILAR CAMPOS DE MELO</nome>
        </criador>
      </criadorLista>
    </processo-programa>
  </despacho>
  <despacho>
    <codigo>730</codigo>
    <titulo>Expedição do Certificado de Registro</titulo>
    <processo-programa>
      <numero inid="Np">BR 51 2020 001290-6</numero>
      <titulo inid="54">ERGO</titulo>
      <dataCriacao inid="Dl">08/02/2019</dataCriacao>
      <campoAplicacaoLista>
        <campoAplicacao>
          <codigo inid="Cp">TB-04</codigo>
        </campoAplicacao>
      </campoAplicacaoLista>
      <linguagemLista>
        <linguagem inid="Lg">HTML</linguagem>
        <linguagem inid="Lg">JAVA SCRIPT</linguagem>
      </linguagemLista>
      <tipoProgramaLista>
        <tipoPrograma>
          <codigo inid="Tp">AV-01</codigo>
        </tipoPrograma>
      </tipoProgramaLista>
      <titularLista>
        <titular sequencia="1" inid="73">
          <nome>JUSTIÇA FEDERAL NO RIO GRANDE DO NORTE</nome>
        </titular>
        <titular sequencia="2" inid="73">
          <nome>UNIVERSIDADE FEDERAL DO RIO GRANDE DO NORTE</nome>
        </titular>
      </titularLista>
      <criadorLista>
        <criador sequencia="1" inid="Cr">
          <nome>ALESON BELO DA SILVA</nome>
        </criador>
        <criador sequencia="2" inid="Cr">
          <nome>ALEX AQUINO DOS SANTOS</nome>
        </criador>
        <criador sequencia="3" inid="Cr">
          <nome>BRUNO DOS SANTOS FERNANDES DA SILVA</nome>
        </criador>
        <criador sequencia="4" inid="Cr">
          <nome>DAVID MONTALVÃO JUNIOR</nome>
        </criador>
        <criador sequencia="5" inid="Cr">
          <nome>DIÓGENES ALVES OLIVEIRA</nome>
        </criador>
        <criador sequencia="6" inid="Cr">
          <nome>EDSON ALYPPYO GOMES COUTINHO</nome>
        </criador>
        <criador sequencia="7" inid="Cr">
          <nome>FÁBIO NOBERTO QUEIROZ</nome>
        </criador>
        <criador sequencia="8" inid="Cr">
          <nome>GILBERTO SERGIO SOARES DOS ANJOS JÚNIOR</nome>
        </criador>
        <criador sequencia="9" inid="Cr">
          <nome>MARCO ANTONIO LEANDRO CABRAL</nome>
        </criador>
        <criador sequencia="10" inid="Cr">
          <nome>PEDRO HENRIQUE GIACOMELI DE ALMEIDA</nome>
        </criador>
        <criador sequencia="11" inid="Cr">
          <nome>RICARDO PIRES DE SOUZA</nome>
        </criador>
        <criador sequencia="12" inid="Cr">
          <nome>THIAGO ALLAN MARQUES DE MACÊDO</nome>
        </criador>
        <criador sequencia="13" inid="Cr">
          <nome>VEDER RALFH FERNANDES DE MEDEIROS</nome>
        </criador>
      </criadorLista>
    </processo-programa>
  </despacho>
  <despacho>
    <codigo>730</codigo>
    <titulo>Expedição do Certificado de Registro</titulo>
    <processo-programa>
      <numero inid="Np">BR 51 2020 001291-4</numero>
      <titulo inid="54">Bitmask</titulo>
      <dataCriacao inid="Dl">08/07/2019</dataCriacao>
      <campoAplicacaoLista>
        <campoAplicacao>
          <codigo inid="Cp">IN-02</codigo>
        </campoAplicacao>
      </campoAplicacaoLista>
      <linguagemLista>
        <linguagem inid="Lg">JAVA</linguagem>
      </linguagemLista>
      <tipoProgramaLista>
        <tipoPrograma>
          <codigo inid="Tp">PD-01</codigo>
        </tipoPrograma>
      </tipoProgramaLista>
      <titularLista>
        <titular sequencia="1" inid="73">
          <nome>CARLOS JEAN FERREIRA DE QUADROS</nome>
        </titular>
      </titularLista>
      <criadorLista>
        <criador sequencia="1" inid="Cr">
          <nome>CARLOS JEAN FERREIRA DE QUADROS</nome>
        </criador>
        <criador sequencia="2" inid="Cr">
          <nome>SAMARA LIMA DE SOUZA</nome>
        </criador>
        <criador sequencia="3" inid="Cr">
          <nome>WENDY MENDES GALENO</nome>
        </criador>
      </criadorLista>
    </processo-programa>
  </despacho>
  <despacho>
    <codigo>730</codigo>
    <titulo>Expedição do Certificado de Registro</titulo>
    <processo-programa>
      <numero inid="Np">BR 51 2020 001292-2</numero>
      <titulo inid="54">https://321va.com.br</titulo>
      <dataCriacao inid="Dl">07/07/2020</dataCriacao>
      <campoAplicacaoLista>
        <campoAplicacao>
          <codigo inid="Cp">AD-10</codigo>
        </campoAplicacao>
      </campoAplicacaoLista>
      <linguagemLista>
        <linguagem inid="Lg">PHP</linguagem>
      </linguagemLista>
      <tipoProgramaLista>
        <tipoPrograma>
          <codigo inid="Tp">AP-02</codigo>
        </tipoPrograma>
      </tipoProgramaLista>
      <titularLista>
        <titular sequencia="1" inid="73">
          <nome>IDC INTELLIGENT DIGITAL CHARTS SERVIÇOS DE INFORMÁTICA LTDA.</nome>
        </titular>
      </titularLista>
      <criadorLista>
        <criador sequencia="1" inid="Cr">
          <nome>CRAIG CONKLING</nome>
        </criador>
        <criador sequencia="2" inid="Cr">
          <nome>EDUARDO DEL MONACO CAIUBY</nome>
        </criador>
        <criador sequencia="3" inid="Cr">
          <nome>IRENE DAUD CAIUBY</nome>
        </criador>
      </criadorLista>
    </processo-programa>
  </despacho>
  <despacho>
    <codigo>730</codigo>
    <titulo>Expedição do Certificado de Registro</titulo>
    <processo-programa>
      <numero inid="Np">BR 51 2020 001293-0</numero>
      <titulo inid="54">AVALUE SINDICAL - SISTEMA GESTOR DE ENTIDADES DE CLASSE</titulo>
      <dataCriacao inid="Dl">30/01/2004</dataCriacao>
      <campoAplicacaoLista>
        <campoAplicacao>
          <codigo inid="Cp">AD-05</codigo>
        </campoAplicacao>
        <campoAplicacao>
          <codigo inid="Cp">AD-09</codigo>
        </campoAplicacao>
        <campoAplicacao>
          <codigo inid="Cp">AD-11</codigo>
        </campoAplicacao>
        <campoAplicacao>
          <codigo inid="Cp">FN-06</codigo>
        </campoAplicacao>
      </campoAplicacaoLista>
      <linguagemLista>
        <linguagem inid="Lg">DELPHI</linguagem>
      </linguagemLista>
      <tipoProgramaLista>
        <tipoPrograma>
          <codigo inid="Tp">AP-01</codigo>
        </tipoPrograma>
        <tipoPrograma>
          <codigo inid="Tp">AP-03</codigo>
        </tipoPrograma>
        <tipoPrograma>
          <codigo inid="Tp">AT-02</codigo>
        </tipoPrograma>
        <tipoPrograma>
          <codigo inid="Tp">AT-03</codigo>
        </tipoPrograma>
        <tipoPrograma>
          <codigo inid="Tp">AT-06</codigo>
        </tipoPrograma>
      </tipoProgramaLista>
      <titularLista>
        <titular sequencia="1" inid="73">
          <nome>AVALUE SOLUÇÕES INTELIGENTES LTDA - ME</nome>
        </titular>
      </titularLista>
      <criadorLista>
        <criador sequencia="1" inid="Cr">
          <nome>ANTONIO CARLOS NUNES JÚNIOR</nome>
        </criador>
      </criadorLista>
    </processo-programa>
  </despacho>
  <despacho>
    <codigo>730</codigo>
    <titulo>Expedição do Certificado de Registro</titulo>
    <processo-programa>
      <numero inid="Np">BR 51 2020 001294-9</numero>
      <titulo inid="54">UNIVERSA - SISTEMA DE GESTÃO EDUCACIONAL INTEGRADO E AMBIENTE VIRTUAL DE APRENDIZAGEM</titulo>
      <dataCriacao inid="Dl">01/07/2015</dataCriacao>
      <campoAplicacaoLista>
        <campoAplicacao>
          <codigo inid="Cp">AD-02</codigo>
        </campoAplicacao>
        <campoAplicacao>
          <codigo inid="Cp">AD-08</codigo>
        </campoAplicacao>
        <campoAplicacao>
          <codigo inid="Cp">AD-09</codigo>
        </campoAplicacao>
        <campoAplicacao>
          <codigo inid="Cp">ED-01</codigo>
        </campoAplicacao>
        <campoAplicacao>
          <codigo inid="Cp">ED-02</codigo>
        </campoAplicacao>
        <campoAplicacao>
          <codigo inid="Cp">ED-03</codigo>
        </campoAplicacao>
        <campoAplicacao>
          <codigo inid="Cp">ED-04</codigo>
        </campoAplicacao>
        <campoAplicacao>
          <codigo inid="Cp">ED-05</codigo>
        </campoAplicacao>
        <campoAplicacao>
          <codigo inid="Cp">ED-06</codigo>
        </campoAplicacao>
      </campoAplicacaoLista>
      <linguagemLista>
        <linguagem inid="Lg">CSS</linguagem>
        <linguagem inid="Lg">HTML</linguagem>
        <linguagem inid="Lg">JAVA</linguagem>
        <linguagem inid="Lg">JAVA SCRIPT</linguagem>
        <linguagem inid="Lg">MYSQL</linguagem>
        <linguagem inid="Lg">PHP</linguagem>
      </linguagemLista>
      <tipoProgramaLista>
        <tipoPrograma>
          <codigo inid="Tp">AP-01</codigo>
        </tipoPrograma>
        <tipoPrograma>
          <codigo inid="Tp">AP-02</codigo>
        </tipoPrograma>
        <tipoPrograma>
          <codigo inid="Tp">AP-03</codigo>
        </tipoPrograma>
        <tipoPrograma>
          <codigo inid="Tp">AP-04</codigo>
        </tipoPrograma>
        <tipoPrograma>
          <codigo inid="Tp">AT-01</codigo>
        </tipoPrograma>
        <tipoPrograma>
          <codigo inid="Tp">AT-06</codigo>
        </tipoPrograma>
        <tipoPrograma>
          <codigo inid="Tp">FA-04</codigo>
        </tipoPrograma>
        <tipoPrograma>
          <codigo inid="Tp">GI-01</codigo>
        </tipoPrograma>
      </tipoProgramaLista>
      <titularLista>
        <titular sequencia="1" inid="73">
          <nome>FLÁVIO HENRIQUE DO AMARAL COSTA</nome>
        </titular>
        <titular sequencia="2" inid="73">
          <nome>GLAUBER LUIS DA SILVA COSTA</nome>
        </titular>
        <titular sequencia="3" inid="73">
          <nome>HEBERT LUIZ AMARAL COSTA</nome>
        </titular>
      </titularLista>
      <criadorLista>
        <criador sequencia="1" inid="Cr">
          <nome>FLÁVIO HENRIQUE DO AMARAL COSTA</nome>
        </criador>
        <criador sequencia="2" inid="Cr">
          <nome>GLAUBER LUIS DA SILVA COSTA</nome>
        </criador>
        <criador sequencia="3" inid="Cr">
          <nome>HEBERT LUIZ AMARAL COSTA</nome>
        </criador>
      </criadorLista>
    </processo-programa>
  </despacho>
  <despacho>
    <codigo>730</codigo>
    <titulo>Expedição do Certificado de Registro</titulo>
    <processo-programa>
      <numero inid="Np">BR 51 2020 001295-7</numero>
      <titulo inid="54">CRU</titulo>
      <dataCriacao inid="Dl">02/01/2019</dataCriacao>
      <campoAplicacaoLista>
        <campoAplicacao>
          <codigo inid="Cp">AD-10</codigo>
        </campoAplicacao>
        <campoAplicacao>
          <codigo inid="Cp">ED-04</codigo>
        </campoAplicacao>
        <campoAplicacao>
          <codigo inid="Cp">ED-06</codigo>
        </campoAplicacao>
      </campoAplicacaoLista>
      <linguagemLista>
        <linguagem inid="Lg">PHP</linguagem>
      </linguagemLista>
      <tipoProgramaLista>
        <tipoPrograma>
          <codigo inid="Tp">AP-03</codigo>
        </tipoPrograma>
        <tipoPrograma>
          <codigo inid="Tp">GI-01</codigo>
        </tipoPrograma>
        <tipoPrograma>
          <codigo inid="Tp">PD-04</codigo>
        </tipoPrograma>
      </tipoProgramaLista>
      <titularLista>
        <titular sequencia="1" inid="73">
          <nome>FUNDAÇÃO VALE DO TAQUARI DE EDUCAÇÃO E DESENVOLVIMENTO SOCIAL FUVATES</nome>
        </titular>
      </titularLista>
      <criadorLista>
        <criador sequencia="1" inid="Cr">
          <nome>ANDRIGO DAMETTO</nome>
        </criador>
        <criador sequencia="2" inid="Cr">
          <nome>CHRISTIAN RODOLPHO BUGS</nome>
        </criador>
        <criador sequencia="3" inid="Cr">
          <nome>EDUARDO CARON</nome>
        </criador>
        <criador sequencia="4" inid="Cr">
          <nome>GUILHERME CEGOLINI</nome>
        </criador>
        <criador sequencia="5" inid="Cr">
          <nome>JACKSON DIESEL MAJOLO</nome>
        </criador>
        <criador sequencia="6" inid="Cr">
          <nome>KLEITON FRANZON BORTOLI</nome>
        </criador>
        <criador sequencia="7" inid="Cr">
          <nome>LUCAS TOMASI</nome>
        </criador>
        <criador sequencia="8" inid="Cr">
          <nome>MARCOS PAULO ROHR</nome>
        </criador>
        <criador sequencia="9" inid="Cr">
          <nome>MATHEUS BELLINA CARLESSO</nome>
        </criador>
        <criador sequencia="10" inid="Cr">
          <nome>TAINÁ SCHAEFFER</nome>
        </criador>
        <criador sequencia="11" inid="Cr">
          <nome>WILLIAM HILGEMANN KLEIN</nome>
        </criador>
      </criadorLista>
    </processo-programa>
  </despacho>
  <despacho>
    <codigo>730</codigo>
    <titulo>Expedição do Certificado de Registro</titulo>
    <processo-programa>
      <numero inid="Np">BR 51 2020 001296-5</numero>
      <titulo inid="54">L2</titulo>
      <dataCriacao inid="Dl">20/11/2019</dataCriacao>
      <campoAplicacaoLista>
        <campoAplicacao>
          <codigo inid="Cp">ED-01</codigo>
        </campoAplicacao>
        <campoAplicacao>
          <codigo inid="Cp">ED-06</codigo>
        </campoAplicacao>
      </campoAplicacaoLista>
      <linguagemLista>
        <linguagem inid="Lg">JAVA</linguagem>
        <linguagem inid="Lg">JAVA SCRIPT</linguagem>
      </linguagemLista>
      <tipoProgramaLista>
        <tipoPrograma>
          <codigo inid="Tp">AP-01</codigo>
        </tipoPrograma>
      </tipoProgramaLista>
      <titularLista>
        <titular sequencia="1" inid="73">
          <nome>INSTITUTO FEDERAL DE EDUCAÇÃO, CIÊNCIA E TECNOLOGIA DE SERGIPE</nome>
        </titular>
      </titularLista>
      <criadorLista>
        <criador sequencia="1" inid="Cr">
          <nome>MÁRIO ANDRÉ DE FREITAS FARIAS</nome>
        </criador>
        <criador sequencia="2" inid="Cr">
          <nome>SCHEILLA CONCEIÇÃO ROCHA</nome>
        </criador>
      </criadorLista>
    </processo-programa>
  </despacho>
  <despacho>
    <codigo>730</codigo>
    <titulo>Expedição do Certificado de Registro</titulo>
    <processo-programa>
      <numero inid="Np">BR 51 2020 001297-3</numero>
      <titulo inid="54">Beacon Tracking UPF</titulo>
      <dataCriacao inid="Dl">02/12/2019</dataCriacao>
      <campoAplicacaoLista>
        <campoAplicacao>
          <codigo inid="Cp">IF-07</codigo>
        </campoAplicacao>
      </campoAplicacaoLista>
      <linguagemLista>
        <linguagem inid="Lg">JAVA</linguagem>
        <linguagem inid="Lg">JAVA SCRIPT</linguagem>
      </linguagemLista>
      <tipoProgramaLista>
        <tipoPrograma>
          <codigo inid="Tp">AP-01</codigo>
        </tipoPrograma>
      </tipoProgramaLista>
      <titularLista>
        <titular sequencia="1" inid="73">
          <nome>FUNDAÇÃO UNIVERSIDADE DE PASSO FUNDO</nome>
        </titular>
      </titularLista>
      <criadorLista>
        <criador sequencia="1" inid="Cr">
          <nome>EDUARDO GOLIN ZANELA</nome>
        </criador>
        <criador sequencia="2" inid="Cr">
          <nome>MARCELO TRINDADE REBONATTO</nome>
        </criador>
        <criador sequencia="3" inid="Cr">
          <nome>ROBERTO DOS SANTOS RABELLO</nome>
        </criador>
      </criadorLista>
    </processo-programa>
  </despacho>
  <despacho>
    <codigo>730</codigo>
    <titulo>Expedição do Certificado de Registro</titulo>
    <processo-programa>
      <numero inid="Np">BR 51 2020 001298-1</numero>
      <titulo inid="54">SLOA Code</titulo>
      <dataCriacao inid="Dl">29/05/2020</dataCriacao>
      <campoAplicacaoLista>
        <campoAplicacao>
          <codigo inid="Cp">TP-03</codigo>
        </campoAplicacao>
        <campoAplicacao>
          <codigo inid="Cp">TP-04</codigo>
        </campoAplicacao>
      </campoAplicacaoLista>
      <linguagemLista>
        <linguagem inid="Lg">C</linguagem>
        <linguagem inid="Lg">C++</linguagem>
      </linguagemLista>
      <tipoProgramaLista>
        <tipoPrograma>
          <codigo inid="Tp">AT-05</codigo>
        </tipoPrograma>
      </tipoProgramaLista>
      <titularLista>
        <titular sequencia="1" inid="73">
          <nome>MRS LOGÍSTICA S.A.</nome>
        </titular>
      </titularLista>
      <criadorLista>
        <criador sequencia="1" inid="Cr">
          <nome>GABRIEL JOSÉ COSTA BARROS</nome>
        </criador>
        <criador sequencia="2" inid="Cr">
          <nome>SÉRGIO LUIZ DE OLIVEIRA</nome>
        </criador>
      </criadorLista>
    </processo-programa>
  </despacho>
  <despacho>
    <codigo>730</codigo>
    <titulo>Expedição do Certificado de Registro</titulo>
    <processo-programa>
      <numero inid="Np">BR 51 2020 001299-0</numero>
      <titulo inid="54">CAE na Rede</titulo>
      <dataCriacao inid="Dl">12/03/2020</dataCriacao>
      <campoAplicacaoLista>
        <campoAplicacao>
          <codigo inid="Cp">ED-06</codigo>
        </campoAplicacao>
      </campoAplicacaoLista>
      <linguagemLista>
        <linguagem inid="Lg">OUTROS</linguagem>
      </linguagemLista>
      <tipoProgramaLista>
        <tipoPrograma>
          <codigo inid="Tp">AP-01</codigo>
        </tipoPrograma>
      </tipoProgramaLista>
      <titularLista>
        <titular sequencia="1" inid="73">
          <nome>INSTITUTO FEDERAL DE EDUCACAO, CIENCIA E TECNOLOGIA FARROUPILHA</nome>
        </titular>
      </titularLista>
      <criadorLista>
        <criador sequencia="1" inid="Cr">
          <nome>JAQUELINE DUTRA DE OLIVEIRA</nome>
        </criador>
        <criador sequencia="2" inid="Cr">
          <nome>RENATO XAVIER COUTINHO</nome>
        </criador>
      </criadorLista>
    </processo-programa>
  </despacho>
  <despacho>
    <codigo>730</codigo>
    <titulo>Expedição do Certificado de Registro</titulo>
    <processo-programa>
      <numero inid="Np">BR 51 2020 001301-5</numero>
      <titulo inid="54">PredComp: Predition of Soil Compaction Induced by Agricultural Field Traffic</titulo>
      <dataCriacao inid="Dl">29/05/2018</dataCriacao>
      <campoAplicacaoLista>
        <campoAplicacao>
          <codigo inid="Cp">AG-01</codigo>
        </campoAplicacao>
        <campoAplicacao>
          <codigo inid="Cp">AG-07</codigo>
        </campoAplicacao>
      </campoAplicacaoLista>
      <linguagemLista>
        <linguagem inid="Lg">R</linguagem>
      </linguagemLista>
      <tipoProgramaLista>
        <tipoPrograma>
          <codigo inid="Tp">SM-01</codigo>
        </tipoPrograma>
      </tipoProgramaLista>
      <titularLista>
        <titular sequencia="1" inid="73">
          <nome>INSTITUTO FEDERAL DE EDUCAÇÃO, CIÊNCIA E TECNOLOGIA GOIANO</nome>
        </titular>
        <titular sequencia="2" inid="73">
          <nome>UNIVERSIDADE FEDERAL RURAL DE PERNAMBUCO</nome>
        </titular>
      </titularLista>
      <criadorLista>
        <criador sequencia="1" inid="Cr">
          <nome>ANDERSON RODRIGO DA SILVA</nome>
        </criador>
        <criador sequencia="2" inid="Cr">
          <nome>RENATO PAIVA DE LIMA</nome>
        </criador>
      </criadorLista>
    </processo-programa>
  </despacho>
  <despacho>
    <codigo>730</codigo>
    <titulo>Expedição do Certificado de Registro</titulo>
    <processo-programa>
      <numero inid="Np">BR 51 2020 001302-3</numero>
      <titulo inid="54">EducaMS</titulo>
      <dataCriacao inid="Dl">31/05/2019</dataCriacao>
      <campoAplicacaoLista>
        <campoAplicacao>
          <codigo inid="Cp">ED-06</codigo>
        </campoAplicacao>
      </campoAplicacaoLista>
      <linguagemLista>
        <linguagem inid="Lg">OUTROS</linguagem>
      </linguagemLista>
      <tipoProgramaLista>
        <tipoPrograma>
          <codigo inid="Tp">AP-01</codigo>
        </tipoPrograma>
      </tipoProgramaLista>
      <titularLista>
        <titular sequencia="1" inid="73">
          <nome>MIL TEC TECNOLOGIA DA INFORMAÇÃO EIRELI</nome>
        </titular>
      </titularLista>
      <criadorLista>
        <criador sequencia="1" inid="Cr">
          <nome>LINDAMARA BRANDÃO DE OLIVEIRA</nome>
        </criador>
      </criadorLista>
    </processo-programa>
  </despacho>
  <despacho>
    <codigo>730</codigo>
    <titulo>Expedição do Certificado de Registro</titulo>
    <processo-programa>
      <numero inid="Np">BR 51 2020 001304-0</numero>
      <titulo inid="54">Monitor COVID WEB - Sistema de Gerenciamento de pessoas monitoradas durante a Pandemia COVID19</titulo>
      <dataCriacao inid="Dl">29/04/2020</dataCriacao>
      <campoAplicacaoLista>
        <campoAplicacao>
          <codigo inid="Cp">IF-04</codigo>
        </campoAplicacao>
        <campoAplicacao>
          <codigo inid="Cp">IF-07</codigo>
        </campoAplicacao>
        <campoAplicacao>
          <codigo inid="Cp">IN-02</codigo>
        </campoAplicacao>
        <campoAplicacao>
          <codigo inid="Cp">SD-02</codigo>
        </campoAplicacao>
        <campoAplicacao>
          <codigo inid="Cp">SD-03</codigo>
        </campoAplicacao>
      </campoAplicacaoLista>
      <linguagemLista>
        <linguagem inid="Lg">DJANGO</linguagem>
        <linguagem inid="Lg">JAVA</linguagem>
        <linguagem inid="Lg">MYSQL</linguagem>
        <linguagem inid="Lg">PHP</linguagem>
        <linguagem inid="Lg">PYTHON</linguagem>
      </linguagemLista>
      <tipoProgramaLista>
        <tipoPrograma>
          <codigo inid="Tp">AP-03</codigo>
        </tipoPrograma>
        <tipoPrograma>
          <codigo inid="Tp">FA-01</codigo>
        </tipoPrograma>
        <tipoPrograma>
          <codigo inid="Tp">GI-01</codigo>
        </tipoPrograma>
        <tipoPrograma>
          <codigo inid="Tp">GI-04</codigo>
        </tipoPrograma>
        <tipoPrograma>
          <codigo inid="Tp">PD-05</codigo>
        </tipoPrograma>
      </tipoProgramaLista>
      <titularLista>
        <titular sequencia="1" inid="73">
          <nome>JOÃO LÚCIO DE SOUZA JÚNIOR</nome>
        </titular>
      </titularLista>
      <criadorLista>
        <criador sequencia="1" inid="Cr">
          <nome>JOÃO LÚCIO DE SOUZA JÚNIOR</nome>
        </criador>
        <criador sequencia="2" inid="Cr">
          <nome>LUIZ FERNANDO REINOSO</nome>
        </criador>
      </criadorLista>
    </processo-programa>
  </despacho>
  <despacho>
    <codigo>730</codigo>
    <titulo>Expedição do Certificado de Registro</titulo>
    <processo-programa>
      <numero inid="Np">BR 51 2020 001305-8</numero>
      <titulo inid="54">RKSAM</titulo>
      <dataCriacao inid="Dl">15/11/2016</dataCriacao>
      <campoAplicacaoLista>
        <campoAplicacao>
          <codigo inid="Cp">AD-03</codigo>
        </campoAplicacao>
        <campoAplicacao>
          <codigo inid="Cp">AD-05</codigo>
        </campoAplicacao>
        <campoAplicacao>
          <codigo inid="Cp">AD-07</codigo>
        </campoAplicacao>
        <campoAplicacao>
          <codigo inid="Cp">IF-01</codigo>
        </campoAplicacao>
        <campoAplicacao>
          <codigo inid="Cp">PS-02</codigo>
        </campoAplicacao>
        <campoAplicacao>
          <codigo inid="Cp">TB-01</codigo>
        </campoAplicacao>
        <campoAplicacao>
          <codigo inid="Cp">TB-02</codigo>
        </campoAplicacao>
      </campoAplicacaoLista>
      <linguagemLista>
        <linguagem inid="Lg">DELPHI</linguagem>
        <linguagem inid="Lg">JAVA</linguagem>
        <linguagem inid="Lg">JAVA SCRIPT</linguagem>
        <linguagem inid="Lg">MAKER</linguagem>
      </linguagemLista>
      <tipoProgramaLista>
        <tipoPrograma>
          <codigo inid="Tp">AP-01</codigo>
        </tipoPrograma>
        <tipoPrograma>
          <codigo inid="Tp">AP-04</codigo>
        </tipoPrograma>
        <tipoPrograma>
          <codigo inid="Tp">AT-06</codigo>
        </tipoPrograma>
        <tipoPrograma>
          <codigo inid="Tp">AV-01</codigo>
        </tipoPrograma>
        <tipoPrograma>
          <codigo inid="Tp">IA-01</codigo>
        </tipoPrograma>
        <tipoPrograma>
          <codigo inid="Tp">IA-02</codigo>
        </tipoPrograma>
        <tipoPrograma>
          <codigo inid="Tp">PD-01</codigo>
        </tipoPrograma>
        <tipoPrograma>
          <codigo inid="Tp">TC-03</codigo>
        </tipoPrograma>
      </tipoProgramaLista>
      <titularLista>
        <titular sequencia="1" inid="73">
          <nome>JOSÉ EDUARDO SEVERO</nome>
        </titular>
      </titularLista>
      <criadorLista>
        <criador sequencia="1" inid="Cr">
          <nome>JOSÉ EDUARDO SEVERO</nome>
        </criador>
      </criadorLista>
    </processo-programa>
  </despacho>
  <despacho>
    <codigo>730</codigo>
    <titulo>Expedição do Certificado de Registro</titulo>
    <processo-programa>
      <numero inid="Np">BR 51 2020 001306-6</numero>
      <titulo inid="54">Linkin M</titulo>
      <dataCriacao inid="Dl">23/03/2019</dataCriacao>
      <campoAplicacaoLista>
        <campoAplicacao>
          <codigo inid="Cp">ED-03</codigo>
        </campoAplicacao>
        <campoAplicacao>
          <codigo inid="Cp">MT-05</codigo>
        </campoAplicacao>
      </campoAplicacaoLista>
      <linguagemLista>
        <linguagem inid="Lg">CSS</linguagem>
        <linguagem inid="Lg">HTML</linguagem>
        <linguagem inid="Lg">JAVA SCRIPT</linguagem>
      </linguagemLista>
      <tipoProgramaLista>
        <tipoPrograma>
          <codigo inid="Tp">AP-01</codigo>
        </tipoPrograma>
      </tipoProgramaLista>
      <titularLista>
        <titular sequencia="1" inid="73">
          <nome>FUNDAÇÃO UNIVERSIDADE FEDERAL DO PAMPA</nome>
        </titular>
      </titularLista>
      <criadorLista>
        <criador sequencia="1" inid="Cr">
          <nome>BRENO TIAGO DE SOUZA MOTA</nome>
        </criador>
        <criador sequencia="2" inid="Cr">
          <nome>LEANDRO BLASS</nome>
        </criador>
      </criadorLista>
    </processo-programa>
  </despacho>
  <despacho>
    <codigo>730</codigo>
    <titulo>Expedição do Certificado de Registro</titulo>
    <processo-programa>
      <numero inid="Np">BR 51 2020 001309-0</numero>
      <titulo inid="54">To-Aki</titulo>
      <dataCriacao inid="Dl">07/07/2020</dataCriacao>
      <campoAplicacaoLista>
        <campoAplicacao>
          <codigo inid="Cp">CO-04</codigo>
        </campoAplicacao>
      </campoAplicacaoLista>
      <linguagemLista>
        <linguagem inid="Lg">JAVA SCRIPT</linguagem>
        <linguagem inid="Lg">NODEJS</linguagem>
      </linguagemLista>
      <tipoProgramaLista>
        <tipoPrograma>
          <codigo inid="Tp">AP-01</codigo>
        </tipoPrograma>
      </tipoProgramaLista>
      <titularLista>
        <titular sequencia="1" inid="73">
          <nome>SHEILA LEMOS MENDES</nome>
        </titular>
      </titularLista>
      <criadorLista>
        <criador sequencia="1" inid="Cr">
          <nome>FABIO BASSO</nome>
        </criador>
      </criadorLista>
    </processo-programa>
  </despacho>
  <despacho>
    <codigo>730</codigo>
    <titulo>Expedição do Certificado de Registro</titulo>
    <processo-programa>
      <numero inid="Np">BR 51 2020 001310-4</numero>
      <titulo inid="54">Tetris Químico</titulo>
      <dataCriacao inid="Dl">28/05/2020</dataCriacao>
      <campoAplicacaoLista>
        <campoAplicacao>
          <codigo inid="Cp">AN-07</codigo>
        </campoAplicacao>
        <campoAplicacao>
          <codigo inid="Cp">ED-04</codigo>
        </campoAplicacao>
        <campoAplicacao>
          <codigo inid="Cp">ED-06</codigo>
        </campoAplicacao>
        <campoAplicacao>
          <codigo inid="Cp">PS-01</codigo>
        </campoAplicacao>
      </campoAplicacaoLista>
      <linguagemLista>
        <linguagem inid="Lg">DELPHI</linguagem>
      </linguagemLista>
      <tipoProgramaLista>
        <tipoPrograma>
          <codigo inid="Tp">AP-01</codigo>
        </tipoPrograma>
        <tipoPrograma>
          <codigo inid="Tp">ET-02</codigo>
        </tipoPrograma>
      </tipoProgramaLista>
      <titularLista>
        <titular sequencia="1" inid="73">
          <nome>INSTITUTO FEDERAL DE EDUCAÇÃO, CIÊNCIA E TECNOLOGIA GOIANO</nome>
        </titular>
      </titularLista>
      <criadorLista>
        <criador sequencia="1" inid="Cr">
          <nome>ALÉCIO RODRIGUES NUNES</nome>
        </criador>
        <criador sequencia="2" inid="Cr">
          <nome>DYLAN ÁVILA ALVES</nome>
        </criador>
        <criador sequencia="3" inid="Cr">
          <nome>ELIANA TIBA GOMES GRANDE</nome>
        </criador>
        <criador sequencia="4" inid="Cr">
          <nome>ERIK MENEZES COSTA</nome>
        </criador>
        <criador sequencia="5" inid="Cr">
          <nome>KELLY REJANE DE OLIVEIRA ARAÚJO</nome>
        </criador>
        <criador sequencia="6" inid="Cr">
          <nome>MAXWELL FERREIRA GRANDE</nome>
        </criador>
        <criador sequencia="7" inid="Cr">
          <nome>NÁDIA CRISTINA FERREIRA</nome>
        </criador>
        <criador sequencia="8" inid="Cr">
          <nome>RITA FERREIRA DUARTE</nome>
        </criador>
      </criadorLista>
    </processo-programa>
  </despacho>
  <despacho>
    <codigo>730</codigo>
    <titulo>Expedição do Certificado de Registro</titulo>
    <processo-programa>
      <numero inid="Np">BR 51 2020 001311-2</numero>
      <titulo inid="54">QuantyFilm</titulo>
      <dataCriacao inid="Dl">02/01/2020</dataCriacao>
      <campoAplicacaoLista>
        <campoAplicacao>
          <codigo inid="Cp">BL-01</codigo>
        </campoAplicacao>
        <campoAplicacao>
          <codigo inid="Cp">FQ-12</codigo>
        </campoAplicacao>
        <campoAplicacao>
          <codigo inid="Cp">SD-09</codigo>
        </campoAplicacao>
      </campoAplicacaoLista>
      <linguagemLista>
        <linguagem inid="Lg">JAVA</linguagem>
      </linguagemLista>
      <tipoProgramaLista>
        <tipoPrograma>
          <codigo inid="Tp">FA-01</codigo>
        </tipoPrograma>
      </tipoProgramaLista>
      <titularLista>
        <titular sequencia="1" inid="73">
          <nome>VANDBERGUE SANTOS PEREIRA</nome>
        </titular>
      </titularLista>
      <criadorLista>
        <criador sequencia="1" inid="Cr">
          <nome>RAIMUNDA SÂMIA NOGUEIRA BRILHANTE</nome>
        </criador>
        <criador sequencia="2" inid="Cr">
          <nome>VANDBERGUE SANTOS PEREIRA</nome>
        </criador>
      </criadorLista>
    </processo-programa>
  </despacho>
  <despacho>
    <codigo>730</codigo>
    <titulo>Expedição do Certificado de Registro</titulo>
    <processo-programa>
      <numero inid="Np">BR 51 2020 001312-0</numero>
      <titulo inid="54">Adianti Reports</titulo>
      <dataCriacao inid="Dl">01/01/2011</dataCriacao>
      <campoAplicacaoLista>
        <campoAplicacao>
          <codigo inid="Cp">IF-10</codigo>
        </campoAplicacao>
      </campoAplicacaoLista>
      <linguagemLista>
        <linguagem inid="Lg">PHP</linguagem>
      </linguagemLista>
      <tipoProgramaLista>
        <tipoPrograma>
          <codigo inid="Tp">GI-04</codigo>
        </tipoPrograma>
      </tipoProgramaLista>
      <titularLista>
        <titular sequencia="1" inid="73">
          <nome>ADIANTI SOLUCOES EM INFORMATICA</nome>
        </titular>
      </titularLista>
      <criadorLista>
        <criador sequencia="1" inid="Cr">
          <nome>PABLO DALL OGLIO</nome>
        </criador>
      </criadorLista>
    </processo-programa>
  </despacho>
  <despacho>
    <codigo>730</codigo>
    <titulo>Expedição do Certificado de Registro</titulo>
    <processo-programa>
      <numero inid="Np">BR 51 2020 001313-9</numero>
      <titulo inid="54">Inti Plataform</titulo>
      <dataCriacao inid="Dl">01/09/2015</dataCriacao>
      <campoAplicacaoLista>
        <campoAplicacao>
          <codigo inid="Cp">IN-02</codigo>
        </campoAplicacao>
      </campoAplicacaoLista>
      <linguagemLista>
        <linguagem inid="Lg">MYSQL</linguagem>
        <linguagem inid="Lg">PHP</linguagem>
      </linguagemLista>
      <tipoProgramaLista>
        <tipoPrograma>
          <codigo inid="Tp">AP-01</codigo>
        </tipoPrograma>
      </tipoProgramaLista>
      <titularLista>
        <titular sequencia="1" inid="73">
          <nome>IT.ART TECNOLOGIA LTDA</nome>
        </titular>
        <titular sequencia="2" inid="73">
          <nome>NICOLLE SHARON STAD</nome>
        </titular>
      </titularLista>
      <criadorLista>
        <criador sequencia="1" inid="Cr">
          <nome>FILLIPI PERASSOLO</nome>
        </criador>
      </criadorLista>
    </processo-programa>
  </despacho>
  <despacho>
    <codigo>730</codigo>
    <titulo>Expedição do Certificado de Registro</titulo>
    <processo-programa>
      <numero inid="Np">BR 51 2020 001314-7</numero>
      <titulo inid="54">DEEPTUB: modelo deep learning para predição de morte por tuberculose</titulo>
      <dataCriacao inid="Dl">03/07/2020</dataCriacao>
      <campoAplicacaoLista>
        <campoAplicacao>
          <codigo inid="Cp">SD-02</codigo>
        </campoAplicacao>
        <campoAplicacao>
          <codigo inid="Cp">SD-05</codigo>
        </campoAplicacao>
        <campoAplicacao>
          <codigo inid="Cp">SD-08</codigo>
        </campoAplicacao>
        <campoAplicacao>
          <codigo inid="Cp">SD-09</codigo>
        </campoAplicacao>
      </campoAplicacaoLista>
      <linguagemLista>
        <linguagem inid="Lg">PYTHON</linguagem>
      </linguagemLista>
      <tipoProgramaLista>
        <tipoPrograma>
          <codigo inid="Tp">AP-01</codigo>
        </tipoPrograma>
      </tipoProgramaLista>
      <titularLista>
        <titular sequencia="1" inid="73">
          <nome>ÉLISSON DA SILVA ROCHA</nome>
        </titular>
        <titular sequencia="2" inid="73">
          <nome>PATRICIA TAKAKO ENDO</nome>
        </titular>
        <titular sequencia="3" inid="73">
          <nome>VANDERSON DE SOUZA SAMPAIO</nome>
        </titular>
      </titularLista>
      <criadorLista>
        <criador sequencia="1" inid="Cr">
          <nome>ÉLISSON DA SILVA ROCHA</nome>
        </criador>
      </criadorLista>
    </processo-programa>
  </despacho>
  <despacho>
    <codigo>730</codigo>
    <titulo>Expedição do Certificado de Registro</titulo>
    <processo-programa>
      <numero inid="Np">BR 51 2020 001315-5</numero>
      <titulo inid="54">Ferramenta gerenciar e publicar conteúdos em sites e portais</titulo>
      <dataCriacao inid="Dl">13/12/2001</dataCriacao>
      <campoAplicacaoLista>
        <campoAplicacao>
          <codigo inid="Cp">AD-01</codigo>
        </campoAplicacao>
        <campoAplicacao>
          <codigo inid="Cp">AD-04</codigo>
        </campoAplicacao>
        <campoAplicacao>
          <codigo inid="Cp">AD-05</codigo>
        </campoAplicacao>
        <campoAplicacao>
          <codigo inid="Cp">AD-10</codigo>
        </campoAplicacao>
      </campoAplicacaoLista>
      <linguagemLista>
        <linguagem inid="Lg">AJAX</linguagem>
        <linguagem inid="Lg">CSS</linguagem>
        <linguagem inid="Lg">HTML</linguagem>
        <linguagem inid="Lg">JAVA</linguagem>
        <linguagem inid="Lg">JAVA SCRIPT</linguagem>
        <linguagem inid="Lg">JSP</linguagem>
        <linguagem inid="Lg">MYSQL</linguagem>
        <linguagem inid="Lg">OUTROS</linguagem>
        <linguagem inid="Lg">POSTGREE SQL</linguagem>
      </linguagemLista>
      <tipoProgramaLista>
        <tipoPrograma>
          <codigo inid="Tp">AP-01</codigo>
        </tipoPrograma>
        <tipoPrograma>
          <codigo inid="Tp">GI-01</codigo>
        </tipoPrograma>
      </tipoProgramaLista>
      <titularLista>
        <titular sequencia="1" inid="73">
          <nome>VISIONNAIRE INFORMATICA S/A</nome>
        </titular>
      </titularLista>
      <criadorLista>
        <criador sequencia="1" inid="Cr">
          <nome>SERGIO MAINETTI JR</nome>
        </criador>
      </criadorLista>
    </processo-programa>
  </despacho>
  <despacho>
    <codigo>730</codigo>
    <titulo>Expedição do Certificado de Registro</titulo>
    <processo-programa>
      <numero inid="Np">BR 51 2020 001316-3</numero>
      <titulo inid="54">IPOM Project</titulo>
      <dataCriacao inid="Dl">04/05/2017</dataCriacao>
      <campoAplicacaoLista>
        <campoAplicacao>
          <codigo inid="Cp">AD-05</codigo>
        </campoAplicacao>
        <campoAplicacao>
          <codigo inid="Cp">AD-11</codigo>
        </campoAplicacao>
        <campoAplicacao>
          <codigo inid="Cp">FN-01</codigo>
        </campoAplicacao>
        <campoAplicacao>
          <codigo inid="Cp">FN-05</codigo>
        </campoAplicacao>
        <campoAplicacao>
          <codigo inid="Cp">IF-04</codigo>
        </campoAplicacao>
        <campoAplicacao>
          <codigo inid="Cp">IN-02</codigo>
        </campoAplicacao>
        <campoAplicacao>
          <codigo inid="Cp">TB-01</codigo>
        </campoAplicacao>
      </campoAplicacaoLista>
      <linguagemLista>
        <linguagem inid="Lg">.NET</linguagem>
        <linguagem inid="Lg">C#</linguagem>
        <linguagem inid="Lg">CSS</linguagem>
        <linguagem inid="Lg">HTML</linguagem>
        <linguagem inid="Lg">JAVA SCRIPT</linguagem>
      </linguagemLista>
      <tipoProgramaLista>
        <tipoPrograma>
          <codigo inid="Tp">AP-01</codigo>
        </tipoPrograma>
        <tipoPrograma>
          <codigo inid="Tp">AP-02</codigo>
        </tipoPrograma>
        <tipoPrograma>
          <codigo inid="Tp">AP-03</codigo>
        </tipoPrograma>
        <tipoPrograma>
          <codigo inid="Tp">AT-02</codigo>
        </tipoPrograma>
        <tipoPrograma>
          <codigo inid="Tp">AT-06</codigo>
        </tipoPrograma>
        <tipoPrograma>
          <codigo inid="Tp">AV-01</codigo>
        </tipoPrograma>
        <tipoPrograma>
          <codigo inid="Tp">FA-03</codigo>
        </tipoPrograma>
        <tipoPrograma>
          <codigo inid="Tp">FA-04</codigo>
        </tipoPrograma>
        <tipoPrograma>
          <codigo inid="Tp">GI-01</codigo>
        </tipoPrograma>
        <tipoPrograma>
          <codigo inid="Tp">GI-04</codigo>
        </tipoPrograma>
        <tipoPrograma>
          <codigo inid="Tp">SO-07</codigo>
        </tipoPrograma>
      </tipoProgramaLista>
      <titularLista>
        <titular sequencia="1" inid="73">
          <nome>LUIZ CLAUDIO DE MAGALHÃES</nome>
        </titular>
      </titularLista>
      <criadorLista>
        <criador sequencia="1" inid="Cr">
          <nome>GABRIEL PIETRO LINHARES COSTA</nome>
        </criador>
        <criador sequencia="2" inid="Cr">
          <nome>JORGE LUIZ OLIVEIRA BORBA</nome>
        </criador>
        <criador sequencia="3" inid="Cr">
          <nome>LUIZ CLAUDIO DE MAGALHÃES</nome>
        </criador>
        <criador sequencia="4" inid="Cr">
          <nome>LUÍS FERNANDO LINHARES</nome>
        </criador>
        <criador sequencia="5" inid="Cr">
          <nome>LUÍS FERNANDO LINHARES</nome>
        </criador>
        <criador sequencia="6" inid="Cr">
          <nome>LUÍS FERNANDO LINHARES</nome>
        </criador>
        <criador sequencia="7" inid="Cr">
          <nome>LUÍS FERNANDO LINHARES</nome>
        </criador>
      </criadorLista>
    </processo-programa>
  </despacho>
  <despacho>
    <codigo>730</codigo>
    <titulo>Expedição do Certificado de Registro</titulo>
    <processo-programa>
      <numero inid="Np">BR 51 2020 001318-0</numero>
      <titulo inid="54">FOREST AND CLIMATE</titulo>
      <dataCriacao inid="Dl">07/04/2013</dataCriacao>
      <campoAplicacaoLista>
        <campoAplicacao>
          <codigo inid="Cp">MA-01</codigo>
        </campoAplicacao>
      </campoAplicacaoLista>
      <linguagemLista>
        <linguagem inid="Lg">FORTRAN</linguagem>
        <linguagem inid="Lg">VISUAL BASIC</linguagem>
      </linguagemLista>
      <tipoProgramaLista>
        <tipoPrograma>
          <codigo inid="Tp">TC-01</codigo>
        </tipoPrograma>
      </tipoProgramaLista>
      <titularLista>
        <titular sequencia="1" inid="73">
          <nome>VALE S.A.</nome>
        </titular>
      </titularLista>
      <criadorLista>
        <criador sequencia="1" inid="Cr">
          <nome>LUIZ GYLVAN MEIRA FILHO</nome>
        </criador>
      </criadorLista>
    </processo-programa>
  </despacho>
  <despacho>
    <codigo>733</codigo>
    <titulo>Alteração de endereço</titulo>
    <processo-programa>
      <numero inid="Np">BR 51 2016 001223-4</numero>
      <titulo inid="54">INFRAESTRUTURA JAVA</titulo>
      <titularLista>
        <titular sequencia="1" inid="73">
          <nome>D2TI SOLUÇÕES INTEGRADAS LTDA</nome>
        </titular>
      </titularLista>
    </processo-programa>
  </despacho>
  <despacho>
    <codigo>734</codigo>
    <titulo>Transferência de Titularidade</titulo>
    <processo-programa>
      <numero inid="Np">BR 51 2018 000059-2</numero>
      <titulo inid="54">NEFRODATA</titulo>
      <titularLista>
        <titular sequencia="1" inid="73">
          <nome>NEFRODATA SISTEMAS LTDA</nome>
        </titular>
        <titular sequencia="2" inid="73">
          <nome>OPERAÇÃO NEFRODATA SISTEMAS LTDA.</nome>
        </titular>
      </titularLista>
    </processo-programa>
    <comentario inid="co">Transferência da petição 870200084472 homologada.</comentario>
  </despacho>
  <despacho>
    <codigo>734</codigo>
    <titulo>Transferência de Titularidade</titulo>
    <processo-programa>
      <numero inid="Np">BR 51 2020 000622-1</numero>
      <titulo inid="54">LIFESHUB REDE ASSISTENCIAL</titulo>
      <titularLista>
        <titular sequencia="1" inid="73">
          <nome>LIFESHUB GROUP S/A</nome>
        </titular>
      </titularLista>
    </processo-programa>
    <comentario inid="co">Transferência da petição 870200086038 homologada.</comentario>
  </despacho>
  <despacho>
    <codigo>734</codigo>
    <titulo>Transferência de Titularidade</titulo>
    <processo-programa>
      <numero inid="Np">BR 51 2020 000623-0</numero>
      <titulo inid="54">LIFESHUB PRODUÇÃO</titulo>
      <titularLista>
        <titular sequencia="1" inid="73">
          <nome>LIFESHUB GROUP S/A</nome>
        </titular>
      </titularLista>
    </processo-programa>
    <comentario inid="co">Transferência da petição 870200086050 homologada.</comentario>
  </despacho>
  <despacho>
    <codigo>734</codigo>
    <titulo>Transferência de Titularidade</titulo>
    <processo-programa>
      <numero inid="Np">BR 51 2020 000624-8</numero>
      <titulo inid="54">LIFESHUB SAÚDE SUPLEMENTAR</titulo>
      <titularLista>
        <titular sequencia="1" inid="73">
          <nome>LIFESHUB GROUP S/A</nome>
        </titular>
      </titularLista>
    </processo-programa>
    <comentario inid="co">Transferência da petição 870200086097 homologada.</comentario>
  </despacho>
  <despacho>
    <codigo>734</codigo>
    <titulo>Transferência de Titularidade</titulo>
    <processo-programa>
      <numero inid="Np">BR 51 2020 000625-6</numero>
      <titulo inid="54">LIFESHUB ANÁLISE DE CONCORRÊNCIA</titulo>
      <titularLista>
        <titular sequencia="1" inid="73">
          <nome>LIFESHUB GROUP S/A</nome>
        </titular>
      </titularLista>
    </processo-programa>
    <comentario inid="co">Transferência da petição 870200086108 homologada.</comentario>
  </despacho>
  <despacho>
    <codigo>734</codigo>
    <titulo>Transferência de Titularidade</titulo>
    <processo-programa>
      <numero inid="Np">BR 51 2020 000626-4</numero>
      <titulo inid="54">LIFESHUB INDÚSTRIA DE EQUIPAMENTOS</titulo>
      <titularLista>
        <titular sequencia="1" inid="73">
          <nome>LIFESHUB GROUP S/A</nome>
        </titular>
      </titularLista>
    </processo-programa>
    <comentario inid="co">Transferência da petição 870200086119 homologada.</comentario>
  </despacho>
  <despacho>
    <codigo>734</codigo>
    <titulo>Transferência de Titularidade</titulo>
    <processo-programa>
      <numero inid="Np">BR 51 2020 000627-2</numero>
      <titulo inid="54">LIFESHUB MERCADO CONSUMIDOR</titulo>
      <titularLista>
        <titular sequencia="1" inid="73">
          <nome>LIFESHUB GROUP S/A</nome>
        </titular>
      </titularLista>
    </processo-programa>
    <comentario inid="co">Transferência da petição 870200086138 homologada.</comentario>
  </despacho>
  <despacho>
    <codigo>734</codigo>
    <titulo>Transferência de Titularidade</titulo>
    <processo-programa>
      <numero inid="Np">BR 51 2020 000629-9</numero>
      <titulo inid="54">LIFESHUB PLATAFORMA</titulo>
      <titularLista>
        <titular sequencia="1" inid="73">
          <nome>LIFESHUB GROUP S/A</nome>
        </titular>
      </titularLista>
    </processo-programa>
    <comentario inid="co">Transferência da petição 870200085961 homologada.</comentario>
  </despacho>
  <despacho>
    <codigo>742</codigo>
    <titulo>Petição não conhecida</titulo>
    <processo-programa>
      <numero inid="Np">BR 51 2020 001182-9</numero>
      <titulo inid="54">LP Care (Pressure Ulcer Care)</titulo>
      <titularLista>
        <titular sequencia="1" inid="73">
          <nome>FUNDAÇÃO UNIVERSIDADE DO AMAZONAS</nome>
        </titular>
      </titularLista>
    </processo-programa>
    <comentario inid="co">Pagamento da GRU fora do prazo ou não realizado referente ao protocolo 870200079618</comentario>
  </despacho>
  <despacho>
    <codigo>742</codigo>
    <titulo>Petição não conhecida</titulo>
    <processo-programa>
      <numero inid="Np">BR 51 2020 001215-9</numero>
      <titulo inid="54">CALCULADORA FINANCEIRA AUTOMATICA</titulo>
      <titularLista>
        <titular sequencia="1" inid="73">
          <nome>GREG BAPTISTA SCHNEIDER</nome>
        </titular>
      </titularLista>
    </processo-programa>
    <comentario inid="co">Pagamento da GRU fora do prazo ou não realizado referente ao protocolo 870200081372</comentario>
  </despacho>
  <despacho>
    <codigo>747</codigo>
    <titulo>Correção de dados no Certificado de Registro devido à falha do interessado</titulo>
    <processo-programa>
      <numero inid="Np">BR 51 2016 001672-8</numero>
      <titulo inid="54">EL MOCHILERO</titulo>
      <titularLista>
        <titular sequencia="1" inid="73">
          <nome>DAIANE PADULA PAZ</nome>
        </titular>
        <titular sequencia="2" inid="73">
          <nome>HUMBERTO DE MOURA COSTA</nome>
        </titular>
      </titularLista>
    </processo-programa>
    <comentario inid="co">Alteração realizada conforme solicitação</comentario>
  </despacho>
  <despacho>
    <codigo>747</codigo>
    <titulo>Correção de dados no Certificado de Registro devido à falha do interessado</titulo>
    <processo-programa>
      <numero inid="Np">BR 51 2017 000494-3</numero>
      <titulo inid="54">FÊNOX TEC</titulo>
      <titularLista>
        <titular sequencia="1" inid="73">
          <nome>FÊNOX TECNOLOGIA LTDA - EPP</nome>
        </titular>
      </titularLista>
    </processo-programa>
    <comentario inid="co">Alteração realizada</comentario>
  </despacho>
  <despacho>
    <codigo>747</codigo>
    <titulo>Correção de dados no Certificado de Registro devido à falha do interessado</titulo>
    <processo-programa>
      <numero inid="Np">BR 51 2018 000309-5</numero>
      <titulo inid="54">SISTEMA DE GERENCIAMENTO DE ELABORAÇÃO DE PATENTES - SGEP</titulo>
      <titularLista>
        <titular sequencia="1" inid="73">
          <nome>FUNDACAO UNIVERSIDADE FEDERAL DO VALE DO SAO FRANCISCO</nome>
        </titular>
      </titularLista>
    </processo-programa>
    <comentario inid="co">Inclusão do autor realizada conforme solicitação.</comentario>
  </despacho>
  <despacho>
    <codigo>747</codigo>
    <titulo>Correção de dados no Certificado de Registro devido à falha do interessado</titulo>
    <processo-programa>
      <numero inid="Np">BR 51 2020 000228-5</numero>
      <titulo inid="54">NAVEGADOR TERMOVISÃO</titulo>
      <titularLista>
        <titular sequencia="1" inid="73">
          <nome>UNIVERSIDADE FEDERAL DO TRIÂNGULO MINEIRO</nome>
        </titular>
      </titularLista>
    </processo-programa>
    <comentario inid="co">Inclusão do autor realizada conforme solicitação.</comentario>
  </despacho>
  <despacho>
    <codigo>747</codigo>
    <titulo>Correção de dados no Certificado de Registro devido à falha do interessado</titulo>
    <processo-programa>
      <numero inid="Np">BR 51 2020 000622-1</numero>
      <titulo inid="54">LIFESHUB REDE ASSISTENCIAL</titulo>
      <titularLista>
        <titular sequencia="1" inid="73">
          <nome>JAIME LEONEL DE PAULA JUNIOR</nome>
        </titular>
        <titular sequencia="2" inid="73">
          <nome>LIFESHUB GROUP S/A</nome>
        </titular>
      </titularLista>
    </processo-programa>
    <comentario inid="co">Alteração realizada</comentario>
  </despacho>
  <despacho>
    <codigo>747</codigo>
    <titulo>Correção de dados no Certificado de Registro devido à falha do interessado</titulo>
    <processo-programa>
      <numero inid="Np">BR 51 2020 000623-0</numero>
      <titulo inid="54">LIFESHUB PRODUÇÃO</titulo>
      <titularLista>
        <titular sequencia="1" inid="73">
          <nome>JAIME LEONEL DE PAULA JUNIOR</nome>
        </titular>
        <titular sequencia="2" inid="73">
          <nome>LIFESHUB GROUP S/A</nome>
        </titular>
      </titularLista>
    </processo-programa>
    <comentario inid="co">Alteração realizada.</comentario>
  </despacho>
  <despacho>
    <codigo>747</codigo>
    <titulo>Correção de dados no Certificado de Registro devido à falha do interessado</titulo>
    <processo-programa>
      <numero inid="Np">BR 51 2020 000624-8</numero>
      <titulo inid="54">LIFESHUB SAÚDE SUPLEMENTAR</titulo>
      <titularLista>
        <titular sequencia="1" inid="73">
          <nome>JAIME LEONEL DE PAULA JUNIOR</nome>
        </titular>
        <titular sequencia="2" inid="73">
          <nome>LIFESHUB GROUP S/A</nome>
        </titular>
      </titularLista>
    </processo-programa>
    <comentario inid="co">Alteração realizada.</comentario>
  </despacho>
  <despacho>
    <codigo>747</codigo>
    <titulo>Correção de dados no Certificado de Registro devido à falha do interessado</titulo>
    <processo-programa>
      <numero inid="Np">BR 51 2020 000625-6</numero>
      <titulo inid="54">LIFESHUB ANÁLISE DE CONCORRÊNCIA</titulo>
      <titularLista>
        <titular sequencia="1" inid="73">
          <nome>JAIME LEONEL DE PAULA JUNIOR</nome>
        </titular>
        <titular sequencia="2" inid="73">
          <nome>LIFESHUB GROUP S/A</nome>
        </titular>
      </titularLista>
    </processo-programa>
    <comentario inid="co">Atualização realizada conforme solicitação.</comentario>
  </despacho>
  <despacho>
    <codigo>747</codigo>
    <titulo>Correção de dados no Certificado de Registro devido à falha do interessado</titulo>
    <processo-programa>
      <numero inid="Np">BR 51 2020 000626-4</numero>
      <titulo inid="54">LIFESHUB INDÚSTRIA DE EQUIPAMENTOS</titulo>
      <titularLista>
        <titular sequencia="1" inid="73">
          <nome>JAIME LEONEL DE PAULA JUNIOR</nome>
        </titular>
        <titular sequencia="2" inid="73">
          <nome>LIFESHUB GROUP S/A</nome>
        </titular>
      </titularLista>
    </processo-programa>
    <comentario inid="co">Alteração realizada conforme solicitação.</comentario>
  </despacho>
  <despacho>
    <codigo>747</codigo>
    <titulo>Correção de dados no Certificado de Registro devido à falha do interessado</titulo>
    <processo-programa>
      <numero inid="Np">BR 51 2020 000627-2</numero>
      <titulo inid="54">LIFESHUB MERCADO CONSUMIDOR</titulo>
      <titularLista>
        <titular sequencia="1" inid="73">
          <nome>JAIME LEONEL DE PAULA JUNIOR</nome>
        </titular>
        <titular sequencia="2" inid="73">
          <nome>LIFESHUB GROUP S/A</nome>
        </titular>
      </titularLista>
    </processo-programa>
    <comentario inid="co">Alterção realização conforme solicitação via Fale Conosco.</comentario>
  </despacho>
  <despacho>
    <codigo>747</codigo>
    <titulo>Correção de dados no Certificado de Registro devido à falha do interessado</titulo>
    <processo-programa>
      <numero inid="Np">BR 51 2020 000629-9</numero>
      <titulo inid="54">LIFESHUB PLATAFORMA</titulo>
      <titularLista>
        <titular sequencia="1" inid="73">
          <nome>JAIME LEONEL DE PAULA JUNIOR</nome>
        </titular>
        <titular sequencia="2" inid="73">
          <nome>LIFESHUB GROUP S/A</nome>
        </titular>
      </titularLista>
    </processo-programa>
    <comentario inid="co">Alteração realizada</comentario>
  </despacho>
</revista>