<revista numero="2720" dataPublicacao="23/02/2023" diretoria="Programa">
  <despacho>
    <codigo>730</codigo>
    <titulo>Expedição do Certificado de Registro</titulo>
    <processo-programa>
      <numero inid="Np">BR 51 2023 000317-4</numero>
      <titulo inid="54">Robert_e_os_bactrianos.py</titulo>
      <dataCriacao inid="Dl">28/01/2023</dataCriacao>
      <campoAplicacaoLista>
        <campoAplicacao>
          <codigo inid="Cp">AN-04</codigo>
        </campoAplicacao>
      </campoAplicacaoLista>
      <linguagemLista>
        <linguagem inid="Lg">PYTHON</linguagem>
      </linguagemLista>
      <tipoProgramaLista>
        <tipoPrograma>
          <codigo inid="Tp">ET-02</codigo>
        </tipoPrograma>
      </tipoProgramaLista>
      <titularLista>
        <titular sequencia="1" inid="73">
          <nome>PEDRO IZECKSOHN</nome>
        </titular>
      </titularLista>
      <criadorLista>
        <criador sequencia="1" inid="Cr">
          <nome>PEDRO IZECKSOHN</nome>
        </criador>
      </criadorLista>
    </processo-programa>
  </despacho>
  <despacho>
    <codigo>730</codigo>
    <titulo>Expedição do Certificado de Registro</titulo>
    <processo-programa>
      <numero inid="Np">BR 51 2023 000318-2</numero>
      <titulo inid="54">Sistema automatizado de Detecção de Frentes Frias</titulo>
      <dataCriacao inid="Dl">Não informado</dataCriacao>
      <campoAplicacaoLista>
        <campoAplicacao>
          <codigo inid="Cp">HD-03</codigo>
        </campoAplicacao>
        <campoAplicacao>
          <codigo inid="Cp">MA-01</codigo>
        </campoAplicacao>
        <campoAplicacao>
          <codigo inid="Cp">ME-03</codigo>
        </campoAplicacao>
      </campoAplicacaoLista>
      <linguagemLista>
        <linguagem inid="Lg">HTML</linguagem>
        <linguagem inid="Lg">OUTROS</linguagem>
        <linguagem inid="Lg">PHP</linguagem>
      </linguagemLista>
      <tipoProgramaLista>
        <tipoPrograma>
          <codigo inid="Tp">AP-01</codigo>
        </tipoPrograma>
      </tipoProgramaLista>
      <titularLista>
        <titular sequencia="1" inid="73">
          <nome>INSTITUTO FEDERAL DE EDUCAÇÃO, CIÊNCIA E TECNOLOGIA DE SANTA CATARINA</nome>
        </titular>
      </titularLista>
      <criadorLista>
        <criador sequencia="1" inid="Cr">
          <nome>ADRIANO VITOR</nome>
        </criador>
        <criador sequencia="2" inid="Cr">
          <nome>MÁRIO FRANCISCO LEAL DE QUADRO</nome>
        </criador>
        <criador sequencia="3" inid="Cr">
          <nome>ROSELI DE OLIVEIRA</nome>
        </criador>
      </criadorLista>
    </processo-programa>
  </despacho>
  <despacho>
    <codigo>730</codigo>
    <titulo>Expedição do Certificado de Registro</titulo>
    <processo-programa>
      <numero inid="Np">BR 51 2023 000319-0</numero>
      <titulo inid="54">DATAWAVE EDITOR 3D</titulo>
      <dataCriacao inid="Dl">25/06/2022</dataCriacao>
      <campoAplicacaoLista>
        <campoAplicacao>
          <codigo inid="Cp">TC-04</codigo>
        </campoAplicacao>
      </campoAplicacaoLista>
      <linguagemLista>
        <linguagem inid="Lg">C++</linguagem>
      </linguagemLista>
      <tipoProgramaLista>
        <tipoPrograma>
          <codigo inid="Tp">TI-01</codigo>
        </tipoPrograma>
      </tipoProgramaLista>
      <titularLista>
        <titular sequencia="1" inid="73">
          <nome>FURUKAWA ELECTRIC LATAM S.A.</nome>
        </titular>
      </titularLista>
      <criadorLista>
        <criador sequencia="1" inid="Cr">
          <nome>BRUNA CAROLINA FERREIRA,</nome>
        </criador>
        <criador sequencia="2" inid="Cr">
          <nome>CINTHYA OESTREICH SILVA</nome>
        </criador>
        <criador sequencia="3" inid="Cr">
          <nome>GUILHERME BAUML CAMPAGNOLI</nome>
        </criador>
        <criador sequencia="4" inid="Cr">
          <nome>LUIZ EDUARDO ROUGEMONT</nome>
        </criador>
        <criador sequencia="5" inid="Cr">
          <nome>ORLANDO RENATO BRENNER LANTMANN</nome>
        </criador>
        <criador sequencia="6" inid="Cr">
          <nome>RENATO ALBANI DOS SANTOS</nome>
        </criador>
        <criador sequencia="7" inid="Cr">
          <nome>ROBERTSON SIQUEIRA DE OLIVEIRA,</nome>
        </criador>
        <criador sequencia="8" inid="Cr">
          <nome>SERGIO ROBERTO SCARPIN</nome>
        </criador>
        <criador sequencia="9" inid="Cr">
          <nome>WILLIAN VAGNER VICENTE CORRÊA</nome>
        </criador>
      </criadorLista>
    </processo-programa>
  </despacho>
  <despacho>
    <codigo>730</codigo>
    <titulo>Expedição do Certificado de Registro</titulo>
    <processo-programa>
      <numero inid="Np">BR 51 2023 000320-4</numero>
      <titulo inid="54">TX4 Task Manager</titulo>
      <dataCriacao inid="Dl">30/03/2021</dataCriacao>
      <campoAplicacaoLista>
        <campoAplicacao>
          <codigo inid="Cp">IF-02</codigo>
        </campoAplicacao>
        <campoAplicacao>
          <codigo inid="Cp">IF-03</codigo>
        </campoAplicacao>
        <campoAplicacao>
          <codigo inid="Cp">IF-09</codigo>
        </campoAplicacao>
        <campoAplicacao>
          <codigo inid="Cp">IF-10</codigo>
        </campoAplicacao>
      </campoAplicacaoLista>
      <linguagemLista>
        <linguagem inid="Lg">OUTROS</linguagem>
      </linguagemLista>
      <tipoProgramaLista>
        <tipoPrograma>
          <codigo inid="Tp">GI-02</codigo>
        </tipoPrograma>
        <tipoPrograma>
          <codigo inid="Tp">GI-03</codigo>
        </tipoPrograma>
        <tipoPrograma>
          <codigo inid="Tp">GI-04</codigo>
        </tipoPrograma>
        <tipoPrograma>
          <codigo inid="Tp">GI-07</codigo>
        </tipoPrograma>
        <tipoPrograma>
          <codigo inid="Tp">IA-01</codigo>
        </tipoPrograma>
      </tipoProgramaLista>
      <titularLista>
        <titular sequencia="1" inid="73">
          <nome>TX4 RETAIL SOLUCOES TECNOLOGICAS LTDA</nome>
        </titular>
      </titularLista>
      <criadorLista>
        <criador sequencia="1" inid="Cr">
          <nome>LUIZ FELIPE ARY FERREIRA</nome>
        </criador>
      </criadorLista>
    </processo-programa>
  </despacho>
  <despacho>
    <codigo>730</codigo>
    <titulo>Expedição do Certificado de Registro</titulo>
    <processo-programa>
      <numero inid="Np">BR 51 2023 000321-2</numero>
      <titulo inid="54">Notorius: Mapeamento de Potencial de Inovação</titulo>
      <dataCriacao inid="Dl">01/07/2022</dataCriacao>
      <campoAplicacaoLista>
        <campoAplicacao>
          <codigo inid="Cp">IN-02</codigo>
        </campoAplicacao>
      </campoAplicacaoLista>
      <linguagemLista>
        <linguagem inid="Lg">JAVA SCRIPT</linguagem>
      </linguagemLista>
      <tipoProgramaLista>
        <tipoPrograma>
          <codigo inid="Tp">AV-01</codigo>
        </tipoPrograma>
        <tipoPrograma>
          <codigo inid="Tp">GI-04</codigo>
        </tipoPrograma>
      </tipoProgramaLista>
      <titularLista>
        <titular sequencia="1" inid="73">
          <nome>FUNDAÇÃO UNIVERSIDADE DO VALE DO ITAJAI</nome>
        </titular>
      </titularLista>
      <criadorLista>
        <criador sequencia="1" inid="Cr">
          <nome>BERNANDO DEVENS FRAGA</nome>
        </criador>
        <criador sequencia="2" inid="Cr">
          <nome>GABRIEL FARIAS TURNES</nome>
        </criador>
        <criador sequencia="3" inid="Cr">
          <nome>MARCOS VINÍCIUS VIANA DA SILVA</nome>
        </criador>
      </criadorLista>
    </processo-programa>
  </despacho>
  <despacho>
    <codigo>730</codigo>
    <titulo>Expedição do Certificado de Registro</titulo>
    <processo-programa>
      <numero inid="Np">BR 51 2023 000322-0</numero>
      <titulo inid="54">GEFRUT - Gestão em Fruticultura</titulo>
      <dataCriacao inid="Dl">17/01/2020</dataCriacao>
      <campoAplicacaoLista>
        <campoAplicacao>
          <codigo inid="Cp">AD-05</codigo>
        </campoAplicacao>
        <campoAplicacao>
          <codigo inid="Cp">AG-01</codigo>
        </campoAplicacao>
        <campoAplicacao>
          <codigo inid="Cp">AG-09</codigo>
        </campoAplicacao>
        <campoAplicacao>
          <codigo inid="Cp">EC-14</codigo>
        </campoAplicacao>
        <campoAplicacao>
          <codigo inid="Cp">FN-06</codigo>
        </campoAplicacao>
      </campoAplicacaoLista>
      <linguagemLista>
        <linguagem inid="Lg">CSS</linguagem>
        <linguagem inid="Lg">HTML</linguagem>
        <linguagem inid="Lg">JAVA SCRIPT</linguagem>
        <linguagem inid="Lg">JQUERY</linguagem>
        <linguagem inid="Lg">MYSQL</linguagem>
        <linguagem inid="Lg">PHP</linguagem>
      </linguagemLista>
      <tipoProgramaLista>
        <tipoPrograma>
          <codigo inid="Tp">AP-01</codigo>
        </tipoPrograma>
        <tipoPrograma>
          <codigo inid="Tp">FA-04</codigo>
        </tipoPrograma>
        <tipoPrograma>
          <codigo inid="Tp">GI-02</codigo>
        </tipoPrograma>
        <tipoPrograma>
          <codigo inid="Tp">GI-04</codigo>
        </tipoPrograma>
        <tipoPrograma>
          <codigo inid="Tp">GI-06</codigo>
        </tipoPrograma>
      </tipoProgramaLista>
      <titularLista>
        <titular sequencia="1" inid="73">
          <nome>GEFRUT FRUTICULTURA EIRELI</nome>
        </titular>
      </titularLista>
      <criadorLista>
        <criador sequencia="1" inid="Cr">
          <nome>TIAGO BARBOSA STRUIVING</nome>
        </criador>
      </criadorLista>
    </processo-programa>
  </despacho>
  <despacho>
    <codigo>730</codigo>
    <titulo>Expedição do Certificado de Registro</titulo>
    <processo-programa>
      <numero inid="Np">BR 51 2023 000323-9</numero>
      <titulo inid="54">Sistema de Gerenciamento de Serviços de Saúde - SIGER</titulo>
      <dataCriacao inid="Dl">26/08/2015</dataCriacao>
      <campoAplicacaoLista>
        <campoAplicacao>
          <codigo inid="Cp">MA-04</codigo>
        </campoAplicacao>
        <campoAplicacao>
          <codigo inid="Cp">SM-02</codigo>
        </campoAplicacao>
        <campoAplicacao>
          <codigo inid="Cp">SM-03</codigo>
        </campoAplicacao>
      </campoAplicacaoLista>
      <linguagemLista>
        <linguagem inid="Lg">PYTHON</linguagem>
      </linguagemLista>
      <tipoProgramaLista>
        <tipoPrograma>
          <codigo inid="Tp">AP-02</codigo>
        </tipoPrograma>
        <tipoPrograma>
          <codigo inid="Tp">AP-04</codigo>
        </tipoPrograma>
      </tipoProgramaLista>
      <titularLista>
        <titular sequencia="1" inid="73">
          <nome>NEEMIAS ESPINDOLA DOS SANTOS</nome>
        </titular>
      </titularLista>
      <criadorLista>
        <criador sequencia="1" inid="Cr">
          <nome>ELMO RODRIGUES DA SILVA</nome>
        </criador>
        <criador sequencia="2" inid="Cr">
          <nome>LUIZ ANTONIO ARNAUD MENDES</nome>
        </criador>
        <criador sequencia="3" inid="Cr">
          <nome>NATÃ ESPINDULA DOS SANTOS</nome>
        </criador>
        <criador sequencia="4" inid="Cr">
          <nome>NEEMIAS ESPINDOLA DOS SANTOS</nome>
        </criador>
        <criador sequencia="5" inid="Cr">
          <nome>UBIRAJARA ALUIZIO DE OLIVEIRA MATTOS</nome>
        </criador>
      </criadorLista>
    </processo-programa>
  </despacho>
</revista>