<revista numero="2574" dataPublicacao="05/05/2020" diretoria="Programa">
  <despacho>
    <codigo>111</codigo>
    <titulo>Despacho Anulado</titulo>
    <processo-programa>
      <numero inid="Np">BR 51 2020 000391-5</numero>
      <titulo inid="54">Ambiente Virtual de Aprendizagem de Administração de medicamentos em pediatria/neonatologia</titulo>
      <titularLista>
        <titular sequencia="1" inid="73">
          <nome>FUNDAÇÃO UNIVERSIDADE DE BRASILIA</nome>
        </titular>
      </titularLista>
    </processo-programa>
    <comentario inid="co">Anulado o despacho 742 , publicado na RPI 2567 por ter sido indevido. Anulado o despacho 742 publicado na RPI 2567 por ter sido indevido. .</comentario>
  </despacho>
  <despacho>
    <codigo>730</codigo>
    <titulo>Expedição do Certificado de Registro</titulo>
    <processo-programa>
      <numero inid="Np">BR 51 2020 000391-5</numero>
      <titulo inid="54">Ambiente Virtual de Aprendizagem de Administração de medicamentos em pediatria/neonatologia</titulo>
      <dataCriacao inid="Dl">Não informado</dataCriacao>
      <campoAplicacaoLista>
        <campoAplicacao>
          <codigo inid="Cp">ED-04</codigo>
        </campoAplicacao>
      </campoAplicacaoLista>
      <linguagemLista>
        <linguagem inid="Lg">OUTROS</linguagem>
      </linguagemLista>
      <tipoProgramaLista>
        <tipoPrograma>
          <codigo inid="Tp">LG-01</codigo>
        </tipoPrograma>
      </tipoProgramaLista>
      <titularLista>
        <titular sequencia="1" inid="73">
          <nome>FUNDAÇÃO UNIVERSIDADE DE BRASILIA</nome>
        </titular>
      </titularLista>
      <criadorLista>
        <criador sequencia="1" inid="Cr">
          <nome>ALAYNE LARISSA MARTINS PEREIRA</nome>
        </criador>
        <criador sequencia="2" inid="Cr">
          <nome>CASANDRA GENOVEVA ROSALES MARTINS PONCE DE LEON</nome>
        </criador>
        <criador sequencia="3" inid="Cr">
          <nome>LAIANE MEDEIROS RIBEIRO</nome>
        </criador>
        <criador sequencia="4" inid="Cr">
          <nome>SILVANA SCHWERZ FUNGHETTO</nome>
        </criador>
      </criadorLista>
    </processo-programa>
  </despacho>
  <despacho>
    <codigo>730</codigo>
    <titulo>Expedição do Certificado de Registro</titulo>
    <processo-programa>
      <numero inid="Np">BR 51 2020 000394-0</numero>
      <titulo inid="54">ULift</titulo>
      <dataCriacao inid="Dl">06/12/2019</dataCriacao>
      <campoAplicacaoLista>
        <campoAplicacao>
          <codigo inid="Cp">IF-01</codigo>
        </campoAplicacao>
        <campoAplicacao>
          <codigo inid="Cp">IF-09</codigo>
        </campoAplicacao>
        <campoAplicacao>
          <codigo inid="Cp">IF-10</codigo>
        </campoAplicacao>
        <campoAplicacao>
          <codigo inid="Cp">TP-03</codigo>
        </campoAplicacao>
      </campoAplicacaoLista>
      <linguagemLista>
        <linguagem inid="Lg">OUTROS</linguagem>
      </linguagemLista>
      <tipoProgramaLista>
        <tipoPrograma>
          <codigo inid="Tp">AP-01</codigo>
        </tipoPrograma>
      </tipoProgramaLista>
      <titularLista>
        <titular sequencia="1" inid="73">
          <nome>CENTRO FEDERAL DE EDUCAÇÃO TECNOLÓGICA DE MINAS GERAIS</nome>
        </titular>
      </titularLista>
      <criadorLista>
        <criador sequencia="1" inid="Cr">
          <nome>ALISSON MARQUES DA SILVA</nome>
        </criador>
        <criador sequencia="2" inid="Cr">
          <nome>ARIANE AMORIM DA SILVA</nome>
        </criador>
        <criador sequencia="3" inid="Cr">
          <nome>EDUARDO RODRIGUES AMARAL</nome>
        </criador>
        <criador sequencia="4" inid="Cr">
          <nome>HENRIQUE SILVA RABELO</nome>
        </criador>
        <criador sequencia="5" inid="Cr">
          <nome>LEONARDO GOMES MARTINS COELHO</nome>
        </criador>
      </criadorLista>
    </processo-programa>
  </despacho>
  <despacho>
    <codigo>730</codigo>
    <titulo>Expedição do Certificado de Registro</titulo>
    <processo-programa>
      <numero inid="Np">BR 51 2020 000752-0</numero>
      <titulo inid="54">Plataforma Codi</titulo>
      <dataCriacao inid="Dl">01/08/2017</dataCriacao>
      <campoAplicacaoLista>
        <campoAplicacao>
          <codigo inid="Cp">AD-01</codigo>
        </campoAplicacao>
        <campoAplicacao>
          <codigo inid="Cp">ED-03</codigo>
        </campoAplicacao>
        <campoAplicacao>
          <codigo inid="Cp">ED-04</codigo>
        </campoAplicacao>
      </campoAplicacaoLista>
      <linguagemLista>
        <linguagem inid="Lg">CSS</linguagem>
        <linguagem inid="Lg">HTML</linguagem>
        <linguagem inid="Lg">JAVA SCRIPT</linguagem>
        <linguagem inid="Lg">JQUERY</linguagem>
        <linguagem inid="Lg">JSON</linguagem>
        <linguagem inid="Lg">MYSQL</linguagem>
        <linguagem inid="Lg">NODEJS</linguagem>
        <linguagem inid="Lg">PHP</linguagem>
        <linguagem inid="Lg">PYTHON</linguagem>
        <linguagem inid="Lg">SHELL SCRIPT</linguagem>
        <linguagem inid="Lg">SQL</linguagem>
        <linguagem inid="Lg">XHTML</linguagem>
        <linguagem inid="Lg">XML</linguagem>
      </linguagemLista>
      <tipoProgramaLista>
        <tipoPrograma>
          <codigo inid="Tp">AP-01</codigo>
        </tipoPrograma>
        <tipoPrograma>
          <codigo inid="Tp">AP-02</codigo>
        </tipoPrograma>
        <tipoPrograma>
          <codigo inid="Tp">AP-03</codigo>
        </tipoPrograma>
        <tipoPrograma>
          <codigo inid="Tp">AP-04</codigo>
        </tipoPrograma>
        <tipoPrograma>
          <codigo inid="Tp">AT-02</codigo>
        </tipoPrograma>
        <tipoPrograma>
          <codigo inid="Tp">AV-01</codigo>
        </tipoPrograma>
        <tipoPrograma>
          <codigo inid="Tp">GI-04</codigo>
        </tipoPrograma>
        <tipoPrograma>
          <codigo inid="Tp">TC-01</codigo>
        </tipoPrograma>
      </tipoProgramaLista>
      <titularLista>
        <titular sequencia="1" inid="73">
          <nome>JAL SISTEMAS EDUCACIONAIS LTDA</nome>
        </titular>
      </titularLista>
      <criadorLista>
        <criador sequencia="1" inid="Cr">
          <nome>ANDRÉ CRUZ MENDES</nome>
        </criador>
        <criador sequencia="2" inid="Cr">
          <nome>LUIZ RICARDO DA CUNHA</nome>
        </criador>
      </criadorLista>
    </processo-programa>
  </despacho>
  <despacho>
    <codigo>730</codigo>
    <titulo>Expedição do Certificado de Registro</titulo>
    <processo-programa>
      <numero inid="Np">BR 51 2020 000754-6</numero>
      <titulo inid="54">Future Campus um Aplicativo/Plataforma  para disseminação de conhecimento.</titulo>
      <dataCriacao inid="Dl">21/08/2017</dataCriacao>
      <campoAplicacaoLista>
        <campoAplicacao>
          <codigo inid="Cp">ED-04</codigo>
        </campoAplicacao>
        <campoAplicacao>
          <codigo inid="Cp">ED-06</codigo>
        </campoAplicacao>
      </campoAplicacaoLista>
      <linguagemLista>
        <linguagem inid="Lg">JAVA SCRIPT</linguagem>
      </linguagemLista>
      <tipoProgramaLista>
        <tipoPrograma>
          <codigo inid="Tp">AP-01</codigo>
        </tipoPrograma>
      </tipoProgramaLista>
      <titularLista>
        <titular sequencia="1" inid="73">
          <nome>ADRIANO LUIZ MARTINS</nome>
        </titular>
      </titularLista>
      <criadorLista>
        <criador sequencia="1" inid="Cr">
          <nome>ADRIANO LUIZ MARTINS</nome>
        </criador>
      </criadorLista>
    </processo-programa>
  </despacho>
  <despacho>
    <codigo>730</codigo>
    <titulo>Expedição do Certificado de Registro</titulo>
    <processo-programa>
      <numero inid="Np">BR 51 2020 000755-4</numero>
      <titulo inid="54">FARLIVERY</titulo>
      <dataCriacao inid="Dl">26/04/2020</dataCriacao>
      <campoAplicacaoLista>
        <campoAplicacao>
          <codigo inid="Cp">AD-10</codigo>
        </campoAplicacao>
        <campoAplicacao>
          <codigo inid="Cp">IF-10</codigo>
        </campoAplicacao>
        <campoAplicacao>
          <codigo inid="Cp">SD-10</codigo>
        </campoAplicacao>
      </campoAplicacaoLista>
      <linguagemLista>
        <linguagem inid="Lg">.NET</linguagem>
        <linguagem inid="Lg">C#</linguagem>
        <linguagem inid="Lg">IOS</linguagem>
        <linguagem inid="Lg">JSON</linguagem>
        <linguagem inid="Lg">OUTROS</linguagem>
        <linguagem inid="Lg">SQL</linguagem>
      </linguagemLista>
      <tipoProgramaLista>
        <tipoPrograma>
          <codigo inid="Tp">AP-01</codigo>
        </tipoPrograma>
        <tipoPrograma>
          <codigo inid="Tp">CD-01</codigo>
        </tipoPrograma>
      </tipoProgramaLista>
      <titularLista>
        <titular sequencia="1" inid="73">
          <nome>RONALDO LOURENÇO DOS SANTOS</nome>
        </titular>
      </titularLista>
      <criadorLista>
        <criador sequencia="1" inid="Cr">
          <nome>RONALDO LOURENÇO DOS SANTOS</nome>
        </criador>
      </criadorLista>
    </processo-programa>
  </despacho>
  <despacho>
    <codigo>730</codigo>
    <titulo>Expedição do Certificado de Registro</titulo>
    <processo-programa>
      <numero inid="Np">BR 51 2020 000756-2</numero>
      <titulo inid="54">SoftZAP Turbo Grupos</titulo>
      <dataCriacao inid="Dl">05/04/2020</dataCriacao>
      <campoAplicacaoLista>
        <campoAplicacao>
          <codigo inid="Cp">AD-10</codigo>
        </campoAplicacao>
        <campoAplicacao>
          <codigo inid="Cp">CO-04</codigo>
        </campoAplicacao>
      </campoAplicacaoLista>
      <linguagemLista>
        <linguagem inid="Lg">VISUAL BASIC</linguagem>
      </linguagemLista>
      <tipoProgramaLista>
        <tipoPrograma>
          <codigo inid="Tp">AT-01</codigo>
        </tipoPrograma>
        <tipoPrograma>
          <codigo inid="Tp">AT-02</codigo>
        </tipoPrograma>
        <tipoPrograma>
          <codigo inid="Tp">UT-01</codigo>
        </tipoPrograma>
      </tipoProgramaLista>
      <titularLista>
        <titular sequencia="1" inid="73">
          <nome>PAULO ANDERSON DA SILVA FERREIRA</nome>
        </titular>
      </titularLista>
      <criadorLista>
        <criador sequencia="1" inid="Cr">
          <nome>PAULO ANDERSON DA SILVA FERREIRA</nome>
        </criador>
      </criadorLista>
    </processo-programa>
  </despacho>
  <despacho>
    <codigo>730</codigo>
    <titulo>Expedição do Certificado de Registro</titulo>
    <processo-programa>
      <numero inid="Np">BR 51 2020 000757-0</numero>
      <titulo inid="54">Softwares SkyOne - Auto.sky, Sky.saver, Sky.Simple, Integra.Sky</titulo>
      <dataCriacao inid="Dl">01/03/2014</dataCriacao>
      <campoAplicacaoLista>
        <campoAplicacao>
          <codigo inid="Cp">FN-03</codigo>
        </campoAplicacao>
        <campoAplicacao>
          <codigo inid="Cp">IF-07</codigo>
        </campoAplicacao>
        <campoAplicacao>
          <codigo inid="Cp">IF-10</codigo>
        </campoAplicacao>
      </campoAplicacaoLista>
      <linguagemLista>
        <linguagem inid="Lg">.NET</linguagem>
        <linguagem inid="Lg">CSS</linguagem>
        <linguagem inid="Lg">DJANGO</linguagem>
        <linguagem inid="Lg">JAVA SCRIPT</linguagem>
        <linguagem inid="Lg">JSON</linguagem>
        <linguagem inid="Lg">NODEJS</linguagem>
        <linguagem inid="Lg">PYTHON</linguagem>
      </linguagemLista>
      <tipoProgramaLista>
        <tipoPrograma>
          <codigo inid="Tp">AP-01</codigo>
        </tipoPrograma>
        <tipoPrograma>
          <codigo inid="Tp">AT-01</codigo>
        </tipoPrograma>
        <tipoPrograma>
          <codigo inid="Tp">CD-01</codigo>
        </tipoPrograma>
        <tipoPrograma>
          <codigo inid="Tp">CD-04</codigo>
        </tipoPrograma>
        <tipoPrograma>
          <codigo inid="Tp">CD-05</codigo>
        </tipoPrograma>
        <tipoPrograma>
          <codigo inid="Tp">CD-06</codigo>
        </tipoPrograma>
        <tipoPrograma>
          <codigo inid="Tp">FA-01</codigo>
        </tipoPrograma>
        <tipoPrograma>
          <codigo inid="Tp">GI-07</codigo>
        </tipoPrograma>
        <tipoPrograma>
          <codigo inid="Tp">GI-08</codigo>
        </tipoPrograma>
        <tipoPrograma>
          <codigo inid="Tp">IA-01</codigo>
        </tipoPrograma>
        <tipoPrograma>
          <codigo inid="Tp">IA-02</codigo>
        </tipoPrograma>
        <tipoPrograma>
          <codigo inid="Tp">SO-04</codigo>
        </tipoPrograma>
        <tipoPrograma>
          <codigo inid="Tp">SO-08</codigo>
        </tipoPrograma>
        <tipoPrograma>
          <codigo inid="Tp">UT-06</codigo>
        </tipoPrograma>
      </tipoProgramaLista>
      <titularLista>
        <titular sequencia="1" inid="73">
          <nome>SKY.ONE TECNOLOGIA EM SOFTWARE S.A</nome>
        </titular>
      </titularLista>
      <criadorLista>
        <criador sequencia="1" inid="Cr">
          <nome>RENNAN SANCHEZ BRANDAO</nome>
        </criador>
      </criadorLista>
    </processo-programa>
  </despacho>
  <despacho>
    <codigo>730</codigo>
    <titulo>Expedição do Certificado de Registro</titulo>
    <processo-programa>
      <numero inid="Np">BR 51 2020 000758-9</numero>
      <titulo inid="54">SIRENE - Solução Inteligente para Detecção de Notícias Falsas</titulo>
      <dataCriacao inid="Dl">01/02/2020</dataCriacao>
      <campoAplicacaoLista>
        <campoAplicacao>
          <codigo inid="Cp">CO-02</codigo>
        </campoAplicacao>
        <campoAplicacao>
          <codigo inid="Cp">CO-03</codigo>
        </campoAplicacao>
        <campoAplicacao>
          <codigo inid="Cp">CO-04</codigo>
        </campoAplicacao>
        <campoAplicacao>
          <codigo inid="Cp">IF-01</codigo>
        </campoAplicacao>
        <campoAplicacao>
          <codigo inid="Cp">IF-07</codigo>
        </campoAplicacao>
        <campoAplicacao>
          <codigo inid="Cp">IF-10</codigo>
        </campoAplicacao>
        <campoAplicacao>
          <codigo inid="Cp">IN-02</codigo>
        </campoAplicacao>
      </campoAplicacaoLista>
      <linguagemLista>
        <linguagem inid="Lg">PYTHON</linguagem>
      </linguagemLista>
      <tipoProgramaLista>
        <tipoPrograma>
          <codigo inid="Tp">FA-01</codigo>
        </tipoPrograma>
        <tipoPrograma>
          <codigo inid="Tp">FA-02</codigo>
        </tipoPrograma>
        <tipoPrograma>
          <codigo inid="Tp">IA-01</codigo>
        </tipoPrograma>
        <tipoPrograma>
          <codigo inid="Tp">IA-02</codigo>
        </tipoPrograma>
        <tipoPrograma>
          <codigo inid="Tp">IA-03</codigo>
        </tipoPrograma>
        <tipoPrograma>
          <codigo inid="Tp">TC-03</codigo>
        </tipoPrograma>
      </tipoProgramaLista>
      <titularLista>
        <titular sequencia="1" inid="73">
          <nome>INSTITUTO FEDERAL DE EDUCAÇÃO, CIÊNCIA E TECNOLOGIA DO CEARÁ</nome>
        </titular>
      </titularLista>
      <criadorLista>
        <criador sequencia="1" inid="Cr">
          <nome>ANTÔNIO MAURO BARBOSA DE OLIVEIRA</nome>
        </criador>
        <criador sequencia="2" inid="Cr">
          <nome>CARINA TEIXEIRA DE OLIVEIRA</nome>
        </criador>
        <criador sequencia="3" inid="Cr">
          <nome>IGOR MARTINS GALDINO</nome>
        </criador>
        <criador sequencia="4" inid="Cr">
          <nome>LEONARDO FREITAS DA SILVA</nome>
        </criador>
        <criador sequencia="5" inid="Cr">
          <nome>MARCOS ANTÔNIO DA COSTA DA SILVA FILHO</nome>
        </criador>
        <criador sequencia="6" inid="Cr">
          <nome>REINALDO BEZERRA BRAGA</nome>
        </criador>
        <criador sequencia="7" inid="Cr">
          <nome>RENATO ALVES DE OLIVEIRA</nome>
        </criador>
        <criador sequencia="8" inid="Cr">
          <nome>RUAN DOS SANTOS GONDIM</nome>
        </criador>
        <criador sequencia="9" inid="Cr">
          <nome>VINÍCIUS NUNES BARBOSA</nome>
        </criador>
      </criadorLista>
    </processo-programa>
  </despacho>
  <despacho>
    <codigo>730</codigo>
    <titulo>Expedição do Certificado de Registro</titulo>
    <processo-programa>
      <numero inid="Np">BR 51 2020 000759-7</numero>
      <titulo inid="54">Radar Viral</titulo>
      <dataCriacao inid="Dl">22/04/2020</dataCriacao>
      <campoAplicacaoLista>
        <campoAplicacao>
          <codigo inid="Cp">AD-02</codigo>
        </campoAplicacao>
        <campoAplicacao>
          <codigo inid="Cp">AD-04</codigo>
        </campoAplicacao>
        <campoAplicacao>
          <codigo inid="Cp">AH-02</codigo>
        </campoAplicacao>
        <campoAplicacao>
          <codigo inid="Cp">GC-02</codigo>
        </campoAplicacao>
        <campoAplicacao>
          <codigo inid="Cp">IF-01</codigo>
        </campoAplicacao>
        <campoAplicacao>
          <codigo inid="Cp">SD-01</codigo>
        </campoAplicacao>
        <campoAplicacao>
          <codigo inid="Cp">SD-02</codigo>
        </campoAplicacao>
        <campoAplicacao>
          <codigo inid="Cp">SD-03</codigo>
        </campoAplicacao>
      </campoAplicacaoLista>
      <linguagemLista>
        <linguagem inid="Lg">CSS</linguagem>
        <linguagem inid="Lg">HTML</linguagem>
        <linguagem inid="Lg">JAVA SCRIPT</linguagem>
        <linguagem inid="Lg">JSON</linguagem>
        <linguagem inid="Lg">NODEJS</linguagem>
        <linguagem inid="Lg">OUTROS</linguagem>
      </linguagemLista>
      <tipoProgramaLista>
        <tipoPrograma>
          <codigo inid="Tp">AP-01</codigo>
        </tipoPrograma>
        <tipoPrograma>
          <codigo inid="Tp">AP-02</codigo>
        </tipoPrograma>
        <tipoPrograma>
          <codigo inid="Tp">FA-01</codigo>
        </tipoPrograma>
        <tipoPrograma>
          <codigo inid="Tp">GI-01</codigo>
        </tipoPrograma>
        <tipoPrograma>
          <codigo inid="Tp">IA-02</codigo>
        </tipoPrograma>
      </tipoProgramaLista>
      <titularLista>
        <titular sequencia="1" inid="73">
          <nome>UNIVERSIDADE FEDERAL DE OURO PRETO - UFOP</nome>
        </titular>
      </titularLista>
      <criadorLista>
        <criador sequencia="1" inid="Cr">
          <nome>FELIPE AUGUSTO MAGNO TOMAZ</nome>
        </criador>
        <criador sequencia="2" inid="Cr">
          <nome>GABRIEL NEPOMUCENO SIQUEIRA CAMPOS</nome>
        </criador>
        <criador sequencia="3" inid="Cr">
          <nome>RAFAEL FREDERICO ALEXANDRE</nome>
        </criador>
        <criador sequencia="4" inid="Cr">
          <nome>RENAN HENRIQUE ZANOTI</nome>
        </criador>
        <criador sequencia="5" inid="Cr">
          <nome>RENAN SALDANHA LINHARES</nome>
        </criador>
      </criadorLista>
    </processo-programa>
  </despacho>
  <despacho>
    <codigo>730</codigo>
    <titulo>Expedição do Certificado de Registro</titulo>
    <processo-programa>
      <numero inid="Np">BR 51 2020 000760-0</numero>
      <titulo inid="54">Sistema de Aquisição de Dados para Monitoramento (SADMon-MB)</titulo>
      <dataCriacao inid="Dl">12/12/2019</dataCriacao>
      <campoAplicacaoLista>
        <campoAplicacao>
          <codigo inid="Cp">EN-04</codigo>
        </campoAplicacao>
        <campoAplicacao>
          <codigo inid="Cp">IN-03</codigo>
        </campoAplicacao>
      </campoAplicacaoLista>
      <linguagemLista>
        <linguagem inid="Lg">C</linguagem>
        <linguagem inid="Lg">JAVA</linguagem>
      </linguagemLista>
      <tipoProgramaLista>
        <tipoPrograma>
          <codigo inid="Tp">AT-05</codigo>
        </tipoPrograma>
        <tipoPrograma>
          <codigo inid="Tp">IT-01</codigo>
        </tipoPrograma>
      </tipoProgramaLista>
      <titularLista>
        <titular sequencia="1" inid="73">
          <nome>DIRETORIA-GERAL DE DESENVOLVIMENTO NUCLEAR E TECNOLÓGICO DA MARINHA</nome>
        </titular>
        <titular sequencia="2" inid="73">
          <nome>INSTITUTO DE PESQUISAS DA MARINHA</nome>
        </titular>
      </titularLista>
      <criadorLista>
        <criador sequencia="1" inid="Cr">
          <nome>ANANDA MOREIRA VAZ OURIQUE DE ÁVILA</nome>
        </criador>
        <criador sequencia="2" inid="Cr">
          <nome>ANDRÉ ABIDO FIGUEIRÓ</nome>
        </criador>
        <criador sequencia="3" inid="Cr">
          <nome>CASSIANO OSÓRIO DE ARAÚJO VILLARES</nome>
        </criador>
        <criador sequencia="4" inid="Cr">
          <nome>ELTON ALVES COSTA</nome>
        </criador>
        <criador sequencia="5" inid="Cr">
          <nome>FELIPE BRANDÃO DE SOUZA MENDES</nome>
        </criador>
        <criador sequencia="6" inid="Cr">
          <nome>GABRIEL TOLEDO VERONESI</nome>
        </criador>
        <criador sequencia="7" inid="Cr">
          <nome>JULIO CESAR MEDEIROS DOS ANJOS RAMOS</nome>
        </criador>
        <criador sequencia="8" inid="Cr">
          <nome>RODRIGO EMANOEL DE BRITO ANDRADE BARROS</nome>
        </criador>
        <criador sequencia="9" inid="Cr">
          <nome>RODRIGO RIBEIRO DAS DORES</nome>
        </criador>
        <criador sequencia="10" inid="Cr">
          <nome>VANIUS FARIAS FERREIRA</nome>
        </criador>
      </criadorLista>
    </processo-programa>
  </despacho>
  <despacho>
    <codigo>730</codigo>
    <titulo>Expedição do Certificado de Registro</titulo>
    <processo-programa>
      <numero inid="Np">BR 51 2020 000761-9</numero>
      <titulo inid="54">PADRÃO DE IDENTIDADE DE QUALIDADE-SUCOS TROPICAIS</titulo>
      <dataCriacao inid="Dl">24/04/2020</dataCriacao>
      <campoAplicacaoLista>
        <campoAplicacao>
          <codigo inid="Cp">AD-06</codigo>
        </campoAplicacao>
      </campoAplicacaoLista>
      <linguagemLista>
        <linguagem inid="Lg">C++</linguagem>
      </linguagemLista>
      <tipoProgramaLista>
        <tipoPrograma>
          <codigo inid="Tp">AP-03</codigo>
        </tipoPrograma>
        <tipoPrograma>
          <codigo inid="Tp">AT-06</codigo>
        </tipoPrograma>
        <tipoPrograma>
          <codigo inid="Tp">GI-01</codigo>
        </tipoPrograma>
        <tipoPrograma>
          <codigo inid="Tp">GI-06</codigo>
        </tipoPrograma>
        <tipoPrograma>
          <codigo inid="Tp">SO-07</codigo>
        </tipoPrograma>
        <tipoPrograma>
          <codigo inid="Tp">TC-01</codigo>
        </tipoPrograma>
      </tipoProgramaLista>
      <titularLista>
        <titular sequencia="1" inid="73">
          <nome>GEORGEANO DANTAS MACIEL</nome>
        </titular>
      </titularLista>
      <criadorLista>
        <criador sequencia="1" inid="Cr">
          <nome>AGNES CRISTINA OLIVEIRA MAFRA</nome>
        </criador>
        <criador sequencia="2" inid="Cr">
          <nome>PAULO ALEXANDRE SERRA COUCELO DA FONSECA</nome>
        </criador>
        <criador sequencia="3" inid="Cr">
          <nome>RAIMUNDO KENNEDY VIEIRA</nome>
        </criador>
      </criadorLista>
    </processo-programa>
  </despacho>
  <despacho>
    <codigo>730</codigo>
    <titulo>Expedição do Certificado de Registro</titulo>
    <processo-programa>
      <numero inid="Np">BR 51 2020 000762-7</numero>
      <titulo inid="54">FORCE1</titulo>
      <dataCriacao inid="Dl">21/06/2013</dataCriacao>
      <campoAplicacaoLista>
        <campoAplicacao>
          <codigo inid="Cp">AD-02</codigo>
        </campoAplicacao>
        <campoAplicacao>
          <codigo inid="Cp">IF-07</codigo>
        </campoAplicacao>
        <campoAplicacao>
          <codigo inid="Cp">IN-02</codigo>
        </campoAplicacao>
        <campoAplicacao>
          <codigo inid="Cp">TB-01</codigo>
        </campoAplicacao>
      </campoAplicacaoLista>
      <linguagemLista>
        <linguagem inid="Lg">C#</linguagem>
        <linguagem inid="Lg">OUTROS</linguagem>
      </linguagemLista>
      <tipoProgramaLista>
        <tipoPrograma>
          <codigo inid="Tp">AP-04</codigo>
        </tipoPrograma>
        <tipoPrograma>
          <codigo inid="Tp">CD-06</codigo>
        </tipoPrograma>
        <tipoPrograma>
          <codigo inid="Tp">IA-02</codigo>
        </tipoPrograma>
        <tipoPrograma>
          <codigo inid="Tp">SO-05</codigo>
        </tipoPrograma>
        <tipoPrograma>
          <codigo inid="Tp">SO-06</codigo>
        </tipoPrograma>
        <tipoPrograma>
          <codigo inid="Tp">SO-08</codigo>
        </tipoPrograma>
      </tipoProgramaLista>
      <titularLista>
        <titular sequencia="1" inid="73">
          <nome>DF STAMATO &amp; CIA LTDA</nome>
        </titular>
      </titularLista>
      <criadorLista>
        <criador sequencia="1" inid="Cr">
          <nome>DIEGO FENTE STAMATO</nome>
        </criador>
      </criadorLista>
    </processo-programa>
  </despacho>
  <despacho>
    <codigo>730</codigo>
    <titulo>Expedição do Certificado de Registro</titulo>
    <processo-programa>
      <numero inid="Np">BR 51 2020 000763-5</numero>
      <titulo inid="54">For Life Saúde</titulo>
      <dataCriacao inid="Dl">05/08/2019</dataCriacao>
      <campoAplicacaoLista>
        <campoAplicacao>
          <codigo inid="Cp">IF-07</codigo>
        </campoAplicacao>
      </campoAplicacaoLista>
      <linguagemLista>
        <linguagem inid="Lg">JAVA</linguagem>
      </linguagemLista>
      <tipoProgramaLista>
        <tipoPrograma>
          <codigo inid="Tp">AP-01</codigo>
        </tipoPrograma>
      </tipoProgramaLista>
      <titularLista>
        <titular sequencia="1" inid="73">
          <nome>JAIME PREMY TAYTEL BAUM</nome>
        </titular>
        <titular sequencia="2" inid="73">
          <nome>JORGE ALEXANDRE MELO DA SILVA</nome>
        </titular>
      </titularLista>
      <criadorLista>
        <criador sequencia="1" inid="Cr">
          <nome>JAIME BAUM</nome>
        </criador>
      </criadorLista>
    </processo-programa>
  </despacho>
  <despacho>
    <codigo>730</codigo>
    <titulo>Expedição do Certificado de Registro</titulo>
    <processo-programa>
      <numero inid="Np">BR 51 2020 000764-3</numero>
      <titulo inid="54">Website climaaovivo.com.br</titulo>
      <dataCriacao inid="Dl">01/03/2015</dataCriacao>
      <campoAplicacaoLista>
        <campoAplicacao>
          <codigo inid="Cp">CO-04</codigo>
        </campoAplicacao>
        <campoAplicacao>
          <codigo inid="Cp">CO-05</codigo>
        </campoAplicacao>
        <campoAplicacao>
          <codigo inid="Cp">MA-04</codigo>
        </campoAplicacao>
        <campoAplicacao>
          <codigo inid="Cp">ME-02</codigo>
        </campoAplicacao>
        <campoAplicacao>
          <codigo inid="Cp">ME-03</codigo>
        </campoAplicacao>
        <campoAplicacao>
          <codigo inid="Cp">SV-01</codigo>
        </campoAplicacao>
      </campoAplicacaoLista>
      <linguagemLista>
        <linguagem inid="Lg">HTML</linguagem>
        <linguagem inid="Lg">JAVA SCRIPT</linguagem>
        <linguagem inid="Lg">JSON</linguagem>
        <linguagem inid="Lg">MYSQL</linguagem>
        <linguagem inid="Lg">PHP</linguagem>
      </linguagemLista>
      <tipoProgramaLista>
        <tipoPrograma>
          <codigo inid="Tp">AP-01</codigo>
        </tipoPrograma>
        <tipoPrograma>
          <codigo inid="Tp">IA-02</codigo>
        </tipoPrograma>
      </tipoProgramaLista>
      <titularLista>
        <titular sequencia="1" inid="73">
          <nome>CLIMA AO VIVO DESENVOLVIMENTO WEB LTDA</nome>
        </titular>
      </titularLista>
      <criadorLista>
        <criador sequencia="1" inid="Cr">
          <nome>DENILSON ROCHA</nome>
        </criador>
      </criadorLista>
    </processo-programa>
  </despacho>
  <despacho>
    <codigo>730</codigo>
    <titulo>Expedição do Certificado de Registro</titulo>
    <processo-programa>
      <numero inid="Np">BR 51 2020 000765-1</numero>
      <titulo inid="54">Aplicativo Nutri Game - Seu Guia Alimentar</titulo>
      <dataCriacao inid="Dl">06/03/2020</dataCriacao>
      <campoAplicacaoLista>
        <campoAplicacao>
          <codigo inid="Cp">SD-01</codigo>
        </campoAplicacao>
      </campoAplicacaoLista>
      <linguagemLista>
        <linguagem inid="Lg">C#</linguagem>
        <linguagem inid="Lg">UNITY</linguagem>
      </linguagemLista>
      <tipoProgramaLista>
        <tipoPrograma>
          <codigo inid="Tp">AP-01</codigo>
        </tipoPrograma>
        <tipoPrograma>
          <codigo inid="Tp">ET-02</codigo>
        </tipoPrograma>
      </tipoProgramaLista>
      <titularLista>
        <titular sequencia="1" inid="73">
          <nome>UNIVERSIDADE FEDERAL DOS VALES DO JEQUITINHONHA E MUCURI</nome>
        </titular>
      </titularLista>
      <criadorLista>
        <criador sequencia="1" inid="Cr">
          <nome>BRUNA CAROLINE CHAVES GARCIA</nome>
        </criador>
        <criador sequencia="2" inid="Cr">
          <nome>CARINA DE SOUSA SANTOS</nome>
        </criador>
        <criador sequencia="3" inid="Cr">
          <nome>ELIZABETHE ADRIANA ESTEVES</nome>
        </criador>
        <criador sequencia="4" inid="Cr">
          <nome>ETEL ROCHA VIEIRA</nome>
        </criador>
      </criadorLista>
    </processo-programa>
  </despacho>
  <despacho>
    <codigo>730</codigo>
    <titulo>Expedição do Certificado de Registro</titulo>
    <processo-programa>
      <numero inid="Np">BR 51 2020 000766-0</numero>
      <titulo inid="54">Plataforma de Inteligência Artificial 4VANTS</titulo>
      <dataCriacao inid="Dl">28/06/2017</dataCriacao>
      <campoAplicacaoLista>
        <campoAplicacao>
          <codigo inid="Cp">EN-04</codigo>
        </campoAplicacao>
        <campoAplicacao>
          <codigo inid="Cp">GC-06</codigo>
        </campoAplicacao>
        <campoAplicacao>
          <codigo inid="Cp">GC-07</codigo>
        </campoAplicacao>
        <campoAplicacao>
          <codigo inid="Cp">GC-08</codigo>
        </campoAplicacao>
        <campoAplicacao>
          <codigo inid="Cp">IN-05</codigo>
        </campoAplicacao>
        <campoAplicacao>
          <codigo inid="Cp">SV-01</codigo>
        </campoAplicacao>
        <campoAplicacao>
          <codigo inid="Cp">TC-04</codigo>
        </campoAplicacao>
        <campoAplicacao>
          <codigo inid="Cp">TP-02</codigo>
        </campoAplicacao>
        <campoAplicacao>
          <codigo inid="Cp">TP-03</codigo>
        </campoAplicacao>
      </campoAplicacaoLista>
      <linguagemLista>
        <linguagem inid="Lg">C</linguagem>
        <linguagem inid="Lg">CSS</linguagem>
        <linguagem inid="Lg">HTML</linguagem>
        <linguagem inid="Lg">JAVA SCRIPT</linguagem>
        <linguagem inid="Lg">JQUERY</linguagem>
        <linguagem inid="Lg">JSON</linguagem>
        <linguagem inid="Lg">NODEJS</linguagem>
        <linguagem inid="Lg">PYTHON</linguagem>
      </linguagemLista>
      <tipoProgramaLista>
        <tipoPrograma>
          <codigo inid="Tp">AP-01</codigo>
        </tipoPrograma>
        <tipoPrograma>
          <codigo inid="Tp">IA-01</codigo>
        </tipoPrograma>
        <tipoPrograma>
          <codigo inid="Tp">SO-05</codigo>
        </tipoPrograma>
        <tipoPrograma>
          <codigo inid="Tp">TC-03</codigo>
        </tipoPrograma>
        <tipoPrograma>
          <codigo inid="Tp">TC-04</codigo>
        </tipoPrograma>
        <tipoPrograma>
          <codigo inid="Tp">UT-04</codigo>
        </tipoPrograma>
      </tipoProgramaLista>
      <titularLista>
        <titular sequencia="1" inid="73">
          <nome>4VANTS DESENVOLVIMENTO DE TECNOLOGIA LTDA</nome>
        </titular>
      </titularLista>
      <criadorLista>
        <criador sequencia="1" inid="Cr">
          <nome>LUCAS HOLTZ WAMSER</nome>
        </criador>
      </criadorLista>
    </processo-programa>
  </despacho>
  <despacho>
    <codigo>730</codigo>
    <titulo>Expedição do Certificado de Registro</titulo>
    <processo-programa>
      <numero inid="Np">BR 51 2020 000767-8</numero>
      <titulo inid="54">DGAbyDNN</titulo>
      <dataCriacao inid="Dl">01/03/2018</dataCriacao>
      <campoAplicacaoLista>
        <campoAplicacao>
          <codigo inid="Cp">AD-03</codigo>
        </campoAplicacao>
        <campoAplicacao>
          <codigo inid="Cp">CO-02</codigo>
        </campoAplicacao>
        <campoAplicacao>
          <codigo inid="Cp">CO-03</codigo>
        </campoAplicacao>
        <campoAplicacao>
          <codigo inid="Cp">EN-01</codigo>
        </campoAplicacao>
        <campoAplicacao>
          <codigo inid="Cp">EN-02</codigo>
        </campoAplicacao>
        <campoAplicacao>
          <codigo inid="Cp">EN-04</codigo>
        </campoAplicacao>
        <campoAplicacao>
          <codigo inid="Cp">IF-10</codigo>
        </campoAplicacao>
      </campoAplicacaoLista>
      <linguagemLista>
        <linguagem inid="Lg">.NET</linguagem>
      </linguagemLista>
      <tipoProgramaLista>
        <tipoPrograma>
          <codigo inid="Tp">AP-01</codigo>
        </tipoPrograma>
        <tipoPrograma>
          <codigo inid="Tp">AP-02</codigo>
        </tipoPrograma>
        <tipoPrograma>
          <codigo inid="Tp">IA-01</codigo>
        </tipoPrograma>
        <tipoPrograma>
          <codigo inid="Tp">IA-02</codigo>
        </tipoPrograma>
      </tipoProgramaLista>
      <titularLista>
        <titular sequencia="1" inid="73">
          <nome>TRANSMISSORA ALIANÇA DE ENERGIA ELÉTRICA S.A. - TAESA</nome>
        </titular>
      </titularLista>
      <criadorLista>
        <criador sequencia="1" inid="Cr">
          <nome>IVAN NUNES DA SILVA</nome>
        </criador>
        <criador sequencia="2" inid="Cr">
          <nome>ROGERIO ANDRADE FLAUZINO</nome>
        </criador>
      </criadorLista>
    </processo-programa>
  </despacho>
  <despacho>
    <codigo>730</codigo>
    <titulo>Expedição do Certificado de Registro</titulo>
    <processo-programa>
      <numero inid="Np">BR 51 2020 000768-6</numero>
      <titulo inid="54">Helpdezk</titulo>
      <dataCriacao inid="Dl">02/01/2000</dataCriacao>
      <campoAplicacaoLista>
        <campoAplicacao>
          <codigo inid="Cp">AD-05</codigo>
        </campoAplicacao>
        <campoAplicacao>
          <codigo inid="Cp">AD-11</codigo>
        </campoAplicacao>
        <campoAplicacao>
          <codigo inid="Cp">IF-07</codigo>
        </campoAplicacao>
        <campoAplicacao>
          <codigo inid="Cp">IF-09</codigo>
        </campoAplicacao>
      </campoAplicacaoLista>
      <linguagemLista>
        <linguagem inid="Lg">JAVA SCRIPT</linguagem>
        <linguagem inid="Lg">JQUERY</linguagem>
        <linguagem inid="Lg">PHP</linguagem>
      </linguagemLista>
      <tipoProgramaLista>
        <tipoPrograma>
          <codigo inid="Tp">DS-01</codigo>
        </tipoPrograma>
        <tipoPrograma>
          <codigo inid="Tp">FA-01</codigo>
        </tipoPrograma>
        <tipoPrograma>
          <codigo inid="Tp">SO-07</codigo>
        </tipoPrograma>
      </tipoProgramaLista>
      <titularLista>
        <titular sequencia="1" inid="73">
          <nome>ROGÉRIO DA COSTA ALBANDES</nome>
        </titular>
      </titularLista>
      <criadorLista>
        <criador sequencia="1" inid="Cr">
          <nome>ROGÉRIO DA COSTA ALBANDES</nome>
        </criador>
      </criadorLista>
    </processo-programa>
  </despacho>
  <despacho>
    <codigo>730</codigo>
    <titulo>Expedição do Certificado de Registro</titulo>
    <processo-programa>
      <numero inid="Np">BR 51 2020 000769-4</numero>
      <titulo inid="54">FAZ GESTÃO</titulo>
      <dataCriacao inid="Dl">01/01/2017</dataCriacao>
      <campoAplicacaoLista>
        <campoAplicacao>
          <codigo inid="Cp">AD-05</codigo>
        </campoAplicacao>
      </campoAplicacaoLista>
      <linguagemLista>
        <linguagem inid="Lg">ACTIVE SERVER PAGES</linguagem>
      </linguagemLista>
      <tipoProgramaLista>
        <tipoPrograma>
          <codigo inid="Tp">AP-02</codigo>
        </tipoPrograma>
        <tipoPrograma>
          <codigo inid="Tp">AP-03</codigo>
        </tipoPrograma>
        <tipoPrograma>
          <codigo inid="Tp">AT-06</codigo>
        </tipoPrograma>
      </tipoProgramaLista>
      <titularLista>
        <titular sequencia="1" inid="73">
          <nome>FAZ - SISTEMA DE GESTÃO E TREINAMENTO PROFISSIONALIZANTES LTDA</nome>
        </titular>
      </titularLista>
      <criadorLista>
        <criador sequencia="1" inid="Cr">
          <nome>LUCIANA SANTOS RIBEIRO</nome>
        </criador>
      </criadorLista>
    </processo-programa>
  </despacho>
  <despacho>
    <codigo>730</codigo>
    <titulo>Expedição do Certificado de Registro</titulo>
    <processo-programa>
      <numero inid="Np">BR 51 2020 000770-8</numero>
      <titulo inid="54">Matchfood</titulo>
      <dataCriacao inid="Dl">03/04/2020</dataCriacao>
      <campoAplicacaoLista>
        <campoAplicacao>
          <codigo inid="Cp">AG-04</codigo>
        </campoAplicacao>
        <campoAplicacao>
          <codigo inid="Cp">AG-09</codigo>
        </campoAplicacao>
        <campoAplicacao>
          <codigo inid="Cp">AG-11</codigo>
        </campoAplicacao>
        <campoAplicacao>
          <codigo inid="Cp">AG-12</codigo>
        </campoAplicacao>
        <campoAplicacao>
          <codigo inid="Cp">EC-07</codigo>
        </campoAplicacao>
        <campoAplicacao>
          <codigo inid="Cp">EC-08</codigo>
        </campoAplicacao>
        <campoAplicacao>
          <codigo inid="Cp">EC-14</codigo>
        </campoAplicacao>
        <campoAplicacao>
          <codigo inid="Cp">IN-01</codigo>
        </campoAplicacao>
        <campoAplicacao>
          <codigo inid="Cp">PR-03</codigo>
        </campoAplicacao>
        <campoAplicacao>
          <codigo inid="Cp">SV-03</codigo>
        </campoAplicacao>
      </campoAplicacaoLista>
      <linguagemLista>
        <linguagem inid="Lg">OUTROS</linguagem>
      </linguagemLista>
      <tipoProgramaLista>
        <tipoPrograma>
          <codigo inid="Tp">AP-01</codigo>
        </tipoPrograma>
      </tipoProgramaLista>
      <titularLista>
        <titular sequencia="1" inid="73">
          <nome>MATCHFOOD INTERMEDIAÇÕES DE NEGÓCIOS LTDA</nome>
        </titular>
      </titularLista>
      <criadorLista>
        <criador sequencia="1" inid="Cr">
          <nome>GIANE ALESSIO BINOTTO</nome>
        </criador>
        <criador sequencia="2" inid="Cr">
          <nome>GUILHERME LUCAS</nome>
        </criador>
        <criador sequencia="3" inid="Cr">
          <nome>JOÃO PAULO FERREIRA JUNIOR</nome>
        </criador>
        <criador sequencia="4" inid="Cr">
          <nome>RICARDO GEHRKE FILHO</nome>
        </criador>
        <criador sequencia="5" inid="Cr">
          <nome>RÉGIS DA ROSA XIMENDES</nome>
        </criador>
        <criador sequencia="6" inid="Cr">
          <nome>RÉGIS DA ROSA XIMENDES</nome>
        </criador>
      </criadorLista>
    </processo-programa>
  </despacho>
  <despacho>
    <codigo>730</codigo>
    <titulo>Expedição do Certificado de Registro</titulo>
    <processo-programa>
      <numero inid="Np">BR 51 2020 000771-6</numero>
      <titulo inid="54">GEOMETRIA 3</titulo>
      <dataCriacao inid="Dl">16/03/2020</dataCriacao>
      <campoAplicacaoLista>
        <campoAplicacao>
          <codigo inid="Cp">FQ-02</codigo>
        </campoAplicacao>
        <campoAplicacao>
          <codigo inid="Cp">FQ-04</codigo>
        </campoAplicacao>
        <campoAplicacao>
          <codigo inid="Cp">IN-02</codigo>
        </campoAplicacao>
        <campoAplicacao>
          <codigo inid="Cp">IN-03</codigo>
        </campoAplicacao>
        <campoAplicacao>
          <codigo inid="Cp">MT-03</codigo>
        </campoAplicacao>
        <campoAplicacao>
          <codigo inid="Cp">MT-04</codigo>
        </campoAplicacao>
        <campoAplicacao>
          <codigo inid="Cp">MT-05</codigo>
        </campoAplicacao>
      </campoAplicacaoLista>
      <linguagemLista>
        <linguagem inid="Lg">DELPHI</linguagem>
        <linguagem inid="Lg">OUTROS</linguagem>
        <linguagem inid="Lg">PASCAL</linguagem>
      </linguagemLista>
      <tipoProgramaLista>
        <tipoPrograma>
          <codigo inid="Tp">CD-01</codigo>
        </tipoPrograma>
        <tipoPrograma>
          <codigo inid="Tp">GI-02</codigo>
        </tipoPrograma>
        <tipoPrograma>
          <codigo inid="Tp">GI-04</codigo>
        </tipoPrograma>
        <tipoPrograma>
          <codigo inid="Tp">GI-06</codigo>
        </tipoPrograma>
        <tipoPrograma>
          <codigo inid="Tp">IA-02</codigo>
        </tipoPrograma>
        <tipoPrograma>
          <codigo inid="Tp">IT-02</codigo>
        </tipoPrograma>
        <tipoPrograma>
          <codigo inid="Tp">PD-03</codigo>
        </tipoPrograma>
        <tipoPrograma>
          <codigo inid="Tp">TC-02</codigo>
        </tipoPrograma>
      </tipoProgramaLista>
      <titularLista>
        <titular sequencia="1" inid="73">
          <nome>TRUCK CENTER EQUIPAMENTOS AUTOMOTIVOS LTDA.</nome>
        </titular>
      </titularLista>
      <criadorLista>
        <criador sequencia="1" inid="Cr">
          <nome>CLAUDIO ALBERTON BATISTA</nome>
        </criador>
        <criador sequencia="2" inid="Cr">
          <nome>EDUARDO CITTI</nome>
        </criador>
      </criadorLista>
    </processo-programa>
  </despacho>
  <despacho>
    <codigo>730</codigo>
    <titulo>Expedição do Certificado de Registro</titulo>
    <processo-programa>
      <numero inid="Np">BR 51 2020 000772-4</numero>
      <titulo inid="54">SysBio-M - Sistema de monitoramento multiparamétrico para biorreatores</titulo>
      <dataCriacao inid="Dl">01/12/2019</dataCriacao>
      <campoAplicacaoLista>
        <campoAplicacao>
          <codigo inid="Cp">BL-01</codigo>
        </campoAplicacao>
        <campoAplicacao>
          <codigo inid="Cp">BL-03</codigo>
        </campoAplicacao>
        <campoAplicacao>
          <codigo inid="Cp">SD-08</codigo>
        </campoAplicacao>
        <campoAplicacao>
          <codigo inid="Cp">SD-09</codigo>
        </campoAplicacao>
      </campoAplicacaoLista>
      <linguagemLista>
        <linguagem inid="Lg">JAVA</linguagem>
      </linguagemLista>
      <tipoProgramaLista>
        <tipoPrograma>
          <codigo inid="Tp">GI-04</codigo>
        </tipoPrograma>
        <tipoPrograma>
          <codigo inid="Tp">IT-03</codigo>
        </tipoPrograma>
        <tipoPrograma>
          <codigo inid="Tp">SO-04</codigo>
        </tipoPrograma>
      </tipoProgramaLista>
      <titularLista>
        <titular sequencia="1" inid="73">
          <nome>UNIVERSIDADE ESTADUAL PAULISTA JULIO DE MESQUITA FILHO</nome>
        </titular>
      </titularLista>
      <criadorLista>
        <criador sequencia="1" inid="Cr">
          <nome>ARILSON JOSÉ DE OLIVEIRA JÚNIOR</nome>
        </criador>
        <criador sequencia="2" inid="Cr">
          <nome>GUILHERME DOS SANTOS SOUSA</nome>
        </criador>
        <criador sequencia="3" inid="Cr">
          <nome>LENIZE DA SILVA RODRIGUES</nome>
        </criador>
        <criador sequencia="4" inid="Cr">
          <nome>MATHEUS BERTANHA</nome>
        </criador>
        <criador sequencia="5" inid="Cr">
          <nome>RAFAEL PLANA SIMÕES</nome>
        </criador>
      </criadorLista>
    </processo-programa>
  </despacho>
  <despacho>
    <codigo>730</codigo>
    <titulo>Expedição do Certificado de Registro</titulo>
    <processo-programa>
      <numero inid="Np">BR 51 2020 000773-2</numero>
      <titulo inid="54">Shed_ATmega_SCADA_Firmware</titulo>
      <dataCriacao inid="Dl">27/01/2020</dataCriacao>
      <campoAplicacaoLista>
        <campoAplicacao>
          <codigo inid="Cp">AD-06</codigo>
        </campoAplicacao>
        <campoAplicacao>
          <codigo inid="Cp">AG-10</codigo>
        </campoAplicacao>
        <campoAplicacao>
          <codigo inid="Cp">IN-02</codigo>
        </campoAplicacao>
      </campoAplicacaoLista>
      <linguagemLista>
        <linguagem inid="Lg">C++</linguagem>
      </linguagemLista>
      <tipoProgramaLista>
        <tipoPrograma>
          <codigo inid="Tp">AP-03</codigo>
        </tipoPrograma>
        <tipoPrograma>
          <codigo inid="Tp">AT-01</codigo>
        </tipoPrograma>
        <tipoPrograma>
          <codigo inid="Tp">AT-05</codigo>
        </tipoPrograma>
        <tipoPrograma>
          <codigo inid="Tp">AT-06</codigo>
        </tipoPrograma>
        <tipoPrograma>
          <codigo inid="Tp">IT-01</codigo>
        </tipoPrograma>
        <tipoPrograma>
          <codigo inid="Tp">SO-07</codigo>
        </tipoPrograma>
      </tipoProgramaLista>
      <titularLista>
        <titular sequencia="1" inid="73">
          <nome>UNIVERSIDADE ESTADUAL PAULISTA JULIO DE MESQUITA FILHO</nome>
        </titular>
      </titularLista>
      <criadorLista>
        <criador sequencia="1" inid="Cr">
          <nome>MARIO MOLLO NETO</nome>
        </criador>
      </criadorLista>
    </processo-programa>
  </despacho>
  <despacho>
    <codigo>730</codigo>
    <titulo>Expedição do Certificado de Registro</titulo>
    <processo-programa>
      <numero inid="Np">BR 51 2020 000774-0</numero>
      <titulo inid="54">Anatom!</titulo>
      <dataCriacao inid="Dl">11/01/2020</dataCriacao>
      <campoAplicacaoLista>
        <campoAplicacao>
          <codigo inid="Cp">SD-08</codigo>
        </campoAplicacao>
      </campoAplicacaoLista>
      <linguagemLista>
        <linguagem inid="Lg">C#</linguagem>
        <linguagem inid="Lg">JAVA SCRIPT</linguagem>
        <linguagem inid="Lg">NODEJS</linguagem>
        <linguagem inid="Lg">OUTROS</linguagem>
        <linguagem inid="Lg">SQL</linguagem>
      </linguagemLista>
      <tipoProgramaLista>
        <tipoPrograma>
          <codigo inid="Tp">AP-01</codigo>
        </tipoPrograma>
      </tipoProgramaLista>
      <titularLista>
        <titular sequencia="1" inid="73">
          <nome>CLÍNICA BOA SAUDE LTDA - ME</nome>
        </titular>
        <titular sequencia="2" inid="73">
          <nome>INSTITUTO FEDERAL DE EDUCAÇÃO, CIÊNCIA E TECNOLOGIA DO CEARÁ</nome>
        </titular>
      </titularLista>
      <criadorLista>
        <criador sequencia="1" inid="Cr">
          <nome>ANA ADRIANIZE MENDES VIANA</nome>
        </criador>
        <criador sequencia="2" inid="Cr">
          <nome>ANDRÉ LUIZ DE SOUZA ARAÚJO</nome>
        </criador>
        <criador sequencia="3" inid="Cr">
          <nome>AUZUIR RIPARDO DE ALEXANDRIA</nome>
        </criador>
        <criador sequencia="4" inid="Cr">
          <nome>EDSON CAVALCANTI NETO</nome>
        </criador>
        <criador sequencia="5" inid="Cr">
          <nome>FRANCISCO ABAETE DAS CHAGAS NETO</nome>
        </criador>
        <criador sequencia="6" inid="Cr">
          <nome>FÁBIO DE OLIVEIRA SOUSA</nome>
        </criador>
        <criador sequencia="7" inid="Cr">
          <nome>FÁBIO DE OLIVEIRA SOUSA</nome>
        </criador>
        <criador sequencia="8" inid="Cr">
          <nome>INGRID CORREIA NOGUEIRA</nome>
        </criador>
        <criador sequencia="9" inid="Cr">
          <nome>ISLLA RIBEIRO PINHEIRO</nome>
        </criador>
        <criador sequencia="10" inid="Cr">
          <nome>MARCELO DE CASTRO SILVA FREITAS</nome>
        </criador>
        <criador sequencia="11" inid="Cr">
          <nome>NEIL ARMSTRONG REZENDE</nome>
        </criador>
        <criador sequencia="12" inid="Cr">
          <nome>RAFAEL DANTAS SANTANA</nome>
        </criador>
        <criador sequencia="13" inid="Cr">
          <nome>RAFAEL SILVA ALVES</nome>
        </criador>
        <criador sequencia="14" inid="Cr">
          <nome>RÔMULO LOPES FRUTUOSO</nome>
        </criador>
        <criador sequencia="15" inid="Cr">
          <nome>VICTOR JOSÉ TIMBÓ GONDIM</nome>
        </criador>
        <criador sequencia="16" inid="Cr">
          <nome>WILLIAM DE ARAÚJO DIAS</nome>
        </criador>
        <criador sequencia="17" inid="Cr">
          <nome>FRANCISCO ABAETE DAS CHAGAS NETO</nome>
        </criador>
        <criador sequencia="18" inid="Cr">
          <nome>FRANCISCO ABAETE DAS CHAGAS NETO</nome>
        </criador>
        <criador sequencia="19" inid="Cr">
          <nome>FRANCISCO ABAETE DAS CHAGAS NETO</nome>
        </criador>
        <criador sequencia="20" inid="Cr">
          <nome>FÁBIO DE OLIVEIRA SOUSA</nome>
        </criador>
        <criador sequencia="21" inid="Cr">
          <nome>FÁBIO DE OLIVEIRA SOUSA</nome>
        </criador>
        <criador sequencia="22" inid="Cr">
          <nome>FÁBIO DE OLIVEIRA SOUSA</nome>
        </criador>
        <criador sequencia="23" inid="Cr">
          <nome>FÁBIO DE OLIVEIRA SOUSA</nome>
        </criador>
        <criador sequencia="24" inid="Cr">
          <nome>RAFAEL SILVA ALVES</nome>
        </criador>
        <criador sequencia="25" inid="Cr">
          <nome>RÔMULO LOPES FRUTUOSO</nome>
        </criador>
        <criador sequencia="26" inid="Cr">
          <nome>VICTOR JOSÉ TIMBÓ GONDIM</nome>
        </criador>
        <criador sequencia="27" inid="Cr">
          <nome>WILLIAM DE ARAÚJO DIAS</nome>
        </criador>
      </criadorLista>
    </processo-programa>
  </despacho>
  <despacho>
    <codigo>730</codigo>
    <titulo>Expedição do Certificado de Registro</titulo>
    <processo-programa>
      <numero inid="Np">BR 51 2020 000775-9</numero>
      <titulo inid="54">Shed_ATmega_SCADA</titulo>
      <dataCriacao inid="Dl">05/02/2020</dataCriacao>
      <campoAplicacaoLista>
        <campoAplicacao>
          <codigo inid="Cp">AG-01</codigo>
        </campoAplicacao>
        <campoAplicacao>
          <codigo inid="Cp">AG-10</codigo>
        </campoAplicacao>
      </campoAplicacaoLista>
      <linguagemLista>
        <linguagem inid="Lg">OUTROS</linguagem>
      </linguagemLista>
      <tipoProgramaLista>
        <tipoPrograma>
          <codigo inid="Tp">AP-03</codigo>
        </tipoPrograma>
        <tipoPrograma>
          <codigo inid="Tp">AT-01</codigo>
        </tipoPrograma>
        <tipoPrograma>
          <codigo inid="Tp">AT-05</codigo>
        </tipoPrograma>
        <tipoPrograma>
          <codigo inid="Tp">AT-06</codigo>
        </tipoPrograma>
        <tipoPrograma>
          <codigo inid="Tp">IT-01</codigo>
        </tipoPrograma>
        <tipoPrograma>
          <codigo inid="Tp">SO-07</codigo>
        </tipoPrograma>
      </tipoProgramaLista>
      <titularLista>
        <titular sequencia="1" inid="73">
          <nome>UNIVERSIDADE ESTADUAL PAULISTA JULIO DE MESQUITA FILHO</nome>
        </titular>
      </titularLista>
      <criadorLista>
        <criador sequencia="1" inid="Cr">
          <nome>MARIO MOLLO NETO</nome>
        </criador>
      </criadorLista>
    </processo-programa>
  </despacho>
  <despacho>
    <codigo>730</codigo>
    <titulo>Expedição do Certificado de Registro</titulo>
    <processo-programa>
      <numero inid="Np">BR 51 2020 000776-7</numero>
      <titulo inid="54">ClusteIndexMonitor</titulo>
      <dataCriacao inid="Dl">11/02/2019</dataCriacao>
      <campoAplicacaoLista>
        <campoAplicacao>
          <codigo inid="Cp">AG-01</codigo>
        </campoAplicacao>
        <campoAplicacao>
          <codigo inid="Cp">AG-10</codigo>
        </campoAplicacao>
      </campoAplicacaoLista>
      <linguagemLista>
        <linguagem inid="Lg">MATLAB</linguagem>
      </linguagemLista>
      <tipoProgramaLista>
        <tipoPrograma>
          <codigo inid="Tp">AP-03</codigo>
        </tipoPrograma>
        <tipoPrograma>
          <codigo inid="Tp">AT-01</codigo>
        </tipoPrograma>
        <tipoPrograma>
          <codigo inid="Tp">AT-05</codigo>
        </tipoPrograma>
        <tipoPrograma>
          <codigo inid="Tp">IT-01</codigo>
        </tipoPrograma>
        <tipoPrograma>
          <codigo inid="Tp">TC-04</codigo>
        </tipoPrograma>
      </tipoProgramaLista>
      <titularLista>
        <titular sequencia="1" inid="73">
          <nome>UNIVERSIDADE ESTADUAL PAULISTA JULIO DE MESQUITA FILHO</nome>
        </titular>
      </titularLista>
      <criadorLista>
        <criador sequencia="1" inid="Cr">
          <nome>DANILO FLORENTINO PEREIRA</nome>
        </criador>
        <criador sequencia="2" inid="Cr">
          <nome>FRANCISCO AUGUSTO ALVES LOPES</nome>
        </criador>
        <criador sequencia="3" inid="Cr">
          <nome>MARIO MOLLO NETO</nome>
        </criador>
      </criadorLista>
    </processo-programa>
  </despacho>
  <despacho>
    <codigo>730</codigo>
    <titulo>Expedição do Certificado de Registro</titulo>
    <processo-programa>
      <numero inid="Np">BR 51 2020 000777-5</numero>
      <titulo inid="54">Aplicativo da Cartilha Educativa Sífilis e Sífilis Congênita</titulo>
      <dataCriacao inid="Dl">07/11/2019</dataCriacao>
      <campoAplicacaoLista>
        <campoAplicacao>
          <codigo inid="Cp">CO-04</codigo>
        </campoAplicacao>
        <campoAplicacao>
          <codigo inid="Cp">IF-02</codigo>
        </campoAplicacao>
        <campoAplicacao>
          <codigo inid="Cp">IF-04</codigo>
        </campoAplicacao>
        <campoAplicacao>
          <codigo inid="Cp">SD-01</codigo>
        </campoAplicacao>
        <campoAplicacao>
          <codigo inid="Cp">SD-02</codigo>
        </campoAplicacao>
        <campoAplicacao>
          <codigo inid="Cp">SD-03</codigo>
        </campoAplicacao>
      </campoAplicacaoLista>
      <linguagemLista>
        <linguagem inid="Lg">CSS</linguagem>
        <linguagem inid="Lg">HTML</linguagem>
        <linguagem inid="Lg">JAVA SCRIPT</linguagem>
      </linguagemLista>
      <tipoProgramaLista>
        <tipoPrograma>
          <codigo inid="Tp">AP-01</codigo>
        </tipoPrograma>
        <tipoPrograma>
          <codigo inid="Tp">DS-07</codigo>
        </tipoPrograma>
        <tipoPrograma>
          <codigo inid="Tp">FA-01</codigo>
        </tipoPrograma>
      </tipoProgramaLista>
      <titularLista>
        <titular sequencia="1" inid="73">
          <nome>FUNDACAO DE ENSINO SUPERIOR DO VALE DO SAPUCAI</nome>
        </titular>
      </titularLista>
      <criadorLista>
        <criador sequencia="1" inid="Cr">
          <nome>GUSTAVO GABRIEL DE LIMA SILVA</nome>
        </criador>
        <criador sequencia="2" inid="Cr">
          <nome>MARIA CRISTINA PORTO E SILVA</nome>
        </criador>
        <criador sequencia="3" inid="Cr">
          <nome>MISAEL KELVINY DA SILVA</nome>
        </criador>
        <criador sequencia="4" inid="Cr">
          <nome>RAFLER AUGUSTO RODRIGUES DA SILVA</nome>
        </criador>
        <criador sequencia="5" inid="Cr">
          <nome>ROBERTO RIBEIRO ROCHA</nome>
        </criador>
        <criador sequencia="6" inid="Cr">
          <nome>RODRIGO LUIS DE FARIA</nome>
        </criador>
        <criador sequencia="7" inid="Cr">
          <nome>WELLINGTON THALYSON BARREIROS</nome>
        </criador>
      </criadorLista>
    </processo-programa>
  </despacho>
  <despacho>
    <codigo>730</codigo>
    <titulo>Expedição do Certificado de Registro</titulo>
    <processo-programa>
      <numero inid="Np">BR 51 2020 000778-3</numero>
      <titulo inid="54">MAIA ERP</titulo>
      <dataCriacao inid="Dl">15/04/2020</dataCriacao>
      <campoAplicacaoLista>
        <campoAplicacao>
          <codigo inid="Cp">AD-05</codigo>
        </campoAplicacao>
        <campoAplicacao>
          <codigo inid="Cp">AD-07</codigo>
        </campoAplicacao>
        <campoAplicacao>
          <codigo inid="Cp">AD-09</codigo>
        </campoAplicacao>
        <campoAplicacao>
          <codigo inid="Cp">AD-10</codigo>
        </campoAplicacao>
        <campoAplicacao>
          <codigo inid="Cp">AD-11</codigo>
        </campoAplicacao>
        <campoAplicacao>
          <codigo inid="Cp">FN-06</codigo>
        </campoAplicacao>
      </campoAplicacaoLista>
      <linguagemLista>
        <linguagem inid="Lg">C#</linguagem>
        <linguagem inid="Lg">DELPHI</linguagem>
        <linguagem inid="Lg">PYTHON</linguagem>
      </linguagemLista>
      <tipoProgramaLista>
        <tipoPrograma>
          <codigo inid="Tp">AP-01</codigo>
        </tipoPrograma>
        <tipoPrograma>
          <codigo inid="Tp">AP-02</codigo>
        </tipoPrograma>
        <tipoPrograma>
          <codigo inid="Tp">AP-03</codigo>
        </tipoPrograma>
        <tipoPrograma>
          <codigo inid="Tp">AP-04</codigo>
        </tipoPrograma>
        <tipoPrograma>
          <codigo inid="Tp">AP-05</codigo>
        </tipoPrograma>
        <tipoPrograma>
          <codigo inid="Tp">AT-01</codigo>
        </tipoPrograma>
        <tipoPrograma>
          <codigo inid="Tp">AT-02</codigo>
        </tipoPrograma>
        <tipoPrograma>
          <codigo inid="Tp">AT-03</codigo>
        </tipoPrograma>
        <tipoPrograma>
          <codigo inid="Tp">AT-04</codigo>
        </tipoPrograma>
        <tipoPrograma>
          <codigo inid="Tp">AT-06</codigo>
        </tipoPrograma>
        <tipoPrograma>
          <codigo inid="Tp">IA-01</codigo>
        </tipoPrograma>
        <tipoPrograma>
          <codigo inid="Tp">PD-02</codigo>
        </tipoPrograma>
        <tipoPrograma>
          <codigo inid="Tp">PD-03</codigo>
        </tipoPrograma>
        <tipoPrograma>
          <codigo inid="Tp">PD-05</codigo>
        </tipoPrograma>
        <tipoPrograma>
          <codigo inid="Tp">SO-05</codigo>
        </tipoPrograma>
        <tipoPrograma>
          <codigo inid="Tp">SO-07</codigo>
        </tipoPrograma>
      </tipoProgramaLista>
      <titularLista>
        <titular sequencia="1" inid="73">
          <nome>ALMEIDA E MAIA MATERIAIS DE CONSTRUÇÃO LTDA</nome>
        </titular>
      </titularLista>
      <criadorLista>
        <criador sequencia="1" inid="Cr">
          <nome>VICTOR ALMEIDA MAIA</nome>
        </criador>
      </criadorLista>
    </processo-programa>
  </despacho>
  <despacho>
    <codigo>730</codigo>
    <titulo>Expedição do Certificado de Registro</titulo>
    <processo-programa>
      <numero inid="Np">BR 51 2020 000779-1</numero>
      <titulo inid="54">Gamificaçao</titulo>
      <dataCriacao inid="Dl">25/11/2019</dataCriacao>
      <campoAplicacaoLista>
        <campoAplicacao>
          <codigo inid="Cp">ED-01</codigo>
        </campoAplicacao>
        <campoAplicacao>
          <codigo inid="Cp">ED-03</codigo>
        </campoAplicacao>
        <campoAplicacao>
          <codigo inid="Cp">ED-04</codigo>
        </campoAplicacao>
        <campoAplicacao>
          <codigo inid="Cp">ED-06</codigo>
        </campoAplicacao>
      </campoAplicacaoLista>
      <linguagemLista>
        <linguagem inid="Lg">JAVA SCRIPT</linguagem>
        <linguagem inid="Lg">MYSQL</linguagem>
        <linguagem inid="Lg">PYTHON</linguagem>
      </linguagemLista>
      <tipoProgramaLista>
        <tipoPrograma>
          <codigo inid="Tp">AP-03</codigo>
        </tipoPrograma>
        <tipoPrograma>
          <codigo inid="Tp">AV-01</codigo>
        </tipoPrograma>
        <tipoPrograma>
          <codigo inid="Tp">SO-04</codigo>
        </tipoPrograma>
      </tipoProgramaLista>
      <titularLista>
        <titular sequencia="1" inid="73">
          <nome>ASSOCIAÇÃO IGREJA ADVENTISTA MISSIONÁRIA - AIAMIS</nome>
        </titular>
      </titularLista>
      <criadorLista>
        <criador sequencia="1" inid="Cr">
          <nome>AUGUSTO COELHO MELO</nome>
        </criador>
        <criador sequencia="2" inid="Cr">
          <nome>FELIPE SOARES ALMEIDA</nome>
        </criador>
        <criador sequencia="3" inid="Cr">
          <nome>JOSÉ MARIA JAIRO CHAVES</nome>
        </criador>
        <criador sequencia="4" inid="Cr">
          <nome>JOÃO JOSÉ SARAIVA DA FONSECA</nome>
        </criador>
        <criador sequencia="5" inid="Cr">
          <nome>JOÃO JOSÉ SARAIVA DA FONSECA</nome>
        </criador>
        <criador sequencia="6" inid="Cr">
          <nome>JOÃO JOSÉ SARAIVA DA FONSECA</nome>
        </criador>
        <criador sequencia="7" inid="Cr">
          <nome>JOÃO JOSÉ SARAIVA DA FONSECA</nome>
        </criador>
      </criadorLista>
    </processo-programa>
  </despacho>
  <despacho>
    <codigo>730</codigo>
    <titulo>Expedição do Certificado de Registro</titulo>
    <processo-programa>
      <numero inid="Np">BR 51 2020 000781-3</numero>
      <titulo inid="54">SICLASS - Aplicativo para Classificação de Risco da Demanda Espontânea na Atenção Básica à Saúde</titulo>
      <dataCriacao inid="Dl">17/04/2020</dataCriacao>
      <campoAplicacaoLista>
        <campoAplicacao>
          <codigo inid="Cp">SD-01</codigo>
        </campoAplicacao>
      </campoAplicacaoLista>
      <linguagemLista>
        <linguagem inid="Lg">PASCAL</linguagem>
      </linguagemLista>
      <tipoProgramaLista>
        <tipoPrograma>
          <codigo inid="Tp">AP-01</codigo>
        </tipoPrograma>
      </tipoProgramaLista>
      <titularLista>
        <titular sequencia="1" inid="73">
          <nome>JADIELMA EZEQUIEL DA SILVA</nome>
        </titular>
      </titularLista>
      <criadorLista>
        <criador sequencia="1" inid="Cr">
          <nome>ADELMO PINTO DE ARAÚJO JUNIOR</nome>
        </criador>
        <criador sequencia="2" inid="Cr">
          <nome>JADIELMA EZEQUIEL DA SILVA</nome>
        </criador>
        <criador sequencia="3" inid="Cr">
          <nome>PEDRO DE LEMOS MENEZES</nome>
        </criador>
      </criadorLista>
    </processo-programa>
  </despacho>
  <despacho>
    <codigo>734</codigo>
    <titulo>Transferência de Titularidade</titulo>
    <processo-programa>
      <numero inid="Np">BR 51 2015 000996-6</numero>
      <titulo inid="54">FZ -NT</titulo>
      <titularLista>
        <titular sequencia="1" inid="73">
          <nome>FOOZE MAQUINAS E EQUIPAMENTOS PARA LABORATORIOS EIRELI</nome>
        </titular>
      </titularLista>
    </processo-programa>
    <comentario inid="co">Transferência da petição 870200051576 homologada.</comentario>
  </despacho>
  <despacho>
    <codigo>742</codigo>
    <titulo>Petição não conhecida</titulo>
    <processo-programa>
      <numero inid="Np">BR 51 2020 000699-0</numero>
      <titulo inid="54">Delphos - Gestão de Risco de Ameaça Interna</titulo>
      <titularLista>
        <titular sequencia="1" inid="73">
          <nome>INTELLCONNECT CONSULTORIA EM INTELIGÊNCIA EMPRESARIAL LTDA</nome>
        </titular>
      </titularLista>
    </processo-programa>
    <comentario inid="co">Pagamento da GRU fora do prazo ou não realizado referente ao protocolo 870200048469</comentario>
  </despacho>
  <despacho>
    <codigo>747</codigo>
    <titulo>Correção de dados no Certificado de Registro devido à falha do interessado</titulo>
    <processo-programa>
      <numero inid="Np">BR 51 2019 000150-8</numero>
      <titulo inid="54">SISTEMA DE GESTÃO E REGISTRO DE CONTRATOS - SGRC</titulo>
      <titularLista>
        <titular sequencia="1" inid="73">
          <nome>SIELLO TECNOLOGIA, DESENVOLVIMENTO E SERVICOS LTDA</nome>
        </titular>
      </titularLista>
    </processo-programa>
    <comentario inid="co">Alterações realizadas conforme solicitação.</comentario>
  </despacho>
  <despacho>
    <codigo>747</codigo>
    <titulo>Correção de dados no Certificado de Registro devido à falha do interessado</titulo>
    <processo-programa>
      <numero inid="Np">BR 51 2020 000541-1</numero>
      <titulo inid="54">PEOPLE INSIGHTS PLATFORM</titulo>
      <titularLista>
        <titular sequencia="1" inid="73">
          <nome>PRICEWATERHOUSECOOPERS TECNOLOGIA DA INFORMACAO LTDA.</nome>
        </titular>
      </titularLista>
    </processo-programa>
    <comentario inid="co">Foi alterado o título conforme solicitado no Fale Conosco 816086.</comentario>
  </despacho>
</revista>