<revista numero="2625" dataPublicacao="27/04/2021" diretoria="Programa">
  <despacho>
    <codigo>730</codigo>
    <titulo>Expedição do Certificado de Registro</titulo>
    <processo-programa>
      <numero inid="Np">BR 51 2021 000752-2</numero>
      <titulo inid="54">Sistema Administrativo Jucesp - SisAdmin Jucesp OnLine - JOL</titulo>
      <dataCriacao inid="Dl">12/01/2018</dataCriacao>
      <campoAplicacaoLista>
        <campoAplicacao>
          <codigo inid="Cp">AD-01</codigo>
        </campoAplicacao>
        <campoAplicacao>
          <codigo inid="Cp">AD-02</codigo>
        </campoAplicacao>
        <campoAplicacao>
          <codigo inid="Cp">AD-11</codigo>
        </campoAplicacao>
        <campoAplicacao>
          <codigo inid="Cp">DI-01</codigo>
        </campoAplicacao>
      </campoAplicacaoLista>
      <linguagemLista>
        <linguagem inid="Lg">.NET</linguagem>
        <linguagem inid="Lg">C#</linguagem>
      </linguagemLista>
      <tipoProgramaLista>
        <tipoPrograma>
          <codigo inid="Tp">AP-01</codigo>
        </tipoPrograma>
        <tipoPrograma>
          <codigo inid="Tp">AP-03</codigo>
        </tipoPrograma>
        <tipoPrograma>
          <codigo inid="Tp">AT-02</codigo>
        </tipoPrograma>
        <tipoPrograma>
          <codigo inid="Tp">AT-06</codigo>
        </tipoPrograma>
        <tipoPrograma>
          <codigo inid="Tp">CD-01</codigo>
        </tipoPrograma>
        <tipoPrograma>
          <codigo inid="Tp">IA-02</codigo>
        </tipoPrograma>
      </tipoProgramaLista>
      <titularLista>
        <titular sequencia="1" inid="73">
          <nome>SINDICATO DO COMERCIO VAREJISTA DE SOROCABA</nome>
        </titular>
      </titularLista>
      <criadorLista>
        <criador sequencia="1" inid="Cr">
          <nome>MARCIO ANTONIO AZZARINI FILHO</nome>
        </criador>
      </criadorLista>
    </processo-programa>
  </despacho>
  <despacho>
    <codigo>730</codigo>
    <titulo>Expedição do Certificado de Registro</titulo>
    <processo-programa>
      <numero inid="Np">BR 51 2021 000763-8</numero>
      <titulo inid="54">Plataforma multilateral para profissionais de saúde</titulo>
      <dataCriacao inid="Dl">09/06/2020</dataCriacao>
      <campoAplicacaoLista>
        <campoAplicacao>
          <codigo inid="Cp">SD-08</codigo>
        </campoAplicacao>
      </campoAplicacaoLista>
      <linguagemLista>
        <linguagem inid="Lg">JAVA SCRIPT</linguagem>
        <linguagem inid="Lg">OUTROS</linguagem>
        <linguagem inid="Lg">PYTHON</linguagem>
        <linguagem inid="Lg">SQL</linguagem>
      </linguagemLista>
      <tipoProgramaLista>
        <tipoPrograma>
          <codigo inid="Tp">AP-01</codigo>
        </tipoPrograma>
      </tipoProgramaLista>
      <titularLista>
        <titular sequencia="1" inid="73">
          <nome>CLINICA BOA SAUDE</nome>
        </titular>
        <titular sequencia="2" inid="73">
          <nome>INSTITUTO FEDERAL DE EDUCAÇÃO, CIÊNCIA E TECNOLOGIA DO CEARÁ</nome>
        </titular>
      </titularLista>
      <criadorLista>
        <criador sequencia="1" inid="Cr">
          <nome>ADAILTON DOS SANTOS HOLANDA</nome>
        </criador>
        <criador sequencia="2" inid="Cr">
          <nome>ANA ADRIANIZE MENDES VIANA</nome>
        </criador>
        <criador sequencia="3" inid="Cr">
          <nome>ANDRÉ LUIZ DE SOUZA ARAÚJO</nome>
        </criador>
        <criador sequencia="4" inid="Cr">
          <nome>AUZUIR RIPARDO DE ALEXANDRIA</nome>
        </criador>
        <criador sequencia="5" inid="Cr">
          <nome>CLERIA SILVA DE FREITAS</nome>
        </criador>
        <criador sequencia="6" inid="Cr">
          <nome>EDSON CAVALCANTI NETO</nome>
        </criador>
        <criador sequencia="7" inid="Cr">
          <nome>FRANCISCO RONALD ARAÚJO BARBOSA</nome>
        </criador>
        <criador sequencia="8" inid="Cr">
          <nome>MARCELO ARAUJO LIMA</nome>
        </criador>
        <criador sequencia="9" inid="Cr">
          <nome>MARCELO DE CASTRO SILVA FREITAS</nome>
        </criador>
        <criador sequencia="10" inid="Cr">
          <nome>MARCOS GABRIEL SOUZA DANTAS</nome>
        </criador>
        <criador sequencia="11" inid="Cr">
          <nome>RAFAEL SILVA ALVES</nome>
        </criador>
        <criador sequencia="12" inid="Cr">
          <nome>RÔMULO LOPES FRUTUOSO</nome>
        </criador>
        <criador sequencia="13" inid="Cr">
          <nome>SAULO MACEDO MAIA</nome>
        </criador>
        <criador sequencia="14" inid="Cr">
          <nome>VICTOR JOSÉ TIMBÓ GONDIM</nome>
        </criador>
        <criador sequencia="15" inid="Cr">
          <nome>WELLINGTON RIBEIRO DE MENEZES</nome>
        </criador>
      </criadorLista>
    </processo-programa>
  </despacho>
  <despacho>
    <codigo>730</codigo>
    <titulo>Expedição do Certificado de Registro</titulo>
    <processo-programa>
      <numero inid="Np">BR 51 2021 000764-6</numero>
      <titulo inid="54">eCine</titulo>
      <dataCriacao inid="Dl">10/03/2014</dataCriacao>
      <campoAplicacaoLista>
        <campoAplicacao>
          <codigo inid="Cp">AD-02</codigo>
        </campoAplicacao>
        <campoAplicacao>
          <codigo inid="Cp">AD-10</codigo>
        </campoAplicacao>
        <campoAplicacao>
          <codigo inid="Cp">IF-02</codigo>
        </campoAplicacao>
        <campoAplicacao>
          <codigo inid="Cp">IF-07</codigo>
        </campoAplicacao>
      </campoAplicacaoLista>
      <linguagemLista>
        <linguagem inid="Lg">.NET</linguagem>
        <linguagem inid="Lg">ACTIVE SERVER PAGES</linguagem>
        <linguagem inid="Lg">C#</linguagem>
        <linguagem inid="Lg">CSS</linguagem>
        <linguagem inid="Lg">HTML</linguagem>
        <linguagem inid="Lg">JAVA SCRIPT</linguagem>
        <linguagem inid="Lg">JSON</linguagem>
        <linguagem inid="Lg">TRANSACTION SQL</linguagem>
      </linguagemLista>
      <tipoProgramaLista>
        <tipoPrograma>
          <codigo inid="Tp">AP-01</codigo>
        </tipoPrograma>
        <tipoPrograma>
          <codigo inid="Tp">AP-03</codigo>
        </tipoPrograma>
        <tipoPrograma>
          <codigo inid="Tp">AP-04</codigo>
        </tipoPrograma>
        <tipoPrograma>
          <codigo inid="Tp">AT-02</codigo>
        </tipoPrograma>
        <tipoPrograma>
          <codigo inid="Tp">AT-06</codigo>
        </tipoPrograma>
        <tipoPrograma>
          <codigo inid="Tp">CD-01</codigo>
        </tipoPrograma>
        <tipoPrograma>
          <codigo inid="Tp">DS-04</codigo>
        </tipoPrograma>
        <tipoPrograma>
          <codigo inid="Tp">GI-02</codigo>
        </tipoPrograma>
        <tipoPrograma>
          <codigo inid="Tp">GI-06</codigo>
        </tipoPrograma>
        <tipoPrograma>
          <codigo inid="Tp">PD-05</codigo>
        </tipoPrograma>
        <tipoPrograma>
          <codigo inid="Tp">TI-03</codigo>
        </tipoPrograma>
      </tipoProgramaLista>
      <titularLista>
        <titular sequencia="1" inid="73">
          <nome>CELSO RICARDO DE MOURA GARCIA JUNIOR</nome>
        </titular>
        <titular sequencia="2" inid="73">
          <nome>WEBNETS SOLUCOES EIRELI ME</nome>
        </titular>
      </titularLista>
      <criadorLista>
        <criador sequencia="1" inid="Cr">
          <nome>CELSO RICARDO DE MOURA GARCIA JUNIOR</nome>
        </criador>
      </criadorLista>
    </processo-programa>
  </despacho>
  <despacho>
    <codigo>730</codigo>
    <titulo>Expedição do Certificado de Registro</titulo>
    <processo-programa>
      <numero inid="Np">BR 51 2021 000765-4</numero>
      <titulo inid="54">Módulo de classificação de cor de veículos</titulo>
      <dataCriacao inid="Dl">01/10/2020</dataCriacao>
      <campoAplicacaoLista>
        <campoAplicacao>
          <codigo inid="Cp">SV-01</codigo>
        </campoAplicacao>
      </campoAplicacaoLista>
      <linguagemLista>
        <linguagem inid="Lg">PYTHON</linguagem>
      </linguagemLista>
      <tipoProgramaLista>
        <tipoPrograma>
          <codigo inid="Tp">TC-04</codigo>
        </tipoPrograma>
      </tipoProgramaLista>
      <titularLista>
        <titular sequencia="1" inid="73">
          <nome>: MOBIT - MOBILIDADE, ILUMINACAO E TECNOLOGIA LTDA</nome>
        </titular>
        <titular sequencia="2" inid="73">
          <nome>INSTITUTO FEDERAL DE EDUCAÇÃO, CIÊNCIA E TECNOLOGIA DO CEARÁ</nome>
        </titular>
      </titularLista>
      <criadorLista>
        <criador sequencia="1" inid="Cr">
          <nome>ALYSON BEZERRA NOGUEIRA RIBEIRO</nome>
        </criador>
        <criador sequencia="2" inid="Cr">
          <nome>EDSON CAVALCANTI NETO</nome>
        </criador>
        <criador sequencia="3" inid="Cr">
          <nome>FÁBIO DE ARAÚJO PEREIRA</nome>
        </criador>
        <criador sequencia="4" inid="Cr">
          <nome>GILDERLANE RIBEIRO ALEXANDRE</nome>
        </criador>
        <criador sequencia="5" inid="Cr">
          <nome>JONAS RODRIGUES VIEIRA DOS SANTOS</nome>
        </criador>
        <criador sequencia="6" inid="Cr">
          <nome>LEVI CORDEIRO CARVALHO</nome>
        </criador>
        <criador sequencia="7" inid="Cr">
          <nome>LUÍZ FELIPE SOUSA MACIEL</nome>
        </criador>
        <criador sequencia="8" inid="Cr">
          <nome>NATÁLIA RIOS DE SOUSA</nome>
        </criador>
        <criador sequencia="9" inid="Cr">
          <nome>RENATO RODRIGUES VIEIRA DOS SANTOS</nome>
        </criador>
        <criador sequencia="10" inid="Cr">
          <nome>RODRIGO FERNANDES FREITAS</nome>
        </criador>
        <criador sequencia="11" inid="Cr">
          <nome>RÔMULO LOPES FRUTUOSO</nome>
        </criador>
        <criador sequencia="12" inid="Cr">
          <nome>SAMUEL LUZ GOMES</nome>
        </criador>
        <criador sequencia="13" inid="Cr">
          <nome>TARIQUE DA SILVEIRA CAVALCANTE</nome>
        </criador>
        <criador sequencia="14" inid="Cr">
          <nome>WELLINGTON NOBERTO DA SILVA ARAUJO</nome>
        </criador>
      </criadorLista>
    </processo-programa>
  </despacho>
  <despacho>
    <codigo>730</codigo>
    <titulo>Expedição do Certificado de Registro</titulo>
    <processo-programa>
      <numero inid="Np">BR 51 2021 000766-2</numero>
      <titulo inid="54">Módulo de classificação de marca e modelo de veículos</titulo>
      <dataCriacao inid="Dl">01/10/2020</dataCriacao>
      <campoAplicacaoLista>
        <campoAplicacao>
          <codigo inid="Cp">SV-01</codigo>
        </campoAplicacao>
        <campoAplicacao>
          <codigo inid="Cp">TP-01</codigo>
        </campoAplicacao>
      </campoAplicacaoLista>
      <linguagemLista>
        <linguagem inid="Lg">PYTHON</linguagem>
      </linguagemLista>
      <tipoProgramaLista>
        <tipoPrograma>
          <codigo inid="Tp">TC-04</codigo>
        </tipoPrograma>
      </tipoProgramaLista>
      <titularLista>
        <titular sequencia="1" inid="73">
          <nome>: MOBIT - MOBILIDADE, ILUMINACAO E TECNOLOGIA LTDA</nome>
        </titular>
        <titular sequencia="2" inid="73">
          <nome>INSTITUTO FEDERAL DE EDUCAÇÃO, CIÊNCIA E TECNOLOGIA DO CEARÁ</nome>
        </titular>
      </titularLista>
      <criadorLista>
        <criador sequencia="1" inid="Cr">
          <nome>ALYSON BEZERRA NOGUEIRA RIBEIRO</nome>
        </criador>
        <criador sequencia="2" inid="Cr">
          <nome>EDSON CAVALCANTI NETO</nome>
        </criador>
        <criador sequencia="3" inid="Cr">
          <nome>FÁBIO DE ARAÚJO PEREIRA</nome>
        </criador>
        <criador sequencia="4" inid="Cr">
          <nome>GILDERLANE RIBEIRO ALEXANDRE</nome>
        </criador>
        <criador sequencia="5" inid="Cr">
          <nome>JONAS RODRIGUES VIEIRA DOS SANTOS</nome>
        </criador>
        <criador sequencia="6" inid="Cr">
          <nome>LEVI CORDEIRO CARVALHO</nome>
        </criador>
        <criador sequencia="7" inid="Cr">
          <nome>LUÍZ FELIPE SOUSA MACIEL</nome>
        </criador>
        <criador sequencia="8" inid="Cr">
          <nome>NATÁLIA RIOS DE SOUSA</nome>
        </criador>
        <criador sequencia="9" inid="Cr">
          <nome>RENATO RODRIGUES VIEIRA DOS SANTOS</nome>
        </criador>
        <criador sequencia="10" inid="Cr">
          <nome>RODRIGO FERNANDES FREITAS</nome>
        </criador>
        <criador sequencia="11" inid="Cr">
          <nome>RÔMULO LOPES FRUTUOSO</nome>
        </criador>
        <criador sequencia="12" inid="Cr">
          <nome>SAMUEL LUZ GOMES</nome>
        </criador>
        <criador sequencia="13" inid="Cr">
          <nome>TARIQUE DA SILVEIRA CAVALCANTE</nome>
        </criador>
        <criador sequencia="14" inid="Cr">
          <nome>WELLINGTON NOBERTO DA SILVA ARAUJO</nome>
        </criador>
      </criadorLista>
    </processo-programa>
  </despacho>
  <despacho>
    <codigo>730</codigo>
    <titulo>Expedição do Certificado de Registro</titulo>
    <processo-programa>
      <numero inid="Np">BR 51 2021 000767-0</numero>
      <titulo inid="54">Reativação de Sintomas da Hanseníase - RSH</titulo>
      <dataCriacao inid="Dl">23/11/2019</dataCriacao>
      <campoAplicacaoLista>
        <campoAplicacao>
          <codigo inid="Cp">BL-01</codigo>
        </campoAplicacao>
        <campoAplicacao>
          <codigo inid="Cp">SD-01</codigo>
        </campoAplicacao>
      </campoAplicacaoLista>
      <linguagemLista>
        <linguagem inid="Lg">JAVA</linguagem>
        <linguagem inid="Lg">XML</linguagem>
      </linguagemLista>
      <tipoProgramaLista>
        <tipoPrograma>
          <codigo inid="Tp">AP-01</codigo>
        </tipoPrograma>
        <tipoPrograma>
          <codigo inid="Tp">TC-01</codigo>
        </tipoPrograma>
      </tipoProgramaLista>
      <titularLista>
        <titular sequencia="1" inid="73">
          <nome>UNIVERSIDADE DO ESTADO DO PARA</nome>
        </titular>
      </titularLista>
      <criadorLista>
        <criador sequencia="1" inid="Cr">
          <nome>ANDRÉ DOS SANTOS CABRAL</nome>
        </criador>
        <criador sequencia="2" inid="Cr">
          <nome>CARLA ANDRÉA AVELAR PIRES</nome>
        </criador>
        <criador sequencia="3" inid="Cr">
          <nome>FELIPE ANDRÉ DA COSTA BRITO</nome>
        </criador>
        <criador sequencia="4" inid="Cr">
          <nome>JÉSSICA RODRIGUES DE SOUSA</nome>
        </criador>
      </criadorLista>
    </processo-programa>
  </despacho>
  <despacho>
    <codigo>730</codigo>
    <titulo>Expedição do Certificado de Registro</titulo>
    <processo-programa>
      <numero inid="Np">BR 51 2021 000768-9</numero>
      <titulo inid="54">CODAS Web (Combinative Distance-based Assessment)</titulo>
      <dataCriacao inid="Dl">19/04/2021</dataCriacao>
      <campoAplicacaoLista>
        <campoAplicacao>
          <codigo inid="Cp">MT-01</codigo>
        </campoAplicacao>
        <campoAplicacao>
          <codigo inid="Cp">MT-06</codigo>
        </campoAplicacao>
      </campoAplicacaoLista>
      <linguagemLista>
        <linguagem inid="Lg">CSS</linguagem>
        <linguagem inid="Lg">HTML</linguagem>
        <linguagem inid="Lg">JAVA SCRIPT</linguagem>
      </linguagemLista>
      <tipoProgramaLista>
        <tipoPrograma>
          <codigo inid="Tp">AP-01</codigo>
        </tipoPrograma>
        <tipoPrograma>
          <codigo inid="Tp">TC-01</codigo>
        </tipoPrograma>
        <tipoPrograma>
          <codigo inid="Tp">TC-02</codigo>
        </tipoPrograma>
      </tipoProgramaLista>
      <titularLista>
        <titular sequencia="1" inid="73">
          <nome>MARCOS DOS SANTOS</nome>
        </titular>
      </titularLista>
      <criadorLista>
        <criador sequencia="1" inid="Cr">
          <nome>CARLOS FRANCISCO SIMÕES GOMES</nome>
        </criador>
        <criador sequencia="2" inid="Cr">
          <nome>LORRAN SANTOS RODRIGUES</nome>
        </criador>
        <criador sequencia="3" inid="Cr">
          <nome>MARCOS DOS SANTOS</nome>
        </criador>
      </criadorLista>
    </processo-programa>
  </despacho>
  <despacho>
    <codigo>730</codigo>
    <titulo>Expedição do Certificado de Registro</titulo>
    <processo-programa>
      <numero inid="Np">BR 51 2021 000769-7</numero>
      <titulo inid="54">Módulo de detecção de buracos em vias</titulo>
      <dataCriacao inid="Dl">01/10/2020</dataCriacao>
      <campoAplicacaoLista>
        <campoAplicacao>
          <codigo inid="Cp">SV-01</codigo>
        </campoAplicacao>
        <campoAplicacao>
          <codigo inid="Cp">TP-04</codigo>
        </campoAplicacao>
      </campoAplicacaoLista>
      <linguagemLista>
        <linguagem inid="Lg">PYTHON</linguagem>
      </linguagemLista>
      <tipoProgramaLista>
        <tipoPrograma>
          <codigo inid="Tp">TC-04</codigo>
        </tipoPrograma>
      </tipoProgramaLista>
      <titularLista>
        <titular sequencia="1" inid="73">
          <nome>INSTITUTO FEDERAL DE EDUCAÇÃO, CIÊNCIA E TECNOLOGIA DO CEARÁ</nome>
        </titular>
        <titular sequencia="2" inid="73">
          <nome>MOBIT - MOBILIDADE, ILUMINACAO E TECNOLOGIA LTDA</nome>
        </titular>
      </titularLista>
      <criadorLista>
        <criador sequencia="1" inid="Cr">
          <nome>ALYSON BEZERRA NOGUEIRA RIBEIRO</nome>
        </criador>
        <criador sequencia="2" inid="Cr">
          <nome>EDSON CAVALCANTI NETO</nome>
        </criador>
        <criador sequencia="3" inid="Cr">
          <nome>FÁBIO DE ARAÚJO PEREIRA</nome>
        </criador>
        <criador sequencia="4" inid="Cr">
          <nome>GILDERLANE RIBEIRO ALEXANDRE</nome>
        </criador>
        <criador sequencia="5" inid="Cr">
          <nome>JONAS RODRIGUES VIEIRA DOS SANTOS</nome>
        </criador>
        <criador sequencia="6" inid="Cr">
          <nome>LEVI CORDEIRO CARVALHO</nome>
        </criador>
        <criador sequencia="7" inid="Cr">
          <nome>LUÍZ FELIPE SOUSA MACIEL</nome>
        </criador>
        <criador sequencia="8" inid="Cr">
          <nome>NATÁLIA RIOS DE SOUSA</nome>
        </criador>
        <criador sequencia="9" inid="Cr">
          <nome>RENATO RODRIGUES VIEIRA DOS SANTOS</nome>
        </criador>
        <criador sequencia="10" inid="Cr">
          <nome>RODRIGO FERNANDES FREITAS</nome>
        </criador>
        <criador sequencia="11" inid="Cr">
          <nome>RÔMULO LOPES FRUTUOSO</nome>
        </criador>
        <criador sequencia="12" inid="Cr">
          <nome>SAMUEL LUZ GOMES</nome>
        </criador>
        <criador sequencia="13" inid="Cr">
          <nome>TARIQUE DA SILVEIRA CAVALCANTE</nome>
        </criador>
        <criador sequencia="14" inid="Cr">
          <nome>WELLINGTON NOBERTO DA SILVA ARAUJO</nome>
        </criador>
      </criadorLista>
    </processo-programa>
  </despacho>
  <despacho>
    <codigo>730</codigo>
    <titulo>Expedição do Certificado de Registro</titulo>
    <processo-programa>
      <numero inid="Np">BR 51 2021 000771-9</numero>
      <titulo inid="54">SEI - SISTEMA EDUCACIONAL INTEGRADO</titulo>
      <dataCriacao inid="Dl">01/08/2006</dataCriacao>
      <campoAplicacaoLista>
        <campoAplicacao>
          <codigo inid="Cp">ED-03</codigo>
        </campoAplicacao>
        <campoAplicacao>
          <codigo inid="Cp">ED-04</codigo>
        </campoAplicacao>
        <campoAplicacao>
          <codigo inid="Cp">ED-06</codigo>
        </campoAplicacao>
      </campoAplicacaoLista>
      <linguagemLista>
        <linguagem inid="Lg">JAVA</linguagem>
        <linguagem inid="Lg">JAVA SCRIPT</linguagem>
      </linguagemLista>
      <tipoProgramaLista>
        <tipoPrograma>
          <codigo inid="Tp">AP-01</codigo>
        </tipoPrograma>
        <tipoPrograma>
          <codigo inid="Tp">AP-03</codigo>
        </tipoPrograma>
        <tipoPrograma>
          <codigo inid="Tp">AT-06</codigo>
        </tipoPrograma>
        <tipoPrograma>
          <codigo inid="Tp">AV-01</codigo>
        </tipoPrograma>
        <tipoPrograma>
          <codigo inid="Tp">CD-01</codigo>
        </tipoPrograma>
        <tipoPrograma>
          <codigo inid="Tp">FA-01</codigo>
        </tipoPrograma>
        <tipoPrograma>
          <codigo inid="Tp">PD-05</codigo>
        </tipoPrograma>
        <tipoPrograma>
          <codigo inid="Tp">SO-05</codigo>
        </tipoPrograma>
      </tipoProgramaLista>
      <titularLista>
        <titular sequencia="1" inid="73">
          <nome>OTIMIZE-TI - SOLUÇÕES TECNOLÓGICAS OTIMIZANDO NEGÓCIOS DE INFORMÁTICA LTDA</nome>
        </titular>
      </titularLista>
      <criadorLista>
        <criador sequencia="1" inid="Cr">
          <nome>EDIGAR ANTONIO DINIZ JUNIOR</nome>
        </criador>
      </criadorLista>
    </processo-programa>
  </despacho>
  <despacho>
    <codigo>730</codigo>
    <titulo>Expedição do Certificado de Registro</titulo>
    <processo-programa>
      <numero inid="Np">BR 51 2021 000772-7</numero>
      <titulo inid="54">Módulo de detecção de objetos em cenas de trânsito</titulo>
      <dataCriacao inid="Dl">01/10/2020</dataCriacao>
      <campoAplicacaoLista>
        <campoAplicacao>
          <codigo inid="Cp">SV-01</codigo>
        </campoAplicacao>
        <campoAplicacao>
          <codigo inid="Cp">TP-04</codigo>
        </campoAplicacao>
      </campoAplicacaoLista>
      <linguagemLista>
        <linguagem inid="Lg">PYTHON</linguagem>
      </linguagemLista>
      <tipoProgramaLista>
        <tipoPrograma>
          <codigo inid="Tp">TC-04</codigo>
        </tipoPrograma>
      </tipoProgramaLista>
      <titularLista>
        <titular sequencia="1" inid="73">
          <nome>INSTITUTO FEDERAL DE EDUCAÇÃO, CIÊNCIA E TECNOLOGIA DO CEARÁ</nome>
        </titular>
        <titular sequencia="2" inid="73">
          <nome>MOBIT - MOBILIDADE, ILUMINACAO E TECNOLOGIA LTDA</nome>
        </titular>
      </titularLista>
      <criadorLista>
        <criador sequencia="1" inid="Cr">
          <nome>ALYSON BEZERRA NOGUEIRA RIBEIRO</nome>
        </criador>
        <criador sequencia="2" inid="Cr">
          <nome>EDSON CAVALCANTI NETO</nome>
        </criador>
        <criador sequencia="3" inid="Cr">
          <nome>FÁBIO DE ARAÚJO PEREIRA</nome>
        </criador>
        <criador sequencia="4" inid="Cr">
          <nome>GILDERLANE RIBEIRO ALEXANDRE</nome>
        </criador>
        <criador sequencia="5" inid="Cr">
          <nome>JONAS RODRIGUES VIEIRA DOS SANTOS</nome>
        </criador>
        <criador sequencia="6" inid="Cr">
          <nome>LEVI CORDEIRO CARVALHO</nome>
        </criador>
        <criador sequencia="7" inid="Cr">
          <nome>LUÍZ FELIPE SOUSA MACIEL</nome>
        </criador>
        <criador sequencia="8" inid="Cr">
          <nome>NATÁLIA RIOS DE SOUSA</nome>
        </criador>
        <criador sequencia="9" inid="Cr">
          <nome>RENATO RODRIGUES VIEIRA DOS SANTOS</nome>
        </criador>
        <criador sequencia="10" inid="Cr">
          <nome>RODRIGO FERNANDES FREITAS</nome>
        </criador>
        <criador sequencia="11" inid="Cr">
          <nome>RÔMULO LOPES FRUTUOSO</nome>
        </criador>
        <criador sequencia="12" inid="Cr">
          <nome>SAMUEL LUZ GOMES</nome>
        </criador>
        <criador sequencia="13" inid="Cr">
          <nome>TARIQUE DA SILVEIRA CAVALCANTE</nome>
        </criador>
        <criador sequencia="14" inid="Cr">
          <nome>WELLINGTON NOBERTO DA SILVA ARAUJO</nome>
        </criador>
      </criadorLista>
    </processo-programa>
  </despacho>
  <despacho>
    <codigo>730</codigo>
    <titulo>Expedição do Certificado de Registro</titulo>
    <processo-programa>
      <numero inid="Np">BR 51 2021 000773-5</numero>
      <titulo inid="54">Módulo de detecção de sinalização vertical em vias</titulo>
      <dataCriacao inid="Dl">01/10/2020</dataCriacao>
      <campoAplicacaoLista>
        <campoAplicacao>
          <codigo inid="Cp">SV-01</codigo>
        </campoAplicacao>
        <campoAplicacao>
          <codigo inid="Cp">TP-04</codigo>
        </campoAplicacao>
      </campoAplicacaoLista>
      <linguagemLista>
        <linguagem inid="Lg">PYTHON</linguagem>
      </linguagemLista>
      <tipoProgramaLista>
        <tipoPrograma>
          <codigo inid="Tp">TC-04</codigo>
        </tipoPrograma>
      </tipoProgramaLista>
      <titularLista>
        <titular sequencia="1" inid="73">
          <nome>INSTITUTO FEDERAL DE EDUCAÇÃO, CIÊNCIA E TECNOLOGIA DO CEARÁ</nome>
        </titular>
        <titular sequencia="2" inid="73">
          <nome>MOBIT - MOBILIDADE, ILUMINACAO E TECNOLOGIA LTDA</nome>
        </titular>
      </titularLista>
      <criadorLista>
        <criador sequencia="1" inid="Cr">
          <nome>ALYSON BEZERRA NOGUEIRA RIBEIRO</nome>
        </criador>
        <criador sequencia="2" inid="Cr">
          <nome>EDSON CAVALCANTI NETO</nome>
        </criador>
        <criador sequencia="3" inid="Cr">
          <nome>FÁBIO DE ARAÚJO PEREIRA</nome>
        </criador>
        <criador sequencia="4" inid="Cr">
          <nome>GILDERLANE RIBEIRO ALEXANDRE</nome>
        </criador>
        <criador sequencia="5" inid="Cr">
          <nome>JONAS RODRIGUES VIEIRA DOS SANTOS</nome>
        </criador>
        <criador sequencia="6" inid="Cr">
          <nome>LEVI CORDEIRO CARVALHO</nome>
        </criador>
        <criador sequencia="7" inid="Cr">
          <nome>LUÍZ FELIPE SOUSA MACIEL</nome>
        </criador>
        <criador sequencia="8" inid="Cr">
          <nome>NATÁLIA RIOS DE SOUSA</nome>
        </criador>
        <criador sequencia="9" inid="Cr">
          <nome>RENATO RODRIGUES VIEIRA DOS SANTOS</nome>
        </criador>
        <criador sequencia="10" inid="Cr">
          <nome>RODRIGO FERNANDES FREITAS</nome>
        </criador>
        <criador sequencia="11" inid="Cr">
          <nome>RÔMULO LOPES FRUTUOSO</nome>
        </criador>
        <criador sequencia="12" inid="Cr">
          <nome>SAMUEL LUZ GOMES</nome>
        </criador>
        <criador sequencia="13" inid="Cr">
          <nome>TARIQUE DA SILVEIRA CAVALCANTE</nome>
        </criador>
        <criador sequencia="14" inid="Cr">
          <nome>WELLINGTON NOBERTO DA SILVA ARAUJO</nome>
        </criador>
      </criadorLista>
    </processo-programa>
  </despacho>
  <despacho>
    <codigo>730</codigo>
    <titulo>Expedição do Certificado de Registro</titulo>
    <processo-programa>
      <numero inid="Np">BR 51 2021 000774-3</numero>
      <titulo inid="54">Módulo de aprimoramento de imagens noturnas de veículos</titulo>
      <dataCriacao inid="Dl">01/10/2020</dataCriacao>
      <campoAplicacaoLista>
        <campoAplicacao>
          <codigo inid="Cp">SV-01</codigo>
        </campoAplicacao>
        <campoAplicacao>
          <codigo inid="Cp">TP-04</codigo>
        </campoAplicacao>
      </campoAplicacaoLista>
      <linguagemLista>
        <linguagem inid="Lg">PYTHON</linguagem>
      </linguagemLista>
      <tipoProgramaLista>
        <tipoPrograma>
          <codigo inid="Tp">TC-04</codigo>
        </tipoPrograma>
      </tipoProgramaLista>
      <titularLista>
        <titular sequencia="1" inid="73">
          <nome>INSTITUTO FEDERAL DE EDUCAÇÃO, CIÊNCIA E TECNOLOGIA DO CEARÁ</nome>
        </titular>
        <titular sequencia="2" inid="73">
          <nome>MOBIT - MOBILIDADE, ILUMINACAO E TECNOLOGIA LTDA</nome>
        </titular>
      </titularLista>
      <criadorLista>
        <criador sequencia="1" inid="Cr">
          <nome>ALYSON BEZERRA NOGUEIRA RIBEIRO</nome>
        </criador>
        <criador sequencia="2" inid="Cr">
          <nome>EDSON CAVALCANTI NETO</nome>
        </criador>
        <criador sequencia="3" inid="Cr">
          <nome>FÁBIO DE ARAÚJO PEREIRA</nome>
        </criador>
        <criador sequencia="4" inid="Cr">
          <nome>GILDERLANE RIBEIRO ALEXANDRE</nome>
        </criador>
        <criador sequencia="5" inid="Cr">
          <nome>JONAS RODRIGUES VIEIRA DOS SANTOS</nome>
        </criador>
        <criador sequencia="6" inid="Cr">
          <nome>LEVI CORDEIRO CARVALHO</nome>
        </criador>
        <criador sequencia="7" inid="Cr">
          <nome>LUÍZ FELIPE SOUSA MACIEL</nome>
        </criador>
        <criador sequencia="8" inid="Cr">
          <nome>NATÁLIA RIOS DE SOUSA</nome>
        </criador>
        <criador sequencia="9" inid="Cr">
          <nome>RENATO RODRIGUES VIEIRA DOS SANTOS</nome>
        </criador>
        <criador sequencia="10" inid="Cr">
          <nome>RODRIGO FERNANDES FREITAS</nome>
        </criador>
        <criador sequencia="11" inid="Cr">
          <nome>RÔMULO LOPES FRUTUOSO</nome>
        </criador>
        <criador sequencia="12" inid="Cr">
          <nome>SAMUEL LUZ GOMES</nome>
        </criador>
        <criador sequencia="13" inid="Cr">
          <nome>TARIQUE DA SILVEIRA CAVALCANTE</nome>
        </criador>
        <criador sequencia="14" inid="Cr">
          <nome>WELLINGTON NOBERTO DA SILVA ARAUJO</nome>
        </criador>
      </criadorLista>
    </processo-programa>
  </despacho>
  <despacho>
    <codigo>730</codigo>
    <titulo>Expedição do Certificado de Registro</titulo>
    <processo-programa>
      <numero inid="Np">BR 51 2021 000775-1</numero>
      <titulo inid="54">Servidor WEB para processamento de imagens</titulo>
      <dataCriacao inid="Dl">01/10/2020</dataCriacao>
      <campoAplicacaoLista>
        <campoAplicacao>
          <codigo inid="Cp">SV-01</codigo>
        </campoAplicacao>
        <campoAplicacao>
          <codigo inid="Cp">TP-04</codigo>
        </campoAplicacao>
      </campoAplicacaoLista>
      <linguagemLista>
        <linguagem inid="Lg">PYTHON</linguagem>
      </linguagemLista>
      <tipoProgramaLista>
        <tipoPrograma>
          <codigo inid="Tp">TC-01</codigo>
        </tipoPrograma>
      </tipoProgramaLista>
      <titularLista>
        <titular sequencia="1" inid="73">
          <nome>INSTITUTO FEDERAL DE EDUCAÇÃO, CIÊNCIA E TECNOLOGIA DO CEARÁ</nome>
        </titular>
        <titular sequencia="2" inid="73">
          <nome>MOBIT - MOBILIDADE, ILUMINACAO E TECNOLOGIA LTDA</nome>
        </titular>
      </titularLista>
      <criadorLista>
        <criador sequencia="1" inid="Cr">
          <nome>ALYSON BEZERRA NOGUEIRA RIBEIRO</nome>
        </criador>
        <criador sequencia="2" inid="Cr">
          <nome>EDSON CAVALCANTI NETO</nome>
        </criador>
        <criador sequencia="3" inid="Cr">
          <nome>FÁBIO DE ARAÚJO PEREIRA</nome>
        </criador>
        <criador sequencia="4" inid="Cr">
          <nome>GILDERLANE RIBEIRO ALEXANDRE</nome>
        </criador>
        <criador sequencia="5" inid="Cr">
          <nome>JONAS RODRIGUES VIEIRA DOS SANTOS</nome>
        </criador>
        <criador sequencia="6" inid="Cr">
          <nome>LEVI CORDEIRO CARVALHO</nome>
        </criador>
        <criador sequencia="7" inid="Cr">
          <nome>LUÍZ FELIPE SOUSA MACIEL</nome>
        </criador>
        <criador sequencia="8" inid="Cr">
          <nome>NATÁLIA RIOS DE SOUSA</nome>
        </criador>
        <criador sequencia="9" inid="Cr">
          <nome>RENATO RODRIGUES VIEIRA DOS SANTOS</nome>
        </criador>
        <criador sequencia="10" inid="Cr">
          <nome>RODRIGO FERNANDES FREITAS</nome>
        </criador>
        <criador sequencia="11" inid="Cr">
          <nome>RÔMULO LOPES FRUTUOSO</nome>
        </criador>
        <criador sequencia="12" inid="Cr">
          <nome>SAMUEL LUZ GOMES</nome>
        </criador>
        <criador sequencia="13" inid="Cr">
          <nome>TARIQUE DA SILVEIRA CAVALCANTE</nome>
        </criador>
        <criador sequencia="14" inid="Cr">
          <nome>WELLINGTON NOBERTO DA SILVA ARAUJO</nome>
        </criador>
      </criadorLista>
    </processo-programa>
  </despacho>
  <despacho>
    <codigo>730</codigo>
    <titulo>Expedição do Certificado de Registro</titulo>
    <processo-programa>
      <numero inid="Np">BR 51 2021 000776-0</numero>
      <titulo inid="54">Bora</titulo>
      <dataCriacao inid="Dl">23/03/2021</dataCriacao>
      <campoAplicacaoLista>
        <campoAplicacao>
          <codigo inid="Cp">SV-01</codigo>
        </campoAplicacao>
      </campoAplicacaoLista>
      <linguagemLista>
        <linguagem inid="Lg">.NET</linguagem>
        <linguagem inid="Lg">C#</linguagem>
        <linguagem inid="Lg">JAVA SCRIPT</linguagem>
        <linguagem inid="Lg">POSTGREE SQL</linguagem>
      </linguagemLista>
      <tipoProgramaLista>
        <tipoPrograma>
          <codigo inid="Tp">AP-01</codigo>
        </tipoPrograma>
      </tipoProgramaLista>
      <titularLista>
        <titular sequencia="1" inid="73">
          <nome>DANILO FLORENTINO MAIA</nome>
        </titular>
      </titularLista>
      <criadorLista>
        <criador sequencia="1" inid="Cr">
          <nome>DANILO FLORENTINO MAIA</nome>
        </criador>
      </criadorLista>
    </processo-programa>
  </despacho>
  <despacho>
    <codigo>730</codigo>
    <titulo>Expedição do Certificado de Registro</titulo>
    <processo-programa>
      <numero inid="Np">BR 51 2021 000777-8</numero>
      <titulo inid="54">Composição Corporal Mobile</titulo>
      <dataCriacao inid="Dl">01/03/2020</dataCriacao>
      <campoAplicacaoLista>
        <campoAplicacao>
          <codigo inid="Cp">IN-02</codigo>
        </campoAplicacao>
      </campoAplicacaoLista>
      <linguagemLista>
        <linguagem inid="Lg">C</linguagem>
        <linguagem inid="Lg">C++</linguagem>
        <linguagem inid="Lg">JAVA</linguagem>
        <linguagem inid="Lg">SWIFT</linguagem>
      </linguagemLista>
      <tipoProgramaLista>
        <tipoPrograma>
          <codigo inid="Tp">IA-01</codigo>
        </tipoPrograma>
      </tipoProgramaLista>
      <titularLista>
        <titular sequencia="1" inid="73">
          <nome>INSTITUTO FEDERAL DE EDUCAÇÃO, CIÊNCIA E TECNOLOGIA DO CEARÁ</nome>
        </titular>
        <titular sequencia="2" inid="73">
          <nome>LANNES EMPREENDIMENTOS</nome>
        </titular>
      </titularLista>
      <criadorLista>
        <criador sequencia="1" inid="Cr">
          <nome>ANTONIO CARLOS DA SILVA BARROS</nome>
        </criador>
        <criador sequencia="2" inid="Cr">
          <nome>GABRIEL BANDEIRA HOLANDA</nome>
        </criador>
        <criador sequencia="3" inid="Cr">
          <nome>JOÃO WELLINGTON MENDES DE SOUZA</nome>
        </criador>
        <criador sequencia="4" inid="Cr">
          <nome>LUIZ LANNES LOUREIRO</nome>
        </criador>
        <criador sequencia="5" inid="Cr">
          <nome>PEDRO PEDROSA REBOUÇAS FILHO</nome>
        </criador>
        <criador sequencia="6" inid="Cr">
          <nome>SHARA SHAMI ARAÚJO ALVES</nome>
        </criador>
        <criador sequencia="7" inid="Cr">
          <nome>SUANE PIRES PINHEIRO DA SILVA</nome>
        </criador>
        <criador sequencia="8" inid="Cr">
          <nome>VIRGÍNIA XAVIER NUNES</nome>
        </criador>
      </criadorLista>
    </processo-programa>
  </despacho>
  <despacho>
    <codigo>730</codigo>
    <titulo>Expedição do Certificado de Registro</titulo>
    <processo-programa>
      <numero inid="Np">BR 51 2021 000778-6</numero>
      <titulo inid="54">Sistema para Habilitar a antecipação de autorização de acesso</titulo>
      <dataCriacao inid="Dl">01/07/2020</dataCriacao>
      <campoAplicacaoLista>
        <campoAplicacao>
          <codigo inid="Cp">CO-04</codigo>
        </campoAplicacao>
        <campoAplicacao>
          <codigo inid="Cp">HB-01</codigo>
        </campoAplicacao>
        <campoAplicacao>
          <codigo inid="Cp">IF-02</codigo>
        </campoAplicacao>
        <campoAplicacao>
          <codigo inid="Cp">IF-04</codigo>
        </campoAplicacao>
        <campoAplicacao>
          <codigo inid="Cp">IF-06</codigo>
        </campoAplicacao>
        <campoAplicacao>
          <codigo inid="Cp">TB-01</codigo>
        </campoAplicacao>
      </campoAplicacaoLista>
      <linguagemLista>
        <linguagem inid="Lg">HTML</linguagem>
        <linguagem inid="Lg">JAVA SCRIPT</linguagem>
        <linguagem inid="Lg">PYTHON</linguagem>
      </linguagemLista>
      <tipoProgramaLista>
        <tipoPrograma>
          <codigo inid="Tp">AP-01</codigo>
        </tipoPrograma>
        <tipoPrograma>
          <codigo inid="Tp">AP-03</codigo>
        </tipoPrograma>
        <tipoPrograma>
          <codigo inid="Tp">AT-01</codigo>
        </tipoPrograma>
        <tipoPrograma>
          <codigo inid="Tp">CD-01</codigo>
        </tipoPrograma>
        <tipoPrograma>
          <codigo inid="Tp">GI-01</codigo>
        </tipoPrograma>
        <tipoPrograma>
          <codigo inid="Tp">GI-02</codigo>
        </tipoPrograma>
        <tipoPrograma>
          <codigo inid="Tp">GI-06</codigo>
        </tipoPrograma>
        <tipoPrograma>
          <codigo inid="Tp">GI-07</codigo>
        </tipoPrograma>
        <tipoPrograma>
          <codigo inid="Tp">PD-01</codigo>
        </tipoPrograma>
        <tipoPrograma>
          <codigo inid="Tp">PD-04</codigo>
        </tipoPrograma>
        <tipoPrograma>
          <codigo inid="Tp">PD-05</codigo>
        </tipoPrograma>
        <tipoPrograma>
          <codigo inid="Tp">SO-05</codigo>
        </tipoPrograma>
        <tipoPrograma>
          <codigo inid="Tp">SO-06</codigo>
        </tipoPrograma>
        <tipoPrograma>
          <codigo inid="Tp">TC-04</codigo>
        </tipoPrograma>
        <tipoPrograma>
          <codigo inid="Tp">TI-03</codigo>
        </tipoPrograma>
        <tipoPrograma>
          <codigo inid="Tp">UT-01</codigo>
        </tipoPrograma>
        <tipoPrograma>
          <codigo inid="Tp">UT-06</codigo>
        </tipoPrograma>
      </tipoProgramaLista>
      <titularLista>
        <titular sequencia="1" inid="73">
          <nome>SECURITY FAST PASS SERVICOS DE INTEGRACAO DE DADOS LTDA</nome>
        </titular>
      </titularLista>
      <criadorLista>
        <criador sequencia="1" inid="Cr">
          <nome>FELIPE PINHEIRO DE SOUZA</nome>
        </criador>
      </criadorLista>
    </processo-programa>
  </despacho>
  <despacho>
    <codigo>730</codigo>
    <titulo>Expedição do Certificado de Registro</titulo>
    <processo-programa>
      <numero inid="Np">BR 51 2021 000779-4</numero>
      <titulo inid="54">ALT - Análise de Legibilidade Textual</titulo>
      <dataCriacao inid="Dl">11/04/2021</dataCriacao>
      <campoAplicacaoLista>
        <campoAplicacao>
          <codigo inid="Cp">CO-03</codigo>
        </campoAplicacao>
        <campoAplicacao>
          <codigo inid="Cp">IF-02</codigo>
        </campoAplicacao>
        <campoAplicacao>
          <codigo inid="Cp">IF-10</codigo>
        </campoAplicacao>
      </campoAplicacaoLista>
      <linguagemLista>
        <linguagem inid="Lg">CSS</linguagem>
        <linguagem inid="Lg">HTML</linguagem>
        <linguagem inid="Lg">JAVA SCRIPT</linguagem>
        <linguagem inid="Lg">JQUERY</linguagem>
      </linguagemLista>
      <tipoProgramaLista>
        <tipoPrograma>
          <codigo inid="Tp">AP-01</codigo>
        </tipoPrograma>
        <tipoPrograma>
          <codigo inid="Tp">FA-02</codigo>
        </tipoPrograma>
        <tipoPrograma>
          <codigo inid="Tp">TC-01</codigo>
        </tipoPrograma>
      </tipoProgramaLista>
      <titularLista>
        <titular sequencia="1" inid="73">
          <nome>GLEICE CARVALHO DE LIMA MORENO</nome>
        </titular>
        <titular sequencia="2" inid="73">
          <nome>MARCO POLO MORENO DE SOUZA</nome>
        </titular>
      </titularLista>
      <criadorLista>
        <criador sequencia="1" inid="Cr">
          <nome>ADRIANA KROENKE HEIN</nome>
        </criador>
        <criador sequencia="2" inid="Cr">
          <nome>GLEICE CARVALHO DE LIMA MORENO</nome>
        </criador>
        <criador sequencia="3" inid="Cr">
          <nome>MARCO POLO MORENO DE SOUZA</nome>
        </criador>
        <criador sequencia="4" inid="Cr">
          <nome>NELSON HEIN</nome>
        </criador>
      </criadorLista>
    </processo-programa>
  </despacho>
  <despacho>
    <codigo>730</codigo>
    <titulo>Expedição do Certificado de Registro</titulo>
    <processo-programa>
      <numero inid="Np">BR 51 2021 000780-8</numero>
      <titulo inid="54">goFlux</titulo>
      <dataCriacao inid="Dl">18/02/2018</dataCriacao>
      <campoAplicacaoLista>
        <campoAplicacao>
          <codigo inid="Cp">AD-01</codigo>
        </campoAplicacao>
        <campoAplicacao>
          <codigo inid="Cp">AD-02</codigo>
        </campoAplicacao>
        <campoAplicacao>
          <codigo inid="Cp">EC-07</codigo>
        </campoAplicacao>
      </campoAplicacaoLista>
      <linguagemLista>
        <linguagem inid="Lg">CSS</linguagem>
        <linguagem inid="Lg">HTML</linguagem>
        <linguagem inid="Lg">JAVA SCRIPT</linguagem>
        <linguagem inid="Lg">NODEJS</linguagem>
        <linguagem inid="Lg">PHP</linguagem>
      </linguagemLista>
      <tipoProgramaLista>
        <tipoPrograma>
          <codigo inid="Tp">AP-01</codigo>
        </tipoPrograma>
        <tipoPrograma>
          <codigo inid="Tp">AP-02</codigo>
        </tipoPrograma>
        <tipoPrograma>
          <codigo inid="Tp">AP-03</codigo>
        </tipoPrograma>
        <tipoPrograma>
          <codigo inid="Tp">AP-04</codigo>
        </tipoPrograma>
      </tipoProgramaLista>
      <titularLista>
        <titular sequencia="1" inid="73">
          <nome>GOFLUX TECNOLOGIA DA INFORMACAO LTDA</nome>
        </titular>
      </titularLista>
      <criadorLista>
        <criador sequencia="1" inid="Cr">
          <nome>BRUNO BRAZ DE PAULA</nome>
        </criador>
        <criador sequencia="2" inid="Cr">
          <nome>FELIPE BACCHI MARTINELLI</nome>
        </criador>
      </criadorLista>
    </processo-programa>
  </despacho>
  <despacho>
    <codigo>730</codigo>
    <titulo>Expedição do Certificado de Registro</titulo>
    <processo-programa>
      <numero inid="Np">BR 51 2021 000781-6</numero>
      <titulo inid="54">SmartSilo</titulo>
      <dataCriacao inid="Dl">01/04/2021</dataCriacao>
      <campoAplicacaoLista>
        <campoAplicacao>
          <codigo inid="Cp">AD-08</codigo>
        </campoAplicacao>
        <campoAplicacao>
          <codigo inid="Cp">AG-01</codigo>
        </campoAplicacao>
      </campoAplicacaoLista>
      <linguagemLista>
        <linguagem inid="Lg">PHP</linguagem>
      </linguagemLista>
      <tipoProgramaLista>
        <tipoPrograma>
          <codigo inid="Tp">AP-03</codigo>
        </tipoPrograma>
        <tipoPrograma>
          <codigo inid="Tp">AT-01</codigo>
        </tipoPrograma>
        <tipoPrograma>
          <codigo inid="Tp">AV-02</codigo>
        </tipoPrograma>
        <tipoPrograma>
          <codigo inid="Tp">FA-01</codigo>
        </tipoPrograma>
      </tipoProgramaLista>
      <titularLista>
        <titular sequencia="1" inid="73">
          <nome>DALTAX TECNOLOGIA LTDA/FAPESC/2020TR1263</nome>
        </titular>
      </titularLista>
      <criadorLista>
        <criador sequencia="1" inid="Cr">
          <nome>GEORDANO DALMÉDICO</nome>
        </criador>
      </criadorLista>
    </processo-programa>
  </despacho>
  <despacho>
    <codigo>730</codigo>
    <titulo>Expedição do Certificado de Registro</titulo>
    <processo-programa>
      <numero inid="Np">BR 51 2021 000782-4</numero>
      <titulo inid="54">BEP - Plataforma Eletrônica de Bovinos</titulo>
      <dataCriacao inid="Dl">21/10/2018</dataCriacao>
      <campoAplicacaoLista>
        <campoAplicacao>
          <codigo inid="Cp">AG-10</codigo>
        </campoAplicacao>
      </campoAplicacaoLista>
      <linguagemLista>
        <linguagem inid="Lg">JAVA</linguagem>
      </linguagemLista>
      <tipoProgramaLista>
        <tipoPrograma>
          <codigo inid="Tp">AP-01</codigo>
        </tipoPrograma>
        <tipoPrograma>
          <codigo inid="Tp">IA-01</codigo>
        </tipoPrograma>
        <tipoPrograma>
          <codigo inid="Tp">SO-06</codigo>
        </tipoPrograma>
        <tipoPrograma>
          <codigo inid="Tp">TI-03</codigo>
        </tipoPrograma>
      </tipoProgramaLista>
      <titularLista>
        <titular sequencia="1" inid="73">
          <nome>EMBRAPA-EMPRESA BRASILEIRA DE PESQUISA AGROPECUARIA</nome>
        </titular>
        <titular sequencia="2" inid="73">
          <nome>INDEXT SOLUÇÕES TECNOLÓGICAS LTDA</nome>
        </titular>
        <titular sequencia="3" inid="73">
          <nome>UNIVERSIDADE FEDERAL DE MATO GROSSO DO SUL</nome>
        </titular>
      </titularLista>
      <criadorLista>
        <criador sequencia="1" inid="Cr">
          <nome>CAMILO CARROMEU</nome>
        </criador>
        <criador sequencia="2" inid="Cr">
          <nome>FABIANA VILLA ALVES</nome>
        </criador>
        <criador sequencia="3" inid="Cr">
          <nome>RAFAEL ALVES DA COSTA</nome>
        </criador>
        <criador sequencia="4" inid="Cr">
          <nome>RICARDO ESPINDOLA DE AGUIAR</nome>
        </criador>
        <criador sequencia="5" inid="Cr">
          <nome>RICARDO RIBEIRO DOS SANTOS</nome>
        </criador>
      </criadorLista>
    </processo-programa>
  </despacho>
  <despacho>
    <codigo>730</codigo>
    <titulo>Expedição do Certificado de Registro</titulo>
    <processo-programa>
      <numero inid="Np">BR 51 2021 000783-2</numero>
      <titulo inid="54">Custo Fácil 3.0</titulo>
      <dataCriacao inid="Dl">19/08/2020</dataCriacao>
      <campoAplicacaoLista>
        <campoAplicacao>
          <codigo inid="Cp">AG-01</codigo>
        </campoAplicacao>
        <campoAplicacao>
          <codigo inid="Cp">AG-03</codigo>
        </campoAplicacao>
        <campoAplicacao>
          <codigo inid="Cp">AG-04</codigo>
        </campoAplicacao>
        <campoAplicacao>
          <codigo inid="Cp">EC-14</codigo>
        </campoAplicacao>
      </campoAplicacaoLista>
      <linguagemLista>
        <linguagem inid="Lg">JAVA</linguagem>
      </linguagemLista>
      <tipoProgramaLista>
        <tipoPrograma>
          <codigo inid="Tp">AP-01</codigo>
        </tipoPrograma>
      </tipoProgramaLista>
      <titularLista>
        <titular sequencia="1" inid="73">
          <nome>EMBRAPA-EMPRESA BRASILEIRA DE PESQUISA AGROPECUARIA</nome>
        </titular>
      </titularLista>
      <criadorLista>
        <criador sequencia="1" inid="Cr">
          <nome>DIRCEU ANTÔNIO BENELLI</nome>
        </criador>
        <criador sequencia="2" inid="Cr">
          <nome>MARCELO MIELE</nome>
        </criador>
      </criadorLista>
    </processo-programa>
  </despacho>
  <despacho>
    <codigo>730</codigo>
    <titulo>Expedição do Certificado de Registro</titulo>
    <processo-programa>
      <numero inid="Np">BR 51 2021 000784-0</numero>
      <titulo inid="54">Arisa Nest 2</titulo>
      <dataCriacao inid="Dl">07/12/2020</dataCriacao>
      <campoAplicacaoLista>
        <campoAplicacao>
          <codigo inid="Cp">CO-04</codigo>
        </campoAplicacao>
        <campoAplicacao>
          <codigo inid="Cp">ED-04</codigo>
        </campoAplicacao>
      </campoAplicacaoLista>
      <linguagemLista>
        <linguagem inid="Lg">HTML</linguagem>
        <linguagem inid="Lg">JAVA SCRIPT</linguagem>
        <linguagem inid="Lg">JQUERY</linguagem>
        <linguagem inid="Lg">OUTROS</linguagem>
        <linguagem inid="Lg">PHP</linguagem>
        <linguagem inid="Lg">SQL</linguagem>
      </linguagemLista>
      <tipoProgramaLista>
        <tipoPrograma>
          <codigo inid="Tp">AT-01</codigo>
        </tipoPrograma>
        <tipoPrograma>
          <codigo inid="Tp">GI-01</codigo>
        </tipoPrograma>
        <tipoPrograma>
          <codigo inid="Tp">IA-01</codigo>
        </tipoPrograma>
        <tipoPrograma>
          <codigo inid="Tp">IA-03</codigo>
        </tipoPrograma>
      </tipoProgramaLista>
      <titularLista>
        <titular sequencia="1" inid="73">
          <nome>SAULO POPOV ZAMBIASI</nome>
        </titular>
      </titularLista>
      <criadorLista>
        <criador sequencia="1" inid="Cr">
          <nome>SAULO POPOV ZAMBIASI</nome>
        </criador>
      </criadorLista>
    </processo-programa>
  </despacho>
  <despacho>
    <codigo>730</codigo>
    <titulo>Expedição do Certificado de Registro</titulo>
    <processo-programa>
      <numero inid="Np">BR 51 2021 000785-9</numero>
      <titulo inid="54">Sistema Atar</titulo>
      <dataCriacao inid="Dl">25/04/2016</dataCriacao>
      <campoAplicacaoLista>
        <campoAplicacao>
          <codigo inid="Cp">FN-03</codigo>
        </campoAplicacao>
        <campoAplicacao>
          <codigo inid="Cp">FN-05</codigo>
        </campoAplicacao>
      </campoAplicacaoLista>
      <linguagemLista>
        <linguagem inid="Lg">JAVA</linguagem>
        <linguagem inid="Lg">JAVA SCRIPT</linguagem>
        <linguagem inid="Lg">OUTROS</linguagem>
        <linguagem inid="Lg">PYTHON</linguagem>
        <linguagem inid="Lg">SWIFT</linguagem>
      </linguagemLista>
      <tipoProgramaLista>
        <tipoPrograma>
          <codigo inid="Tp">AP-01</codigo>
        </tipoPrograma>
      </tipoProgramaLista>
      <titularLista>
        <titular sequencia="1" inid="73">
          <nome>ATAR S/A</nome>
        </titular>
      </titularLista>
      <criadorLista>
        <criador sequencia="1" inid="Cr">
          <nome>RAFAEL ALENCAR TRISOTTO</nome>
        </criador>
      </criadorLista>
    </processo-programa>
  </despacho>
  <despacho>
    <codigo>730</codigo>
    <titulo>Expedição do Certificado de Registro</titulo>
    <processo-programa>
      <numero inid="Np">BR 51 2021 000786-7</numero>
      <titulo inid="54">SGA</titulo>
      <dataCriacao inid="Dl">08/10/2020</dataCriacao>
      <campoAplicacaoLista>
        <campoAplicacao>
          <codigo inid="Cp">IN-05</codigo>
        </campoAplicacao>
      </campoAplicacaoLista>
      <linguagemLista>
        <linguagem inid="Lg">PHP</linguagem>
      </linguagemLista>
      <tipoProgramaLista>
        <tipoPrograma>
          <codigo inid="Tp">AT-05</codigo>
        </tipoPrograma>
      </tipoProgramaLista>
      <titularLista>
        <titular sequencia="1" inid="73">
          <nome>INSTITUTO FEDERAL DE EDUCAÇÃO, CIÊNCIA E TECNOLOGIA DO CEARÁ</nome>
        </titular>
        <titular sequencia="2" inid="73">
          <nome>METALURGICA W3SAT LTDA</nome>
        </titular>
      </titularLista>
      <criadorLista>
        <criador sequencia="1" inid="Cr">
          <nome>ANDRÉ LUIZ CARNEIRO DE ARAÚJO</nome>
        </criador>
        <criador sequencia="2" inid="Cr">
          <nome>BRUNNA CONCEIÇÃO DE PAULO</nome>
        </criador>
        <criador sequencia="3" inid="Cr">
          <nome>JOÃO PEDRO BRASIL LIMA</nome>
        </criador>
        <criador sequencia="4" inid="Cr">
          <nome>ROGÉRIO GUERRA DIÓGENES FILHO</nome>
        </criador>
      </criadorLista>
    </processo-programa>
  </despacho>
  <despacho>
    <codigo>730</codigo>
    <titulo>Expedição do Certificado de Registro</titulo>
    <processo-programa>
      <numero inid="Np">BR 51 2021 000787-5</numero>
      <titulo inid="54">INTELLIGENT AQUACULTURE SYSTEM FOR SMALL PRODUCERS - IASySP</titulo>
      <dataCriacao inid="Dl">30/11/2020</dataCriacao>
      <campoAplicacaoLista>
        <campoAplicacao>
          <codigo inid="Cp">AD-06</codigo>
        </campoAplicacao>
        <campoAplicacao>
          <codigo inid="Cp">AG-12</codigo>
        </campoAplicacao>
      </campoAplicacaoLista>
      <linguagemLista>
        <linguagem inid="Lg">C</linguagem>
      </linguagemLista>
      <tipoProgramaLista>
        <tipoPrograma>
          <codigo inid="Tp">AP-03</codigo>
        </tipoPrograma>
        <tipoPrograma>
          <codigo inid="Tp">AT-01</codigo>
        </tipoPrograma>
        <tipoPrograma>
          <codigo inid="Tp">AT-06</codigo>
        </tipoPrograma>
        <tipoPrograma>
          <codigo inid="Tp">CD-04</codigo>
        </tipoPrograma>
      </tipoProgramaLista>
      <titularLista>
        <titular sequencia="1" inid="73">
          <nome>ÉRICA LABOISSIÈRE</nome>
        </titular>
        <titular sequencia="2" inid="73">
          <nome>IGOR SAVITSKY</nome>
        </titular>
        <titular sequencia="3" inid="73">
          <nome>JOSE AUGUSTO MACRI JUNIOR</nome>
        </titular>
      </titularLista>
      <criadorLista>
        <criador sequencia="1" inid="Cr">
          <nome>IGOR SAVITSKY</nome>
        </criador>
        <criador sequencia="2" inid="Cr">
          <nome>JOSÉ AUGUSTO MACRI JÚNIOR</nome>
        </criador>
        <criador sequencia="3" inid="Cr">
          <nome>ÉRICA LABOISSIÈRE</nome>
        </criador>
        <criador sequencia="4" inid="Cr">
          <nome>ÉRICA LABOISSIÈRE</nome>
        </criador>
        <criador sequencia="5" inid="Cr">
          <nome>ÉRICA LABOISSIÈRE</nome>
        </criador>
        <criador sequencia="6" inid="Cr">
          <nome>IGOR SAVITSKY</nome>
        </criador>
        <criador sequencia="7" inid="Cr">
          <nome>JOSÉ AUGUSTO MACRI JÚNIOR</nome>
        </criador>
      </criadorLista>
    </processo-programa>
  </despacho>
  <despacho>
    <codigo>730</codigo>
    <titulo>Expedição do Certificado de Registro</titulo>
    <processo-programa>
      <numero inid="Np">BR 51 2021 000788-3</numero>
      <titulo inid="54">searcher</titulo>
      <dataCriacao inid="Dl">24/07/2020</dataCriacao>
      <campoAplicacaoLista>
        <campoAplicacao>
          <codigo inid="Cp">IF-07</codigo>
        </campoAplicacao>
        <campoAplicacao>
          <codigo inid="Cp">IN-02</codigo>
        </campoAplicacao>
      </campoAplicacaoLista>
      <linguagemLista>
        <linguagem inid="Lg">C++</linguagem>
      </linguagemLista>
      <tipoProgramaLista>
        <tipoPrograma>
          <codigo inid="Tp">AP-01</codigo>
        </tipoPrograma>
        <tipoPrograma>
          <codigo inid="Tp">CD-05</codigo>
        </tipoPrograma>
        <tipoPrograma>
          <codigo inid="Tp">CD-06</codigo>
        </tipoPrograma>
        <tipoPrograma>
          <codigo inid="Tp">DS-01</codigo>
        </tipoPrograma>
        <tipoPrograma>
          <codigo inid="Tp">DS-02</codigo>
        </tipoPrograma>
        <tipoPrograma>
          <codigo inid="Tp">DS-04</codigo>
        </tipoPrograma>
        <tipoPrograma>
          <codigo inid="Tp">FA-02</codigo>
        </tipoPrograma>
        <tipoPrograma>
          <codigo inid="Tp">GI-01</codigo>
        </tipoPrograma>
        <tipoPrograma>
          <codigo inid="Tp">GI-02</codigo>
        </tipoPrograma>
        <tipoPrograma>
          <codigo inid="Tp">IA-01</codigo>
        </tipoPrograma>
        <tipoPrograma>
          <codigo inid="Tp">PD-01</codigo>
        </tipoPrograma>
        <tipoPrograma>
          <codigo inid="Tp">PD-02</codigo>
        </tipoPrograma>
        <tipoPrograma>
          <codigo inid="Tp">PD-03</codigo>
        </tipoPrograma>
        <tipoPrograma>
          <codigo inid="Tp">PD-05</codigo>
        </tipoPrograma>
        <tipoPrograma>
          <codigo inid="Tp">SM-03</codigo>
        </tipoPrograma>
        <tipoPrograma>
          <codigo inid="Tp">SO-01</codigo>
        </tipoPrograma>
        <tipoPrograma>
          <codigo inid="Tp">SO-04</codigo>
        </tipoPrograma>
        <tipoPrograma>
          <codigo inid="Tp">SO-05</codigo>
        </tipoPrograma>
        <tipoPrograma>
          <codigo inid="Tp">SO-08</codigo>
        </tipoPrograma>
        <tipoPrograma>
          <codigo inid="Tp">TI-03</codigo>
        </tipoPrograma>
        <tipoPrograma>
          <codigo inid="Tp">TI-04</codigo>
        </tipoPrograma>
        <tipoPrograma>
          <codigo inid="Tp">UT-03</codigo>
        </tipoPrograma>
        <tipoPrograma>
          <codigo inid="Tp">UT-06</codigo>
        </tipoPrograma>
      </tipoProgramaLista>
      <titularLista>
        <titular sequencia="1" inid="73">
          <nome>JOSE RENATO BAPTISTA VIEIRA</nome>
        </titular>
      </titularLista>
      <criadorLista>
        <criador sequencia="1" inid="Cr">
          <nome>CUSTODIO DE SOUZA CARAVANA</nome>
        </criador>
        <criador sequencia="2" inid="Cr">
          <nome>JOSÉ  RENATO BAPTISTA  VIEIRA</nome>
        </criador>
        <criador sequencia="3" inid="Cr">
          <nome>ROSANGELA OLIVEIRA  VICENTE</nome>
        </criador>
      </criadorLista>
    </processo-programa>
  </despacho>
  <despacho>
    <codigo>730</codigo>
    <titulo>Expedição do Certificado de Registro</titulo>
    <processo-programa>
      <numero inid="Np">BR 51 2021 000789-1</numero>
      <titulo inid="54">Xneuro</titulo>
      <dataCriacao inid="Dl">10/10/2020</dataCriacao>
      <campoAplicacaoLista>
        <campoAplicacao>
          <codigo inid="Cp">ED-04</codigo>
        </campoAplicacao>
        <campoAplicacao>
          <codigo inid="Cp">SD-07</codigo>
        </campoAplicacao>
        <campoAplicacao>
          <codigo inid="Cp">SD-08</codigo>
        </campoAplicacao>
      </campoAplicacaoLista>
      <linguagemLista>
        <linguagem inid="Lg">JAVA</linguagem>
        <linguagem inid="Lg">JAVA SCRIPT</linguagem>
      </linguagemLista>
      <tipoProgramaLista>
        <tipoPrograma>
          <codigo inid="Tp">SM-01</codigo>
        </tipoPrograma>
      </tipoProgramaLista>
      <titularLista>
        <titular sequencia="1" inid="73">
          <nome>LUIZ ANDERSON BEVILAQUA BANDEIRA</nome>
        </titular>
        <titular sequencia="2" inid="73">
          <nome>MARCELO ALCÂNTARA HOLANDA</nome>
        </titular>
      </titularLista>
      <criadorLista>
        <criador sequencia="1" inid="Cr">
          <nome>LUIZ ANDERSON BEVILAQUA BANDEIRA</nome>
        </criador>
        <criador sequencia="2" inid="Cr">
          <nome>MARCELO ALCÂNTARA HOLANDA</nome>
        </criador>
      </criadorLista>
    </processo-programa>
  </despacho>
  <despacho>
    <codigo>730</codigo>
    <titulo>Expedição do Certificado de Registro</titulo>
    <processo-programa>
      <numero inid="Np">BR 51 2021 000790-5</numero>
      <titulo inid="54">Provisionador Big Brain</titulo>
      <dataCriacao inid="Dl">15/01/2017</dataCriacao>
      <campoAplicacaoLista>
        <campoAplicacao>
          <codigo inid="Cp">AD-01</codigo>
        </campoAplicacao>
        <campoAplicacao>
          <codigo inid="Cp">AD-02</codigo>
        </campoAplicacao>
        <campoAplicacao>
          <codigo inid="Cp">AD-03</codigo>
        </campoAplicacao>
        <campoAplicacao>
          <codigo inid="Cp">AD-04</codigo>
        </campoAplicacao>
        <campoAplicacao>
          <codigo inid="Cp">AD-05</codigo>
        </campoAplicacao>
        <campoAplicacao>
          <codigo inid="Cp">AD-06</codigo>
        </campoAplicacao>
        <campoAplicacao>
          <codigo inid="Cp">AD-07</codigo>
        </campoAplicacao>
        <campoAplicacao>
          <codigo inid="Cp">AD-08</codigo>
        </campoAplicacao>
        <campoAplicacao>
          <codigo inid="Cp">AD-09</codigo>
        </campoAplicacao>
        <campoAplicacao>
          <codigo inid="Cp">AD-11</codigo>
        </campoAplicacao>
        <campoAplicacao>
          <codigo inid="Cp">ED-01</codigo>
        </campoAplicacao>
        <campoAplicacao>
          <codigo inid="Cp">ED-02</codigo>
        </campoAplicacao>
        <campoAplicacao>
          <codigo inid="Cp">ED-03</codigo>
        </campoAplicacao>
        <campoAplicacao>
          <codigo inid="Cp">ED-04</codigo>
        </campoAplicacao>
        <campoAplicacao>
          <codigo inid="Cp">ED-05</codigo>
        </campoAplicacao>
        <campoAplicacao>
          <codigo inid="Cp">ED-06</codigo>
        </campoAplicacao>
        <campoAplicacao>
          <codigo inid="Cp">IN-02</codigo>
        </campoAplicacao>
      </campoAplicacaoLista>
      <linguagemLista>
        <linguagem inid="Lg">.NET</linguagem>
        <linguagem inid="Lg">HTML</linguagem>
        <linguagem inid="Lg">JAVA SCRIPT</linguagem>
        <linguagem inid="Lg">SQL</linguagem>
      </linguagemLista>
      <tipoProgramaLista>
        <tipoPrograma>
          <codigo inid="Tp">AP-01</codigo>
        </tipoPrograma>
        <tipoPrograma>
          <codigo inid="Tp">AT-01</codigo>
        </tipoPrograma>
        <tipoPrograma>
          <codigo inid="Tp">AT-06</codigo>
        </tipoPrograma>
        <tipoPrograma>
          <codigo inid="Tp">GI-01</codigo>
        </tipoPrograma>
        <tipoPrograma>
          <codigo inid="Tp">PD-01</codigo>
        </tipoPrograma>
        <tipoPrograma>
          <codigo inid="Tp">SO-02</codigo>
        </tipoPrograma>
        <tipoPrograma>
          <codigo inid="Tp">SO-04</codigo>
        </tipoPrograma>
        <tipoPrograma>
          <codigo inid="Tp">SO-05</codigo>
        </tipoPrograma>
        <tipoPrograma>
          <codigo inid="Tp">SO-07</codigo>
        </tipoPrograma>
        <tipoPrograma>
          <codigo inid="Tp">UT-06</codigo>
        </tipoPrograma>
      </tipoProgramaLista>
      <titularLista>
        <titular sequencia="1" inid="73">
          <nome>BIG BRAIN CONSULTORIA LTDA</nome>
        </titular>
      </titularLista>
      <criadorLista>
        <criador sequencia="1" inid="Cr">
          <nome>RONEI PASQUETTO GOMES</nome>
        </criador>
      </criadorLista>
    </processo-programa>
  </despacho>
  <despacho>
    <codigo>730</codigo>
    <titulo>Expedição do Certificado de Registro</titulo>
    <processo-programa>
      <numero inid="Np">BR 51 2021 000791-3</numero>
      <titulo inid="54">Plataforma para monitoramento pacientes com suspeitas ou confirmados de COVID-19</titulo>
      <dataCriacao inid="Dl">05/06/2020</dataCriacao>
      <campoAplicacaoLista>
        <campoAplicacao>
          <codigo inid="Cp">SD-01</codigo>
        </campoAplicacao>
        <campoAplicacao>
          <codigo inid="Cp">SD-02</codigo>
        </campoAplicacao>
        <campoAplicacao>
          <codigo inid="Cp">SD-05</codigo>
        </campoAplicacao>
      </campoAplicacaoLista>
      <linguagemLista>
        <linguagem inid="Lg">JAVA SCRIPT</linguagem>
        <linguagem inid="Lg">PYTHON</linguagem>
      </linguagemLista>
      <tipoProgramaLista>
        <tipoPrograma>
          <codigo inid="Tp">AP-01</codigo>
        </tipoPrograma>
      </tipoProgramaLista>
      <titularLista>
        <titular sequencia="1" inid="73">
          <nome>INSTITUTO FEDERAL DE EDUCAÇÃO, CIÊNCIA E TECNOLOGIA DE ALAGOAS - IFAL</nome>
        </titular>
      </titularLista>
      <criadorLista>
        <criador sequencia="1" inid="Cr">
          <nome>EVANDRO DA SILVA MELO JUNIOR</nome>
        </criador>
        <criador sequencia="2" inid="Cr">
          <nome>LOUSANNY CAIRES ROCHA MELO</nome>
        </criador>
        <criador sequencia="3" inid="Cr">
          <nome>TARSIS MARINHO DE SOUZA</nome>
        </criador>
        <criador sequencia="4" inid="Cr">
          <nome>VINNICYUS PHILYPPE GRACINDO ALVES LEITE</nome>
        </criador>
        <criador sequencia="5" inid="Cr">
          <nome>WALLISSON RONY DE MAGALHÃES NEVES</nome>
        </criador>
      </criadorLista>
    </processo-programa>
  </despacho>
  <despacho>
    <codigo>730</codigo>
    <titulo>Expedição do Certificado de Registro</titulo>
    <processo-programa>
      <numero inid="Np">BR 51 2021 000792-1</numero>
      <titulo inid="54">WEBQV- Sistema de gestão de clubes e qualidade de vida</titulo>
      <dataCriacao inid="Dl">01/06/2015</dataCriacao>
      <campoAplicacaoLista>
        <campoAplicacao>
          <codigo inid="Cp">AD-05</codigo>
        </campoAplicacao>
        <campoAplicacao>
          <codigo inid="Cp">AD-08</codigo>
        </campoAplicacao>
        <campoAplicacao>
          <codigo inid="Cp">AD-09</codigo>
        </campoAplicacao>
        <campoAplicacao>
          <codigo inid="Cp">AD-11</codigo>
        </campoAplicacao>
        <campoAplicacao>
          <codigo inid="Cp">FN-02</codigo>
        </campoAplicacao>
        <campoAplicacao>
          <codigo inid="Cp">FN-05</codigo>
        </campoAplicacao>
        <campoAplicacao>
          <codigo inid="Cp">FN-06</codigo>
        </campoAplicacao>
        <campoAplicacao>
          <codigo inid="Cp">IF-02</codigo>
        </campoAplicacao>
        <campoAplicacao>
          <codigo inid="Cp">IF-07</codigo>
        </campoAplicacao>
        <campoAplicacao>
          <codigo inid="Cp">IF-10</codigo>
        </campoAplicacao>
      </campoAplicacaoLista>
      <linguagemLista>
        <linguagem inid="Lg">CSS</linguagem>
        <linguagem inid="Lg">HTML</linguagem>
        <linguagem inid="Lg">JAVA</linguagem>
        <linguagem inid="Lg">JAVA SCRIPT</linguagem>
      </linguagemLista>
      <tipoProgramaLista>
        <tipoPrograma>
          <codigo inid="Tp">AP-01</codigo>
        </tipoPrograma>
        <tipoPrograma>
          <codigo inid="Tp">AP-03</codigo>
        </tipoPrograma>
        <tipoPrograma>
          <codigo inid="Tp">AP-05</codigo>
        </tipoPrograma>
        <tipoPrograma>
          <codigo inid="Tp">AT-02</codigo>
        </tipoPrograma>
        <tipoPrograma>
          <codigo inid="Tp">AT-03</codigo>
        </tipoPrograma>
        <tipoPrograma>
          <codigo inid="Tp">AT-04</codigo>
        </tipoPrograma>
        <tipoPrograma>
          <codigo inid="Tp">AT-06</codigo>
        </tipoPrograma>
        <tipoPrograma>
          <codigo inid="Tp">CD-01</codigo>
        </tipoPrograma>
        <tipoPrograma>
          <codigo inid="Tp">FA-01</codigo>
        </tipoPrograma>
        <tipoPrograma>
          <codigo inid="Tp">LG-08</codigo>
        </tipoPrograma>
        <tipoPrograma>
          <codigo inid="Tp">PD-02</codigo>
        </tipoPrograma>
        <tipoPrograma>
          <codigo inid="Tp">PD-04</codigo>
        </tipoPrograma>
        <tipoPrograma>
          <codigo inid="Tp">PD-05</codigo>
        </tipoPrograma>
        <tipoPrograma>
          <codigo inid="Tp">SO-05</codigo>
        </tipoPrograma>
        <tipoPrograma>
          <codigo inid="Tp">SO-07</codigo>
        </tipoPrograma>
      </tipoProgramaLista>
      <titularLista>
        <titular sequencia="1" inid="73">
          <nome>WBC SOLUCOES TECNOLOGICAS EIRELI</nome>
        </titular>
      </titularLista>
      <criadorLista>
        <criador sequencia="1" inid="Cr">
          <nome>WAINER MUIÑOS LOPES</nome>
        </criador>
      </criadorLista>
    </processo-programa>
  </despacho>
  <despacho>
    <codigo>730</codigo>
    <titulo>Expedição do Certificado de Registro</titulo>
    <processo-programa>
      <numero inid="Np">BR 51 2021 000793-0</numero>
      <titulo inid="54">Silometria</titulo>
      <dataCriacao inid="Dl">19/01/2015</dataCriacao>
      <campoAplicacaoLista>
        <campoAplicacao>
          <codigo inid="Cp">FQ-04</codigo>
        </campoAplicacao>
        <campoAplicacao>
          <codigo inid="Cp">IF-07</codigo>
        </campoAplicacao>
        <campoAplicacao>
          <codigo inid="Cp">IF-10</codigo>
        </campoAplicacao>
      </campoAplicacaoLista>
      <linguagemLista>
        <linguagem inid="Lg">C</linguagem>
        <linguagem inid="Lg">C++</linguagem>
        <linguagem inid="Lg">PYTHON</linguagem>
      </linguagemLista>
      <tipoProgramaLista>
        <tipoPrograma>
          <codigo inid="Tp">AT-05</codigo>
        </tipoPrograma>
        <tipoPrograma>
          <codigo inid="Tp">AV-02</codigo>
        </tipoPrograma>
        <tipoPrograma>
          <codigo inid="Tp">CD-01</codigo>
        </tipoPrograma>
        <tipoPrograma>
          <codigo inid="Tp">FA-01</codigo>
        </tipoPrograma>
        <tipoPrograma>
          <codigo inid="Tp">GI-01</codigo>
        </tipoPrograma>
        <tipoPrograma>
          <codigo inid="Tp">GI-04</codigo>
        </tipoPrograma>
        <tipoPrograma>
          <codigo inid="Tp">IA-02</codigo>
        </tipoPrograma>
        <tipoPrograma>
          <codigo inid="Tp">SO-07</codigo>
        </tipoPrograma>
        <tipoPrograma>
          <codigo inid="Tp">TI-03</codigo>
        </tipoPrograma>
      </tipoProgramaLista>
      <titularLista>
        <titular sequencia="1" inid="73">
          <nome>WIKI SOLUÇÕES E DESENVOLVIMENTOS LTDA</nome>
        </titular>
      </titularLista>
      <criadorLista>
        <criador sequencia="1" inid="Cr">
          <nome>VINICIUS SALAMON</nome>
        </criador>
      </criadorLista>
    </processo-programa>
  </despacho>
  <despacho>
    <codigo>730</codigo>
    <titulo>Expedição do Certificado de Registro</titulo>
    <processo-programa>
      <numero inid="Np">BR 51 2021 000794-8</numero>
      <titulo inid="54">Software Dr. SAUDE</titulo>
      <dataCriacao inid="Dl">01/11/2016</dataCriacao>
      <campoAplicacaoLista>
        <campoAplicacao>
          <codigo inid="Cp">AD-01</codigo>
        </campoAplicacao>
        <campoAplicacao>
          <codigo inid="Cp">AD-05</codigo>
        </campoAplicacao>
        <campoAplicacao>
          <codigo inid="Cp">SD-07</codigo>
        </campoAplicacao>
        <campoAplicacao>
          <codigo inid="Cp">SD-08</codigo>
        </campoAplicacao>
        <campoAplicacao>
          <codigo inid="Cp">SD-11</codigo>
        </campoAplicacao>
      </campoAplicacaoLista>
      <linguagemLista>
        <linguagem inid="Lg">.NET</linguagem>
      </linguagemLista>
      <tipoProgramaLista>
        <tipoPrograma>
          <codigo inid="Tp">AP-03</codigo>
        </tipoPrograma>
        <tipoPrograma>
          <codigo inid="Tp">AP-04</codigo>
        </tipoPrograma>
        <tipoPrograma>
          <codigo inid="Tp">CT-02</codigo>
        </tipoPrograma>
        <tipoPrograma>
          <codigo inid="Tp">FA-02</codigo>
        </tipoPrograma>
        <tipoPrograma>
          <codigo inid="Tp">FA-03</codigo>
        </tipoPrograma>
        <tipoPrograma>
          <codigo inid="Tp">GI-02</codigo>
        </tipoPrograma>
        <tipoPrograma>
          <codigo inid="Tp">GI-03</codigo>
        </tipoPrograma>
        <tipoPrograma>
          <codigo inid="Tp">GI-07</codigo>
        </tipoPrograma>
        <tipoPrograma>
          <codigo inid="Tp">PD-01</codigo>
        </tipoPrograma>
        <tipoPrograma>
          <codigo inid="Tp">PD-02</codigo>
        </tipoPrograma>
        <tipoPrograma>
          <codigo inid="Tp">PD-05</codigo>
        </tipoPrograma>
        <tipoPrograma>
          <codigo inid="Tp">SO-06</codigo>
        </tipoPrograma>
        <tipoPrograma>
          <codigo inid="Tp">TC-04</codigo>
        </tipoPrograma>
        <tipoPrograma>
          <codigo inid="Tp">TI-03</codigo>
        </tipoPrograma>
      </tipoProgramaLista>
      <titularLista>
        <titular sequencia="1" inid="73">
          <nome>SAUDE CLINICA POPULAR FRANQUIAS S/A</nome>
        </titular>
      </titularLista>
      <criadorLista>
        <criador sequencia="1" inid="Cr">
          <nome>DENIS ROCHA DA SILVA</nome>
        </criador>
        <criador sequencia="2" inid="Cr">
          <nome>HUDSON SIMÕES RIBEIRO</nome>
        </criador>
      </criadorLista>
    </processo-programa>
  </despacho>
  <despacho>
    <codigo>730</codigo>
    <titulo>Expedição do Certificado de Registro</titulo>
    <processo-programa>
      <numero inid="Np">BR 51 2021 000795-6</numero>
      <titulo inid="54">CRTensiometer - Software para monitoramento da irrigação via dados de Curva de Retenção de Água no Solo e Tensiômetros</titulo>
      <dataCriacao inid="Dl">15/01/2021</dataCriacao>
      <campoAplicacaoLista>
        <campoAplicacao>
          <codigo inid="Cp">AG-02</codigo>
        </campoAplicacao>
      </campoAplicacaoLista>
      <linguagemLista>
        <linguagem inid="Lg">OUTROS</linguagem>
      </linguagemLista>
      <tipoProgramaLista>
        <tipoPrograma>
          <codigo inid="Tp">AP-03</codigo>
        </tipoPrograma>
      </tipoProgramaLista>
      <titularLista>
        <titular sequencia="1" inid="73">
          <nome>INSTITUTO FEDERAL DE EDUCAÇÃO, CIÊNCIA E TECNOLOGIA GOIANO</nome>
        </titular>
      </titularLista>
      <criadorLista>
        <criador sequencia="1" inid="Cr">
          <nome>FERNANDO NOBRE CUNHA</nome>
        </criador>
        <criador sequencia="2" inid="Cr">
          <nome>FERNANDO RODRIGUES CABRAL FILHO</nome>
        </criador>
        <criador sequencia="3" inid="Cr">
          <nome>FREDERICO ANTONIO LOUREIRO SOARES</nome>
        </criador>
        <criador sequencia="4" inid="Cr">
          <nome>JAQUELINE APARECIDA BATISTA SOARES</nome>
        </criador>
        <criador sequencia="5" inid="Cr">
          <nome>LEONARDO DE CASTRO SANTOS</nome>
        </criador>
        <criador sequencia="6" inid="Cr">
          <nome>LEONARDO NAZÁRIO SILVA DOS SANTOS</nome>
        </criador>
        <criador sequencia="7" inid="Cr">
          <nome>LUIZ FERNANDO GOMES</nome>
        </criador>
        <criador sequencia="8" inid="Cr">
          <nome>MARCONI BATISTA TEIXEIRA</nome>
        </criador>
        <criador sequencia="9" inid="Cr">
          <nome>MARCYHEL DA SILVA MENEZES</nome>
        </criador>
        <criador sequencia="10" inid="Cr">
          <nome>NELMÍCIO FURTADO DA SILVA</nome>
        </criador>
        <criador sequencia="11" inid="Cr">
          <nome>VITOR MARQUES VIDAL</nome>
        </criador>
        <criador sequencia="12" inid="Cr">
          <nome>WILKER ALVES MORAIS</nome>
        </criador>
      </criadorLista>
    </processo-programa>
  </despacho>
  <despacho>
    <codigo>730</codigo>
    <titulo>Expedição do Certificado de Registro</titulo>
    <processo-programa>
      <numero inid="Np">BR 51 2021 000799-9</numero>
      <titulo inid="54">SisDPPat - Sistema de Distribuição de Pedidos de Patente</titulo>
      <dataCriacao inid="Dl">30/12/2020</dataCriacao>
      <campoAplicacaoLista>
        <campoAplicacao>
          <codigo inid="Cp">AD-01</codigo>
        </campoAplicacao>
        <campoAplicacao>
          <codigo inid="Cp">CO-02</codigo>
        </campoAplicacao>
        <campoAplicacao>
          <codigo inid="Cp">MT-01</codigo>
        </campoAplicacao>
        <campoAplicacao>
          <codigo inid="Cp">MT-04</codigo>
        </campoAplicacao>
        <campoAplicacao>
          <codigo inid="Cp">MT-06</codigo>
        </campoAplicacao>
      </campoAplicacaoLista>
      <linguagemLista>
        <linguagem inid="Lg">VISUAL BASIC</linguagem>
      </linguagemLista>
      <tipoProgramaLista>
        <tipoPrograma>
          <codigo inid="Tp">AT-02</codigo>
        </tipoPrograma>
        <tipoPrograma>
          <codigo inid="Tp">FA-01</codigo>
        </tipoPrograma>
        <tipoPrograma>
          <codigo inid="Tp">FA-03</codigo>
        </tipoPrograma>
        <tipoPrograma>
          <codigo inid="Tp">TC-01</codigo>
        </tipoPrograma>
        <tipoPrograma>
          <codigo inid="Tp">TC-02</codigo>
        </tipoPrograma>
      </tipoProgramaLista>
      <titularLista>
        <titular sequencia="1" inid="73">
          <nome>CESAR VIANNA MOREIRA JUNIOR</nome>
        </titular>
      </titularLista>
      <criadorLista>
        <criador sequencia="1" inid="Cr">
          <nome>CESAR VIANNA MOREIRA JÚNIOR</nome>
        </criador>
        <criador sequencia="2" inid="Cr">
          <nome>DANIEL MARQUES GOLODNE</nome>
        </criador>
        <criador sequencia="3" inid="Cr">
          <nome>RICARDO CARVALHO RODRIGUES</nome>
        </criador>
      </criadorLista>
    </processo-programa>
  </despacho>
  <despacho>
    <codigo>730</codigo>
    <titulo>Expedição do Certificado de Registro</titulo>
    <processo-programa>
      <numero inid="Np">BR 51 2021 000801-4</numero>
      <titulo inid="54">MyMoto</titulo>
      <dataCriacao inid="Dl">10/09/2020</dataCriacao>
      <campoAplicacaoLista>
        <campoAplicacao>
          <codigo inid="Cp">TP-05</codigo>
        </campoAplicacao>
      </campoAplicacaoLista>
      <linguagemLista>
        <linguagem inid="Lg">JAVA</linguagem>
        <linguagem inid="Lg">OUTROS</linguagem>
      </linguagemLista>
      <tipoProgramaLista>
        <tipoPrograma>
          <codigo inid="Tp">AP-01</codigo>
        </tipoPrograma>
      </tipoProgramaLista>
      <titularLista>
        <titular sequencia="1" inid="73">
          <nome>INSTITUTO FEDERAL DE EDUCAÇÃO, CIÊNCIA E TECNOLOGIA DE ALAGOAS - IFAL</nome>
        </titular>
      </titularLista>
      <criadorLista>
        <criador sequencia="1" inid="Cr">
          <nome>ANTÔNIO ALEXANDRE DE ANDRADE JÚNIOR</nome>
        </criador>
        <criador sequencia="2" inid="Cr">
          <nome>LUIZ ROBERTO TORRES DOS SANTOS</nome>
        </criador>
        <criador sequencia="3" inid="Cr">
          <nome>OLLIN MAGNO SANTOS</nome>
        </criador>
        <criador sequencia="4" inid="Cr">
          <nome>PRISCYLLA MARIA DA SILVA SOUSA</nome>
        </criador>
      </criadorLista>
    </processo-programa>
  </despacho>
  <despacho>
    <codigo>730</codigo>
    <titulo>Expedição do Certificado de Registro</titulo>
    <processo-programa>
      <numero inid="Np">BR 51 2021 000802-2</numero>
      <titulo inid="54">TeraMusic</titulo>
      <dataCriacao inid="Dl">08/06/2019</dataCriacao>
      <campoAplicacaoLista>
        <campoAplicacao>
          <codigo inid="Cp">SD-01</codigo>
        </campoAplicacao>
      </campoAplicacaoLista>
      <linguagemLista>
        <linguagem inid="Lg">JAVA SCRIPT</linguagem>
      </linguagemLista>
      <tipoProgramaLista>
        <tipoPrograma>
          <codigo inid="Tp">AP-01</codigo>
        </tipoPrograma>
      </tipoProgramaLista>
      <titularLista>
        <titular sequencia="1" inid="73">
          <nome>INSTITUTO FEDERAL DE EDUCAÇÃO, CIÊNCIA E TECNOLOGIA DE ALAGOAS - IFAL</nome>
        </titular>
      </titularLista>
      <criadorLista>
        <criador sequencia="1" inid="Cr">
          <nome>FERNANDO ANTÔNIO GUIMARÃES TENÓRIO</nome>
        </criador>
        <criador sequencia="2" inid="Cr">
          <nome>JUSSARA RAMOS DA SILVA</nome>
        </criador>
        <criador sequencia="3" inid="Cr">
          <nome>LUCAS RODRIGUES SANTOS</nome>
        </criador>
        <criador sequencia="4" inid="Cr">
          <nome>WALLISSON RONY DE MAGALHÃES NEVES</nome>
        </criador>
      </criadorLista>
    </processo-programa>
  </despacho>
  <despacho>
    <codigo>730</codigo>
    <titulo>Expedição do Certificado de Registro</titulo>
    <processo-programa>
      <numero inid="Np">BR 51 2021 000803-0</numero>
      <titulo inid="54">IFSul sem corona: módulo para rastreabilidade de indivíduos com diagnóstico suspeito ou com corona vírus</titulo>
      <dataCriacao inid="Dl">19/06/2020</dataCriacao>
      <campoAplicacaoLista>
        <campoAplicacao>
          <codigo inid="Cp">AD-01</codigo>
        </campoAplicacao>
        <campoAplicacao>
          <codigo inid="Cp">SD-02</codigo>
        </campoAplicacao>
      </campoAplicacaoLista>
      <linguagemLista>
        <linguagem inid="Lg">JAVA</linguagem>
        <linguagem inid="Lg">JAVA SCRIPT</linguagem>
        <linguagem inid="Lg">SWIFT</linguagem>
      </linguagemLista>
      <tipoProgramaLista>
        <tipoPrograma>
          <codigo inid="Tp">AP-01</codigo>
        </tipoPrograma>
      </tipoProgramaLista>
      <titularLista>
        <titular sequencia="1" inid="73">
          <nome>INSTITUTO FEDERAL SUL-RIO-GRANDENSE</nome>
        </titular>
      </titularLista>
      <criadorLista>
        <criador sequencia="1" inid="Cr">
          <nome>EVERTON LUIS WEBER FEIJÓ</nome>
        </criador>
        <criador sequencia="2" inid="Cr">
          <nome>VAGNER PINTO DA SILVA</nome>
        </criador>
      </criadorLista>
    </processo-programa>
  </despacho>
  <despacho>
    <codigo>730</codigo>
    <titulo>Expedição do Certificado de Registro</titulo>
    <processo-programa>
      <numero inid="Np">BR 51 2021 000806-5</numero>
      <titulo inid="54">MoCA</titulo>
      <dataCriacao inid="Dl">09/07/2020</dataCriacao>
      <campoAplicacaoLista>
        <campoAplicacao>
          <codigo inid="Cp">FQ-06</codigo>
        </campoAplicacao>
      </campoAplicacaoLista>
      <linguagemLista>
        <linguagem inid="Lg">C++</linguagem>
      </linguagemLista>
      <tipoProgramaLista>
        <tipoPrograma>
          <codigo inid="Tp">SM-01</codigo>
        </tipoPrograma>
      </tipoProgramaLista>
      <titularLista>
        <titular sequencia="1" inid="73">
          <nome>UNIVERSIDADE TECNOLOGICA FEDERAL DO PARANA</nome>
        </titular>
      </titularLista>
      <criadorLista>
        <criador sequencia="1" inid="Cr">
          <nome>GUILHERME BERTOLDO</nome>
        </criador>
      </criadorLista>
    </processo-programa>
  </despacho>
  <despacho>
    <codigo>730</codigo>
    <titulo>Expedição do Certificado de Registro</titulo>
    <processo-programa>
      <numero inid="Np">BR 51 2021 000808-1</numero>
      <titulo inid="54">Gestor</titulo>
      <dataCriacao inid="Dl">25/01/2008</dataCriacao>
      <campoAplicacaoLista>
        <campoAplicacao>
          <codigo inid="Cp">IF-01</codigo>
        </campoAplicacao>
      </campoAplicacaoLista>
      <linguagemLista>
        <linguagem inid="Lg">PHP</linguagem>
      </linguagemLista>
      <tipoProgramaLista>
        <tipoPrograma>
          <codigo inid="Tp">GI-01</codigo>
        </tipoPrograma>
      </tipoProgramaLista>
      <titularLista>
        <titular sequencia="1" inid="73">
          <nome>SHOW PRESTADORA DE SERVIÇOS DO BRASIL LTDA ME</nome>
        </titular>
      </titularLista>
      <criadorLista>
        <criador sequencia="1" inid="Cr">
          <nome>EDUARDO LEITE CRUZ LACET</nome>
        </criador>
      </criadorLista>
    </processo-programa>
  </despacho>
  <despacho>
    <codigo>730</codigo>
    <titulo>Expedição do Certificado de Registro</titulo>
    <processo-programa>
      <numero inid="Np">BR 51 2021 000809-0</numero>
      <titulo inid="54">Localizador de Faltas RDR</titulo>
      <dataCriacao inid="Dl">01/08/2020</dataCriacao>
      <campoAplicacaoLista>
        <campoAplicacao>
          <codigo inid="Cp">EN-04</codigo>
        </campoAplicacao>
        <campoAplicacao>
          <codigo inid="Cp">SV-01</codigo>
        </campoAplicacao>
      </campoAplicacaoLista>
      <linguagemLista>
        <linguagem inid="Lg">MATLAB</linguagem>
      </linguagemLista>
      <tipoProgramaLista>
        <tipoPrograma>
          <codigo inid="Tp">IA-01</codigo>
        </tipoPrograma>
        <tipoPrograma>
          <codigo inid="Tp">IA-02</codigo>
        </tipoPrograma>
        <tipoPrograma>
          <codigo inid="Tp">TC-01</codigo>
        </tipoPrograma>
      </tipoProgramaLista>
      <titularLista>
        <titular sequencia="1" inid="73">
          <nome>UNIVERSIDADE TECNOLOGICA FEDERAL DO PARANA</nome>
        </titular>
      </titularLista>
      <criadorLista>
        <criador sequencia="1" inid="Cr">
          <nome>ALESSANDRO GOEDTEL</nome>
        </criador>
        <criador sequencia="2" inid="Cr">
          <nome>FABRÍCIO AUGUSTO DE SOUZA</nome>
        </criador>
        <criador sequencia="3" inid="Cr">
          <nome>MARCELO FAVORETTO CASTOLDI</nome>
        </criador>
        <criador sequencia="4" inid="Cr">
          <nome>MURILO DA SILVA</nome>
        </criador>
      </criadorLista>
    </processo-programa>
  </despacho>
  <despacho>
    <codigo>730</codigo>
    <titulo>Expedição do Certificado de Registro</titulo>
    <processo-programa>
      <numero inid="Np">BR 51 2021 000810-3</numero>
      <titulo inid="54">Tempo de Reação</titulo>
      <dataCriacao inid="Dl">20/02/2021</dataCriacao>
      <campoAplicacaoLista>
        <campoAplicacao>
          <codigo inid="Cp">SD-04</codigo>
        </campoAplicacao>
      </campoAplicacaoLista>
      <linguagemLista>
        <linguagem inid="Lg">C++</linguagem>
      </linguagemLista>
      <tipoProgramaLista>
        <tipoPrograma>
          <codigo inid="Tp">TC-01</codigo>
        </tipoPrograma>
      </tipoProgramaLista>
      <titularLista>
        <titular sequencia="1" inid="73">
          <nome>INSTITUTO DE ENSINO E PESQUISA ALBERTO SANTOS DUMONT</nome>
        </titular>
        <titular sequencia="2" inid="73">
          <nome>UNIVERSIDADE FEDERAL DO RIO GRANDE DO NORTE</nome>
        </titular>
      </titularLista>
      <criadorLista>
        <criador sequencia="1" inid="Cr">
          <nome>ANDRÉ FELIPE OLIVEIRA DE AZEVEDO DANTAS</nome>
        </criador>
        <criador sequencia="2" inid="Cr">
          <nome>EDGARD MORYA</nome>
        </criador>
        <criador sequencia="3" inid="Cr">
          <nome>JOSÉ CARLOS GOMES DA SILVA</nome>
        </criador>
        <criador sequencia="4" inid="Cr">
          <nome>PAULO MOREIRA SILVA DANTAS</nome>
        </criador>
      </criadorLista>
    </processo-programa>
  </despacho>
  <despacho>
    <codigo>742</codigo>
    <titulo>Petição não conhecida</titulo>
    <processo-programa>
      <numero inid="Np">BR 51 2015 000844-7</numero>
      <titulo inid="54">MOVA MAIS PROCESSAMENTO DE SINAIS DE ATIVIDADE FÍSICA</titulo>
      <titularLista>
        <titular sequencia="1" inid="73">
          <nome>MOVA MAIS SERVIÇOS DIGITAIS S/A</nome>
        </titular>
        <titular sequencia="2" inid="73">
          <nome>T-BDH CAPITAL PARTICIPAÇÕES E INVESTIMENTOS LTDA.</nome>
        </titular>
      </titularLista>
    </processo-programa>
    <comentario inid="co">Pagamento da GRU fora do prazo ou não realizado referente ao protocolo 870210032353</comentario>
  </despacho>
  <despacho>
    <codigo>747</codigo>
    <titulo>Correção de dados no Certificado de Registro devido à falha do interessado</titulo>
    <processo-programa>
      <numero inid="Np">BR 51 2021 000209-1</numero>
      <titulo inid="54">Conecta FAHZ</titulo>
      <titularLista>
        <titular sequencia="1" inid="73">
          <nome>FUNDACAO ANTONIO E HELENA ZERRENNER INSTITUICAO NACIONAL DE BENEFICENCIA</nome>
        </titular>
      </titularLista>
    </processo-programa>
    <comentario inid="co">Foram incluidos tres autores conforme solicitado via Fale Conosco 916213</comentario>
  </despacho>
  <despacho>
    <codigo>747</codigo>
    <titulo>Correção de dados no Certificado de Registro devido à falha do interessado</titulo>
    <processo-programa>
      <numero inid="Np">BR 51 2021 000210-5</numero>
      <titulo inid="54">Conecta FAHZ</titulo>
      <titularLista>
        <titular sequencia="1" inid="73">
          <nome>FUNDACAO ANTONIO E HELENA ZERRENNER INSTITUICAO NACIONAL DE BENEFICENCIA</nome>
        </titular>
      </titularLista>
    </processo-programa>
    <comentario inid="co">Foram incluidos tres autores conforme solicitado via Fale Conosco 916213</comentario>
  </despacho>
</revista>