<revista numero="2833" dataPublicacao="24/04/2025" diretoria="Programa">
  <despacho>
    <codigo>730</codigo>
    <titulo>Expedição do Certificado de Registro</titulo>
    <processo-programa>
      <numero inid="Np">BR 51 2025 001482-1</numero>
      <titulo inid="54">BioPipeline Creator-a user-friendly Java-based GUI for managing and customizing biological data pipelines</titulo>
      <dataCriacao inid="Dl">17/07/2023</dataCriacao>
      <campoAplicacaoLista>
        <campoAplicacao>
          <codigo inid="Cp">BL-02</codigo>
        </campoAplicacao>
      </campoAplicacaoLista>
      <linguagemLista>
        <linguagem inid="Lg">JAVA</linguagem>
      </linguagemLista>
      <tipoProgramaLista>
        <tipoPrograma>
          <codigo inid="Tp">IA-02</codigo>
        </tipoPrograma>
      </tipoProgramaLista>
      <titularLista>
        <titular sequencia="1" inid="73">
          <nome>ADONNEY ALLAN DE OLIVEIRA VERAS</nome>
        </titular>
        <titular sequencia="2" inid="73">
          <nome>MÔNICA SILVA DE OLIVEIRA</nome>
        </titular>
      </titularLista>
      <criadorLista>
        <criador sequencia="1" inid="Cr">
          <nome>ADONNEY ALLAN DE OLIVEIRA VERAS</nome>
        </criador>
        <criador sequencia="2" inid="Cr">
          <nome>ARTUR SILVA</nome>
        </criador>
        <criador sequencia="3" inid="Cr">
          <nome>CLÉO MAIA CORDEIRO</nome>
        </criador>
        <criador sequencia="4" inid="Cr">
          <nome>DIEGO ASSIS DAS GRAÇAS</nome>
        </criador>
        <criador sequencia="5" inid="Cr">
          <nome>GISLENNE DA SILVA MOIA</nome>
        </criador>
        <criador sequencia="6" inid="Cr">
          <nome>LUCAS DA SILVA E SILVA</nome>
        </criador>
        <criador sequencia="7" inid="Cr">
          <nome>MARIA PAULA CRUZ SCHNEIDER</nome>
        </criador>
        <criador sequencia="8" inid="Cr">
          <nome>MÔNICA SILVA DE OLIVEIRA</nome>
        </criador>
        <criador sequencia="9" inid="Cr">
          <nome>RAFAEL AZEVEDO BARAÚNA</nome>
        </criador>
        <criador sequencia="10" inid="Cr">
          <nome>SÁVIO S. COSTA</nome>
        </criador>
      </criadorLista>
    </processo-programa>
  </despacho>
  <despacho>
    <codigo>730</codigo>
    <titulo>Expedição do Certificado de Registro</titulo>
    <processo-programa>
      <numero inid="Np">BR 51 2025 001483-0</numero>
      <titulo inid="54">IOSI Digital Learning Platform</titulo>
      <dataCriacao inid="Dl">01/06/2024</dataCriacao>
      <campoAplicacaoLista>
        <campoAplicacao>
          <codigo inid="Cp">IN-02</codigo>
        </campoAplicacao>
      </campoAplicacaoLista>
      <linguagemLista>
        <linguagem inid="Lg">JAVA</linguagem>
        <linguagem inid="Lg">OUTROS</linguagem>
        <linguagem inid="Lg">PYTHON</linguagem>
      </linguagemLista>
      <tipoProgramaLista>
        <tipoPrograma>
          <codigo inid="Tp">AP-01</codigo>
        </tipoPrograma>
        <tipoPrograma>
          <codigo inid="Tp">DS-06</codigo>
        </tipoPrograma>
      </tipoProgramaLista>
      <titularLista>
        <titular sequencia="1" inid="73">
          <nome>IOSI TREINAMENTO CONSULTORIA E SERVICOS DE INFORMATICA LTDA</nome>
        </titular>
      </titularLista>
      <criadorLista>
        <criador sequencia="1" inid="Cr">
          <nome>ANTONIO DE BARROS SERRA</nome>
        </criador>
      </criadorLista>
    </processo-programa>
  </despacho>
  <despacho>
    <codigo>730</codigo>
    <titulo>Expedição do Certificado de Registro</titulo>
    <processo-programa>
      <numero inid="Np">BR 51 2025 001484-8</numero>
      <titulo inid="54">SmartLid</titulo>
      <dataCriacao inid="Dl">07/02/2025</dataCriacao>
      <campoAplicacaoLista>
        <campoAplicacao>
          <codigo inid="Cp">IF-07</codigo>
        </campoAplicacao>
      </campoAplicacaoLista>
      <linguagemLista>
        <linguagem inid="Lg">JAVA SCRIPT</linguagem>
        <linguagem inid="Lg">OUTROS</linguagem>
        <linguagem inid="Lg">PYTHON</linguagem>
      </linguagemLista>
      <tipoProgramaLista>
        <tipoPrograma>
          <codigo inid="Tp">AP-01</codigo>
        </tipoPrograma>
        <tipoPrograma>
          <codigo inid="Tp">IA-01</codigo>
        </tipoPrograma>
        <tipoPrograma>
          <codigo inid="Tp">TC-04</codigo>
        </tipoPrograma>
      </tipoProgramaLista>
      <titularLista>
        <titular sequencia="1" inid="73">
          <nome>LIDERANCA SOLUCOES EM TERCEIRIZACAO LTDA</nome>
        </titular>
      </titularLista>
      <criadorLista>
        <criador sequencia="1" inid="Cr">
          <nome>LEVI RENATO SANTANA ALVES</nome>
        </criador>
        <criador sequencia="2" inid="Cr">
          <nome>LORI LEMAZURIER</nome>
        </criador>
        <criador sequencia="3" inid="Cr">
          <nome>MATHEUS VINICIUS CUNHA GOMES</nome>
        </criador>
      </criadorLista>
    </processo-programa>
  </despacho>
  <despacho>
    <codigo>730</codigo>
    <titulo>Expedição do Certificado de Registro</titulo>
    <processo-programa>
      <numero inid="Np">BR 51 2025 001485-6</numero>
      <titulo inid="54">crab.ai</titulo>
      <dataCriacao inid="Dl">13/12/2022</dataCriacao>
      <campoAplicacaoLista>
        <campoAplicacao>
          <codigo inid="Cp">AD-01</codigo>
        </campoAplicacao>
        <campoAplicacao>
          <codigo inid="Cp">AD-02</codigo>
        </campoAplicacao>
        <campoAplicacao>
          <codigo inid="Cp">AD-03</codigo>
        </campoAplicacao>
        <campoAplicacao>
          <codigo inid="Cp">AD-04</codigo>
        </campoAplicacao>
        <campoAplicacao>
          <codigo inid="Cp">AD-05</codigo>
        </campoAplicacao>
        <campoAplicacao>
          <codigo inid="Cp">AG-01</codigo>
        </campoAplicacao>
        <campoAplicacao>
          <codigo inid="Cp">AG-11</codigo>
        </campoAplicacao>
        <campoAplicacao>
          <codigo inid="Cp">AH-02</codigo>
        </campoAplicacao>
        <campoAplicacao>
          <codigo inid="Cp">AN-01</codigo>
        </campoAplicacao>
        <campoAplicacao>
          <codigo inid="Cp">AN-02</codigo>
        </campoAplicacao>
        <campoAplicacao>
          <codigo inid="Cp">AN-03</codigo>
        </campoAplicacao>
        <campoAplicacao>
          <codigo inid="Cp">DI-01</codigo>
        </campoAplicacao>
        <campoAplicacao>
          <codigo inid="Cp">DI-03</codigo>
        </campoAplicacao>
        <campoAplicacao>
          <codigo inid="Cp">EC-05</codigo>
        </campoAplicacao>
        <campoAplicacao>
          <codigo inid="Cp">EC-14</codigo>
        </campoAplicacao>
        <campoAplicacao>
          <codigo inid="Cp">EN-01</codigo>
        </campoAplicacao>
        <campoAplicacao>
          <codigo inid="Cp">FN-06</codigo>
        </campoAplicacao>
        <campoAplicacao>
          <codigo inid="Cp">IF-01</codigo>
        </campoAplicacao>
        <campoAplicacao>
          <codigo inid="Cp">IF-02</codigo>
        </campoAplicacao>
        <campoAplicacao>
          <codigo inid="Cp">IF-09</codigo>
        </campoAplicacao>
        <campoAplicacao>
          <codigo inid="Cp">IF-10</codigo>
        </campoAplicacao>
        <campoAplicacao>
          <codigo inid="Cp">MA-04</codigo>
        </campoAplicacao>
      </campoAplicacaoLista>
      <linguagemLista>
        <linguagem inid="Lg">JAVA SCRIPT</linguagem>
        <linguagem inid="Lg">NODEJS</linguagem>
        <linguagem inid="Lg">OUTROS</linguagem>
      </linguagemLista>
      <tipoProgramaLista>
        <tipoPrograma>
          <codigo inid="Tp">AP-01</codigo>
        </tipoPrograma>
        <tipoPrograma>
          <codigo inid="Tp">AP-02</codigo>
        </tipoPrograma>
        <tipoPrograma>
          <codigo inid="Tp">AP-03</codigo>
        </tipoPrograma>
        <tipoPrograma>
          <codigo inid="Tp">AP-04</codigo>
        </tipoPrograma>
        <tipoPrograma>
          <codigo inid="Tp">AP-05</codigo>
        </tipoPrograma>
        <tipoPrograma>
          <codigo inid="Tp">AT-01</codigo>
        </tipoPrograma>
        <tipoPrograma>
          <codigo inid="Tp">AT-06</codigo>
        </tipoPrograma>
        <tipoPrograma>
          <codigo inid="Tp">AV-01</codigo>
        </tipoPrograma>
        <tipoPrograma>
          <codigo inid="Tp">AV-02</codigo>
        </tipoPrograma>
        <tipoPrograma>
          <codigo inid="Tp">CD-01</codigo>
        </tipoPrograma>
        <tipoPrograma>
          <codigo inid="Tp">CT-02</codigo>
        </tipoPrograma>
        <tipoPrograma>
          <codigo inid="Tp">DS-04</codigo>
        </tipoPrograma>
        <tipoPrograma>
          <codigo inid="Tp">DS-05</codigo>
        </tipoPrograma>
        <tipoPrograma>
          <codigo inid="Tp">FA-01</codigo>
        </tipoPrograma>
        <tipoPrograma>
          <codigo inid="Tp">FA-02</codigo>
        </tipoPrograma>
        <tipoPrograma>
          <codigo inid="Tp">FA-03</codigo>
        </tipoPrograma>
        <tipoPrograma>
          <codigo inid="Tp">FA-04</codigo>
        </tipoPrograma>
        <tipoPrograma>
          <codigo inid="Tp">GI-01</codigo>
        </tipoPrograma>
        <tipoPrograma>
          <codigo inid="Tp">GI-04</codigo>
        </tipoPrograma>
        <tipoPrograma>
          <codigo inid="Tp">GI-05</codigo>
        </tipoPrograma>
        <tipoPrograma>
          <codigo inid="Tp">GI-06</codigo>
        </tipoPrograma>
        <tipoPrograma>
          <codigo inid="Tp">GI-07</codigo>
        </tipoPrograma>
        <tipoPrograma>
          <codigo inid="Tp">IA-01</codigo>
        </tipoPrograma>
        <tipoPrograma>
          <codigo inid="Tp">IA-02</codigo>
        </tipoPrograma>
        <tipoPrograma>
          <codigo inid="Tp">IA-03</codigo>
        </tipoPrograma>
        <tipoPrograma>
          <codigo inid="Tp">LG-02</codigo>
        </tipoPrograma>
        <tipoPrograma>
          <codigo inid="Tp">LG-04</codigo>
        </tipoPrograma>
        <tipoPrograma>
          <codigo inid="Tp">LG-05</codigo>
        </tipoPrograma>
        <tipoPrograma>
          <codigo inid="Tp">LG-06</codigo>
        </tipoPrograma>
        <tipoPrograma>
          <codigo inid="Tp">LG-07</codigo>
        </tipoPrograma>
        <tipoPrograma>
          <codigo inid="Tp">PD-01</codigo>
        </tipoPrograma>
        <tipoPrograma>
          <codigo inid="Tp">PD-02</codigo>
        </tipoPrograma>
        <tipoPrograma>
          <codigo inid="Tp">PD-03</codigo>
        </tipoPrograma>
        <tipoPrograma>
          <codigo inid="Tp">PD-04</codigo>
        </tipoPrograma>
        <tipoPrograma>
          <codigo inid="Tp">PD-05</codigo>
        </tipoPrograma>
        <tipoPrograma>
          <codigo inid="Tp">SO-02</codigo>
        </tipoPrograma>
        <tipoPrograma>
          <codigo inid="Tp">SO-04</codigo>
        </tipoPrograma>
        <tipoPrograma>
          <codigo inid="Tp">SO-05</codigo>
        </tipoPrograma>
        <tipoPrograma>
          <codigo inid="Tp">TC-01</codigo>
        </tipoPrograma>
        <tipoPrograma>
          <codigo inid="Tp">TC-02</codigo>
        </tipoPrograma>
        <tipoPrograma>
          <codigo inid="Tp">TC-03</codigo>
        </tipoPrograma>
        <tipoPrograma>
          <codigo inid="Tp">TC-04</codigo>
        </tipoPrograma>
        <tipoPrograma>
          <codigo inid="Tp">TI-03</codigo>
        </tipoPrograma>
        <tipoPrograma>
          <codigo inid="Tp">TI-04</codigo>
        </tipoPrograma>
        <tipoPrograma>
          <codigo inid="Tp">UT-06</codigo>
        </tipoPrograma>
      </tipoProgramaLista>
      <titularLista>
        <titular sequencia="1" inid="73">
          <nome>MANGUE TECNOLOGIA LTDA</nome>
        </titular>
      </titularLista>
      <criadorLista>
        <criador sequencia="1" inid="Cr">
          <nome>ALEXANDRE ROMERO DA SILVA KELEMEN</nome>
        </criador>
        <criador sequencia="2" inid="Cr">
          <nome>ANDRÉ SALVIANO DA SILVA TEIXEIRA</nome>
        </criador>
      </criadorLista>
    </processo-programa>
  </despacho>
  <despacho>
    <codigo>730</codigo>
    <titulo>Expedição do Certificado de Registro</titulo>
    <processo-programa>
      <numero inid="Np">BR 51 2025 001486-4</numero>
      <titulo inid="54">Plataforma de Aprovação Habitacional</titulo>
      <dataCriacao inid="Dl">23/03/2025</dataCriacao>
      <campoAplicacaoLista>
        <campoAplicacao>
          <codigo inid="Cp">HB-01</codigo>
        </campoAplicacao>
        <campoAplicacao>
          <codigo inid="Cp">UB-02</codigo>
        </campoAplicacao>
      </campoAplicacaoLista>
      <linguagemLista>
        <linguagem inid="Lg">OUTROS</linguagem>
      </linguagemLista>
      <tipoProgramaLista>
        <tipoPrograma>
          <codigo inid="Tp">AP-01</codigo>
        </tipoPrograma>
        <tipoPrograma>
          <codigo inid="Tp">DS-07</codigo>
        </tipoPrograma>
        <tipoPrograma>
          <codigo inid="Tp">FA-01</codigo>
        </tipoPrograma>
        <tipoPrograma>
          <codigo inid="Tp">GI-06</codigo>
        </tipoPrograma>
        <tipoPrograma>
          <codigo inid="Tp">PD-01</codigo>
        </tipoPrograma>
        <tipoPrograma>
          <codigo inid="Tp">UT-06</codigo>
        </tipoPrograma>
      </tipoProgramaLista>
      <titularLista>
        <titular sequencia="1" inid="73">
          <nome>GEANE MIRANDA MACIEL</nome>
        </titular>
        <titular sequencia="2" inid="73">
          <nome>POLO HABITACIONAL LTDA</nome>
        </titular>
      </titularLista>
      <criadorLista>
        <criador sequencia="1" inid="Cr">
          <nome>PRISCILA DA COSTA DE OLIVEIRA</nome>
        </criador>
      </criadorLista>
    </processo-programa>
  </despacho>
  <despacho>
    <codigo>730</codigo>
    <titulo>Expedição do Certificado de Registro</titulo>
    <processo-programa>
      <numero inid="Np">BR 51 2025 001487-2</numero>
      <titulo inid="54">CBT da Viatura Lançadora Multipla Universal do Sistema ASTROS MK6</titulo>
      <dataCriacao inid="Dl">17/06/2024</dataCriacao>
      <campoAplicacaoLista>
        <campoAplicacao>
          <codigo inid="Cp">ED-04</codigo>
        </campoAplicacao>
      </campoAplicacaoLista>
      <linguagemLista>
        <linguagem inid="Lg">C#</linguagem>
      </linguagemLista>
      <tipoProgramaLista>
        <tipoPrograma>
          <codigo inid="Tp">SM-04</codigo>
        </tipoPrograma>
      </tipoProgramaLista>
      <titularLista>
        <titular sequencia="1" inid="73">
          <nome>DEPARTAMENTO DE CIÊNCIA E TECNOLOGIA</nome>
        </titular>
        <titular sequencia="2" inid="73">
          <nome>UNIVERSIDADE FEDERAL DE SANTA MARIA</nome>
        </titular>
      </titularLista>
      <criadorLista>
        <criador sequencia="1" inid="Cr">
          <nome>CESAR TADEU POZZER</nome>
        </criador>
        <criador sequencia="2" inid="Cr">
          <nome>EDISON PIGNATON DE FREITAS</nome>
        </criador>
        <criador sequencia="3" inid="Cr">
          <nome>JOAO BAPTISTA DOS SANTOS MARTINS</nome>
        </criador>
        <criador sequencia="4" inid="Cr">
          <nome>LISANDRA MANZONI FONTOURA</nome>
        </criador>
        <criador sequencia="5" inid="Cr">
          <nome>LUIS ALVARO LIMA SILVA</nome>
        </criador>
        <criador sequencia="6" inid="Cr">
          <nome>MATEUS BECK RUTZIG</nome>
        </criador>
        <criador sequencia="7" inid="Cr">
          <nome>RAUL CERETTA NUNES</nome>
        </criador>
      </criadorLista>
    </processo-programa>
  </despacho>
  <despacho>
    <codigo>730</codigo>
    <titulo>Expedição do Certificado de Registro</titulo>
    <processo-programa>
      <numero inid="Np">BR 51 2025 001488-0</numero>
      <titulo inid="54">CBT da Viatura Unidade de Controle de Fogo do Sistema ASTROS MK6</titulo>
      <dataCriacao inid="Dl">17/06/2024</dataCriacao>
      <campoAplicacaoLista>
        <campoAplicacao>
          <codigo inid="Cp">ED-04</codigo>
        </campoAplicacao>
      </campoAplicacaoLista>
      <linguagemLista>
        <linguagem inid="Lg">C#</linguagem>
      </linguagemLista>
      <tipoProgramaLista>
        <tipoPrograma>
          <codigo inid="Tp">SM-04</codigo>
        </tipoPrograma>
      </tipoProgramaLista>
      <titularLista>
        <titular sequencia="1" inid="73">
          <nome>DEPARTAMENTO DE CIÊNCIA E TECNOLOGIA</nome>
        </titular>
        <titular sequencia="2" inid="73">
          <nome>UNIVERSIDADE FEDERAL DE SANTA MARIA</nome>
        </titular>
      </titularLista>
      <criadorLista>
        <criador sequencia="1" inid="Cr">
          <nome>CESAR TADEU POZZER</nome>
        </criador>
        <criador sequencia="2" inid="Cr">
          <nome>EDISON PIGNATON DE FREITAS</nome>
        </criador>
        <criador sequencia="3" inid="Cr">
          <nome>JOAO BAPTISTA DOS SANTOS MARTINS</nome>
        </criador>
        <criador sequencia="4" inid="Cr">
          <nome>LISANDRA MANZONI FONTOURA</nome>
        </criador>
        <criador sequencia="5" inid="Cr">
          <nome>LUIS ALVARO LIMA SILVA</nome>
        </criador>
        <criador sequencia="6" inid="Cr">
          <nome>MATEUS BECK RUTZIG</nome>
        </criador>
        <criador sequencia="7" inid="Cr">
          <nome>RAUL CERETTA NUNES</nome>
        </criador>
      </criadorLista>
    </processo-programa>
  </despacho>
  <despacho>
    <codigo>730</codigo>
    <titulo>Expedição do Certificado de Registro</titulo>
    <processo-programa>
      <numero inid="Np">BR 51 2025 001490-2</numero>
      <titulo inid="54">PressCont</titulo>
      <dataCriacao inid="Dl">21/06/2023</dataCriacao>
      <campoAplicacaoLista>
        <campoAplicacao>
          <codigo inid="Cp">AD-01</codigo>
        </campoAplicacao>
        <campoAplicacao>
          <codigo inid="Cp">AD-02</codigo>
        </campoAplicacao>
        <campoAplicacao>
          <codigo inid="Cp">AD-03</codigo>
        </campoAplicacao>
        <campoAplicacao>
          <codigo inid="Cp">AD-04</codigo>
        </campoAplicacao>
        <campoAplicacao>
          <codigo inid="Cp">AD-05</codigo>
        </campoAplicacao>
        <campoAplicacao>
          <codigo inid="Cp">DI-03</codigo>
        </campoAplicacao>
        <campoAplicacao>
          <codigo inid="Cp">EC-04</codigo>
        </campoAplicacao>
        <campoAplicacao>
          <codigo inid="Cp">EC-09</codigo>
        </campoAplicacao>
        <campoAplicacao>
          <codigo inid="Cp">FN-01</codigo>
        </campoAplicacao>
        <campoAplicacao>
          <codigo inid="Cp">FN-05</codigo>
        </campoAplicacao>
        <campoAplicacao>
          <codigo inid="Cp">FN-06</codigo>
        </campoAplicacao>
        <campoAplicacao>
          <codigo inid="Cp">IF-01</codigo>
        </campoAplicacao>
        <campoAplicacao>
          <codigo inid="Cp">IF-02</codigo>
        </campoAplicacao>
        <campoAplicacao>
          <codigo inid="Cp">IF-04</codigo>
        </campoAplicacao>
        <campoAplicacao>
          <codigo inid="Cp">IF-07</codigo>
        </campoAplicacao>
        <campoAplicacao>
          <codigo inid="Cp">IF-10</codigo>
        </campoAplicacao>
        <campoAplicacao>
          <codigo inid="Cp">MT-06</codigo>
        </campoAplicacao>
      </campoAplicacaoLista>
      <linguagemLista>
        <linguagem inid="Lg">JAVA SCRIPT</linguagem>
        <linguagem inid="Lg">OUTROS</linguagem>
      </linguagemLista>
      <tipoProgramaLista>
        <tipoPrograma>
          <codigo inid="Tp">AP-01</codigo>
        </tipoPrograma>
        <tipoPrograma>
          <codigo inid="Tp">AP-02</codigo>
        </tipoPrograma>
        <tipoPrograma>
          <codigo inid="Tp">AT-01</codigo>
        </tipoPrograma>
        <tipoPrograma>
          <codigo inid="Tp">AT-02</codigo>
        </tipoPrograma>
        <tipoPrograma>
          <codigo inid="Tp">AT-03</codigo>
        </tipoPrograma>
        <tipoPrograma>
          <codigo inid="Tp">AT-06</codigo>
        </tipoPrograma>
        <tipoPrograma>
          <codigo inid="Tp">AV-01</codigo>
        </tipoPrograma>
        <tipoPrograma>
          <codigo inid="Tp">AV-02</codigo>
        </tipoPrograma>
        <tipoPrograma>
          <codigo inid="Tp">CD-01</codigo>
        </tipoPrograma>
        <tipoPrograma>
          <codigo inid="Tp">GI-01</codigo>
        </tipoPrograma>
        <tipoPrograma>
          <codigo inid="Tp">GI-04</codigo>
        </tipoPrograma>
        <tipoPrograma>
          <codigo inid="Tp">GI-06</codigo>
        </tipoPrograma>
        <tipoPrograma>
          <codigo inid="Tp">GI-07</codigo>
        </tipoPrograma>
        <tipoPrograma>
          <codigo inid="Tp">GI-08</codigo>
        </tipoPrograma>
        <tipoPrograma>
          <codigo inid="Tp">IA-01</codigo>
        </tipoPrograma>
        <tipoPrograma>
          <codigo inid="Tp">IA-03</codigo>
        </tipoPrograma>
        <tipoPrograma>
          <codigo inid="Tp">PD-01</codigo>
        </tipoPrograma>
        <tipoPrograma>
          <codigo inid="Tp">PD-02</codigo>
        </tipoPrograma>
        <tipoPrograma>
          <codigo inid="Tp">PD-03</codigo>
        </tipoPrograma>
        <tipoPrograma>
          <codigo inid="Tp">PD-04</codigo>
        </tipoPrograma>
        <tipoPrograma>
          <codigo inid="Tp">PD-05</codigo>
        </tipoPrograma>
        <tipoPrograma>
          <codigo inid="Tp">TI-01</codigo>
        </tipoPrograma>
        <tipoPrograma>
          <codigo inid="Tp">TI-03</codigo>
        </tipoPrograma>
        <tipoPrograma>
          <codigo inid="Tp">UT-04</codigo>
        </tipoPrograma>
      </tipoProgramaLista>
      <titularLista>
        <titular sequencia="1" inid="73">
          <nome>INUP SERVICOS E TECNOLOGIA LTDA</nome>
        </titular>
      </titularLista>
      <criadorLista>
        <criador sequencia="1" inid="Cr">
          <nome>ANTONIO EDUARDO TELLES AUGUSTO JUNIOR</nome>
        </criador>
      </criadorLista>
    </processo-programa>
  </despacho>
  <despacho>
    <codigo>730</codigo>
    <titulo>Expedição do Certificado de Registro</titulo>
    <processo-programa>
      <numero inid="Np">BR 51 2025 001491-0</numero>
      <titulo inid="54">CBT da Viatura Remuniciadora do Sistema ASTROS MK6</titulo>
      <dataCriacao inid="Dl">17/06/2024</dataCriacao>
      <campoAplicacaoLista>
        <campoAplicacao>
          <codigo inid="Cp">ED-04</codigo>
        </campoAplicacao>
      </campoAplicacaoLista>
      <linguagemLista>
        <linguagem inid="Lg">C#</linguagem>
      </linguagemLista>
      <tipoProgramaLista>
        <tipoPrograma>
          <codigo inid="Tp">SM-04</codigo>
        </tipoPrograma>
      </tipoProgramaLista>
      <titularLista>
        <titular sequencia="1" inid="73">
          <nome>DEPARTAMENTO DE CIÊNCIA E TECNOLOGIA</nome>
        </titular>
        <titular sequencia="2" inid="73">
          <nome>UNIVERSIDADE FEDERAL DE SANTA MARIA</nome>
        </titular>
      </titularLista>
      <criadorLista>
        <criador sequencia="1" inid="Cr">
          <nome>CESAR TADEU POZZER</nome>
        </criador>
        <criador sequencia="2" inid="Cr">
          <nome>EDISON PIGNATON DE FREITAS</nome>
        </criador>
        <criador sequencia="3" inid="Cr">
          <nome>JOAO BAPTISTA DOS SANTOS MARTINS</nome>
        </criador>
        <criador sequencia="4" inid="Cr">
          <nome>LISANDRA MANZONI FONTOURA</nome>
        </criador>
        <criador sequencia="5" inid="Cr">
          <nome>LUIS ALVARO LIMA SILVA</nome>
        </criador>
        <criador sequencia="6" inid="Cr">
          <nome>MATEUS BECK RUTZIG</nome>
        </criador>
        <criador sequencia="7" inid="Cr">
          <nome>RAUL CERETTA NUNES</nome>
        </criador>
      </criadorLista>
    </processo-programa>
  </despacho>
  <despacho>
    <codigo>730</codigo>
    <titulo>Expedição do Certificado de Registro</titulo>
    <processo-programa>
      <numero inid="Np">BR 51 2025 001492-9</numero>
      <titulo inid="54">SISTEMA DE LOCALIZAÇÃO DE ATIVOS MÓVEIS COM UTILIZAÇÃO DE DRONES | FAREJADOR AÉREO</titulo>
      <dataCriacao inid="Dl">01/06/2023</dataCriacao>
      <campoAplicacaoLista>
        <campoAplicacao>
          <codigo inid="Cp">IN-02</codigo>
        </campoAplicacao>
      </campoAplicacaoLista>
      <linguagemLista>
        <linguagem inid="Lg">C</linguagem>
        <linguagem inid="Lg">JAVA</linguagem>
        <linguagem inid="Lg">PYTHON</linguagem>
      </linguagemLista>
      <tipoProgramaLista>
        <tipoPrograma>
          <codigo inid="Tp">IA-02</codigo>
        </tipoPrograma>
      </tipoProgramaLista>
      <titularLista>
        <titular sequencia="1" inid="73">
          <nome>TRUCKS CONTROL SERVIÇOS DE LOGISTICA LTDA</nome>
        </titular>
      </titularLista>
      <criadorLista>
        <criador sequencia="1" inid="Cr">
          <nome>ALEX DA SILVA BATISTA</nome>
        </criador>
        <criador sequencia="2" inid="Cr">
          <nome>JEFERSON FERNANDO DA SILVA SANTOS</nome>
        </criador>
        <criador sequencia="3" inid="Cr">
          <nome>MATHEUS TENÓRIO DOS SANTOS</nome>
        </criador>
        <criador sequencia="4" inid="Cr">
          <nome>RODRIGO DE BARROS PAES</nome>
        </criador>
        <criador sequencia="5" inid="Cr">
          <nome>RODRIGO JOSÉ SARMENTO PEIXOTO</nome>
        </criador>
        <criador sequencia="6" inid="Cr">
          <nome>VERGÍLIO TOREZAN SILINGARDI DEL CLARO</nome>
        </criador>
        <criador sequencia="7" inid="Cr">
          <nome>WILLY CARVALHO TIENGO</nome>
        </criador>
      </criadorLista>
    </processo-programa>
  </despacho>
  <despacho>
    <codigo>730</codigo>
    <titulo>Expedição do Certificado de Registro</titulo>
    <processo-programa>
      <numero inid="Np">BR 51 2025 001493-7</numero>
      <titulo inid="54">Sempre Verde</titulo>
      <dataCriacao inid="Dl">01/02/2024</dataCriacao>
      <campoAplicacaoLista>
        <campoAplicacao>
          <codigo inid="Cp">AG-01</codigo>
        </campoAplicacao>
      </campoAplicacaoLista>
      <linguagemLista>
        <linguagem inid="Lg">PYTHON</linguagem>
      </linguagemLista>
      <tipoProgramaLista>
        <tipoPrograma>
          <codigo inid="Tp">AP-01</codigo>
        </tipoPrograma>
      </tipoProgramaLista>
      <titularLista>
        <titular sequencia="1" inid="73">
          <nome>FUNDAÇÃO UNIVERSIDADE DE BRASILIA</nome>
        </titular>
        <titular sequencia="2" inid="73">
          <nome>UNIVERSIDADE FEDERAL FLUMINENSE</nome>
        </titular>
      </titularLista>
      <criadorLista>
        <criador sequencia="1" inid="Cr">
          <nome>EMANUEL TOBIAS BOMFIM BARREIRA</nome>
        </criador>
        <criador sequencia="2" inid="Cr">
          <nome>FILIPE BITTENCOURT MACHADO DE SOUZA</nome>
        </criador>
        <criador sequencia="3" inid="Cr">
          <nome>JOÃO VICTOR RAMALHO PEREIRA</nome>
        </criador>
        <criador sequencia="4" inid="Cr">
          <nome>RÓBERSON MACHADO PIMENTEL</nome>
        </criador>
      </criadorLista>
    </processo-programa>
  </despacho>
  <despacho>
    <codigo>730</codigo>
    <titulo>Expedição do Certificado de Registro</titulo>
    <processo-programa>
      <numero inid="Np">BR 51 2025 001494-5</numero>
      <titulo inid="54">Nautilus</titulo>
      <dataCriacao inid="Dl">21/11/2024</dataCriacao>
      <campoAplicacaoLista>
        <campoAplicacao>
          <codigo inid="Cp">GL-01</codigo>
        </campoAplicacao>
        <campoAplicacao>
          <codigo inid="Cp">GL-05</codigo>
        </campoAplicacao>
        <campoAplicacao>
          <codigo inid="Cp">GL-07</codigo>
        </campoAplicacao>
      </campoAplicacaoLista>
      <linguagemLista>
        <linguagem inid="Lg">JAVA SCRIPT</linguagem>
        <linguagem inid="Lg">OUTROS</linguagem>
        <linguagem inid="Lg">PYTHON</linguagem>
      </linguagemLista>
      <tipoProgramaLista>
        <tipoPrograma>
          <codigo inid="Tp">GI-02</codigo>
        </tipoPrograma>
        <tipoPrograma>
          <codigo inid="Tp">IA-01</codigo>
        </tipoPrograma>
        <tipoPrograma>
          <codigo inid="Tp">SM-01</codigo>
        </tipoPrograma>
        <tipoPrograma>
          <codigo inid="Tp">TC-01</codigo>
        </tipoPrograma>
        <tipoPrograma>
          <codigo inid="Tp">TC-03</codigo>
        </tipoPrograma>
      </tipoProgramaLista>
      <titularLista>
        <titular sequencia="1" inid="73">
          <nome>KOGNITUS TECNOLOGIA, CONSULTORIA E SERVIÇOS LTDA</nome>
        </titular>
      </titularLista>
      <criadorLista>
        <criador sequencia="1" inid="Cr">
          <nome>EDUARDO BIZARRIA GASPAR</nome>
        </criador>
      </criadorLista>
    </processo-programa>
  </despacho>
  <despacho>
    <codigo>730</codigo>
    <titulo>Expedição do Certificado de Registro</titulo>
    <processo-programa>
      <numero inid="Np">BR 51 2025 001496-1</numero>
      <titulo inid="54">Machine learning structural health monitoring for wind turbine failure classification</titulo>
      <dataCriacao inid="Dl">13/01/2025</dataCriacao>
      <campoAplicacaoLista>
        <campoAplicacao>
          <codigo inid="Cp">IN-03</codigo>
        </campoAplicacao>
      </campoAplicacaoLista>
      <linguagemLista>
        <linguagem inid="Lg">PYTHON</linguagem>
      </linguagemLista>
      <tipoProgramaLista>
        <tipoPrograma>
          <codigo inid="Tp">IA-01</codigo>
        </tipoPrograma>
        <tipoPrograma>
          <codigo inid="Tp">TC-03</codigo>
        </tipoPrograma>
      </tipoProgramaLista>
      <titularLista>
        <titular sequencia="1" inid="73">
          <nome>FUNDAÇÃO UNIVERSIDADE DE BRASILIA</nome>
        </titular>
      </titularLista>
      <criadorLista>
        <criador sequencia="1" inid="Cr">
          <nome>AMANDA ARYDA SILVA RODRIGUES DE SOUSA</nome>
        </criador>
        <criador sequencia="2" inid="Cr">
          <nome>JEFFERSON DA SILVA COELHO</nome>
        </criador>
        <criador sequencia="3" inid="Cr">
          <nome>MARCELA RODRIGUES MACHADO</nome>
        </criador>
      </criadorLista>
    </processo-programa>
  </despacho>
  <despacho>
    <codigo>730</codigo>
    <titulo>Expedição do Certificado de Registro</titulo>
    <processo-programa>
      <numero inid="Np">BR 51 2025 001497-0</numero>
      <titulo inid="54">Exata Falada - Ferramenta para audiodescrição de equações matemáticas baseada em inteligência artificial</titulo>
      <dataCriacao inid="Dl">31/01/2025</dataCriacao>
      <campoAplicacaoLista>
        <campoAplicacao>
          <codigo inid="Cp">MT-05</codigo>
        </campoAplicacao>
      </campoAplicacaoLista>
      <linguagemLista>
        <linguagem inid="Lg">PYTHON</linguagem>
      </linguagemLista>
      <tipoProgramaLista>
        <tipoPrograma>
          <codigo inid="Tp">IA-02</codigo>
        </tipoPrograma>
      </tipoProgramaLista>
      <titularLista>
        <titular sequencia="1" inid="73">
          <nome>FUNDAÇÃO UNIVERSIDADE DE BRASILIA</nome>
        </titular>
      </titularLista>
      <criadorLista>
        <criador sequencia="1" inid="Cr">
          <nome>CAROLINA DIAS PINHEIRO</nome>
        </criador>
        <criador sequencia="2" inid="Cr">
          <nome>DANIELA SOARES DE OLIVEIRA</nome>
        </criador>
        <criador sequencia="3" inid="Cr">
          <nome>ERICO VIEIRA ZANARDI</nome>
        </criador>
        <criador sequencia="4" inid="Cr">
          <nome>GABRIELLE CRISTINE RODRIGUES E SILVA</nome>
        </criador>
        <criador sequencia="5" inid="Cr">
          <nome>IAN PEREIRA SILVA</nome>
        </criador>
        <criador sequencia="6" inid="Cr">
          <nome>JOAO VITOR FERREIRA REIS</nome>
        </criador>
        <criador sequencia="7" inid="Cr">
          <nome>JORGE ANDRES CORMANE ANGARITA</nome>
        </criador>
        <criador sequencia="8" inid="Cr">
          <nome>KÉSSIA TAYNÁ AZEVEDO RODRIGUES DA SILVA</nome>
        </criador>
        <criador sequencia="9" inid="Cr">
          <nome>LEONARDO RIBEIRO MAZULO</nome>
        </criador>
        <criador sequencia="10" inid="Cr">
          <nome>RAFAEL AMARAL SHAYANI</nome>
        </criador>
        <criador sequencia="11" inid="Cr">
          <nome>RAFAELLA BORGES RIBEIRO</nome>
        </criador>
        <criador sequencia="12" inid="Cr">
          <nome>SINARA POLLOM ZARDO</nome>
        </criador>
      </criadorLista>
    </processo-programa>
  </despacho>
  <despacho>
    <codigo>730</codigo>
    <titulo>Expedição do Certificado de Registro</titulo>
    <processo-programa>
      <numero inid="Np">BR 51 2025 001500-3</numero>
      <titulo inid="54">CONVERSOR JSON-VERILOG</titulo>
      <dataCriacao inid="Dl">04/04/2025</dataCriacao>
      <campoAplicacaoLista>
        <campoAplicacao>
          <codigo inid="Cp">EN-05</codigo>
        </campoAplicacao>
      </campoAplicacaoLista>
      <linguagemLista>
        <linguagem inid="Lg">PHP</linguagem>
      </linguagemLista>
      <tipoProgramaLista>
        <tipoPrograma>
          <codigo inid="Tp">AT-01</codigo>
        </tipoPrograma>
        <tipoPrograma>
          <codigo inid="Tp">LG-01</codigo>
        </tipoPrograma>
        <tipoPrograma>
          <codigo inid="Tp">LG-07</codigo>
        </tipoPrograma>
      </tipoProgramaLista>
      <titularLista>
        <titular sequencia="1" inid="73">
          <nome>CHIPINVENTOR SEMICONDUTORES LTDA</nome>
        </titular>
      </titularLista>
      <criadorLista>
        <criador sequencia="1" inid="Cr">
          <nome>ANDRÉ LUIS ROLAND TANCREDO</nome>
        </criador>
        <criador sequencia="2" inid="Cr">
          <nome>RAFAEL VIDAL AROCA</nome>
        </criador>
      </criadorLista>
    </processo-programa>
  </despacho>
  <despacho>
    <codigo>730</codigo>
    <titulo>Expedição do Certificado de Registro</titulo>
    <processo-programa>
      <numero inid="Np">BR 51 2025 001501-1</numero>
      <titulo inid="54">relax-api: Uma API REST para integração com o RelaX - Relational Algebra Calculator</titulo>
      <dataCriacao inid="Dl">18/07/2021</dataCriacao>
      <campoAplicacaoLista>
        <campoAplicacao>
          <codigo inid="Cp">ED-03</codigo>
        </campoAplicacao>
        <campoAplicacao>
          <codigo inid="Cp">IF-01</codigo>
        </campoAplicacao>
        <campoAplicacao>
          <codigo inid="Cp">IF-07</codigo>
        </campoAplicacao>
        <campoAplicacao>
          <codigo inid="Cp">IF-10</codigo>
        </campoAplicacao>
        <campoAplicacao>
          <codigo inid="Cp">IN-02</codigo>
        </campoAplicacao>
      </campoAplicacaoLista>
      <linguagemLista>
        <linguagem inid="Lg">JAVA SCRIPT</linguagem>
      </linguagemLista>
      <tipoProgramaLista>
        <tipoPrograma>
          <codigo inid="Tp">AT-01</codigo>
        </tipoPrograma>
        <tipoPrograma>
          <codigo inid="Tp">DS-06</codigo>
        </tipoPrograma>
        <tipoPrograma>
          <codigo inid="Tp">FA-01</codigo>
        </tipoPrograma>
        <tipoPrograma>
          <codigo inid="Tp">TC-01</codigo>
        </tipoPrograma>
        <tipoPrograma>
          <codigo inid="Tp">UT-01</codigo>
        </tipoPrograma>
      </tipoProgramaLista>
      <titularLista>
        <titular sequencia="1" inid="73">
          <nome>UNIVERSIDADE FEDERAL DO ESPÍRITO SANTO - UFES</nome>
        </titular>
      </titularLista>
      <criadorLista>
        <criador sequencia="1" inid="Cr">
          <nome>RODRIGO LAIOLA GUIMARÃES</nome>
        </criador>
      </criadorLista>
    </processo-programa>
  </despacho>
  <despacho>
    <codigo>730</codigo>
    <titulo>Expedição do Certificado de Registro</titulo>
    <processo-programa>
      <numero inid="Np">BR 51 2025 001502-0</numero>
      <titulo inid="54">Software EnfHA</titulo>
      <dataCriacao inid="Dl">29/11/2023</dataCriacao>
      <campoAplicacaoLista>
        <campoAplicacao>
          <codigo inid="Cp">SD-01</codigo>
        </campoAplicacao>
      </campoAplicacaoLista>
      <linguagemLista>
        <linguagem inid="Lg">CSS</linguagem>
        <linguagem inid="Lg">FRAMEWORK</linguagem>
        <linguagem inid="Lg">HTML</linguagem>
        <linguagem inid="Lg">JAVA SCRIPT</linguagem>
        <linguagem inid="Lg">MYSQL</linguagem>
        <linguagem inid="Lg">OUTROS</linguagem>
      </linguagemLista>
      <tipoProgramaLista>
        <tipoPrograma>
          <codigo inid="Tp">AP-01</codigo>
        </tipoPrograma>
      </tipoProgramaLista>
      <titularLista>
        <titular sequencia="1" inid="73">
          <nome>UNIVERSIDADE FEDERAL DE SANTA MARIA</nome>
        </titular>
        <titular sequencia="2" inid="73">
          <nome>UNIVERSIDADE FEDERAL DO ESPÍRITO SANTO</nome>
        </titular>
      </titularLista>
      <criadorLista>
        <criador sequencia="1" inid="Cr">
          <nome>CÂNDIDA CANIÇALI PRIMO</nome>
        </criador>
        <criador sequencia="2" inid="Cr">
          <nome>DANIEL WELFER</nome>
        </criador>
        <criador sequencia="3" inid="Cr">
          <nome>GABRIELA OLIVEIRA</nome>
        </criador>
        <criador sequencia="4" inid="Cr">
          <nome>JOAQUIM VINÍCIUS CARVALHO ASSUNÇÃO</nome>
        </criador>
        <criador sequencia="5" inid="Cr">
          <nome>MARIA DENISE SCHIMITH</nome>
        </criador>
        <criador sequencia="6" inid="Cr">
          <nome>WINGLISSON MARETOLI GONÇALVES</nome>
        </criador>
      </criadorLista>
    </processo-programa>
  </despacho>
  <despacho>
    <codigo>730</codigo>
    <titulo>Expedição do Certificado de Registro</titulo>
    <processo-programa>
      <numero inid="Np">BR 51 2025 001505-4</numero>
      <titulo inid="54">Movi Start</titulo>
      <dataCriacao inid="Dl">14/03/2025</dataCriacao>
      <campoAplicacaoLista>
        <campoAplicacao>
          <codigo inid="Cp">SD-06</codigo>
        </campoAplicacao>
      </campoAplicacaoLista>
      <linguagemLista>
        <linguagem inid="Lg">JAVA SCRIPT</linguagem>
        <linguagem inid="Lg">PHP</linguagem>
      </linguagemLista>
      <tipoProgramaLista>
        <tipoPrograma>
          <codigo inid="Tp">AP-01</codigo>
        </tipoPrograma>
      </tipoProgramaLista>
      <titularLista>
        <titular sequencia="1" inid="73">
          <nome>FUNDAÇÃO EDUCACIONAL JAYME DE ALTAVILA - FEJAL</nome>
        </titular>
      </titularLista>
      <criadorLista>
        <criador sequencia="1" inid="Cr">
          <nome>ANA CRISTINA DE OLIVEIRA ROCHA DA SILVA </nome>
        </criador>
        <criador sequencia="2" inid="Cr">
          <nome>CAMILA CALADO DE VASCONCELOS</nome>
        </criador>
        <criador sequencia="3" inid="Cr">
          <nome>EVELIN APARECIDA BATISTA DE OLIVEIRA</nome>
        </criador>
        <criador sequencia="4" inid="Cr">
          <nome>JOÃO GERALDO DE OLIVEIRA LIMA</nome>
        </criador>
        <criador sequencia="5" inid="Cr">
          <nome>VALESCA BARRETO LUZ</nome>
        </criador>
      </criadorLista>
    </processo-programa>
  </despacho>
  <despacho>
    <codigo>730</codigo>
    <titulo>Expedição do Certificado de Registro</titulo>
    <processo-programa>
      <numero inid="Np">BR 51 2025 001509-7</numero>
      <titulo inid="54">Gerenciador BIM UPE</titulo>
      <dataCriacao inid="Dl">06/05/2024</dataCriacao>
      <campoAplicacaoLista>
        <campoAplicacao>
          <codigo inid="Cp">IN-03</codigo>
        </campoAplicacao>
      </campoAplicacaoLista>
      <linguagemLista>
        <linguagem inid="Lg">C#</linguagem>
      </linguagemLista>
      <tipoProgramaLista>
        <tipoPrograma>
          <codigo inid="Tp">AP-01</codigo>
        </tipoPrograma>
      </tipoProgramaLista>
      <titularLista>
        <titular sequencia="1" inid="73">
          <nome>EDVALDO DE OLIVEIRA NAZARIO</nome>
        </titular>
        <titular sequencia="2" inid="73">
          <nome>UNIVERSAL PROCESS EQUIPAMENTOS INDUSTRIAIS LTDA.</nome>
        </titular>
      </titularLista>
      <criadorLista>
        <criador sequencia="1" inid="Cr">
          <nome>EDVALDO DE OLIVEIRA NAZARIO</nome>
        </criador>
      </criadorLista>
    </processo-programa>
  </despacho>
  <despacho>
    <codigo>730</codigo>
    <titulo>Expedição do Certificado de Registro</titulo>
    <processo-programa>
      <numero inid="Np">BR 51 2025 001510-0</numero>
      <titulo inid="54">ADVPlayer Web: um reprodutor de vídeo digital com audiodescrição virtual</titulo>
      <dataCriacao inid="Dl">19/12/2023</dataCriacao>
      <campoAplicacaoLista>
        <campoAplicacao>
          <codigo inid="Cp">IN-02</codigo>
        </campoAplicacao>
      </campoAplicacaoLista>
      <linguagemLista>
        <linguagem inid="Lg">CSS</linguagem>
        <linguagem inid="Lg">HTML</linguagem>
        <linguagem inid="Lg">JAVA SCRIPT</linguagem>
      </linguagemLista>
      <tipoProgramaLista>
        <tipoPrograma>
          <codigo inid="Tp">ET-01</codigo>
        </tipoPrograma>
      </tipoProgramaLista>
      <titularLista>
        <titular sequencia="1" inid="73">
          <nome>INSTITUTO FEDERAL DE EDUCAÇÃO, CIÊNCIA E TECNOLOGIA DO CEARÁ</nome>
        </titular>
      </titularLista>
      <criadorLista>
        <criador sequencia="1" inid="Cr">
          <nome>ADONIAS CAETANO DE OLIVEIRA</nome>
        </criador>
        <criador sequencia="2" inid="Cr">
          <nome>AGEBSON ROCHA FAÇANHA</nome>
        </criador>
        <criador sequencia="3" inid="Cr">
          <nome>ANANIAS CAETANO DE OLIVEIRA</nome>
        </criador>
        <criador sequencia="4" inid="Cr">
          <nome>FRANCISCO LUCIANO CASTRO MARTINS JUNIOR</nome>
        </criador>
        <criador sequencia="5" inid="Cr">
          <nome>MARCELA BEZERRA DE MEDEIROS</nome>
        </criador>
        <criador sequencia="6" inid="Cr">
          <nome>MARCOS VINICIUS LIMA</nome>
        </criador>
      </criadorLista>
    </processo-programa>
  </despacho>
  <despacho>
    <codigo>730</codigo>
    <titulo>Expedição do Certificado de Registro</titulo>
    <processo-programa>
      <numero inid="Np">BR 51 2025 001512-7</numero>
      <titulo inid="54">Fortes Patrimônio</titulo>
      <dataCriacao inid="Dl">02/01/2003</dataCriacao>
      <campoAplicacaoLista>
        <campoAplicacao>
          <codigo inid="Cp">AD-01</codigo>
        </campoAplicacao>
      </campoAplicacaoLista>
      <linguagemLista>
        <linguagem inid="Lg">DELPHI</linguagem>
      </linguagemLista>
      <tipoProgramaLista>
        <tipoPrograma>
          <codigo inid="Tp">AT-01</codigo>
        </tipoPrograma>
      </tipoProgramaLista>
      <titularLista>
        <titular sequencia="1" inid="73">
          <nome>FORTES TECNOLOGIA EM SISTEMAS LTDA</nome>
        </titular>
      </titularLista>
      <criadorLista>
        <criador sequencia="1" inid="Cr">
          <nome>CLAVIUS TALES ROCHA MOREIRA</nome>
        </criador>
      </criadorLista>
    </processo-programa>
  </despacho>
  <despacho>
    <codigo>730</codigo>
    <titulo>Expedição do Certificado de Registro</titulo>
    <processo-programa>
      <numero inid="Np">BR 51 2025 001513-5</numero>
      <titulo inid="54">Cerebral Palsy VR</titulo>
      <dataCriacao inid="Dl">01/05/2019</dataCriacao>
      <campoAplicacaoLista>
        <campoAplicacao>
          <codigo inid="Cp">PS-01</codigo>
        </campoAplicacao>
        <campoAplicacao>
          <codigo inid="Cp">SD-06</codigo>
        </campoAplicacao>
      </campoAplicacaoLista>
      <linguagemLista>
        <linguagem inid="Lg">C++</linguagem>
      </linguagemLista>
      <tipoProgramaLista>
        <tipoPrograma>
          <codigo inid="Tp">ET-02</codigo>
        </tipoPrograma>
      </tipoProgramaLista>
      <titularLista>
        <titular sequencia="1" inid="73">
          <nome>FUNDACAO UNIVERSIDADE FEDERAL DE CIENCIAS DA SAUDE DE PORTO ALEGRE</nome>
        </titular>
      </titularLista>
      <criadorLista>
        <criador sequencia="1" inid="Cr">
          <nome>ALCYR ALVES DE OLIVEIRA JUNIOR</nome>
        </criador>
        <criador sequencia="2" inid="Cr">
          <nome>FABIANA RITA CAMARA MACHADO</nome>
        </criador>
        <criador sequencia="3" inid="Cr">
          <nome>GUILHERME DOS  SANTOS NOVAK</nome>
        </criador>
      </criadorLista>
    </processo-programa>
  </despacho>
  <despacho>
    <codigo>730</codigo>
    <titulo>Expedição do Certificado de Registro</titulo>
    <processo-programa>
      <numero inid="Np">BR 51 2025 001514-3</numero>
      <titulo inid="54">Ajuste de contraste em imagens mamográficas</titulo>
      <dataCriacao inid="Dl">20/01/2025</dataCriacao>
      <campoAplicacaoLista>
        <campoAplicacao>
          <codigo inid="Cp">SD-06</codigo>
        </campoAplicacao>
        <campoAplicacao>
          <codigo inid="Cp">SD-08</codigo>
        </campoAplicacao>
      </campoAplicacaoLista>
      <linguagemLista>
        <linguagem inid="Lg">PYTHON</linguagem>
      </linguagemLista>
      <tipoProgramaLista>
        <tipoPrograma>
          <codigo inid="Tp">TC-04</codigo>
        </tipoPrograma>
      </tipoProgramaLista>
      <titularLista>
        <titular sequencia="1" inid="73">
          <nome>ANDRÉ LUIZ NOGUEIRA</nome>
        </titular>
        <titular sequencia="2" inid="73">
          <nome>HAMONA NOVAES DOS SANTOS</nome>
        </titular>
      </titularLista>
      <criadorLista>
        <criador sequencia="1" inid="Cr">
          <nome>ANDRÉ LUIZ NOGUEIRA</nome>
        </criador>
        <criador sequencia="2" inid="Cr">
          <nome>HAMONA NOVAES DOS SANTOS</nome>
        </criador>
      </criadorLista>
    </processo-programa>
  </despacho>
  <despacho>
    <codigo>730</codigo>
    <titulo>Expedição do Certificado de Registro</titulo>
    <processo-programa>
      <numero inid="Np">BR 51 2025 001515-1</numero>
      <titulo inid="54">Sistema de Medidas de Tremor do Corpo</titulo>
      <dataCriacao inid="Dl">01/02/2025</dataCriacao>
      <campoAplicacaoLista>
        <campoAplicacao>
          <codigo inid="Cp">SD-09</codigo>
        </campoAplicacao>
      </campoAplicacaoLista>
      <linguagemLista>
        <linguagem inid="Lg">C++</linguagem>
        <linguagem inid="Lg">PYTHON</linguagem>
      </linguagemLista>
      <tipoProgramaLista>
        <tipoPrograma>
          <codigo inid="Tp">TC-01</codigo>
        </tipoPrograma>
      </tipoProgramaLista>
      <titularLista>
        <titular sequencia="1" inid="73">
          <nome>INSTITUTO DE ENSINO E PESQUISA ALBERTO SANTOS DUMONT</nome>
        </titular>
        <titular sequencia="2" inid="73">
          <nome>UNIVERSIDADE FEDERAL DO RIO GRANDE DO NORTE</nome>
        </titular>
      </titularLista>
      <criadorLista>
        <criador sequencia="1" inid="Cr">
          <nome>EDGARD MORYA</nome>
        </criador>
        <criador sequencia="2" inid="Cr">
          <nome>JOSÉ CARLOS GOMES DA SILVA</nome>
        </criador>
        <criador sequencia="3" inid="Cr">
          <nome>LUIZ HENRIQUE BERTUCCI BORGES</nome>
        </criador>
        <criador sequencia="4" inid="Cr">
          <nome>PAULO MOREIRA SILVA DANTAS</nome>
        </criador>
        <criador sequencia="5" inid="Cr">
          <nome>VITOR CARVALHO SILVA</nome>
        </criador>
      </criadorLista>
    </processo-programa>
  </despacho>
  <despacho>
    <codigo>733</codigo>
    <titulo>Alteração de endereço</titulo>
    <processo-programa>
      <numero inid="Np">BR 51 2025 000765-5</numero>
      <titulo inid="54">Slobotrading - Framework de Automação de Investimentos</titulo>
      <titularLista>
        <titular sequencia="1" inid="73">
          <nome>RICARDO SLOBODEICOV CARVALHO</nome>
        </titular>
      </titularLista>
    </processo-programa>
  </despacho>
  <despacho>
    <codigo>734</codigo>
    <titulo>Transferência de Titularidade</titulo>
    <processo-programa>
      <numero inid="Np">BR 51 2022 002203-6</numero>
      <titulo inid="54">PontoSimples</titulo>
      <titularLista>
        <titular sequencia="1" inid="73">
          <nome>PONTOSIMPLES TECNOLOGIA LTDA</nome>
        </titular>
      </titularLista>
    </processo-programa>
    <comentario inid="co">Transferência da petição 870250030082 homologada.</comentario>
  </despacho>
  <despacho>
    <codigo>742</codigo>
    <titulo>Petição não conhecida</titulo>
    <processo-programa>
      <numero inid="Np">BR 51 2024 002740-8</numero>
      <titulo inid="54">MEREC-WISP Web for Decision Makers</titulo>
      <titularLista>
        <titular sequencia="1" inid="73">
          <nome>LUCAS SEBASTIÃO DE PAULA</nome>
        </titular>
        <titular sequencia="2" inid="73">
          <nome>MARCOS DOS SANTOS</nome>
        </titular>
        <titular sequencia="3" inid="73">
          <nome>PAULO CÉSAR PELLANDA</nome>
        </titular>
        <titular sequencia="4" inid="73">
          <nome>PAULO HENRIQUE COELHO MARANHÃO</nome>
        </titular>
      </titularLista>
    </processo-programa>
    <comentario inid="co">Protocolo 870250030017 não solicitado pelo titular do registro.</comentario>
  </despacho>
  <despacho>
    <codigo>742</codigo>
    <titulo>Petição não conhecida</titulo>
    <processo-programa>
      <numero inid="Np">BR 51 2025 001326-4</numero>
      <titulo inid="54">SACM - Sistema de Análise da Conformação Mecânica</titulo>
      <titularLista>
        <titular sequencia="1" inid="73">
          <nome>UNIVERSIDADE FEDERAL DE VIÇOSA</nome>
        </titular>
      </titularLista>
    </processo-programa>
    <comentario inid="co">Pagamento da GRU fora do prazo ou não realizado referente ao protocolo 870250027143</comentario>
  </despacho>
  <despacho>
    <codigo>742</codigo>
    <titulo>Petição não conhecida</titulo>
    <processo-programa>
      <numero inid="Np">BR 51 2025 001336-1</numero>
      <titulo inid="54">Seedling Images Analysis Software</titulo>
      <titularLista>
        <titular sequencia="1" inid="73">
          <nome>UNIVERSIDADE FEDERAL DE VIÇOSA</nome>
        </titular>
      </titularLista>
    </processo-programa>
    <comentario inid="co">Pagamento da GRU fora do prazo ou não realizado referente ao protocolo 870250027355</comentario>
  </despacho>
  <despacho>
    <codigo>747</codigo>
    <titulo>Correção de dados no Certificado de Registro devido à falha do interessado</titulo>
    <processo-programa>
      <numero inid="Np">BR 51 2021 000708-5</numero>
      <titulo inid="54">DIM LAJE NERVURADA</titulo>
      <titularLista>
        <titular sequencia="1" inid="73">
          <nome>UNIVERSIDADE FEDERAL DE PERNAMBUCO</nome>
        </titular>
      </titularLista>
    </processo-programa>
  </despacho>
  <despacho>
    <codigo>747</codigo>
    <titulo>Correção de dados no Certificado de Registro devido à falha do interessado</titulo>
    <processo-programa>
      <numero inid="Np">BR 51 2021 001295-0</numero>
      <titulo inid="54">FORM_IHLRF</titulo>
      <titularLista>
        <titular sequencia="1" inid="73">
          <nome>UNIVERSIDADE FEDERAL DE PERNAMBUCO</nome>
        </titular>
      </titularLista>
    </processo-programa>
  </despacho>
  <despacho>
    <codigo>747</codigo>
    <titulo>Correção de dados no Certificado de Registro devido à falha do interessado</titulo>
    <processo-programa>
      <numero inid="Np">BR 51 2021 001296-8</numero>
      <titulo inid="54">smc_simples</titulo>
      <titularLista>
        <titular sequencia="1" inid="73">
          <nome>UNIVERSIDADE FEDERAL DE PERNAMBUCO</nome>
        </titular>
      </titularLista>
    </processo-programa>
    <comentario inid="co">Solicitação de correção de dados pelo usuário, conforme mensagem Fale Conosco 1324318.</comentario>
  </despacho>
  <despacho>
    <codigo>747</codigo>
    <titulo>Correção de dados no Certificado de Registro devido à falha do interessado</titulo>
    <processo-programa>
      <numero inid="Np">BR 51 2021 001297-6</numero>
      <titulo inid="54">OTIMIZAÇÃO E CONFIABILIDADE DE VIGAS DE CONCRETO ARMADO</titulo>
      <titularLista>
        <titular sequencia="1" inid="73">
          <nome>UNIVERSIDADE FEDERAL DE PERNAMBUCO</nome>
        </titular>
      </titularLista>
    </processo-programa>
  </despacho>
  <despacho>
    <codigo>747</codigo>
    <titulo>Correção de dados no Certificado de Registro devido à falha do interessado</titulo>
    <processo-programa>
      <numero inid="Np">BR 51 2024 002183-3</numero>
      <titulo inid="54">OGT - BACKOFFICE - ENTERPRISE - GESTÃO OPERACIONAL DE ATMS/COFRES ELETRÔNICOS, GESTÃO DE NUMERÁRIO, MONITORAMENTO DE TERMINAIS E ACESSO REMOTO DE TERMINAIS (GERENCIAMENTO A DISTÂNCIA, CAPTURA DE ARQUIVOS E DISTRIBUIÇÃO DE VERSÃO) - ORION GATEWAY</titulo>
      <titularLista>
        <titular sequencia="1" inid="73">
          <nome>ORION TI TECNOLOGIA EM INFORMÁTICA LTDA</nome>
        </titular>
      </titularLista>
    </processo-programa>
  </despacho>
  <despacho>
    <codigo>747</codigo>
    <titulo>Correção de dados no Certificado de Registro devido à falha do interessado</titulo>
    <processo-programa>
      <numero inid="Np">BR 51 2024 002290-2</numero>
      <titulo inid="54">OGT - GATEWAY - REPOSITÓRIO DE SERVIÇOS E COMPONENTES MULTITRANSACIONAIS PARA PROVER REGRAS DE NEGÓCIOS DOS CANAIS DE AUTOMAÇÃO BANCÁRIA (ATM, CAIXA, IB, COFRE, TCR ETC) - ORION GATEWAY</titulo>
      <titularLista>
        <titular sequencia="1" inid="73">
          <nome>ORION TI TECNOLOGIA EM INFORMÁTICA LTDA</nome>
        </titular>
      </titularLista>
    </processo-programa>
  </despacho>
  <despacho>
    <codigo>747</codigo>
    <titulo>Correção de dados no Certificado de Registro devido à falha do interessado</titulo>
    <processo-programa>
      <numero inid="Np">BR 51 2024 002293-7</numero>
      <titulo inid="54">OGT - ISO - MAPEADOR PARA INTERPRETAÇÃO DE MENSAGENS PADRÃO ISO8583 - ORION GATEWAY</titulo>
      <titularLista>
        <titular sequencia="1" inid="73">
          <nome>ORION TI TECNOLOGIA EM INFORMÁTICA LTDA</nome>
        </titular>
      </titularLista>
    </processo-programa>
  </despacho>
  <despacho>
    <codigo>747</codigo>
    <titulo>Correção de dados no Certificado de Registro devido à falha do interessado</titulo>
    <processo-programa>
      <numero inid="Np">BR 51 2024 002294-5</numero>
      <titulo inid="54">OGT - XFS - BIBLIOTECAS DE AUTOMAÇÃO BANCÁRIA MULTIVENDOR PARA INTERAÇÃO COM PERIFÉRICOS, SENSORES E MÓDULOS PARA RECEBER E DISPENSAR CÉDULAS (RECICLADOR) - ORION GATEWAY</titulo>
      <titularLista>
        <titular sequencia="1" inid="73">
          <nome>ORION TI TECNOLOGIA EM INFORMÁTICA LTDA</nome>
        </titular>
      </titularLista>
    </processo-programa>
  </despacho>
  <despacho>
    <codigo>747</codigo>
    <titulo>Correção de dados no Certificado de Registro devido à falha do interessado</titulo>
    <processo-programa>
      <numero inid="Np">BR 51 2024 002433-6</numero>
      <titulo inid="54">OGT -TREASURY - APLICAÇÃO PARA TESOUREIRO ELETRÔNICO CARACTERÍSTICAS MULTICLIENTE (WHITE LABEL) - ORION GATEWAY</titulo>
      <titularLista>
        <titular sequencia="1" inid="73">
          <nome>ORION TI TECNOLOGIA EM INFORMÁTICA LTDA</nome>
        </titular>
      </titularLista>
    </processo-programa>
  </despacho>
  <despacho>
    <codigo>747</codigo>
    <titulo>Correção de dados no Certificado de Registro devido à falha do interessado</titulo>
    <processo-programa>
      <numero inid="Np">BR 51 2024 002711-4</numero>
      <titulo inid="54">OGT - TC - APLICAÇÃO PARA TERMINAL DE CAIXA PARA AGÊNCIA BANCÁRIA COM CARACTERÍSTICAS MULTICLIENTE (WHITELABEL) - ORION GATEWAY</titulo>
      <titularLista>
        <titular sequencia="1" inid="73">
          <nome>ORION TI TECNOLOGIA EM INFORMÁTICA LTDA</nome>
        </titular>
      </titularLista>
    </processo-programa>
  </despacho>
  <despacho>
    <codigo>747</codigo>
    <titulo>Correção de dados no Certificado de Registro devido à falha do interessado</titulo>
    <processo-programa>
      <numero inid="Np">BR 51 2025 001021-4</numero>
      <titulo inid="54">OGT - KEMV - KERNEL EMV - RKL - ORION GATEWAY</titulo>
      <titularLista>
        <titular sequencia="1" inid="73">
          <nome>ORION TI TECNOLOGIA EM INFORMÁTICA LTDA</nome>
        </titular>
      </titularLista>
    </processo-programa>
  </despacho>
</revista>