<revista numero="2669" dataPublicacao="03/03/2022" diretoria="Programa">
  <despacho>
    <codigo>730</codigo>
    <titulo>Expedição do Certificado de Registro</titulo>
    <processo-programa>
      <numero inid="Np">BR 51 2022 000349-0</numero>
      <titulo inid="54">InovaDigital</titulo>
      <dataCriacao inid="Dl">16/09/2019</dataCriacao>
      <campoAplicacaoLista>
        <campoAplicacao>
          <codigo inid="Cp">AD-01</codigo>
        </campoAplicacao>
        <campoAplicacao>
          <codigo inid="Cp">IF-07</codigo>
        </campoAplicacao>
        <campoAplicacao>
          <codigo inid="Cp">IF-09</codigo>
        </campoAplicacao>
        <campoAplicacao>
          <codigo inid="Cp">IN-02</codigo>
        </campoAplicacao>
      </campoAplicacaoLista>
      <linguagemLista>
        <linguagem inid="Lg">JAVA</linguagem>
        <linguagem inid="Lg">JAVA SCRIPT</linguagem>
        <linguagem inid="Lg">PHP</linguagem>
      </linguagemLista>
      <tipoProgramaLista>
        <tipoPrograma>
          <codigo inid="Tp">AP-01</codigo>
        </tipoPrograma>
        <tipoPrograma>
          <codigo inid="Tp">GI-01</codigo>
        </tipoPrograma>
        <tipoPrograma>
          <codigo inid="Tp">PD-01</codigo>
        </tipoPrograma>
        <tipoPrograma>
          <codigo inid="Tp">PD-05</codigo>
        </tipoPrograma>
        <tipoPrograma>
          <codigo inid="Tp">SO-05</codigo>
        </tipoPrograma>
      </tipoProgramaLista>
      <titularLista>
        <titular sequencia="1" inid="73">
          <nome>FUNDAÇÃO UNIVERSIDADE FEDERAL DO PAMPA</nome>
        </titular>
      </titularLista>
      <criadorLista>
        <criador sequencia="1" inid="Cr">
          <nome>BRANDOW BUENOS AIRES MADEIRA</nome>
        </criador>
        <criador sequencia="2" inid="Cr">
          <nome>DIEGO LUIS KREUTZ</nome>
        </criador>
        <criador sequencia="3" inid="Cr">
          <nome>GUSTAVO BITTENCOURT SATHELER</nome>
        </criador>
        <criador sequencia="4" inid="Cr">
          <nome>MATHEUS KILDERE CONCEIÇÃO DE VASCOCELOS</nome>
        </criador>
        <criador sequencia="5" inid="Cr">
          <nome>MICHAEL LUIS DE NAZARE MARTINS</nome>
        </criador>
        <criador sequencia="6" inid="Cr">
          <nome>RODRIGO DE OLIVEIRA BARBOSA</nome>
        </criador>
        <criador sequencia="7" inid="Cr">
          <nome>TADEU SOBRAL JENUARIO</nome>
        </criador>
      </criadorLista>
    </processo-programa>
  </despacho>
  <despacho>
    <codigo>730</codigo>
    <titulo>Expedição do Certificado de Registro</titulo>
    <processo-programa>
      <numero inid="Np">BR 51 2022 000380-5</numero>
      <titulo inid="54">Graficando</titulo>
      <dataCriacao inid="Dl">26/04/2021</dataCriacao>
      <campoAplicacaoLista>
        <campoAplicacao>
          <codigo inid="Cp">ED-01</codigo>
        </campoAplicacao>
        <campoAplicacao>
          <codigo inid="Cp">ED-06</codigo>
        </campoAplicacao>
      </campoAplicacaoLista>
      <linguagemLista>
        <linguagem inid="Lg">C#</linguagem>
      </linguagemLista>
      <tipoProgramaLista>
        <tipoPrograma>
          <codigo inid="Tp">AP-01</codigo>
        </tipoPrograma>
        <tipoPrograma>
          <codigo inid="Tp">ET-01</codigo>
        </tipoPrograma>
        <tipoPrograma>
          <codigo inid="Tp">ET-02</codigo>
        </tipoPrograma>
        <tipoPrograma>
          <codigo inid="Tp">FA-01</codigo>
        </tipoPrograma>
      </tipoProgramaLista>
      <titularLista>
        <titular sequencia="1" inid="73">
          <nome>UNIVERSIDADE FEDERAL DE PERNAMBUCO</nome>
        </titular>
      </titularLista>
      <criadorLista>
        <criador sequencia="1" inid="Cr">
          <nome>ALEX SANDRO GOMES</nome>
        </criador>
        <criador sequencia="2" inid="Cr">
          <nome>ANGÉLICA PORTO CAVALCANTI DE SOUZA</nome>
        </criador>
        <criador sequencia="3" inid="Cr">
          <nome>ANNY MARGARETT FERNANDES DE MELO</nome>
        </criador>
        <criador sequencia="4" inid="Cr">
          <nome>BEATRIZ GONDIM LUNA</nome>
        </criador>
        <criador sequencia="5" inid="Cr">
          <nome>CARLOS JOSÉ PEREIRA DA SILVA</nome>
        </criador>
        <criador sequencia="6" inid="Cr">
          <nome>DJALMA FERNANDES DA SILVA NETO</nome>
        </criador>
        <criador sequencia="7" inid="Cr">
          <nome>ERIK DE GOUVEIA ZAMBOM</nome>
        </criador>
        <criador sequencia="8" inid="Cr">
          <nome>FLÁVIO VINÍCIUS VIANA DE HOLANDA</nome>
        </criador>
        <criador sequencia="9" inid="Cr">
          <nome>GUILHERME AUGUSTO CAMPOS DE MELO</nome>
        </criador>
        <criador sequencia="10" inid="Cr">
          <nome>HENRIQUE ANDRADE MARIZ</nome>
        </criador>
        <criador sequencia="11" inid="Cr">
          <nome>IVAN NEVES SILVEIRA BANDEIRA DE SOUZA</nome>
        </criador>
        <criador sequencia="12" inid="Cr">
          <nome>JOSÉ WILSON PEREIRA</nome>
        </criador>
        <criador sequencia="13" inid="Cr">
          <nome>JOÃO VICTOR DA SILVA GABRIEL</nome>
        </criador>
        <criador sequencia="14" inid="Cr">
          <nome>JOÃO VICTOR DA SILVA GABRIEL</nome>
        </criador>
        <criador sequencia="15" inid="Cr">
          <nome>LAURA DE MORAES SOBREIRA GUEDES</nome>
        </criador>
        <criador sequencia="16" inid="Cr">
          <nome>LEANDRO MARQUES QUEIROS</nome>
        </criador>
        <criador sequencia="17" inid="Cr">
          <nome>LEOPOLDO MOTTA TEIXEIRA</nome>
        </criador>
        <criador sequencia="18" inid="Cr">
          <nome>MARIA OLIVIA DE FIGUEIREDO QUEIROGA</nome>
        </criador>
        <criador sequencia="19" inid="Cr">
          <nome>MARIANA PORTO DE QUEIROZ</nome>
        </criador>
        <criador sequencia="20" inid="Cr">
          <nome>MATHEUS BELFORT DE MOURA TORRES</nome>
        </criador>
        <criador sequencia="21" inid="Cr">
          <nome>RICARDO MASSA FERREIRA LIMA</nome>
        </criador>
        <criador sequencia="22" inid="Cr">
          <nome>TALES TOMAZ ALVES</nome>
        </criador>
        <criador sequencia="23" inid="Cr">
          <nome>TIAGO JOSÉ DIMAS DIAS NOGUEIRA</nome>
        </criador>
        <criador sequencia="24" inid="Cr">
          <nome>ÁTILA VALGUEIRO MALTA MOREIRA</nome>
        </criador>
        <criador sequencia="25" inid="Cr">
          <nome>ÁTILA VALGUEIRO MALTA MOREIRA</nome>
        </criador>
        <criador sequencia="26" inid="Cr">
          <nome>ÁTILA VALGUEIRO MALTA MOREIRA</nome>
        </criador>
        <criador sequencia="27" inid="Cr">
          <nome>ÁTILA VALGUEIRO MALTA MOREIRA</nome>
        </criador>
        <criador sequencia="28" inid="Cr">
          <nome>ÁTILA VALGUEIRO MALTA MOREIRA</nome>
        </criador>
        <criador sequencia="29" inid="Cr">
          <nome>ÁTILA VALGUEIRO MALTA MOREIRA</nome>
        </criador>
        <criador sequencia="30" inid="Cr">
          <nome>ÁTILA VALGUEIRO MALTA MOREIRA</nome>
        </criador>
        <criador sequencia="31" inid="Cr">
          <nome>ÁTILA VALGUEIRO MALTA MOREIRA</nome>
        </criador>
      </criadorLista>
    </processo-programa>
  </despacho>
  <despacho>
    <codigo>730</codigo>
    <titulo>Expedição do Certificado de Registro</titulo>
    <processo-programa>
      <numero inid="Np">BR 51 2022 000381-3</numero>
      <titulo inid="54">AWS MED</titulo>
      <dataCriacao inid="Dl">09/02/2022</dataCriacao>
      <campoAplicacaoLista>
        <campoAplicacao>
          <codigo inid="Cp">SD-01</codigo>
        </campoAplicacao>
        <campoAplicacao>
          <codigo inid="Cp">SD-02</codigo>
        </campoAplicacao>
        <campoAplicacao>
          <codigo inid="Cp">SD-05</codigo>
        </campoAplicacao>
      </campoAplicacaoLista>
      <linguagemLista>
        <linguagem inid="Lg">NODEJS</linguagem>
        <linguagem inid="Lg">OUTROS</linguagem>
      </linguagemLista>
      <tipoProgramaLista>
        <tipoPrograma>
          <codigo inid="Tp">AP-01</codigo>
        </tipoPrograma>
        <tipoPrograma>
          <codigo inid="Tp">AP-03</codigo>
        </tipoPrograma>
        <tipoPrograma>
          <codigo inid="Tp">CD-01</codigo>
        </tipoPrograma>
        <tipoPrograma>
          <codigo inid="Tp">GI-01</codigo>
        </tipoPrograma>
        <tipoPrograma>
          <codigo inid="Tp">GI-07</codigo>
        </tipoPrograma>
        <tipoPrograma>
          <codigo inid="Tp">PD-05</codigo>
        </tipoPrograma>
      </tipoProgramaLista>
      <titularLista>
        <titular sequencia="1" inid="73">
          <nome>AWS SISTEMAS PARA SAÚDE LTDA</nome>
        </titular>
      </titularLista>
      <criadorLista>
        <criador sequencia="1" inid="Cr">
          <nome>IVALDO BERNARDES DULGHEROFF NAVES</nome>
        </criador>
      </criadorLista>
    </processo-programa>
  </despacho>
  <despacho>
    <codigo>730</codigo>
    <titulo>Expedição do Certificado de Registro</titulo>
    <processo-programa>
      <numero inid="Np">BR 51 2022 000382-1</numero>
      <titulo inid="54">Aplicativo Fono Sense</titulo>
      <dataCriacao inid="Dl">24/03/2020</dataCriacao>
      <campoAplicacaoLista>
        <campoAplicacao>
          <codigo inid="Cp">SD-09</codigo>
        </campoAplicacao>
      </campoAplicacaoLista>
      <linguagemLista>
        <linguagem inid="Lg">OUTROS</linguagem>
      </linguagemLista>
      <tipoProgramaLista>
        <tipoPrograma>
          <codigo inid="Tp">AP-01</codigo>
        </tipoPrograma>
      </tipoProgramaLista>
      <titularLista>
        <titular sequencia="1" inid="73">
          <nome>UNIVERSIDADE ESTADUAL DE CIÊNCIAS DA SAÚDE DE ALAGOAS - UNCISAL</nome>
        </titular>
        <titular sequencia="2" inid="73">
          <nome>UNIVERSIDADE ESTADUAL PAULISTA JULIO DE MESQUITA FILHO</nome>
        </titular>
      </titularLista>
      <criadorLista>
        <criador sequencia="1" inid="Cr">
          <nome>ANA CLAUDIA FIGUEIREDO FRIZZO</nome>
        </criador>
        <criador sequencia="2" inid="Cr">
          <nome>ANA LUIZA DE FARIA LUIZ</nome>
        </criador>
        <criador sequencia="3" inid="Cr">
          <nome>KELLY CRISTINA LIRA DE ANDRADE</nome>
        </criador>
        <criador sequencia="4" inid="Cr">
          <nome>PEDRO DE LEMOS MENEZES</nome>
        </criador>
        <criador sequencia="5" inid="Cr">
          <nome>VINICIUS ANTONIO GOMES DIAS FURTADO</nome>
        </criador>
      </criadorLista>
    </processo-programa>
  </despacho>
  <despacho>
    <codigo>730</codigo>
    <titulo>Expedição do Certificado de Registro</titulo>
    <processo-programa>
      <numero inid="Np">BR 51 2022 000383-0</numero>
      <titulo inid="54">SCSUS</titulo>
      <dataCriacao inid="Dl">08/03/2021</dataCriacao>
      <campoAplicacaoLista>
        <campoAplicacao>
          <codigo inid="Cp">AD-01</codigo>
        </campoAplicacao>
        <campoAplicacao>
          <codigo inid="Cp">AD-02</codigo>
        </campoAplicacao>
        <campoAplicacao>
          <codigo inid="Cp">AD-04</codigo>
        </campoAplicacao>
        <campoAplicacao>
          <codigo inid="Cp">AD-05</codigo>
        </campoAplicacao>
      </campoAplicacaoLista>
      <linguagemLista>
        <linguagem inid="Lg">HTML</linguagem>
        <linguagem inid="Lg">JAVA SCRIPT</linguagem>
        <linguagem inid="Lg">JQUERY</linguagem>
        <linguagem inid="Lg">PHP</linguagem>
        <linguagem inid="Lg">SQL</linguagem>
        <linguagem inid="Lg">XML</linguagem>
      </linguagemLista>
      <tipoProgramaLista>
        <tipoPrograma>
          <codigo inid="Tp">AP-01</codigo>
        </tipoPrograma>
      </tipoProgramaLista>
      <titularLista>
        <titular sequencia="1" inid="73">
          <nome>RODRIGO SILVA SOARES</nome>
        </titular>
      </titularLista>
      <criadorLista>
        <criador sequencia="1" inid="Cr">
          <nome>RODRIGO SILVA SOARES</nome>
        </criador>
      </criadorLista>
    </processo-programa>
  </despacho>
  <despacho>
    <codigo>730</codigo>
    <titulo>Expedição do Certificado de Registro</titulo>
    <processo-programa>
      <numero inid="Np">BR 51 2022 000384-8</numero>
      <titulo inid="54">Sistema de Monitoramento e Alerta Remoto da Temperatura de Medicamentos Termolábeis, com base em Tecnologia EDGE Computing, BLE e IoHT</titulo>
      <dataCriacao inid="Dl">01/11/2021</dataCriacao>
      <campoAplicacaoLista>
        <campoAplicacao>
          <codigo inid="Cp">FQ-07</codigo>
        </campoAplicacao>
      </campoAplicacaoLista>
      <linguagemLista>
        <linguagem inid="Lg">C</linguagem>
      </linguagemLista>
      <tipoProgramaLista>
        <tipoPrograma>
          <codigo inid="Tp">CT-03</codigo>
        </tipoPrograma>
      </tipoProgramaLista>
      <titularLista>
        <titular sequencia="1" inid="73">
          <nome>FUNDAÇÃO UNIVERSIDADE DE BRASILIA</nome>
        </titular>
      </titularLista>
      <criadorLista>
        <criador sequencia="1" inid="Cr">
          <nome>DANIEL CHAVES CAFÉ</nome>
        </criador>
        <criador sequencia="2" inid="Cr">
          <nome>DEMÉTRIO ANTÔNIO DA SILVA FILHO</nome>
        </criador>
        <criador sequencia="3" inid="Cr">
          <nome>LUCAS DE ARAÚJO WANDERLEY ROMEIRO</nome>
        </criador>
      </criadorLista>
    </processo-programa>
  </despacho>
  <despacho>
    <codigo>730</codigo>
    <titulo>Expedição do Certificado de Registro</titulo>
    <processo-programa>
      <numero inid="Np">BR 51 2022 000385-6</numero>
      <titulo inid="54">Práticas nas UPAs 24hrs</titulo>
      <dataCriacao inid="Dl">15/01/2021</dataCriacao>
      <campoAplicacaoLista>
        <campoAplicacao>
          <codigo inid="Cp">AD-02</codigo>
        </campoAplicacao>
        <campoAplicacao>
          <codigo inid="Cp">SD-01</codigo>
        </campoAplicacao>
      </campoAplicacaoLista>
      <linguagemLista>
        <linguagem inid="Lg">JAVA SCRIPT</linguagem>
      </linguagemLista>
      <tipoProgramaLista>
        <tipoPrograma>
          <codigo inid="Tp">AP-01</codigo>
        </tipoPrograma>
      </tipoProgramaLista>
      <titularLista>
        <titular sequencia="1" inid="73">
          <nome>UNIVERSIDADE FEDERAL FLUMINENSE</nome>
        </titular>
      </titularLista>
      <criadorLista>
        <criador sequencia="1" inid="Cr">
          <nome>GUILHERME DOS SANTOS SILVA</nome>
        </criador>
        <criador sequencia="2" inid="Cr">
          <nome>ROBISOM DAMASCENO CALADO</nome>
        </criador>
        <criador sequencia="3" inid="Cr">
          <nome>STEPHANIE D?AMATO NASCIMENTO</nome>
        </criador>
        <criador sequencia="4" inid="Cr">
          <nome>SÉRGIO CRESPO COELHO DA SILVA PINTO</nome>
        </criador>
        <criador sequencia="5" inid="Cr">
          <nome>SÉRGIO CRESPO COELHO DA SILVA PINTO</nome>
        </criador>
      </criadorLista>
    </processo-programa>
  </despacho>
  <despacho>
    <codigo>730</codigo>
    <titulo>Expedição do Certificado de Registro</titulo>
    <processo-programa>
      <numero inid="Np">BR 51 2022 000386-4</numero>
      <titulo inid="54">Autoconhecimento - Plano de Ação comportamental para jovens do ensino médio</titulo>
      <dataCriacao inid="Dl">18/02/2022</dataCriacao>
      <campoAplicacaoLista>
        <campoAplicacao>
          <codigo inid="Cp">ED-06</codigo>
        </campoAplicacao>
        <campoAplicacao>
          <codigo inid="Cp">PS-01</codigo>
        </campoAplicacao>
      </campoAplicacaoLista>
      <linguagemLista>
        <linguagem inid="Lg">HTML</linguagem>
      </linguagemLista>
      <tipoProgramaLista>
        <tipoPrograma>
          <codigo inid="Tp">AP-01</codigo>
        </tipoPrograma>
      </tipoProgramaLista>
      <titularLista>
        <titular sequencia="1" inid="73">
          <nome>JOSÉ RAFAEL SOMMERFELD</nome>
        </titular>
        <titular sequencia="2" inid="73">
          <nome>SOCIEDADE UNIFICADA DE ENSINO AUGUSTO MOTTA</nome>
        </titular>
      </titularLista>
      <criadorLista>
        <criador sequencia="1" inid="Cr">
          <nome>JOSÉ RAFAEL SOMMERFELD</nome>
        </criador>
        <criador sequencia="2" inid="Cr">
          <nome>KATIA ELIANE SANTOS AVELAR</nome>
        </criador>
      </criadorLista>
    </processo-programa>
  </despacho>
  <despacho>
    <codigo>730</codigo>
    <titulo>Expedição do Certificado de Registro</titulo>
    <processo-programa>
      <numero inid="Np">BR 51 2022 000387-2</numero>
      <titulo inid="54">PESQUISA DE AVALIAÇÃO DO SERVIÇO PÚBLICO</titulo>
      <dataCriacao inid="Dl">03/02/2022</dataCriacao>
      <campoAplicacaoLista>
        <campoAplicacao>
          <codigo inid="Cp">AD-01</codigo>
        </campoAplicacao>
        <campoAplicacao>
          <codigo inid="Cp">AD-02</codigo>
        </campoAplicacao>
        <campoAplicacao>
          <codigo inid="Cp">AD-04</codigo>
        </campoAplicacao>
        <campoAplicacao>
          <codigo inid="Cp">CO-04</codigo>
        </campoAplicacao>
        <campoAplicacao>
          <codigo inid="Cp">IF-01</codigo>
        </campoAplicacao>
        <campoAplicacao>
          <codigo inid="Cp">IF-09</codigo>
        </campoAplicacao>
        <campoAplicacao>
          <codigo inid="Cp">IF-10</codigo>
        </campoAplicacao>
      </campoAplicacaoLista>
      <linguagemLista>
        <linguagem inid="Lg">DELPHI</linguagem>
      </linguagemLista>
      <tipoProgramaLista>
        <tipoPrograma>
          <codigo inid="Tp">AP-02</codigo>
        </tipoPrograma>
        <tipoPrograma>
          <codigo inid="Tp">AT-06</codigo>
        </tipoPrograma>
        <tipoPrograma>
          <codigo inid="Tp">AV-01</codigo>
        </tipoPrograma>
        <tipoPrograma>
          <codigo inid="Tp">TC-02</codigo>
        </tipoPrograma>
      </tipoProgramaLista>
      <titularLista>
        <titular sequencia="1" inid="73">
          <nome>OUV-E PESQUISA DE MERCADO E DE OPINIÃO PÚBLICA LTDA EPP</nome>
        </titular>
      </titularLista>
      <criadorLista>
        <criador sequencia="1" inid="Cr">
          <nome>LUCIANO ROHDE</nome>
        </criador>
      </criadorLista>
    </processo-programa>
  </despacho>
  <despacho>
    <codigo>730</codigo>
    <titulo>Expedição do Certificado de Registro</titulo>
    <processo-programa>
      <numero inid="Np">BR 51 2022 000388-0</numero>
      <titulo inid="54">Optmove</titulo>
      <dataCriacao inid="Dl">01/02/2017</dataCriacao>
      <campoAplicacaoLista>
        <campoAplicacao>
          <codigo inid="Cp">TP-01</codigo>
        </campoAplicacao>
      </campoAplicacaoLista>
      <linguagemLista>
        <linguagem inid="Lg">C++</linguagem>
        <linguagem inid="Lg">EXCEL</linguagem>
        <linguagem inid="Lg">JSON</linguagem>
        <linguagem inid="Lg">PL / SQL</linguagem>
        <linguagem inid="Lg">XML</linguagem>
      </linguagemLista>
      <tipoProgramaLista>
        <tipoPrograma>
          <codigo inid="Tp">AP-02</codigo>
        </tipoPrograma>
      </tipoProgramaLista>
      <titularLista>
        <titular sequencia="1" inid="73">
          <nome>MRS LOGÍSTICA S.A.</nome>
        </titular>
      </titularLista>
      <criadorLista>
        <criador sequencia="1" inid="Cr">
          <nome>DANILO VIEIRA DE CASTRO</nome>
        </criador>
        <criador sequencia="2" inid="Cr">
          <nome>FABIANO DE ALMEIDA SALLES</nome>
        </criador>
      </criadorLista>
    </processo-programa>
  </despacho>
  <despacho>
    <codigo>730</codigo>
    <titulo>Expedição do Certificado de Registro</titulo>
    <processo-programa>
      <numero inid="Np">BR 51 2022 000389-9</numero>
      <titulo inid="54">COGECALC II</titulo>
      <dataCriacao inid="Dl">11/06/2018</dataCriacao>
      <campoAplicacaoLista>
        <campoAplicacao>
          <codigo inid="Cp">EN-04</codigo>
        </campoAplicacao>
      </campoAplicacaoLista>
      <linguagemLista>
        <linguagem inid="Lg">FORTRAN</linguagem>
        <linguagem inid="Lg">PASCAL</linguagem>
      </linguagemLista>
      <tipoProgramaLista>
        <tipoPrograma>
          <codigo inid="Tp">DS-04</codigo>
        </tipoPrograma>
        <tipoPrograma>
          <codigo inid="Tp">FA-01</codigo>
        </tipoPrograma>
        <tipoPrograma>
          <codigo inid="Tp">TC-01</codigo>
        </tipoPrograma>
      </tipoProgramaLista>
      <titularLista>
        <titular sequencia="1" inid="73">
          <nome>PETRÓLEO BRASILEIRO S.A. - PETROBRAS</nome>
        </titular>
        <titular sequencia="2" inid="73">
          <nome>UNIVERSIDADE FEDERAL DE SANTA CATARINA - UFSC</nome>
        </titular>
      </titularLista>
      <criadorLista>
        <criador sequencia="1" inid="Cr">
          <nome>EDSON BAZZO</nome>
        </criador>
        <criador sequencia="2" inid="Cr">
          <nome>JOSÉ ALEXANDRE MATELLI</nome>
        </criador>
        <criador sequencia="3" inid="Cr">
          <nome>JULIAN ESTEBAN BARRERA TORRES</nome>
        </criador>
        <criador sequencia="4" inid="Cr">
          <nome>NEWTON REIS DE MOURA</nome>
        </criador>
      </criadorLista>
    </processo-programa>
  </despacho>
  <despacho>
    <codigo>730</codigo>
    <titulo>Expedição do Certificado de Registro</titulo>
    <processo-programa>
      <numero inid="Np">BR 51 2022 000390-2</numero>
      <titulo inid="54">Sistema de avaliação e suporte a decisão de fornecimentos críticos em projetos EPC de larga escala.</titulo>
      <dataCriacao inid="Dl">13/10/2020</dataCriacao>
      <campoAplicacaoLista>
        <campoAplicacao>
          <codigo inid="Cp">AD-04</codigo>
        </campoAplicacao>
        <campoAplicacao>
          <codigo inid="Cp">AD-05</codigo>
        </campoAplicacao>
        <campoAplicacao>
          <codigo inid="Cp">AD-06</codigo>
        </campoAplicacao>
        <campoAplicacao>
          <codigo inid="Cp">AD-08</codigo>
        </campoAplicacao>
        <campoAplicacao>
          <codigo inid="Cp">CC-01</codigo>
        </campoAplicacao>
        <campoAplicacao>
          <codigo inid="Cp">CC-03</codigo>
        </campoAplicacao>
        <campoAplicacao>
          <codigo inid="Cp">CC-04</codigo>
        </campoAplicacao>
        <campoAplicacao>
          <codigo inid="Cp">EC-14</codigo>
        </campoAplicacao>
        <campoAplicacao>
          <codigo inid="Cp">IF-07</codigo>
        </campoAplicacao>
        <campoAplicacao>
          <codigo inid="Cp">IN-01</codigo>
        </campoAplicacao>
        <campoAplicacao>
          <codigo inid="Cp">IN-02</codigo>
        </campoAplicacao>
        <campoAplicacao>
          <codigo inid="Cp">MT-01</codigo>
        </campoAplicacao>
        <campoAplicacao>
          <codigo inid="Cp">MT-06</codigo>
        </campoAplicacao>
      </campoAplicacaoLista>
      <linguagemLista>
        <linguagem inid="Lg">MATLAB</linguagem>
      </linguagemLista>
      <tipoProgramaLista>
        <tipoPrograma>
          <codigo inid="Tp">AP-01</codigo>
        </tipoPrograma>
        <tipoPrograma>
          <codigo inid="Tp">AP-02</codigo>
        </tipoPrograma>
        <tipoPrograma>
          <codigo inid="Tp">AP-03</codigo>
        </tipoPrograma>
        <tipoPrograma>
          <codigo inid="Tp">DS-04</codigo>
        </tipoPrograma>
        <tipoPrograma>
          <codigo inid="Tp">FA-01</codigo>
        </tipoPrograma>
        <tipoPrograma>
          <codigo inid="Tp">IA-02</codigo>
        </tipoPrograma>
        <tipoPrograma>
          <codigo inid="Tp">SM-01</codigo>
        </tipoPrograma>
        <tipoPrograma>
          <codigo inid="Tp">TC-01</codigo>
        </tipoPrograma>
        <tipoPrograma>
          <codigo inid="Tp">TC-02</codigo>
        </tipoPrograma>
      </tipoProgramaLista>
      <titularLista>
        <titular sequencia="1" inid="73">
          <nome>RICHARD ALEX DA CUNHA</nome>
        </titular>
      </titularLista>
      <criadorLista>
        <criador sequencia="1" inid="Cr">
          <nome>LUIZA DOS SANTOS</nome>
        </criador>
        <criador sequencia="2" inid="Cr">
          <nome>LUÍS ALBERTO DUNCAN RANGEL</nome>
        </criador>
        <criador sequencia="3" inid="Cr">
          <nome>LUÍS ALBERTO DUNCAN RANGEL</nome>
        </criador>
        <criador sequencia="4" inid="Cr">
          <nome>RICHARD ALEX DA CUNHA</nome>
        </criador>
        <criador sequencia="5" inid="Cr">
          <nome>TIAGO ARAÚJO NEVES</nome>
        </criador>
      </criadorLista>
    </processo-programa>
  </despacho>
  <despacho>
    <codigo>730</codigo>
    <titulo>Expedição do Certificado de Registro</titulo>
    <processo-programa>
      <numero inid="Np">BR 51 2022 000391-0</numero>
      <titulo inid="54">AliCharlie</titulo>
      <dataCriacao inid="Dl">31/08/2021</dataCriacao>
      <campoAplicacaoLista>
        <campoAplicacao>
          <codigo inid="Cp">ED-06</codigo>
        </campoAplicacao>
      </campoAplicacaoLista>
      <linguagemLista>
        <linguagem inid="Lg">C#</linguagem>
        <linguagem inid="Lg">UNITY</linguagem>
      </linguagemLista>
      <tipoProgramaLista>
        <tipoPrograma>
          <codigo inid="Tp">ET-02</codigo>
        </tipoPrograma>
      </tipoProgramaLista>
      <titularLista>
        <titular sequencia="1" inid="73">
          <nome>ALLINE DA SILVA LEAL</nome>
        </titular>
      </titularLista>
      <criadorLista>
        <criador sequencia="1" inid="Cr">
          <nome>ALLINE DA SILVA LEAL</nome>
        </criador>
        <criador sequencia="2" inid="Cr">
          <nome>SIMONE NASSER MATOS</nome>
        </criador>
      </criadorLista>
    </processo-programa>
  </despacho>
  <despacho>
    <codigo>730</codigo>
    <titulo>Expedição do Certificado de Registro</titulo>
    <processo-programa>
      <numero inid="Np">BR 51 2022 000392-9</numero>
      <titulo inid="54">PICTOUR</titulo>
      <dataCriacao inid="Dl">16/02/2022</dataCriacao>
      <campoAplicacaoLista>
        <campoAplicacao>
          <codigo inid="Cp">AD-10</codigo>
        </campoAplicacao>
        <campoAplicacao>
          <codigo inid="Cp">AN-02</codigo>
        </campoAplicacao>
        <campoAplicacao>
          <codigo inid="Cp">AN-04</codigo>
        </campoAplicacao>
        <campoAplicacao>
          <codigo inid="Cp">CO-04</codigo>
        </campoAplicacao>
        <campoAplicacao>
          <codigo inid="Cp">IF-09</codigo>
        </campoAplicacao>
        <campoAplicacao>
          <codigo inid="Cp">IN-02</codigo>
        </campoAplicacao>
        <campoAplicacao>
          <codigo inid="Cp">SV-01</codigo>
        </campoAplicacao>
        <campoAplicacao>
          <codigo inid="Cp">SV-04</codigo>
        </campoAplicacao>
      </campoAplicacaoLista>
      <linguagemLista>
        <linguagem inid="Lg">.NET</linguagem>
        <linguagem inid="Lg">MYSQL</linguagem>
      </linguagemLista>
      <tipoProgramaLista>
        <tipoPrograma>
          <codigo inid="Tp">AP-01</codigo>
        </tipoPrograma>
        <tipoPrograma>
          <codigo inid="Tp">AP-03</codigo>
        </tipoPrograma>
        <tipoPrograma>
          <codigo inid="Tp">CD-01</codigo>
        </tipoPrograma>
        <tipoPrograma>
          <codigo inid="Tp">DS-04</codigo>
        </tipoPrograma>
        <tipoPrograma>
          <codigo inid="Tp">ET-01</codigo>
        </tipoPrograma>
        <tipoPrograma>
          <codigo inid="Tp">GI-01</codigo>
        </tipoPrograma>
        <tipoPrograma>
          <codigo inid="Tp">TC-04</codigo>
        </tipoPrograma>
      </tipoProgramaLista>
      <titularLista>
        <titular sequencia="1" inid="73">
          <nome>EASY MARKETING INTELIGENTE LTDA</nome>
        </titular>
      </titularLista>
      <criadorLista>
        <criador sequencia="1" inid="Cr">
          <nome>JULIANO DELA VEDOVA</nome>
        </criador>
      </criadorLista>
    </processo-programa>
  </despacho>
  <despacho>
    <codigo>730</codigo>
    <titulo>Expedição do Certificado de Registro</titulo>
    <processo-programa>
      <numero inid="Np">BR 51 2022 000393-7</numero>
      <titulo inid="54">faceum-app (2.3.0-9) DT FACEUM CONTROLE DE PONTO E DE ACESSO POR RECONHECIMENTO FACIAL</titulo>
      <dataCriacao inid="Dl">10/02/2020</dataCriacao>
      <campoAplicacaoLista>
        <campoAplicacao>
          <codigo inid="Cp">AD-01</codigo>
        </campoAplicacao>
        <campoAplicacao>
          <codigo inid="Cp">AD-02</codigo>
        </campoAplicacao>
        <campoAplicacao>
          <codigo inid="Cp">AD-05</codigo>
        </campoAplicacao>
      </campoAplicacaoLista>
      <linguagemLista>
        <linguagem inid="Lg">JAVA SCRIPT</linguagem>
      </linguagemLista>
      <tipoProgramaLista>
        <tipoPrograma>
          <codigo inid="Tp">AP-01</codigo>
        </tipoPrograma>
        <tipoPrograma>
          <codigo inid="Tp">AP-03</codigo>
        </tipoPrograma>
        <tipoPrograma>
          <codigo inid="Tp">AT-01</codigo>
        </tipoPrograma>
        <tipoPrograma>
          <codigo inid="Tp">CD-01</codigo>
        </tipoPrograma>
        <tipoPrograma>
          <codigo inid="Tp">CD-05</codigo>
        </tipoPrograma>
        <tipoPrograma>
          <codigo inid="Tp">GI-04</codigo>
        </tipoPrograma>
        <tipoPrograma>
          <codigo inid="Tp">IA-01</codigo>
        </tipoPrograma>
      </tipoProgramaLista>
      <titularLista>
        <titular sequencia="1" inid="73">
          <nome>DIMASTEC GESTAO DE PONTO E ACESSO - EIRELI</nome>
        </titular>
      </titularLista>
      <criadorLista>
        <criador sequencia="1" inid="Cr">
          <nome>DIMAS LONGUINI HERMINIO FAUSTO</nome>
        </criador>
      </criadorLista>
    </processo-programa>
  </despacho>
  <despacho>
    <codigo>730</codigo>
    <titulo>Expedição do Certificado de Registro</titulo>
    <processo-programa>
      <numero inid="Np">BR 51 2022 000394-5</numero>
      <titulo inid="54">GLICO SENSOR</titulo>
      <dataCriacao inid="Dl">30/08/2018</dataCriacao>
      <campoAplicacaoLista>
        <campoAplicacao>
          <codigo inid="Cp">BL-01</codigo>
        </campoAplicacao>
        <campoAplicacao>
          <codigo inid="Cp">BL-02</codigo>
        </campoAplicacao>
        <campoAplicacao>
          <codigo inid="Cp">BL-03</codigo>
        </campoAplicacao>
        <campoAplicacao>
          <codigo inid="Cp">BL-04</codigo>
        </campoAplicacao>
        <campoAplicacao>
          <codigo inid="Cp">BL-05</codigo>
        </campoAplicacao>
        <campoAplicacao>
          <codigo inid="Cp">BL-06</codigo>
        </campoAplicacao>
        <campoAplicacao>
          <codigo inid="Cp">BL-07</codigo>
        </campoAplicacao>
        <campoAplicacao>
          <codigo inid="Cp">BL-08</codigo>
        </campoAplicacao>
      </campoAplicacaoLista>
      <linguagemLista>
        <linguagem inid="Lg">JAVA</linguagem>
      </linguagemLista>
      <tipoProgramaLista>
        <tipoPrograma>
          <codigo inid="Tp">AP-01</codigo>
        </tipoPrograma>
      </tipoProgramaLista>
      <titularLista>
        <titular sequencia="1" inid="73">
          <nome>B&amp;B REPRESENTAÇÃO, SOLUÇÕES MÉDICAS E DIAGNÓSTICAS LTDA</nome>
        </titular>
      </titularLista>
      <criadorLista>
        <criador sequencia="1" inid="Cr">
          <nome>JOAO OTAVIO SEDOVSKI GARCIA</nome>
        </criador>
      </criadorLista>
    </processo-programa>
  </despacho>
  <despacho>
    <codigo>730</codigo>
    <titulo>Expedição do Certificado de Registro</titulo>
    <processo-programa>
      <numero inid="Np">BR 51 2022 000395-3</numero>
      <titulo inid="54">JUVAM Denúncias</titulo>
      <dataCriacao inid="Dl">21/12/2021</dataCriacao>
      <campoAplicacaoLista>
        <campoAplicacao>
          <codigo inid="Cp">DI-03</codigo>
        </campoAplicacao>
        <campoAplicacao>
          <codigo inid="Cp">EL-01</codigo>
        </campoAplicacao>
        <campoAplicacao>
          <codigo inid="Cp">MA-02</codigo>
        </campoAplicacao>
      </campoAplicacaoLista>
      <linguagemLista>
        <linguagem inid="Lg">C++</linguagem>
      </linguagemLista>
      <tipoProgramaLista>
        <tipoPrograma>
          <codigo inid="Tp">AP-01</codigo>
        </tipoPrograma>
      </tipoProgramaLista>
      <titularLista>
        <titular sequencia="1" inid="73">
          <nome>UNIVERSIDADE FEDERAL DE RONDONOPOLIS</nome>
        </titular>
      </titularLista>
      <criadorLista>
        <criador sequencia="1" inid="Cr">
          <nome>DOMINGOS SÁVIO BARBOSA</nome>
        </criador>
        <criador sequencia="2" inid="Cr">
          <nome>MILENE APARECIDA PEREIRA BELTRAMINI</nome>
        </criador>
        <criador sequencia="3" inid="Cr">
          <nome>NORMANDES MATOS DA SILVA</nome>
        </criador>
        <criador sequencia="4" inid="Cr">
          <nome>RONEY DALLA COSTA DA SILVA</nome>
        </criador>
      </criadorLista>
    </processo-programa>
  </despacho>
  <despacho>
    <codigo>730</codigo>
    <titulo>Expedição do Certificado de Registro</titulo>
    <processo-programa>
      <numero inid="Np">BR 51 2022 000396-1</numero>
      <titulo inid="54">JUVAM Denúncias - módulo do gestor</titulo>
      <dataCriacao inid="Dl">21/12/2021</dataCriacao>
      <campoAplicacaoLista>
        <campoAplicacao>
          <codigo inid="Cp">DI-03</codigo>
        </campoAplicacao>
        <campoAplicacao>
          <codigo inid="Cp">EL-01</codigo>
        </campoAplicacao>
        <campoAplicacao>
          <codigo inid="Cp">MA-02</codigo>
        </campoAplicacao>
      </campoAplicacaoLista>
      <linguagemLista>
        <linguagem inid="Lg">C++</linguagem>
      </linguagemLista>
      <tipoProgramaLista>
        <tipoPrograma>
          <codigo inid="Tp">AP-01</codigo>
        </tipoPrograma>
      </tipoProgramaLista>
      <titularLista>
        <titular sequencia="1" inid="73">
          <nome>UNIVERSIDADE FEDERAL DE RONDONOPOLIS</nome>
        </titular>
      </titularLista>
      <criadorLista>
        <criador sequencia="1" inid="Cr">
          <nome>DOMINGOS SÁVIO BARBOSA</nome>
        </criador>
        <criador sequencia="2" inid="Cr">
          <nome>MILENE APARECIDA PEREIRA BELTRAMINI</nome>
        </criador>
        <criador sequencia="3" inid="Cr">
          <nome>NORMANDES MATOS DA SILVA</nome>
        </criador>
        <criador sequencia="4" inid="Cr">
          <nome>RONEY DALLA COSTA DA SILVA</nome>
        </criador>
      </criadorLista>
    </processo-programa>
  </despacho>
  <despacho>
    <codigo>730</codigo>
    <titulo>Expedição do Certificado de Registro</titulo>
    <processo-programa>
      <numero inid="Np">BR 51 2022 000397-0</numero>
      <titulo inid="54">MED + VIDA</titulo>
      <dataCriacao inid="Dl">14/04/2020</dataCriacao>
      <campoAplicacaoLista>
        <campoAplicacao>
          <codigo inid="Cp">AD-05</codigo>
        </campoAplicacao>
      </campoAplicacaoLista>
      <linguagemLista>
        <linguagem inid="Lg">PHP</linguagem>
        <linguagem inid="Lg">SQL</linguagem>
      </linguagemLista>
      <tipoProgramaLista>
        <tipoPrograma>
          <codigo inid="Tp">AP-01</codigo>
        </tipoPrograma>
      </tipoProgramaLista>
      <titularLista>
        <titular sequencia="1" inid="73">
          <nome>JOAO VICTOR GALDIANO DO NASCIMENTO</nome>
        </titular>
      </titularLista>
      <criadorLista>
        <criador sequencia="1" inid="Cr">
          <nome>JOÃO VICTOR GALDIANO DO NASCIMENTO</nome>
        </criador>
      </criadorLista>
    </processo-programa>
  </despacho>
  <despacho>
    <codigo>730</codigo>
    <titulo>Expedição do Certificado de Registro</titulo>
    <processo-programa>
      <numero inid="Np">BR 51 2022 000398-8</numero>
      <titulo inid="54">SEMIO EM JOGO: TECNOLOGIA LÚDICO-EDUCATIVA PARA A APRENDIZAGEM DE SEMIOLOGIA E SEMIOTÉCNICA EM ENFERMAGEM</titulo>
      <dataCriacao inid="Dl">08/02/2022</dataCriacao>
      <campoAplicacaoLista>
        <campoAplicacao>
          <codigo inid="Cp">ED-04</codigo>
        </campoAplicacao>
        <campoAplicacao>
          <codigo inid="Cp">IN-02</codigo>
        </campoAplicacao>
        <campoAplicacao>
          <codigo inid="Cp">SD-05</codigo>
        </campoAplicacao>
        <campoAplicacao>
          <codigo inid="Cp">TB-02</codigo>
        </campoAplicacao>
      </campoAplicacaoLista>
      <linguagemLista>
        <linguagem inid="Lg">HTML</linguagem>
      </linguagemLista>
      <tipoProgramaLista>
        <tipoPrograma>
          <codigo inid="Tp">ET-02</codigo>
        </tipoPrograma>
        <tipoPrograma>
          <codigo inid="Tp">FA-01</codigo>
        </tipoPrograma>
      </tipoProgramaLista>
      <titularLista>
        <titular sequencia="1" inid="73">
          <nome>LUCAS DAVID MAIA MATIAS</nome>
        </titular>
      </titularLista>
      <criadorLista>
        <criador sequencia="1" inid="Cr">
          <nome>ANDERSON ANDRÉ MENDONÇA DOS SANTOS</nome>
        </criador>
        <criador sequencia="2" inid="Cr">
          <nome>ANDERSON LUCAS XAVIER FERNANDES</nome>
        </criador>
        <criador sequencia="3" inid="Cr">
          <nome>DIEGO DOMINY ZEFERINO DE SANTANA</nome>
        </criador>
        <criador sequencia="4" inid="Cr">
          <nome>LIDIANE LIMA DE ANDRADE</nome>
        </criador>
        <criador sequencia="5" inid="Cr">
          <nome>LUCAS DAVID MAIA MATIAS</nome>
        </criador>
        <criador sequencia="6" inid="Cr">
          <nome>MARIA NIELLY SANTOS CELESTINO</nome>
        </criador>
        <criador sequencia="7" inid="Cr">
          <nome>MELISSA DE OLIVEIRA LIMA</nome>
        </criador>
      </criadorLista>
    </processo-programa>
  </despacho>
  <despacho>
    <codigo>730</codigo>
    <titulo>Expedição do Certificado de Registro</titulo>
    <processo-programa>
      <numero inid="Np">BR 51 2022 000399-6</numero>
      <titulo inid="54">Instrumento de Avaliação Fonológica - INFONO</titulo>
      <dataCriacao inid="Dl">01/07/2020</dataCriacao>
      <campoAplicacaoLista>
        <campoAplicacao>
          <codigo inid="Cp">SD-06</codigo>
        </campoAplicacao>
      </campoAplicacaoLista>
      <linguagemLista>
        <linguagem inid="Lg">JAVA</linguagem>
      </linguagemLista>
      <tipoProgramaLista>
        <tipoPrograma>
          <codigo inid="Tp">FA-01</codigo>
        </tipoPrograma>
        <tipoPrograma>
          <codigo inid="Tp">IT-02</codigo>
        </tipoPrograma>
      </tipoProgramaLista>
      <titularLista>
        <titular sequencia="1" inid="73">
          <nome>UNIVERSIDADE FEDERAL DE SANTA MARIA</nome>
        </titular>
      </titularLista>
      <criadorLista>
        <criador sequencia="1" inid="Cr">
          <nome>AUGUSTO MORO</nome>
        </criador>
        <criador sequencia="2" inid="Cr">
          <nome>MARCIA KESKE SOARES</nome>
        </criador>
        <criador sequencia="3" inid="Cr">
          <nome>MARIZETE ILHA CERON</nome>
        </criador>
      </criadorLista>
    </processo-programa>
  </despacho>
  <despacho>
    <codigo>730</codigo>
    <titulo>Expedição do Certificado de Registro</titulo>
    <processo-programa>
      <numero inid="Np">BR 51 2022 000400-3</numero>
      <titulo inid="54">Colaborativa KB Suite</titulo>
      <dataCriacao inid="Dl">01/01/2016</dataCriacao>
      <campoAplicacaoLista>
        <campoAplicacao>
          <codigo inid="Cp">CO-04</codigo>
        </campoAplicacao>
        <campoAplicacao>
          <codigo inid="Cp">ED-04</codigo>
        </campoAplicacao>
        <campoAplicacao>
          <codigo inid="Cp">IF-02</codigo>
        </campoAplicacao>
        <campoAplicacao>
          <codigo inid="Cp">IF-04</codigo>
        </campoAplicacao>
        <campoAplicacao>
          <codigo inid="Cp">IF-07</codigo>
        </campoAplicacao>
      </campoAplicacaoLista>
      <linguagemLista>
        <linguagem inid="Lg">JAVA</linguagem>
        <linguagem inid="Lg">OUTROS</linguagem>
        <linguagem inid="Lg">PHP</linguagem>
      </linguagemLista>
      <tipoProgramaLista>
        <tipoPrograma>
          <codigo inid="Tp">AV-01</codigo>
        </tipoPrograma>
        <tipoPrograma>
          <codigo inid="Tp">DS-07</codigo>
        </tipoPrograma>
        <tipoPrograma>
          <codigo inid="Tp">FA-01</codigo>
        </tipoPrograma>
        <tipoPrograma>
          <codigo inid="Tp">GI-01</codigo>
        </tipoPrograma>
        <tipoPrograma>
          <codigo inid="Tp">GI-03</codigo>
        </tipoPrograma>
        <tipoPrograma>
          <codigo inid="Tp">GI-04</codigo>
        </tipoPrograma>
        <tipoPrograma>
          <codigo inid="Tp">GI-05</codigo>
        </tipoPrograma>
        <tipoPrograma>
          <codigo inid="Tp">GI-06</codigo>
        </tipoPrograma>
        <tipoPrograma>
          <codigo inid="Tp">GI-07</codigo>
        </tipoPrograma>
        <tipoPrograma>
          <codigo inid="Tp">IA-01</codigo>
        </tipoPrograma>
        <tipoPrograma>
          <codigo inid="Tp">SO-04</codigo>
        </tipoPrograma>
        <tipoPrograma>
          <codigo inid="Tp">SO-05</codigo>
        </tipoPrograma>
        <tipoPrograma>
          <codigo inid="Tp">TC-02</codigo>
        </tipoPrograma>
      </tipoProgramaLista>
      <titularLista>
        <titular sequencia="1" inid="73">
          <nome>STUDIORAMA DESIGN E TECNOLOGIA LTDA</nome>
        </titular>
      </titularLista>
      <criadorLista>
        <criador sequencia="1" inid="Cr">
          <nome>RICARDO KUDLA NETO</nome>
        </criador>
      </criadorLista>
    </processo-programa>
  </despacho>
  <despacho>
    <codigo>730</codigo>
    <titulo>Expedição do Certificado de Registro</titulo>
    <processo-programa>
      <numero inid="Np">BR 51 2022 000401-1</numero>
      <titulo inid="54">SISECV (Sistema Gerenciador de Empresas Credenciadas em Vistoria)</titulo>
      <dataCriacao inid="Dl">01/11/2020</dataCriacao>
      <campoAplicacaoLista>
        <campoAplicacao>
          <codigo inid="Cp">AD-05</codigo>
        </campoAplicacao>
        <campoAplicacao>
          <codigo inid="Cp">AD-11</codigo>
        </campoAplicacao>
      </campoAplicacaoLista>
      <linguagemLista>
        <linguagem inid="Lg">.NET</linguagem>
        <linguagem inid="Lg">C#</linguagem>
        <linguagem inid="Lg">JAVA</linguagem>
      </linguagemLista>
      <tipoProgramaLista>
        <tipoPrograma>
          <codigo inid="Tp">AP-01</codigo>
        </tipoPrograma>
      </tipoProgramaLista>
      <titularLista>
        <titular sequencia="1" inid="73">
          <nome>CONECTA SISTEMAS DE INFORMATICA LTDA</nome>
        </titular>
      </titularLista>
      <criadorLista>
        <criador sequencia="1" inid="Cr">
          <nome>JOÃO BATISTA DE OLIVEIRA JÚNIOR</nome>
        </criador>
      </criadorLista>
    </processo-programa>
  </despacho>
  <despacho>
    <codigo>730</codigo>
    <titulo>Expedição do Certificado de Registro</titulo>
    <processo-programa>
      <numero inid="Np">BR 51 2022 000402-0</numero>
      <titulo inid="54">faceum-api (2.3.0-2) DT FACEUM CONTROLE DE PONTO E DE ACESSO POR RECONHECIMENTO FACIAL</titulo>
      <dataCriacao inid="Dl">10/02/2020</dataCriacao>
      <campoAplicacaoLista>
        <campoAplicacao>
          <codigo inid="Cp">AD-01</codigo>
        </campoAplicacao>
        <campoAplicacao>
          <codigo inid="Cp">AD-02</codigo>
        </campoAplicacao>
        <campoAplicacao>
          <codigo inid="Cp">AD-05</codigo>
        </campoAplicacao>
      </campoAplicacaoLista>
      <linguagemLista>
        <linguagem inid="Lg">POSTGREE SQL</linguagem>
      </linguagemLista>
      <tipoProgramaLista>
        <tipoPrograma>
          <codigo inid="Tp">AP-01</codigo>
        </tipoPrograma>
        <tipoPrograma>
          <codigo inid="Tp">AP-03</codigo>
        </tipoPrograma>
        <tipoPrograma>
          <codigo inid="Tp">AT-01</codigo>
        </tipoPrograma>
        <tipoPrograma>
          <codigo inid="Tp">CD-01</codigo>
        </tipoPrograma>
        <tipoPrograma>
          <codigo inid="Tp">CD-05</codigo>
        </tipoPrograma>
        <tipoPrograma>
          <codigo inid="Tp">GI-04</codigo>
        </tipoPrograma>
        <tipoPrograma>
          <codigo inid="Tp">IA-01</codigo>
        </tipoPrograma>
      </tipoProgramaLista>
      <titularLista>
        <titular sequencia="1" inid="73">
          <nome>DIMASTEC GESTAO DE PONTO E ACESSO - EIRELI</nome>
        </titular>
      </titularLista>
      <criadorLista>
        <criador sequencia="1" inid="Cr">
          <nome>DIMAS LONGUINI HERMINIO FAUSTO</nome>
        </criador>
      </criadorLista>
    </processo-programa>
  </despacho>
  <despacho>
    <codigo>730</codigo>
    <titulo>Expedição do Certificado de Registro</titulo>
    <processo-programa>
      <numero inid="Np">BR 51 2022 000403-8</numero>
      <titulo inid="54">faceum-web (2.3.0-2) DT FACEUM CONTROLE DE PONTO E DE ACESSO POR RECONHECIMENTO FACIAL</titulo>
      <dataCriacao inid="Dl">10/02/2020</dataCriacao>
      <campoAplicacaoLista>
        <campoAplicacao>
          <codigo inid="Cp">AD-01</codigo>
        </campoAplicacao>
        <campoAplicacao>
          <codigo inid="Cp">AD-02</codigo>
        </campoAplicacao>
        <campoAplicacao>
          <codigo inid="Cp">AD-05</codigo>
        </campoAplicacao>
      </campoAplicacaoLista>
      <linguagemLista>
        <linguagem inid="Lg">JAVA SCRIPT</linguagem>
      </linguagemLista>
      <tipoProgramaLista>
        <tipoPrograma>
          <codigo inid="Tp">AP-01</codigo>
        </tipoPrograma>
        <tipoPrograma>
          <codigo inid="Tp">AP-03</codigo>
        </tipoPrograma>
        <tipoPrograma>
          <codigo inid="Tp">AT-01</codigo>
        </tipoPrograma>
        <tipoPrograma>
          <codigo inid="Tp">CD-01</codigo>
        </tipoPrograma>
        <tipoPrograma>
          <codigo inid="Tp">CD-05</codigo>
        </tipoPrograma>
        <tipoPrograma>
          <codigo inid="Tp">GI-04</codigo>
        </tipoPrograma>
        <tipoPrograma>
          <codigo inid="Tp">IA-01</codigo>
        </tipoPrograma>
      </tipoProgramaLista>
      <titularLista>
        <titular sequencia="1" inid="73">
          <nome>DIMASTEC GESTAO DE PONTO E ACESSO - EIRELI</nome>
        </titular>
      </titularLista>
      <criadorLista>
        <criador sequencia="1" inid="Cr">
          <nome>DIMAS LONGUINI HERMINIO FAUSTO</nome>
        </criador>
      </criadorLista>
    </processo-programa>
  </despacho>
  <despacho>
    <codigo>730</codigo>
    <titulo>Expedição do Certificado de Registro</titulo>
    <processo-programa>
      <numero inid="Np">BR 51 2022 000404-6</numero>
      <titulo inid="54">faceum-backoffice (1.5.0-3) DT FACEUM CONTROLE DE PONTO E DE ACESSO POR RECONHECIMENTO FACIAL</titulo>
      <dataCriacao inid="Dl">10/02/2020</dataCriacao>
      <campoAplicacaoLista>
        <campoAplicacao>
          <codigo inid="Cp">AD-01</codigo>
        </campoAplicacao>
        <campoAplicacao>
          <codigo inid="Cp">AD-02</codigo>
        </campoAplicacao>
        <campoAplicacao>
          <codigo inid="Cp">AD-05</codigo>
        </campoAplicacao>
      </campoAplicacaoLista>
      <linguagemLista>
        <linguagem inid="Lg">JAVA</linguagem>
      </linguagemLista>
      <tipoProgramaLista>
        <tipoPrograma>
          <codigo inid="Tp">AP-01</codigo>
        </tipoPrograma>
        <tipoPrograma>
          <codigo inid="Tp">AP-03</codigo>
        </tipoPrograma>
        <tipoPrograma>
          <codigo inid="Tp">AT-01</codigo>
        </tipoPrograma>
        <tipoPrograma>
          <codigo inid="Tp">CD-01</codigo>
        </tipoPrograma>
        <tipoPrograma>
          <codigo inid="Tp">CD-05</codigo>
        </tipoPrograma>
        <tipoPrograma>
          <codigo inid="Tp">GI-04</codigo>
        </tipoPrograma>
        <tipoPrograma>
          <codigo inid="Tp">IA-01</codigo>
        </tipoPrograma>
      </tipoProgramaLista>
      <titularLista>
        <titular sequencia="1" inid="73">
          <nome>DIMASTEC GESTAO DE PONTO E ACESSO - EIRELI</nome>
        </titular>
      </titularLista>
      <criadorLista>
        <criador sequencia="1" inid="Cr">
          <nome>DIMAS LONGUINI HERMINIO FAUSTO</nome>
        </criador>
      </criadorLista>
    </processo-programa>
  </despacho>
  <despacho>
    <codigo>730</codigo>
    <titulo>Expedição do Certificado de Registro</titulo>
    <processo-programa>
      <numero inid="Np">BR 51 2022 000405-4</numero>
      <titulo inid="54">Ponto Digital Carbon System</titulo>
      <dataCriacao inid="Dl">01/01/2022</dataCriacao>
      <campoAplicacaoLista>
        <campoAplicacao>
          <codigo inid="Cp">AD-05</codigo>
        </campoAplicacao>
      </campoAplicacaoLista>
      <linguagemLista>
        <linguagem inid="Lg">VISUAL BASIC</linguagem>
      </linguagemLista>
      <tipoProgramaLista>
        <tipoPrograma>
          <codigo inid="Tp">AP-01</codigo>
        </tipoPrograma>
      </tipoProgramaLista>
      <titularLista>
        <titular sequencia="1" inid="73">
          <nome>VICTOR ALMEIDA KNUST BRAVO</nome>
        </titular>
      </titularLista>
      <criadorLista>
        <criador sequencia="1" inid="Cr">
          <nome>VICTOR ALMEIDA KNUST BRAVO</nome>
        </criador>
      </criadorLista>
    </processo-programa>
  </despacho>
  <despacho>
    <codigo>730</codigo>
    <titulo>Expedição do Certificado de Registro</titulo>
    <processo-programa>
      <numero inid="Np">BR 51 2022 000406-2</numero>
      <titulo inid="54">AppHackathon</titulo>
      <dataCriacao inid="Dl">23/04/2021</dataCriacao>
      <campoAplicacaoLista>
        <campoAplicacao>
          <codigo inid="Cp">AD-02</codigo>
        </campoAplicacao>
      </campoAplicacaoLista>
      <linguagemLista>
        <linguagem inid="Lg">CSS</linguagem>
        <linguagem inid="Lg">HTML</linguagem>
        <linguagem inid="Lg">JAVA SCRIPT</linguagem>
        <linguagem inid="Lg">MYSQL</linguagem>
        <linguagem inid="Lg">NODEJS</linguagem>
      </linguagemLista>
      <tipoProgramaLista>
        <tipoPrograma>
          <codigo inid="Tp">AP-01</codigo>
        </tipoPrograma>
        <tipoPrograma>
          <codigo inid="Tp">FA-01</codigo>
        </tipoPrograma>
        <tipoPrograma>
          <codigo inid="Tp">TC-01</codigo>
        </tipoPrograma>
      </tipoProgramaLista>
      <titularLista>
        <titular sequencia="1" inid="73">
          <nome>RAPHAEL GERALDO SILVA FEITOSA</nome>
        </titular>
      </titularLista>
      <criadorLista>
        <criador sequencia="1" inid="Cr">
          <nome>CARLA MARINA COSTA PAXIÚBA</nome>
        </criador>
        <criador sequencia="2" inid="Cr">
          <nome>CELSON PANTOJA LIMA</nome>
        </criador>
        <criador sequencia="3" inid="Cr">
          <nome>RAPHAEL GERALDO SILVA FEITOSA</nome>
        </criador>
      </criadorLista>
    </processo-programa>
  </despacho>
  <despacho>
    <codigo>730</codigo>
    <titulo>Expedição do Certificado de Registro</titulo>
    <processo-programa>
      <numero inid="Np">BR 51 2022 000407-0</numero>
      <titulo inid="54">ePA - Ponto de Atendimento Eletrônico</titulo>
      <dataCriacao inid="Dl">04/11/2013</dataCriacao>
      <campoAplicacaoLista>
        <campoAplicacao>
          <codigo inid="Cp">AD-01</codigo>
        </campoAplicacao>
        <campoAplicacao>
          <codigo inid="Cp">AD-05</codigo>
        </campoAplicacao>
        <campoAplicacao>
          <codigo inid="Cp">AD-08</codigo>
        </campoAplicacao>
        <campoAplicacao>
          <codigo inid="Cp">AD-10</codigo>
        </campoAplicacao>
        <campoAplicacao>
          <codigo inid="Cp">CO-04</codigo>
        </campoAplicacao>
        <campoAplicacao>
          <codigo inid="Cp">IF-10</codigo>
        </campoAplicacao>
      </campoAplicacaoLista>
      <linguagemLista>
        <linguagem inid="Lg">AJAX</linguagem>
        <linguagem inid="Lg">CSS</linguagem>
        <linguagem inid="Lg">HTML</linguagem>
        <linguagem inid="Lg">JAVA SCRIPT</linguagem>
        <linguagem inid="Lg">JQUERY</linguagem>
        <linguagem inid="Lg">JSON</linguagem>
        <linguagem inid="Lg">MYSQL</linguagem>
        <linguagem inid="Lg">PHP</linguagem>
        <linguagem inid="Lg">SHELL SCRIPT</linguagem>
        <linguagem inid="Lg">SQL</linguagem>
      </linguagemLista>
      <tipoProgramaLista>
        <tipoPrograma>
          <codigo inid="Tp">AP-02</codigo>
        </tipoPrograma>
        <tipoPrograma>
          <codigo inid="Tp">AP-03</codigo>
        </tipoPrograma>
        <tipoPrograma>
          <codigo inid="Tp">CD-01</codigo>
        </tipoPrograma>
        <tipoPrograma>
          <codigo inid="Tp">FA-01</codigo>
        </tipoPrograma>
        <tipoPrograma>
          <codigo inid="Tp">GI-01</codigo>
        </tipoPrograma>
        <tipoPrograma>
          <codigo inid="Tp">SO-05</codigo>
        </tipoPrograma>
      </tipoProgramaLista>
      <titularLista>
        <titular sequencia="1" inid="73">
          <nome>I T I - INTELIGENCIA EM TECNOLOGIA DA INFORMACAO LTDA ME</nome>
        </titular>
      </titularLista>
      <criadorLista>
        <criador sequencia="1" inid="Cr">
          <nome>JAMIL ALEXANDRE BONACIN</nome>
        </criador>
      </criadorLista>
    </processo-programa>
  </despacho>
  <despacho>
    <codigo>730</codigo>
    <titulo>Expedição do Certificado de Registro</titulo>
    <processo-programa>
      <numero inid="Np">BR 51 2022 000408-9</numero>
      <titulo inid="54">GESTHOR PRIME</titulo>
      <dataCriacao inid="Dl">05/04/2010</dataCriacao>
      <campoAplicacaoLista>
        <campoAplicacao>
          <codigo inid="Cp">AD-05</codigo>
        </campoAplicacao>
        <campoAplicacao>
          <codigo inid="Cp">AD-06</codigo>
        </campoAplicacao>
        <campoAplicacao>
          <codigo inid="Cp">AD-08</codigo>
        </campoAplicacao>
        <campoAplicacao>
          <codigo inid="Cp">AD-09</codigo>
        </campoAplicacao>
        <campoAplicacao>
          <codigo inid="Cp">FN-06</codigo>
        </campoAplicacao>
      </campoAplicacaoLista>
      <linguagemLista>
        <linguagem inid="Lg">DELPHI</linguagem>
      </linguagemLista>
      <tipoProgramaLista>
        <tipoPrograma>
          <codigo inid="Tp">AP-05</codigo>
        </tipoPrograma>
        <tipoPrograma>
          <codigo inid="Tp">AT-02</codigo>
        </tipoPrograma>
        <tipoPrograma>
          <codigo inid="Tp">AT-03</codigo>
        </tipoPrograma>
        <tipoPrograma>
          <codigo inid="Tp">AT-05</codigo>
        </tipoPrograma>
        <tipoPrograma>
          <codigo inid="Tp">GI-01</codigo>
        </tipoPrograma>
      </tipoProgramaLista>
      <titularLista>
        <titular sequencia="1" inid="73">
          <nome>QI SERVICOS ADMINISTRATIVOS LTDA</nome>
        </titular>
      </titularLista>
      <criadorLista>
        <criador sequencia="1" inid="Cr">
          <nome>WELIGNTON TEXEIRA SNTOS</nome>
        </criador>
      </criadorLista>
    </processo-programa>
  </despacho>
  <despacho>
    <codigo>730</codigo>
    <titulo>Expedição do Certificado de Registro</titulo>
    <processo-programa>
      <numero inid="Np">BR 51 2022 000409-7</numero>
      <titulo inid="54">ProbabilidArte</titulo>
      <dataCriacao inid="Dl">10/07/2021</dataCriacao>
      <campoAplicacaoLista>
        <campoAplicacao>
          <codigo inid="Cp">ED-01</codigo>
        </campoAplicacao>
        <campoAplicacao>
          <codigo inid="Cp">ED-06</codigo>
        </campoAplicacao>
      </campoAplicacaoLista>
      <linguagemLista>
        <linguagem inid="Lg">C#</linguagem>
      </linguagemLista>
      <tipoProgramaLista>
        <tipoPrograma>
          <codigo inid="Tp">AP-01</codigo>
        </tipoPrograma>
        <tipoPrograma>
          <codigo inid="Tp">ET-01</codigo>
        </tipoPrograma>
        <tipoPrograma>
          <codigo inid="Tp">ET-02</codigo>
        </tipoPrograma>
        <tipoPrograma>
          <codigo inid="Tp">FA-01</codigo>
        </tipoPrograma>
      </tipoProgramaLista>
      <titularLista>
        <titular sequencia="1" inid="73">
          <nome>UNIVERSIDADE FEDERAL DE PERNAMBUCO</nome>
        </titular>
      </titularLista>
      <criadorLista>
        <criador sequencia="1" inid="Cr">
          <nome>ALEX SANDRO GOMES</nome>
        </criador>
        <criador sequencia="2" inid="Cr">
          <nome>ANGÉLICA PORTO CAVALCANTI DE SOUZA</nome>
        </criador>
        <criador sequencia="3" inid="Cr">
          <nome>ANNY MARGARETT FERNANDES DE MELO</nome>
        </criador>
        <criador sequencia="4" inid="Cr">
          <nome>BEATRIZ GONDIM LUNA</nome>
        </criador>
        <criador sequencia="5" inid="Cr">
          <nome>CARLOS JOSÉ PEREIRA DA SILVA</nome>
        </criador>
        <criador sequencia="6" inid="Cr">
          <nome>DJALMA FERNANDES DA SILVA NETO</nome>
        </criador>
        <criador sequencia="7" inid="Cr">
          <nome>ERIK DE GOUVEIA ZAMBOM</nome>
        </criador>
        <criador sequencia="8" inid="Cr">
          <nome>FLÁVIO VINÍCIUS VIANA DE HOLANDA</nome>
        </criador>
        <criador sequencia="9" inid="Cr">
          <nome>GUILHERME AUGUSTO CAMPOS DE MELO</nome>
        </criador>
        <criador sequencia="10" inid="Cr">
          <nome>HENRIQUE ANDRADE MARIZ</nome>
        </criador>
        <criador sequencia="11" inid="Cr">
          <nome>IVAN NEVES SILVEIRA BANDEIRA DE SOUZA</nome>
        </criador>
        <criador sequencia="12" inid="Cr">
          <nome>JOSÉ WILSON PEREIRA</nome>
        </criador>
        <criador sequencia="13" inid="Cr">
          <nome>JOÃO VICTOR DA SILVA GABRIEL</nome>
        </criador>
        <criador sequencia="14" inid="Cr">
          <nome>JOÃO VICTOR DA SILVA GABRIEL</nome>
        </criador>
        <criador sequencia="15" inid="Cr">
          <nome>LAURA DE MORAES SOBREIRA GUEDES</nome>
        </criador>
        <criador sequencia="16" inid="Cr">
          <nome>LEANDRO MARQUES QUEIROS</nome>
        </criador>
        <criador sequencia="17" inid="Cr">
          <nome>LEOPOLDO MOTTA TEIXEIRA</nome>
        </criador>
        <criador sequencia="18" inid="Cr">
          <nome>MARIA OLIVIA DE FIGUEIREDO QUEIROGA</nome>
        </criador>
        <criador sequencia="19" inid="Cr">
          <nome>MARIANA PORTO DE QUEIROZ</nome>
        </criador>
        <criador sequencia="20" inid="Cr">
          <nome>MATHEUS BELFORT DE MOURA TORRES</nome>
        </criador>
        <criador sequencia="21" inid="Cr">
          <nome>RICARDO MASSA FERREIRA LIMA</nome>
        </criador>
        <criador sequencia="22" inid="Cr">
          <nome>TALES TOMAZ ALVES</nome>
        </criador>
        <criador sequencia="23" inid="Cr">
          <nome>TIAGO JOSÉ DIMAS DIAS NOGUEIRA</nome>
        </criador>
      </criadorLista>
    </processo-programa>
  </despacho>
  <despacho>
    <codigo>730</codigo>
    <titulo>Expedição do Certificado de Registro</titulo>
    <processo-programa>
      <numero inid="Np">BR 51 2022 000410-0</numero>
      <titulo inid="54">pH Puzzle</titulo>
      <dataCriacao inid="Dl">10/07/2021</dataCriacao>
      <campoAplicacaoLista>
        <campoAplicacao>
          <codigo inid="Cp">ED-01</codigo>
        </campoAplicacao>
        <campoAplicacao>
          <codigo inid="Cp">ED-06</codigo>
        </campoAplicacao>
      </campoAplicacaoLista>
      <linguagemLista>
        <linguagem inid="Lg">C#</linguagem>
      </linguagemLista>
      <tipoProgramaLista>
        <tipoPrograma>
          <codigo inid="Tp">AP-01</codigo>
        </tipoPrograma>
        <tipoPrograma>
          <codigo inid="Tp">ET-01</codigo>
        </tipoPrograma>
        <tipoPrograma>
          <codigo inid="Tp">ET-02</codigo>
        </tipoPrograma>
        <tipoPrograma>
          <codigo inid="Tp">FA-01</codigo>
        </tipoPrograma>
      </tipoProgramaLista>
      <titularLista>
        <titular sequencia="1" inid="73">
          <nome>UNIVERSIDADE FEDERAL DE PERNAMBUCO</nome>
        </titular>
      </titularLista>
      <criadorLista>
        <criador sequencia="1" inid="Cr">
          <nome>ALEX SANDRO GOMES</nome>
        </criador>
        <criador sequencia="2" inid="Cr">
          <nome>ANGÉLICA PORTO CAVALCANTI DE SOUZA</nome>
        </criador>
        <criador sequencia="3" inid="Cr">
          <nome>ANNY MARGARETT FERNANDES DE MELO</nome>
        </criador>
        <criador sequencia="4" inid="Cr">
          <nome>BEATRIZ GONDIM LUNA</nome>
        </criador>
        <criador sequencia="5" inid="Cr">
          <nome>CARLOS JOSÉ PEREIRA DA SILVA</nome>
        </criador>
        <criador sequencia="6" inid="Cr">
          <nome>DJALMA FERNANDES DA SILVA NETO</nome>
        </criador>
        <criador sequencia="7" inid="Cr">
          <nome>ERIK DE GOUVEIA ZAMBOM</nome>
        </criador>
        <criador sequencia="8" inid="Cr">
          <nome>FLÁVIO VINÍCIUS VIANA DE HOLANDA</nome>
        </criador>
        <criador sequencia="9" inid="Cr">
          <nome>GUILHERME AUGUSTO CAMPOS DE MELO</nome>
        </criador>
        <criador sequencia="10" inid="Cr">
          <nome>HENRIQUE ANDRADE MARIZ</nome>
        </criador>
        <criador sequencia="11" inid="Cr">
          <nome>IVAN NEVES SILVEIRA BANDEIRA DE SOUZA</nome>
        </criador>
        <criador sequencia="12" inid="Cr">
          <nome>JOSÉ WILSON PEREIRA</nome>
        </criador>
        <criador sequencia="13" inid="Cr">
          <nome>JOÃO VICTOR DA SILVA GABRIEL</nome>
        </criador>
        <criador sequencia="14" inid="Cr">
          <nome>JOÃO VICTOR DA SILVA GABRIEL</nome>
        </criador>
        <criador sequencia="15" inid="Cr">
          <nome>LAURA DE MORAES SOBREIRA GUEDES</nome>
        </criador>
        <criador sequencia="16" inid="Cr">
          <nome>LEANDRO MARQUES QUEIROS</nome>
        </criador>
        <criador sequencia="17" inid="Cr">
          <nome>LEOPOLDO MOTTA TEIXEIRA</nome>
        </criador>
        <criador sequencia="18" inid="Cr">
          <nome>MARIA OLIVIA DE FIGUEIREDO QUEIROGA</nome>
        </criador>
        <criador sequencia="19" inid="Cr">
          <nome>MARIANA PORTO DE QUEIROZ</nome>
        </criador>
        <criador sequencia="20" inid="Cr">
          <nome>MATHEUS BELFORT DE MOURA TORRES</nome>
        </criador>
        <criador sequencia="21" inid="Cr">
          <nome>RICARDO MASSA FERREIRA LIMA</nome>
        </criador>
        <criador sequencia="22" inid="Cr">
          <nome>TALES TOMAZ ALVES</nome>
        </criador>
        <criador sequencia="23" inid="Cr">
          <nome>TIAGO JOSÉ DIMAS DIAS NOGUEIRA</nome>
        </criador>
      </criadorLista>
    </processo-programa>
  </despacho>
  <despacho>
    <codigo>730</codigo>
    <titulo>Expedição do Certificado de Registro</titulo>
    <processo-programa>
      <numero inid="Np">BR 51 2022 000411-9</numero>
      <titulo inid="54">Acumulus</titulo>
      <dataCriacao inid="Dl">30/07/2021</dataCriacao>
      <campoAplicacaoLista>
        <campoAplicacao>
          <codigo inid="Cp">ED-01</codigo>
        </campoAplicacao>
        <campoAplicacao>
          <codigo inid="Cp">ED-06</codigo>
        </campoAplicacao>
      </campoAplicacaoLista>
      <linguagemLista>
        <linguagem inid="Lg">C#</linguagem>
      </linguagemLista>
      <tipoProgramaLista>
        <tipoPrograma>
          <codigo inid="Tp">AP-01</codigo>
        </tipoPrograma>
        <tipoPrograma>
          <codigo inid="Tp">ET-01</codigo>
        </tipoPrograma>
        <tipoPrograma>
          <codigo inid="Tp">ET-02</codigo>
        </tipoPrograma>
        <tipoPrograma>
          <codigo inid="Tp">FA-01</codigo>
        </tipoPrograma>
      </tipoProgramaLista>
      <titularLista>
        <titular sequencia="1" inid="73">
          <nome>UNIVERSIDADE FEDERAL DE PERNAMBUCO</nome>
        </titular>
      </titularLista>
      <criadorLista>
        <criador sequencia="1" inid="Cr">
          <nome>ALEX SANDRO GOMES</nome>
        </criador>
        <criador sequencia="2" inid="Cr">
          <nome>ANGÉLICA PORTO CAVALCANTI DE SOUZA</nome>
        </criador>
        <criador sequencia="3" inid="Cr">
          <nome>ANNY MARGARETT FERNANDES DE MELO</nome>
        </criador>
        <criador sequencia="4" inid="Cr">
          <nome>BEATRIZ GONDIM LUNA</nome>
        </criador>
        <criador sequencia="5" inid="Cr">
          <nome>CARLOS JOSÉ PEREIRA DA SILVA</nome>
        </criador>
        <criador sequencia="6" inid="Cr">
          <nome>DJALMA FERNANDES DA SILVA NETO</nome>
        </criador>
        <criador sequencia="7" inid="Cr">
          <nome>ERIK DE GOUVEIA ZAMBOM</nome>
        </criador>
        <criador sequencia="8" inid="Cr">
          <nome>FLÁVIO VINÍCIUS VIANA DE HOLANDA</nome>
        </criador>
        <criador sequencia="9" inid="Cr">
          <nome>GUILHERME AUGUSTO CAMPOS DE MELO</nome>
        </criador>
        <criador sequencia="10" inid="Cr">
          <nome>HENRIQUE ANDRADE MARIZ</nome>
        </criador>
        <criador sequencia="11" inid="Cr">
          <nome>IVAN NEVES SILVEIRA BANDEIRA DE SOUZA</nome>
        </criador>
        <criador sequencia="12" inid="Cr">
          <nome>JOSÉ WILSON PEREIRA</nome>
        </criador>
        <criador sequencia="13" inid="Cr">
          <nome>JOÃO VICTOR DA SILVA GABRIEL</nome>
        </criador>
        <criador sequencia="14" inid="Cr">
          <nome>JOÃO VICTOR DA SILVA GABRIEL</nome>
        </criador>
        <criador sequencia="15" inid="Cr">
          <nome>LAURA DE MORAES SOBREIRA GUEDES</nome>
        </criador>
        <criador sequencia="16" inid="Cr">
          <nome>LEANDRO MARQUES QUEIROS</nome>
        </criador>
        <criador sequencia="17" inid="Cr">
          <nome>LEOPOLDO MOTTA TEIXEIRA</nome>
        </criador>
        <criador sequencia="18" inid="Cr">
          <nome>MARIA OLIVIA DE FIGUEIREDO QUEIROGA</nome>
        </criador>
        <criador sequencia="19" inid="Cr">
          <nome>MARIANA PORTO DE QUEIROZ</nome>
        </criador>
        <criador sequencia="20" inid="Cr">
          <nome>MATHEUS BELFORT DE MOURA TORRES</nome>
        </criador>
        <criador sequencia="21" inid="Cr">
          <nome>RICARDO MASSA FERREIRA LIMA</nome>
        </criador>
        <criador sequencia="22" inid="Cr">
          <nome>TALES TOMAZ ALVES</nome>
        </criador>
        <criador sequencia="23" inid="Cr">
          <nome>TIAGO JOSÉ DIMAS DIAS NOGUEIRA</nome>
        </criador>
        <criador sequencia="24" inid="Cr">
          <nome>ÁTILA VALGUEIRO MALTA MOREIRA</nome>
        </criador>
        <criador sequencia="25" inid="Cr">
          <nome>ÁTILA VALGUEIRO MALTA MOREIRA</nome>
        </criador>
        <criador sequencia="26" inid="Cr">
          <nome>ÁTILA VALGUEIRO MALTA MOREIRA</nome>
        </criador>
        <criador sequencia="27" inid="Cr">
          <nome>ÁTILA VALGUEIRO MALTA MOREIRA</nome>
        </criador>
        <criador sequencia="28" inid="Cr">
          <nome>ÁTILA VALGUEIRO MALTA MOREIRA</nome>
        </criador>
        <criador sequencia="29" inid="Cr">
          <nome>ÁTILA VALGUEIRO MALTA MOREIRA</nome>
        </criador>
        <criador sequencia="30" inid="Cr">
          <nome>ÁTILA VALGUEIRO MALTA MOREIRA</nome>
        </criador>
        <criador sequencia="31" inid="Cr">
          <nome>ÁTILA VALGUEIRO MALTA MOREIRA</nome>
        </criador>
      </criadorLista>
    </processo-programa>
  </despacho>
  <despacho>
    <codigo>730</codigo>
    <titulo>Expedição do Certificado de Registro</titulo>
    <processo-programa>
      <numero inid="Np">BR 51 2022 000412-7</numero>
      <titulo inid="54">Pós processamento de escoamentos complexos em python, uma alternativa para o tratamento de dados</titulo>
      <dataCriacao inid="Dl">15/11/2021</dataCriacao>
      <campoAplicacaoLista>
        <campoAplicacao>
          <codigo inid="Cp">IN-03</codigo>
        </campoAplicacao>
      </campoAplicacaoLista>
      <linguagemLista>
        <linguagem inid="Lg">PYTHON</linguagem>
      </linguagemLista>
      <tipoProgramaLista>
        <tipoPrograma>
          <codigo inid="Tp">SM-01</codigo>
        </tipoPrograma>
      </tipoProgramaLista>
      <titularLista>
        <titular sequencia="1" inid="73">
          <nome>UNIVERSIDADE FEDERAL DO RIO DE JANEIRO</nome>
        </titular>
      </titularLista>
      <criadorLista>
        <criador sequencia="1" inid="Cr">
          <nome>RAQUEL JAHARA LOBOSCO</nome>
        </criador>
      </criadorLista>
    </processo-programa>
  </despacho>
  <despacho>
    <codigo>730</codigo>
    <titulo>Expedição do Certificado de Registro</titulo>
    <processo-programa>
      <numero inid="Np">BR 51 2022 000413-5</numero>
      <titulo inid="54">iCods</titulo>
      <dataCriacao inid="Dl">01/01/2021</dataCriacao>
      <campoAplicacaoLista>
        <campoAplicacao>
          <codigo inid="Cp">CO-04</codigo>
        </campoAplicacao>
      </campoAplicacaoLista>
      <linguagemLista>
        <linguagem inid="Lg">CSS</linguagem>
        <linguagem inid="Lg">JAVA</linguagem>
        <linguagem inid="Lg">JAVA SCRIPT</linguagem>
        <linguagem inid="Lg">NODEJS</linguagem>
        <linguagem inid="Lg">OUTROS</linguagem>
        <linguagem inid="Lg">RUBY</linguagem>
      </linguagemLista>
      <tipoProgramaLista>
        <tipoPrograma>
          <codigo inid="Tp">AP-01</codigo>
        </tipoPrograma>
        <tipoPrograma>
          <codigo inid="Tp">SO-04</codigo>
        </tipoPrograma>
      </tipoProgramaLista>
      <titularLista>
        <titular sequencia="1" inid="73">
          <nome>FREDERICO FONSECA CAMPOS</nome>
        </titular>
        <titular sequencia="2" inid="73">
          <nome>JÚLIO RAPHAEL DE OLIVEIRA SILVA</nome>
        </titular>
        <titular sequencia="3" inid="73">
          <nome>LUCAS MOREIRA E SILVA ALVES</nome>
        </titular>
      </titularLista>
      <criadorLista>
        <criador sequencia="1" inid="Cr">
          <nome>LUCAS DE LIMA DE SOUZA</nome>
        </criador>
        <criador sequencia="2" inid="Cr">
          <nome>MARCELO ALVES GOMES</nome>
        </criador>
        <criador sequencia="3" inid="Cr">
          <nome>THOMAS RIBEIRO DE ARAUJO</nome>
        </criador>
      </criadorLista>
    </processo-programa>
  </despacho>
  <despacho>
    <codigo>730</codigo>
    <titulo>Expedição do Certificado de Registro</titulo>
    <processo-programa>
      <numero inid="Np">BR 51 2022 000414-3</numero>
      <titulo inid="54">YTHH22</titulo>
      <dataCriacao inid="Dl">23/02/2022</dataCriacao>
      <campoAplicacaoLista>
        <campoAplicacao>
          <codigo inid="Cp">EN-05</codigo>
        </campoAplicacao>
      </campoAplicacaoLista>
      <linguagemLista>
        <linguagem inid="Lg">C++</linguagem>
      </linguagemLista>
      <tipoProgramaLista>
        <tipoPrograma>
          <codigo inid="Tp">DS-05</codigo>
        </tipoPrograma>
      </tipoProgramaLista>
      <titularLista>
        <titular sequencia="1" inid="73">
          <nome>ALBERTO NOBORU MIYADAIRA</nome>
        </titular>
      </titularLista>
      <criadorLista>
        <criador sequencia="1" inid="Cr">
          <nome>ALBERTO NOBORU MIYADAIRA</nome>
        </criador>
      </criadorLista>
    </processo-programa>
  </despacho>
  <despacho>
    <codigo>730</codigo>
    <titulo>Expedição do Certificado de Registro</titulo>
    <processo-programa>
      <numero inid="Np">BR 51 2022 000415-1</numero>
      <titulo inid="54">Sistema de Controle, Gestão e Operacional para Serviços de Cartórios</titulo>
      <dataCriacao inid="Dl">01/09/2020</dataCriacao>
      <campoAplicacaoLista>
        <campoAplicacao>
          <codigo inid="Cp">EC-04</codigo>
        </campoAplicacao>
        <campoAplicacao>
          <codigo inid="Cp">EC-07</codigo>
        </campoAplicacao>
      </campoAplicacaoLista>
      <linguagemLista>
        <linguagem inid="Lg">NODEJS</linguagem>
      </linguagemLista>
      <tipoProgramaLista>
        <tipoPrograma>
          <codigo inid="Tp">AP-03</codigo>
        </tipoPrograma>
        <tipoPrograma>
          <codigo inid="Tp">AT-01</codigo>
        </tipoPrograma>
        <tipoPrograma>
          <codigo inid="Tp">CT-03</codigo>
        </tipoPrograma>
        <tipoPrograma>
          <codigo inid="Tp">SO-01</codigo>
        </tipoPrograma>
      </tipoProgramaLista>
      <titularLista>
        <titular sequencia="1" inid="73">
          <nome>GUILHERME CAMPANATI CAMILO JORGE</nome>
        </titular>
      </titularLista>
      <criadorLista>
        <criador sequencia="1" inid="Cr">
          <nome>GUILHERME CAMPANATI CAMILO JORGE</nome>
        </criador>
      </criadorLista>
    </processo-programa>
  </despacho>
  <despacho>
    <codigo>730</codigo>
    <titulo>Expedição do Certificado de Registro</titulo>
    <processo-programa>
      <numero inid="Np">BR 51 2022 000416-0</numero>
      <titulo inid="54">Sistema de Classificação Fiscal de Mercadorias</titulo>
      <dataCriacao inid="Dl">01/11/2016</dataCriacao>
      <campoAplicacaoLista>
        <campoAplicacao>
          <codigo inid="Cp">EC-04</codigo>
        </campoAplicacao>
      </campoAplicacaoLista>
      <linguagemLista>
        <linguagem inid="Lg">JAVA</linguagem>
        <linguagem inid="Lg">JAVA SCRIPT</linguagem>
        <linguagem inid="Lg">NODEJS</linguagem>
        <linguagem inid="Lg">OUTROS</linguagem>
        <linguagem inid="Lg">PHP</linguagem>
        <linguagem inid="Lg">POSTGREE SQL</linguagem>
      </linguagemLista>
      <tipoProgramaLista>
        <tipoPrograma>
          <codigo inid="Tp">AP-04</codigo>
        </tipoPrograma>
        <tipoPrograma>
          <codigo inid="Tp">CD-01</codigo>
        </tipoPrograma>
        <tipoPrograma>
          <codigo inid="Tp">TC-01</codigo>
        </tipoPrograma>
      </tipoProgramaLista>
      <titularLista>
        <titular sequencia="1" inid="73">
          <nome>TRIBUTO FÁCIL LTDA</nome>
        </titular>
      </titularLista>
      <criadorLista>
        <criador sequencia="1" inid="Cr">
          <nome>FABIO LUIZ BEZERRA RANGEL COUTINHO</nome>
        </criador>
      </criadorLista>
    </processo-programa>
  </despacho>
  <despacho>
    <codigo>730</codigo>
    <titulo>Expedição do Certificado de Registro</titulo>
    <processo-programa>
      <numero inid="Np">BR 51 2022 000417-8</numero>
      <titulo inid="54">Pró-Reforma</titulo>
      <dataCriacao inid="Dl">01/11/2019</dataCriacao>
      <campoAplicacaoLista>
        <campoAplicacao>
          <codigo inid="Cp">AD-10</codigo>
        </campoAplicacao>
        <campoAplicacao>
          <codigo inid="Cp">CC-01</codigo>
        </campoAplicacao>
        <campoAplicacao>
          <codigo inid="Cp">CC-02</codigo>
        </campoAplicacao>
        <campoAplicacao>
          <codigo inid="Cp">CC-03</codigo>
        </campoAplicacao>
        <campoAplicacao>
          <codigo inid="Cp">CC-06</codigo>
        </campoAplicacao>
        <campoAplicacao>
          <codigo inid="Cp">IF-07</codigo>
        </campoAplicacao>
        <campoAplicacao>
          <codigo inid="Cp">UB-05</codigo>
        </campoAplicacao>
      </campoAplicacaoLista>
      <linguagemLista>
        <linguagem inid="Lg">CSS</linguagem>
        <linguagem inid="Lg">HTML</linguagem>
        <linguagem inid="Lg">JAVA SCRIPT</linguagem>
        <linguagem inid="Lg">NODEJS</linguagem>
        <linguagem inid="Lg">OUTROS</linguagem>
        <linguagem inid="Lg">POSTGREE SQL</linguagem>
      </linguagemLista>
      <tipoProgramaLista>
        <tipoPrograma>
          <codigo inid="Tp">AP-01</codigo>
        </tipoPrograma>
        <tipoPrograma>
          <codigo inid="Tp">GI-02</codigo>
        </tipoPrograma>
        <tipoPrograma>
          <codigo inid="Tp">IA-01</codigo>
        </tipoPrograma>
      </tipoProgramaLista>
      <titularLista>
        <titular sequencia="1" inid="73">
          <nome>CUG CONSULTORIA LTDA</nome>
        </titular>
        <titular sequencia="2" inid="73">
          <nome>SERVIÇO NACIONAL DE APRENDIZAGEM INDUSTRIAL ? DEPARTAMENTO REGIONAL DE PERNAMBUCO ? SENAI/PE</nome>
        </titular>
      </titularLista>
      <criadorLista>
        <criador sequencia="1" inid="Cr">
          <nome>ADRIANO JOSÉ OLIVEIRA GOMES</nome>
        </criador>
        <criador sequencia="2" inid="Cr">
          <nome>ALEX JUVÊNCIO COSTA</nome>
        </criador>
        <criador sequencia="3" inid="Cr">
          <nome>FLÁVIA SCHMIDT DE ANDRADE LIMA</nome>
        </criador>
        <criador sequencia="4" inid="Cr">
          <nome>FLÁVIA SECIOSO ARAÚJO</nome>
        </criador>
        <criador sequencia="5" inid="Cr">
          <nome>GERALDO GOMES DA CRUZ JÚNIOR</nome>
        </criador>
        <criador sequencia="6" inid="Cr">
          <nome>GILSON PEREIRA DE ANDRADE LIMA</nome>
        </criador>
        <criador sequencia="7" inid="Cr">
          <nome>LEANDRO RIBEIRO ESCOBAR</nome>
        </criador>
        <criador sequencia="8" inid="Cr">
          <nome>MILENA SANTOS CABRAL CARNEIRO</nome>
        </criador>
        <criador sequencia="9" inid="Cr">
          <nome>MÁRCIA DANIELLE DE SOUZA SU</nome>
        </criador>
        <criador sequencia="10" inid="Cr">
          <nome>MÁRCIA DANIELLE DE SOUZA SU</nome>
        </criador>
        <criador sequencia="11" inid="Cr">
          <nome>MÁRCIA DANIELLE DE SOUZA SU</nome>
        </criador>
        <criador sequencia="12" inid="Cr">
          <nome>PAULO GUSTAVO LASALVIA JORGE</nome>
        </criador>
        <criador sequencia="13" inid="Cr">
          <nome>REBECA WALTENBERG DE CARVALHO</nome>
        </criador>
        <criador sequencia="14" inid="Cr">
          <nome>RENATO DEYVSON MENDES DA SILVA</nome>
        </criador>
        <criador sequencia="15" inid="Cr">
          <nome>RICHARD MAGALHÃES DE BARROS</nome>
        </criador>
        <criador sequencia="16" inid="Cr">
          <nome>THAYS MELO DE MORAES</nome>
        </criador>
        <criador sequencia="17" inid="Cr">
          <nome>MÁRCIA DANIELLE DE SOUZA SU</nome>
        </criador>
      </criadorLista>
    </processo-programa>
  </despacho>
  <despacho>
    <codigo>730</codigo>
    <titulo>Expedição do Certificado de Registro</titulo>
    <processo-programa>
      <numero inid="Np">BR 51 2022 000418-6</numero>
      <titulo inid="54">Sistema para gerenciamento de pequenas e médias empresas</titulo>
      <dataCriacao inid="Dl">01/01/2010</dataCriacao>
      <campoAplicacaoLista>
        <campoAplicacao>
          <codigo inid="Cp">EC-14</codigo>
        </campoAplicacao>
      </campoAplicacaoLista>
      <linguagemLista>
        <linguagem inid="Lg">.NET</linguagem>
        <linguagem inid="Lg">C#</linguagem>
        <linguagem inid="Lg">HTML</linguagem>
        <linguagem inid="Lg">JSON</linguagem>
        <linguagem inid="Lg">LINQ</linguagem>
        <linguagem inid="Lg">OUTROS</linguagem>
        <linguagem inid="Lg">SQL</linguagem>
      </linguagemLista>
      <tipoProgramaLista>
        <tipoPrograma>
          <codigo inid="Tp">AP-01</codigo>
        </tipoPrograma>
        <tipoPrograma>
          <codigo inid="Tp">AT-03</codigo>
        </tipoPrograma>
        <tipoPrograma>
          <codigo inid="Tp">AT-05</codigo>
        </tipoPrograma>
        <tipoPrograma>
          <codigo inid="Tp">AT-06</codigo>
        </tipoPrograma>
      </tipoProgramaLista>
      <titularLista>
        <titular sequencia="1" inid="73">
          <nome>PEDRO PAULO FABRE JUNIOR</nome>
        </titular>
      </titularLista>
      <criadorLista>
        <criador sequencia="1" inid="Cr">
          <nome>PEDRO PAULO FABRE JUNIOR</nome>
        </criador>
      </criadorLista>
    </processo-programa>
  </despacho>
  <despacho>
    <codigo>730</codigo>
    <titulo>Expedição do Certificado de Registro</titulo>
    <processo-programa>
      <numero inid="Np">BR 51 2022 000419-4</numero>
      <titulo inid="54">SISTEMA DE INTELIGENCIA GEOMODULAR - SIGMOD</titulo>
      <dataCriacao inid="Dl">26/04/2021</dataCriacao>
      <campoAplicacaoLista>
        <campoAplicacao>
          <codigo inid="Cp">AD-01</codigo>
        </campoAplicacao>
        <campoAplicacao>
          <codigo inid="Cp">AD-02</codigo>
        </campoAplicacao>
        <campoAplicacao>
          <codigo inid="Cp">AD-11</codigo>
        </campoAplicacao>
        <campoAplicacao>
          <codigo inid="Cp">AH-01</codigo>
        </campoAplicacao>
        <campoAplicacao>
          <codigo inid="Cp">AH-02</codigo>
        </campoAplicacao>
        <campoAplicacao>
          <codigo inid="Cp">AH-03</codigo>
        </campoAplicacao>
        <campoAplicacao>
          <codigo inid="Cp">AH-04</codigo>
        </campoAplicacao>
        <campoAplicacao>
          <codigo inid="Cp">AH-05</codigo>
        </campoAplicacao>
        <campoAplicacao>
          <codigo inid="Cp">AH-06</codigo>
        </campoAplicacao>
        <campoAplicacao>
          <codigo inid="Cp">AN-01</codigo>
        </campoAplicacao>
        <campoAplicacao>
          <codigo inid="Cp">AN-02</codigo>
        </campoAplicacao>
        <campoAplicacao>
          <codigo inid="Cp">EC-11</codigo>
        </campoAplicacao>
        <campoAplicacao>
          <codigo inid="Cp">FN-01</codigo>
        </campoAplicacao>
        <campoAplicacao>
          <codigo inid="Cp">GC-06</codigo>
        </campoAplicacao>
        <campoAplicacao>
          <codigo inid="Cp">GC-07</codigo>
        </campoAplicacao>
        <campoAplicacao>
          <codigo inid="Cp">GC-08</codigo>
        </campoAplicacao>
        <campoAplicacao>
          <codigo inid="Cp">HB-01</codigo>
        </campoAplicacao>
        <campoAplicacao>
          <codigo inid="Cp">HB-02</codigo>
        </campoAplicacao>
        <campoAplicacao>
          <codigo inid="Cp">IF-02</codigo>
        </campoAplicacao>
        <campoAplicacao>
          <codigo inid="Cp">UB-02</codigo>
        </campoAplicacao>
        <campoAplicacao>
          <codigo inid="Cp">UB-03</codigo>
        </campoAplicacao>
      </campoAplicacaoLista>
      <linguagemLista>
        <linguagem inid="Lg">.NET</linguagem>
        <linguagem inid="Lg">C#</linguagem>
        <linguagem inid="Lg">JAVA SCRIPT</linguagem>
        <linguagem inid="Lg">PHP</linguagem>
      </linguagemLista>
      <tipoProgramaLista>
        <tipoPrograma>
          <codigo inid="Tp">AP-02</codigo>
        </tipoPrograma>
        <tipoPrograma>
          <codigo inid="Tp">AP-03</codigo>
        </tipoPrograma>
        <tipoPrograma>
          <codigo inid="Tp">AP-04</codigo>
        </tipoPrograma>
        <tipoPrograma>
          <codigo inid="Tp">AT-02</codigo>
        </tipoPrograma>
        <tipoPrograma>
          <codigo inid="Tp">FA-01</codigo>
        </tipoPrograma>
        <tipoPrograma>
          <codigo inid="Tp">FA-04</codigo>
        </tipoPrograma>
        <tipoPrograma>
          <codigo inid="Tp">GI-01</codigo>
        </tipoPrograma>
        <tipoPrograma>
          <codigo inid="Tp">GI-04</codigo>
        </tipoPrograma>
        <tipoPrograma>
          <codigo inid="Tp">GI-06</codigo>
        </tipoPrograma>
        <tipoPrograma>
          <codigo inid="Tp">GI-07</codigo>
        </tipoPrograma>
        <tipoPrograma>
          <codigo inid="Tp">PD-02</codigo>
        </tipoPrograma>
        <tipoPrograma>
          <codigo inid="Tp">PD-05</codigo>
        </tipoPrograma>
        <tipoPrograma>
          <codigo inid="Tp">SM-04</codigo>
        </tipoPrograma>
        <tipoPrograma>
          <codigo inid="Tp">SO-05</codigo>
        </tipoPrograma>
        <tipoPrograma>
          <codigo inid="Tp">TC-04</codigo>
        </tipoPrograma>
        <tipoPrograma>
          <codigo inid="Tp">UT-06</codigo>
        </tipoPrograma>
      </tipoProgramaLista>
      <titularLista>
        <titular sequencia="1" inid="73">
          <nome>JBD PRESTADORA DE SERVIÇOS, CONSULTORIA E ASSESSORIA EIRELI</nome>
        </titular>
      </titularLista>
      <criadorLista>
        <criador sequencia="1" inid="Cr">
          <nome>ALAIN FARIAS DE FARIAS</nome>
        </criador>
        <criador sequencia="2" inid="Cr">
          <nome>MARCO COSTA</nome>
        </criador>
      </criadorLista>
    </processo-programa>
  </despacho>
  <despacho>
    <codigo>730</codigo>
    <titulo>Expedição do Certificado de Registro</titulo>
    <processo-programa>
      <numero inid="Np">BR 51 2022 000420-8</numero>
      <titulo inid="54">Croma Dash Engine</titulo>
      <dataCriacao inid="Dl">24/04/2020</dataCriacao>
      <campoAplicacaoLista>
        <campoAplicacao>
          <codigo inid="Cp">BL-07</codigo>
        </campoAplicacao>
        <campoAplicacao>
          <codigo inid="Cp">FQ-06</codigo>
        </campoAplicacao>
        <campoAplicacao>
          <codigo inid="Cp">FQ-14</codigo>
        </campoAplicacao>
        <campoAplicacao>
          <codigo inid="Cp">FQ-15</codigo>
        </campoAplicacao>
        <campoAplicacao>
          <codigo inid="Cp">IN-03</codigo>
        </campoAplicacao>
      </campoAplicacaoLista>
      <linguagemLista>
        <linguagem inid="Lg">PYTHON</linguagem>
      </linguagemLista>
      <tipoProgramaLista>
        <tipoPrograma>
          <codigo inid="Tp">DS-04</codigo>
        </tipoPrograma>
        <tipoPrograma>
          <codigo inid="Tp">IA-02</codigo>
        </tipoPrograma>
        <tipoPrograma>
          <codigo inid="Tp">SM-01</codigo>
        </tipoPrograma>
        <tipoPrograma>
          <codigo inid="Tp">TC-01</codigo>
        </tipoPrograma>
      </tipoProgramaLista>
      <titularLista>
        <titular sequencia="1" inid="73">
          <nome>FUNDAÇÃO UNIVERSIDADE FEDERAL DE SÃO CARLOS</nome>
        </titular>
        <titular sequencia="2" inid="73">
          <nome>KOPP PESQUISA E DESENVOLVIMENTO CIENTIFICO LTDA</nome>
        </titular>
      </titularLista>
      <criadorLista>
        <criador sequencia="1" inid="Cr">
          <nome>FELIPE COELHO VIEIRA</nome>
        </criador>
        <criador sequencia="2" inid="Cr">
          <nome>FELIPE FERNANDO FURLAN</nome>
        </criador>
        <criador sequencia="3" inid="Cr">
          <nome>MARCELO PERENCIN DE ARRUDA RIBEIRO</nome>
        </criador>
        <criador sequencia="4" inid="Cr">
          <nome>THIAGO FAGGION DE PÁDUA</nome>
        </criador>
        <criador sequencia="5" inid="Cr">
          <nome>WILLIAN KOPP</nome>
        </criador>
      </criadorLista>
    </processo-programa>
  </despacho>
</revista>