<revista numero="2489" dataPublicacao="18/09/2018" diretoria="Programa">
  <despacho>
    <codigo>111</codigo>
    <titulo>Despacho Anulado</titulo>
    <processo-programa>
      <numero inid="Np">06958-6</numero>
      <titulo inid="54">SGL SISTEMA DE SEGURANÇA LÓGICA</titulo>
      <titularLista>
        <titular sequencia="1" inid="73">
          <nome>RNWMINERAÇÃO LTDA-ME</nome>
        </titular>
      </titularLista>
    </processo-programa>
    <comentario inid="co">Anulado o despacho 082 , publicado na RPI 2112 por ter sido indevido.</comentario>
  </despacho>
  <despacho>
    <codigo>730</codigo>
    <titulo>Expedição do Certificado de Registro</titulo>
    <processo-programa>
      <numero inid="Np">06958-6</numero>
      <titulo inid="54">SGL SISTEMA DE SEGURANÇA LÓGICA</titulo>
      <dataCriacao inid="Dl">01/04/2000</dataCriacao>
      <campoAplicacaoLista>
        <campoAplicacao>
          <codigo inid="Cp">FN-03</codigo>
        </campoAplicacao>
        <campoAplicacao>
          <codigo inid="Cp">IF-07</codigo>
        </campoAplicacao>
        <campoAplicacao>
          <codigo inid="Cp">IN-01</codigo>
        </campoAplicacao>
        <campoAplicacao>
          <codigo inid="Cp">TC-01</codigo>
        </campoAplicacao>
        <campoAplicacao>
          <codigo inid="Cp">TC-03</codigo>
        </campoAplicacao>
      </campoAplicacaoLista>
      <linguagemLista>
        <linguagem inid="Lg">C</linguagem>
        <linguagem inid="Lg">C++</linguagem>
      </linguagemLista>
      <tipoProgramaLista>
        <tipoPrograma>
          <codigo inid="Tp">AT-05</codigo>
        </tipoPrograma>
      </tipoProgramaLista>
      <titularLista>
        <titular sequencia="1" inid="73">
          <nome>RNWMINERAÇÃO LTDA-ME</nome>
        </titular>
      </titularLista>
      <criadorLista>
        <criador sequencia="1" inid="Cr">
          <nome>FLÁVIA DE CASTRO MENDES MARQUES</nome>
        </criador>
        <criador sequencia="2" inid="Cr">
          <nome>HÉLIO MARQUES SOBRINHO</nome>
        </criador>
      </criadorLista>
    </processo-programa>
  </despacho>
  <despacho>
    <codigo>734</codigo>
    <titulo>Transferência de Titularidade</titulo>
    <processo-programa>
      <numero inid="Np">10705-2</numero>
      <titulo inid="54">SUITE DE PRODUTOS WEBAULA</titulo>
      <titularLista>
        <titular sequencia="1" inid="73">
          <nome>WEBAULA CORPORATIVO E IES PRODUTOS E SERVIÇOS PARA EDUCAÇÃO LTDA</nome>
        </titular>
      </titularLista>
    </processo-programa>
  </despacho>
  <despacho>
    <codigo>734</codigo>
    <titulo>Transferência de Titularidade</titulo>
    <processo-programa>
      <numero inid="Np">14202-3</numero>
      <titulo inid="54">XSOCIAL</titulo>
      <titularLista>
        <titular sequencia="1" inid="73">
          <nome>PADRÃO IX INFORMÁTICA SISTEMAS ABERTOS S/A</nome>
        </titular>
        <titular sequencia="2" inid="73">
          <nome>XYS TECNOLOGIA LTDA</nome>
        </titular>
      </titularLista>
    </processo-programa>
  </despacho>
  <despacho>
    <codigo>734</codigo>
    <titulo>Transferência de Titularidade</titulo>
    <processo-programa>
      <numero inid="Np">BR 51 2015 001511-7</numero>
      <titulo inid="54">ORION PLATAFORM</titulo>
      <titularLista>
        <titular sequencia="1" inid="73">
          <nome>CONECTA COMÉRCIO E SERVIÇOS LTDA.</nome>
        </titular>
      </titularLista>
    </processo-programa>
  </despacho>
  <despacho>
    <codigo>742</codigo>
    <titulo>Petição não conhecida</titulo>
    <processo-programa>
      <numero inid="Np">BR 51 2013 000249-4</numero>
      <titulo inid="54">SOFTWARE DE MONITORAMENTO, COMANDO E CONTROLE REMOTO AVANCADO  DE BLOQUEIO PRISIONAL INTELIGENTE E SISTEMAS INTEGRADOS</titulo>
      <titularLista>
        <titular sequencia="1" inid="73">
          <nome>POLSEC INDÚSTRIA E COMÉRCIO DE EQUIPAMENTOS DE SEGURANÇA LTDA</nome>
        </titular>
      </titularLista>
    </processo-programa>
    <comentario inid="co">Petição não conhecida pelo fato da solicitação de transferência não ter sido feita pelo titular do pedido.</comentario>
  </despacho>
  <despacho>
    <codigo>742</codigo>
    <titulo>Petição não conhecida</titulo>
    <processo-programa>
      <numero inid="Np">BR 51 2015 000490-5</numero>
      <titulo inid="54">SGP - SISTEMA DE GERENCIAMENTO DE PROJETO</titulo>
      <titularLista>
        <titular sequencia="1" inid="73">
          <nome>BIOCOD BIOTECNOLOGIA LTDA.</nome>
        </titular>
      </titularLista>
    </processo-programa>
    <comentario inid="co">Petição não conhecida pelo fato da solicitação de transferência não ter sido feita pelo titular do pedido.</comentario>
  </despacho>
  <despacho>
    <codigo>742</codigo>
    <titulo>Petição não conhecida</titulo>
    <processo-programa>
      <numero inid="Np">BR 51 2016 000129-1</numero>
      <titulo inid="54">SISTEMA SELETIVA</titulo>
      <titularLista>
        <titular sequencia="1" inid="73">
          <nome>SERGIO CLERIO JORGE MOREIRA - ME</nome>
        </titular>
      </titularLista>
    </processo-programa>
    <comentario inid="co">Petição não conhecida , já que o solicitante da mesma não é o titular do pedido</comentario>
  </despacho>
  <despacho>
    <codigo>742</codigo>
    <titulo>Petição não conhecida</titulo>
    <processo-programa>
      <numero inid="Np">BR 51 2017 001032-3</numero>
      <titulo inid="54">HEYB2B</titulo>
      <titularLista>
        <titular sequencia="1" inid="73">
          <nome>MÁXIMA SISTEMAS DE INFORMÁTICA S.A.</nome>
        </titular>
      </titularLista>
    </processo-programa>
    <comentario inid="co">Petição não conhecida pelo fato da solicitação de transferência não ter sido feita pelo titular do pedido.</comentario>
  </despacho>
</revista>