<revista numero="2493" dataPublicacao="16/10/2018" diretoria="Programa">
  <despacho>
    <codigo>111</codigo>
    <titulo>Despacho Anulado</titulo>
    <processo-programa>
      <numero inid="Np">03918-0</numero>
      <titulo inid="54">FLEXSYS</titulo>
      <titularLista>
        <titular sequencia="1" inid="73">
          <nome>838 SOLUÇÕES LTDA</nome>
        </titular>
      </titularLista>
    </processo-programa>
    <comentario inid="co">Anulado o despacho 742 , publicado na RPI 2492 por ter sido indevido.</comentario>
  </despacho>
  <despacho>
    <codigo>111</codigo>
    <titulo>Despacho Anulado</titulo>
    <processo-programa>
      <numero inid="Np">10705-2</numero>
      <titulo inid="54">SUITE DE PRODUTOS WEBAULA</titulo>
      <titularLista>
        <titular sequencia="1" inid="73">
          <nome>WEBAULA - PRODUTOS E SERVIÇOS PARA EDUCAÇÃO S/A</nome>
        </titular>
        <titular sequencia="2" inid="73">
          <nome>WEBAULA CORPORATIVO E IES PRODUTOS E SERVIÇOS PARA EDUCAÇÃO LTDA</nome>
        </titular>
      </titularLista>
    </processo-programa>
    <comentario inid="co">Anulado o despacho 734 publicado na RPI 2489 por ter sido indevido. Anulação do despacho &quot;734 - Transferência de Titularidade&quot; publicado na RPI nº 2489 de 18/09/2018, por ter sido indevido.</comentario>
  </despacho>
  <despacho>
    <codigo>111</codigo>
    <titulo>Despacho Anulado</titulo>
    <processo-programa>
      <numero inid="Np">13770-0</numero>
      <titulo inid="54">INFOBOX</titulo>
      <titularLista>
        <titular sequencia="1" inid="73">
          <nome>SOFTBOX INFORMÁTICA LTDA ME</nome>
        </titular>
      </titularLista>
    </processo-programa>
    <comentario inid="co">Anulado o despacho 742 , publicado na RPI 2490 por ter sido indevido.</comentario>
  </despacho>
  <despacho>
    <codigo>704</codigo>
    <titulo>Transferência de Titularidade</titulo>
    <processo-programa>
      <numero inid="Np">03918-0</numero>
      <titulo inid="54">FLEXSYS</titulo>
      <dataCriacao inid="Dl">20/06/2000</dataCriacao>
      <campoAplicacaoLista>
        <campoAplicacao>
          <codigo inid="Cp">AD-07</codigo>
        </campoAplicacao>
        <campoAplicacao>
          <codigo inid="Cp">PR-01</codigo>
        </campoAplicacao>
        <campoAplicacao>
          <codigo inid="Cp">PR-03</codigo>
        </campoAplicacao>
      </campoAplicacaoLista>
      <linguagemLista>
        <linguagem inid="Lg">ASP</linguagem>
        <linguagem inid="Lg">SQL</linguagem>
        <linguagem inid="Lg">VB</linguagem>
      </linguagemLista>
      <tipoProgramaLista>
        <tipoPrograma>
          <codigo inid="Tp">GI-01</codigo>
        </tipoPrograma>
      </tipoProgramaLista>
      <regimeGuarda inid="Rg">SIGILO</regimeGuarda>
      <titularLista>
        <titular sequencia="1" inid="73">
          <nome>838 SOLUÇÕES LTDA</nome>
        </titular>
      </titularLista>
      <criadorLista>
        <criador sequencia="1" inid="Cr">
          <nome>EDSON RIBEIRO GATTO</nome>
        </criador>
        <criador sequencia="2" inid="Cr">
          <nome>ELAINE CRISTINA CARVALHO</nome>
        </criador>
        <criador sequencia="3" inid="Cr">
          <nome>RICARDO LANEL</nome>
        </criador>
        <criador sequencia="4" inid="Cr">
          <nome>THAIS HELENA PASQUINELLI BLANCO</nome>
        </criador>
      </criadorLista>
      <procuradorLista>
        <procurador sequencia="1" inid="74">
          <nome>ADVOCACIA PIETRO ARIBONI S/C</nome>
        </procurador>
      </procuradorLista>
    </processo-programa>
    <comentario inid="co">ANOTADA A TRANSFERÊNCIA DE TITULARIDADE DE: HEWITT ASSOCIATES S/C LTDA PARA: 838 SOLUÇÕES LTDA</comentario>
  </despacho>
  <despacho>
    <codigo>730</codigo>
    <titulo>Expedição do Certificado de Registro</titulo>
    <processo-programa>
      <numero inid="Np">BR 51 2018 051855-9</numero>
      <titulo inid="54">Helical - G</titulo>
      <dataCriacao inid="Dl">06/10/2018</dataCriacao>
      <campoAplicacaoLista>
        <campoAplicacao>
          <codigo inid="Cp">SM-01</codigo>
        </campoAplicacao>
      </campoAplicacaoLista>
      <linguagemLista>
        <linguagem inid="Lg">HTML</linguagem>
        <linguagem inid="Lg">JAVA SCRIPT</linguagem>
      </linguagemLista>
      <tipoProgramaLista>
        <tipoPrograma>
          <codigo inid="Tp">AP-01</codigo>
        </tipoPrograma>
      </tipoProgramaLista>
      <titularLista>
        <titular sequencia="1" inid="73">
          <nome>CLAINER BRAVIN DONADEL</nome>
        </titular>
        <titular sequencia="2" inid="73">
          <nome>DANIELI SOARES DE OLIVEIRA</nome>
        </titular>
      </titularLista>
      <criadorLista>
        <criador sequencia="1" inid="Cr">
          <nome>CLAINER BRAVIN DONADEL</nome>
        </criador>
        <criador sequencia="2" inid="Cr">
          <nome>DANIELI SOARES DE OLIVEIRA</nome>
        </criador>
      </criadorLista>
    </processo-programa>
  </despacho>
  <despacho>
    <codigo>730</codigo>
    <titulo>Expedição do Certificado de Registro</titulo>
    <processo-programa>
      <numero inid="Np">BR 51 2018 051856-7</numero>
      <titulo inid="54">Mercasy</titulo>
      <dataCriacao inid="Dl">01/09/2016</dataCriacao>
      <campoAplicacaoLista>
        <campoAplicacao>
          <codigo inid="Cp">EC-08</codigo>
        </campoAplicacao>
        <campoAplicacao>
          <codigo inid="Cp">FN-03</codigo>
        </campoAplicacao>
        <campoAplicacao>
          <codigo inid="Cp">FN-05</codigo>
        </campoAplicacao>
        <campoAplicacao>
          <codigo inid="Cp">IF-01</codigo>
        </campoAplicacao>
        <campoAplicacao>
          <codigo inid="Cp">SV-03</codigo>
        </campoAplicacao>
      </campoAplicacaoLista>
      <linguagemLista>
        <linguagem inid="Lg">NODEJS</linguagem>
      </linguagemLista>
      <tipoProgramaLista>
        <tipoPrograma>
          <codigo inid="Tp">AP-01</codigo>
        </tipoPrograma>
        <tipoPrograma>
          <codigo inid="Tp">AP-02</codigo>
        </tipoPrograma>
        <tipoPrograma>
          <codigo inid="Tp">AP-03</codigo>
        </tipoPrograma>
        <tipoPrograma>
          <codigo inid="Tp">AT-03</codigo>
        </tipoPrograma>
        <tipoPrograma>
          <codigo inid="Tp">AT-04</codigo>
        </tipoPrograma>
        <tipoPrograma>
          <codigo inid="Tp">AV-01</codigo>
        </tipoPrograma>
        <tipoPrograma>
          <codigo inid="Tp">CD-01</codigo>
        </tipoPrograma>
        <tipoPrograma>
          <codigo inid="Tp">CD-05</codigo>
        </tipoPrograma>
        <tipoPrograma>
          <codigo inid="Tp">DS-01</codigo>
        </tipoPrograma>
        <tipoPrograma>
          <codigo inid="Tp">FA-01</codigo>
        </tipoPrograma>
        <tipoPrograma>
          <codigo inid="Tp">GI-02</codigo>
        </tipoPrograma>
        <tipoPrograma>
          <codigo inid="Tp">GI-07</codigo>
        </tipoPrograma>
        <tipoPrograma>
          <codigo inid="Tp">GI-08</codigo>
        </tipoPrograma>
        <tipoPrograma>
          <codigo inid="Tp">IA-01</codigo>
        </tipoPrograma>
        <tipoPrograma>
          <codigo inid="Tp">IA-02</codigo>
        </tipoPrograma>
        <tipoPrograma>
          <codigo inid="Tp">IA-03</codigo>
        </tipoPrograma>
        <tipoPrograma>
          <codigo inid="Tp">PD-01</codigo>
        </tipoPrograma>
        <tipoPrograma>
          <codigo inid="Tp">PD-02</codigo>
        </tipoPrograma>
        <tipoPrograma>
          <codigo inid="Tp">PD-03</codigo>
        </tipoPrograma>
        <tipoPrograma>
          <codigo inid="Tp">PD-04</codigo>
        </tipoPrograma>
        <tipoPrograma>
          <codigo inid="Tp">SO-07</codigo>
        </tipoPrograma>
        <tipoPrograma>
          <codigo inid="Tp">TI-03</codigo>
        </tipoPrograma>
        <tipoPrograma>
          <codigo inid="Tp">UT-06</codigo>
        </tipoPrograma>
      </tipoProgramaLista>
      <titularLista>
        <titular sequencia="1" inid="73">
          <nome>LIFENECT DESENVOLVIMENTO DE SOFTWARE LTDA</nome>
        </titular>
      </titularLista>
      <criadorLista>
        <criador sequencia="1" inid="Cr">
          <nome>DANIEL FORTES DOS SANTOS</nome>
        </criador>
      </criadorLista>
    </processo-programa>
  </despacho>
  <despacho>
    <codigo>730</codigo>
    <titulo>Expedição do Certificado de Registro</titulo>
    <processo-programa>
      <numero inid="Np">BR 51 2018 051857-5</numero>
      <titulo inid="54">COIN - Conhecimento Inclusivo</titulo>
      <dataCriacao inid="Dl">22/02/2018</dataCriacao>
      <campoAplicacaoLista>
        <campoAplicacao>
          <codigo inid="Cp">AN-02</codigo>
        </campoAplicacao>
        <campoAplicacao>
          <codigo inid="Cp">CO-04</codigo>
        </campoAplicacao>
        <campoAplicacao>
          <codigo inid="Cp">ED-04</codigo>
        </campoAplicacao>
        <campoAplicacao>
          <codigo inid="Cp">ED-06</codigo>
        </campoAplicacao>
        <campoAplicacao>
          <codigo inid="Cp">IF-07</codigo>
        </campoAplicacao>
      </campoAplicacaoLista>
      <linguagemLista>
        <linguagem inid="Lg">JAVA</linguagem>
      </linguagemLista>
      <tipoProgramaLista>
        <tipoPrograma>
          <codigo inid="Tp">AP-01</codigo>
        </tipoPrograma>
        <tipoPrograma>
          <codigo inid="Tp">DS-07</codigo>
        </tipoPrograma>
        <tipoPrograma>
          <codigo inid="Tp">FA-01</codigo>
        </tipoPrograma>
        <tipoPrograma>
          <codigo inid="Tp">SO-04</codigo>
        </tipoPrograma>
      </tipoProgramaLista>
      <titularLista>
        <titular sequencia="1" inid="73">
          <nome>UNIVERSIDADE FEDERAL DE SANTA CATARINA</nome>
        </titular>
      </titularLista>
      <criadorLista>
        <criador sequencia="1" inid="Cr">
          <nome>RENAN DE PAULA B NDA</nome>
        </criador>
        <criador sequencia="2" inid="Cr">
          <nome>VANIA RIBAS ULBRICHÍ</nome>
        </criador>
      </criadorLista>
    </processo-programa>
  </despacho>
  <despacho>
    <codigo>730</codigo>
    <titulo>Expedição do Certificado de Registro</titulo>
    <processo-programa>
      <numero inid="Np">BR 51 2018 051858-3</numero>
      <titulo inid="54">Simulação - Lançamento Horizontal</titulo>
      <dataCriacao inid="Dl">01/09/2018</dataCriacao>
      <campoAplicacaoLista>
        <campoAplicacao>
          <codigo inid="Cp">CO-02</codigo>
        </campoAplicacao>
        <campoAplicacao>
          <codigo inid="Cp">ED-01</codigo>
        </campoAplicacao>
        <campoAplicacao>
          <codigo inid="Cp">ED-02</codigo>
        </campoAplicacao>
        <campoAplicacao>
          <codigo inid="Cp">ED-04</codigo>
        </campoAplicacao>
      </campoAplicacaoLista>
      <linguagemLista>
        <linguagem inid="Lg">PYTHON</linguagem>
      </linguagemLista>
      <tipoProgramaLista>
        <tipoPrograma>
          <codigo inid="Tp">FA-01</codigo>
        </tipoPrograma>
        <tipoPrograma>
          <codigo inid="Tp">SM-01</codigo>
        </tipoPrograma>
        <tipoPrograma>
          <codigo inid="Tp">SM-02</codigo>
        </tipoPrograma>
      </tipoProgramaLista>
      <titularLista>
        <titular sequencia="1" inid="73">
          <nome>BRUNO OSÓRIO RODRIGUES</nome>
        </titular>
      </titularLista>
      <criadorLista>
        <criador sequencia="1" inid="Cr">
          <nome>BRUNO OSÓRIO RODRIGUES</nome>
        </criador>
        <criador sequencia="2" inid="Cr">
          <nome>PAULA DOS REIS TANNER DE LIMA ALVES</nome>
        </criador>
      </criadorLista>
    </processo-programa>
  </despacho>
  <despacho>
    <codigo>730</codigo>
    <titulo>Expedição do Certificado de Registro</titulo>
    <processo-programa>
      <numero inid="Np">BR 51 2018 051859-1</numero>
      <titulo inid="54">Método para Avaliação de Obsolescência com Base no Tripé da Sustentabilidade</titulo>
      <dataCriacao inid="Dl">08/08/2017</dataCriacao>
      <campoAplicacaoLista>
        <campoAplicacao>
          <codigo inid="Cp">IN-03</codigo>
        </campoAplicacao>
        <campoAplicacao>
          <codigo inid="Cp">IN-05</codigo>
        </campoAplicacao>
      </campoAplicacaoLista>
      <linguagemLista>
        <linguagem inid="Lg">HTML</linguagem>
        <linguagem inid="Lg">JAVA</linguagem>
        <linguagem inid="Lg">JAVA SCRIPT</linguagem>
        <linguagem inid="Lg">MYSQL</linguagem>
      </linguagemLista>
      <tipoProgramaLista>
        <tipoPrograma>
          <codigo inid="Tp">CT-03</codigo>
        </tipoPrograma>
        <tipoPrograma>
          <codigo inid="Tp">DS-04</codigo>
        </tipoPrograma>
        <tipoPrograma>
          <codigo inid="Tp">TC-01</codigo>
        </tipoPrograma>
      </tipoProgramaLista>
      <titularLista>
        <titular sequencia="1" inid="73">
          <nome>UNIVERSIDADE FEDERAL DE SANTA CATARINA</nome>
        </titular>
      </titularLista>
      <criadorLista>
        <criador sequencia="1" inid="Cr">
          <nome>ABNER CANTO PEREIRA</nome>
        </criador>
        <criador sequencia="2" inid="Cr">
          <nome>JOÃO CÁRIES ESPÍNDOLA FERREIRO</nome>
        </criador>
        <criador sequencia="3" inid="Cr">
          <nome>MARCELO NIEHUES SCHLICKMANN</nome>
        </criador>
      </criadorLista>
    </processo-programa>
  </despacho>
  <despacho>
    <codigo>730</codigo>
    <titulo>Expedição do Certificado de Registro</titulo>
    <processo-programa>
      <numero inid="Np">BR 51 2018 051860-5</numero>
      <titulo inid="54">M4DN.IoT - Management for IoT Devices and Networks</titulo>
      <dataCriacao inid="Dl">Não informado</dataCriacao>
      <campoAplicacaoLista>
        <campoAplicacao>
          <codigo inid="Cp">IF-07</codigo>
        </campoAplicacao>
        <campoAplicacao>
          <codigo inid="Cp">IN-02</codigo>
        </campoAplicacao>
      </campoAplicacaoLista>
      <linguagemLista>
        <linguagem inid="Lg">JAVA</linguagem>
        <linguagem inid="Lg">NODEJS</linguagem>
      </linguagemLista>
      <tipoProgramaLista>
        <tipoPrograma>
          <codigo inid="Tp">CD-04</codigo>
        </tipoPrograma>
        <tipoPrograma>
          <codigo inid="Tp">CD-05</codigo>
        </tipoPrograma>
      </tipoProgramaLista>
      <titularLista>
        <titular sequencia="1" inid="73">
          <nome>FUNDAÇÃO INSTITUTO NACIONAL DE TELECOMUNICAÇÕES</nome>
        </titular>
      </titularLista>
      <criadorLista>
        <criador sequencia="1" inid="Cr">
          <nome>JOEL JOSÉ PUGA COELHO RODRIGUES</nome>
        </criador>
        <criador sequencia="2" inid="Cr">
          <nome>JONATHAN DE CARVALHO SILVA</nome>
        </criador>
      </criadorLista>
    </processo-programa>
  </despacho>
  <despacho>
    <codigo>730</codigo>
    <titulo>Expedição do Certificado de Registro</titulo>
    <processo-programa>
      <numero inid="Np">BR 51 2018 051861-3</numero>
      <titulo inid="54">SIGMA - Sistema de Gestão da Mobilidade Acadêmica</titulo>
      <dataCriacao inid="Dl">23/04/2018</dataCriacao>
      <campoAplicacaoLista>
        <campoAplicacao>
          <codigo inid="Cp">AD-02</codigo>
        </campoAplicacao>
        <campoAplicacao>
          <codigo inid="Cp">IF-02</codigo>
        </campoAplicacao>
        <campoAplicacao>
          <codigo inid="Cp">IF-07</codigo>
        </campoAplicacao>
      </campoAplicacaoLista>
      <linguagemLista>
        <linguagem inid="Lg">HTML</linguagem>
        <linguagem inid="Lg">JAVA SCRIPT</linguagem>
        <linguagem inid="Lg">PHP</linguagem>
      </linguagemLista>
      <tipoProgramaLista>
        <tipoPrograma>
          <codigo inid="Tp">FA-01</codigo>
        </tipoPrograma>
        <tipoPrograma>
          <codigo inid="Tp">GI-01</codigo>
        </tipoPrograma>
        <tipoPrograma>
          <codigo inid="Tp">GI-04</codigo>
        </tipoPrograma>
      </tipoProgramaLista>
      <titularLista>
        <titular sequencia="1" inid="73">
          <nome>UNIVERSIDADE FEDERAL DE SANTA CATARINA</nome>
        </titular>
      </titularLista>
      <criadorLista>
        <criador sequencia="1" inid="Cr">
          <nome>LIDIANE VISINTIN</nome>
        </criador>
        <criador sequencia="2" inid="Cr">
          <nome>LUCIANE STALLIVIEIRI</nome>
        </criador>
        <criador sequencia="3" inid="Cr">
          <nome>MURILO SILVEIRA GOMES</nome>
        </criador>
      </criadorLista>
    </processo-programa>
  </despacho>
  <despacho>
    <codigo>730</codigo>
    <titulo>Expedição do Certificado de Registro</titulo>
    <processo-programa>
      <numero inid="Np">BR 51 2018 051862-1</numero>
      <titulo inid="54">In.IoT</titulo>
      <dataCriacao inid="Dl">Não informado</dataCriacao>
      <campoAplicacaoLista>
        <campoAplicacao>
          <codigo inid="Cp">AG-01</codigo>
        </campoAplicacao>
        <campoAplicacao>
          <codigo inid="Cp">AH-06</codigo>
        </campoAplicacao>
        <campoAplicacao>
          <codigo inid="Cp">AN-01</codigo>
        </campoAplicacao>
        <campoAplicacao>
          <codigo inid="Cp">CC-01</codigo>
        </campoAplicacao>
        <campoAplicacao>
          <codigo inid="Cp">EN-01</codigo>
        </campoAplicacao>
        <campoAplicacao>
          <codigo inid="Cp">IN-01</codigo>
        </campoAplicacao>
        <campoAplicacao>
          <codigo inid="Cp">MA-02</codigo>
        </campoAplicacao>
        <campoAplicacao>
          <codigo inid="Cp">PD-01</codigo>
        </campoAplicacao>
      </campoAplicacaoLista>
      <linguagemLista>
        <linguagem inid="Lg">JAVA</linguagem>
      </linguagemLista>
      <tipoProgramaLista>
        <tipoPrograma>
          <codigo inid="Tp">GI-01</codigo>
        </tipoPrograma>
        <tipoPrograma>
          <codigo inid="Tp">GI-04</codigo>
        </tipoPrograma>
        <tipoPrograma>
          <codigo inid="Tp">SO-06</codigo>
        </tipoPrograma>
      </tipoProgramaLista>
      <titularLista>
        <titular sequencia="1" inid="73">
          <nome>FUNDAÇÃO INSTITUTO NACIONAL DE TELECOMUNICAÇÕES</nome>
        </titular>
      </titularLista>
      <criadorLista>
        <criador sequencia="1" inid="Cr">
          <nome>JOEL JOSÉ PUGA COELHO RODRIGUES</nome>
        </criador>
        <criador sequencia="2" inid="Cr">
          <nome>MAURO ALEXANDRE AMARO DA CRUZ</nome>
        </criador>
      </criadorLista>
    </processo-programa>
  </despacho>
  <despacho>
    <codigo>730</codigo>
    <titulo>Expedição do Certificado de Registro</titulo>
    <processo-programa>
      <numero inid="Np">BR 51 2018 051863-0</numero>
      <titulo inid="54">Classe para criação, leitura, modificação e apagamento de lista de agendamento de eventos em memória não volátil</titulo>
      <dataCriacao inid="Dl">06/11/2017</dataCriacao>
      <campoAplicacaoLista>
        <campoAplicacao>
          <codigo inid="Cp">TC-02</codigo>
        </campoAplicacao>
      </campoAplicacaoLista>
      <linguagemLista>
        <linguagem inid="Lg">C</linguagem>
      </linguagemLista>
      <tipoProgramaLista>
        <tipoPrograma>
          <codigo inid="Tp">GI-01</codigo>
        </tipoPrograma>
        <tipoPrograma>
          <codigo inid="Tp">SO-07</codigo>
        </tipoPrograma>
      </tipoProgramaLista>
      <titularLista>
        <titular sequencia="1" inid="73">
          <nome>FUNDAÇÃO INSTITUTO NACIONAL DE TELECOMUNICAÇÕES</nome>
        </titular>
        <titular sequencia="2" inid="73">
          <nome>MULTILASER INDUSTRIAL S.A.</nome>
        </titular>
      </titularLista>
      <criadorLista>
        <criador sequencia="1" inid="Cr">
          <nome>MATHEUS DA COSTA DE SOUZA</nome>
        </criador>
      </criadorLista>
    </processo-programa>
  </despacho>
  <despacho>
    <codigo>730</codigo>
    <titulo>Expedição do Certificado de Registro</titulo>
    <processo-programa>
      <numero inid="Np">BR 51 2018 051864-8</numero>
      <titulo inid="54">Classe de controle do Módulo Quectel M95 non-blocking sem sistema preemptivo</titulo>
      <dataCriacao inid="Dl">Não informado</dataCriacao>
      <campoAplicacaoLista>
        <campoAplicacao>
          <codigo inid="Cp">TC-02</codigo>
        </campoAplicacao>
      </campoAplicacaoLista>
      <linguagemLista>
        <linguagem inid="Lg">C</linguagem>
      </linguagemLista>
      <tipoProgramaLista>
        <tipoPrograma>
          <codigo inid="Tp">CD-04</codigo>
        </tipoPrograma>
        <tipoPrograma>
          <codigo inid="Tp">SO-02</codigo>
        </tipoPrograma>
        <tipoPrograma>
          <codigo inid="Tp">SO-04</codigo>
        </tipoPrograma>
        <tipoPrograma>
          <codigo inid="Tp">SO-06</codigo>
        </tipoPrograma>
        <tipoPrograma>
          <codigo inid="Tp">SO-07</codigo>
        </tipoPrograma>
        <tipoPrograma>
          <codigo inid="Tp">UT-01</codigo>
        </tipoPrograma>
      </tipoProgramaLista>
      <titularLista>
        <titular sequencia="1" inid="73">
          <nome>FUNDAÇÃO INSTITUTO NACIONAL DE TELECOMUNICAÇÕES</nome>
        </titular>
        <titular sequencia="2" inid="73">
          <nome>MULTILASER INDUSTRIAL S/A</nome>
        </titular>
      </titularLista>
      <criadorLista>
        <criador sequencia="1" inid="Cr">
          <nome>MATHEUS DA COSTA DE SOUZA</nome>
        </criador>
      </criadorLista>
    </processo-programa>
  </despacho>
  <despacho>
    <codigo>730</codigo>
    <titulo>Expedição do Certificado de Registro</titulo>
    <processo-programa>
      <numero inid="Np">BR 51 2018 051865-6</numero>
      <titulo inid="54">Sispat Imóveis</titulo>
      <dataCriacao inid="Dl">10/02/2016</dataCriacao>
      <campoAplicacaoLista>
        <campoAplicacao>
          <codigo inid="Cp">AD-04</codigo>
        </campoAplicacao>
        <campoAplicacao>
          <codigo inid="Cp">FN-05</codigo>
        </campoAplicacao>
        <campoAplicacao>
          <codigo inid="Cp">FN-06</codigo>
        </campoAplicacao>
      </campoAplicacaoLista>
      <linguagemLista>
        <linguagem inid="Lg">JAVA</linguagem>
      </linguagemLista>
      <tipoProgramaLista>
        <tipoPrograma>
          <codigo inid="Tp">AP-01</codigo>
        </tipoPrograma>
        <tipoPrograma>
          <codigo inid="Tp">AP-03</codigo>
        </tipoPrograma>
        <tipoPrograma>
          <codigo inid="Tp">AP-04</codigo>
        </tipoPrograma>
        <tipoPrograma>
          <codigo inid="Tp">AP-05</codigo>
        </tipoPrograma>
      </tipoProgramaLista>
      <titularLista>
        <titular sequencia="1" inid="73">
          <nome>EMPRESA DE TECNOLOGIA DA INFORMACAO E COMUNICACAO DO ESTADO DO PARA - PRODEPA</nome>
        </titular>
      </titularLista>
      <criadorLista>
        <criador sequencia="1" inid="Cr">
          <nome>ALAN MICHEL CORDEIRO AMARAL</nome>
        </criador>
        <criador sequencia="2" inid="Cr">
          <nome>ANTÔNIO RODRIGUES DE CASTRO JÚNIOR</nome>
        </criador>
        <criador sequencia="3" inid="Cr">
          <nome>CRISTINA DE CÁSSIA FONSECA DA SILVA</nome>
        </criador>
        <criador sequencia="4" inid="Cr">
          <nome>EVANDRO CARLOS DE MORAES PAES</nome>
        </criador>
        <criador sequencia="5" inid="Cr">
          <nome>HARLEY OLIVEIRA DE ABREU</nome>
        </criador>
        <criador sequencia="6" inid="Cr">
          <nome>IZABEL CRISTINA TAVARES TADAIESKY</nome>
        </criador>
        <criador sequencia="7" inid="Cr">
          <nome>JOSÉ AUGUSTO DA SILVA FERNANDES</nome>
        </criador>
        <criador sequencia="8" inid="Cr">
          <nome>LUIZ CARLOS CHAVES DA CUNHA</nome>
        </criador>
        <criador sequencia="9" inid="Cr">
          <nome>MARCOS VENÍCIOS CONCEIÇÃO DE ARAÚJO</nome>
        </criador>
        <criador sequencia="10" inid="Cr">
          <nome>MASAO IIDA</nome>
        </criador>
        <criador sequencia="11" inid="Cr">
          <nome>ODLANIGER LOURENCO DAMACENO MONTEIRO</nome>
        </criador>
        <criador sequencia="12" inid="Cr">
          <nome>PAULO ANDRE PEREIRA DE MIRANDA</nome>
        </criador>
        <criador sequencia="13" inid="Cr">
          <nome>RAFAEL SOUSA DE FREITAS</nome>
        </criador>
        <criador sequencia="14" inid="Cr">
          <nome>RENATA WARISS MONTEIRO</nome>
        </criador>
        <criador sequencia="15" inid="Cr">
          <nome>ROBERTO MASAO OYA</nome>
        </criador>
        <criador sequencia="16" inid="Cr">
          <nome>TATIANE BOTELHO BORGES</nome>
        </criador>
        <criador sequencia="17" inid="Cr">
          <nome>THEO CARLOS FLEXA RIBEIRO PIRES</nome>
        </criador>
      </criadorLista>
    </processo-programa>
  </despacho>
  <despacho>
    <codigo>730</codigo>
    <titulo>Expedição do Certificado de Registro</titulo>
    <processo-programa>
      <numero inid="Np">BR 51 2018 051866-4</numero>
      <titulo inid="54">Classe de adaptação de API socket TCP parcialmente compatível com a interface &quot;raw API&quot; da pilha LWIP</titulo>
      <dataCriacao inid="Dl">Não informado</dataCriacao>
      <campoAplicacaoLista>
        <campoAplicacao>
          <codigo inid="Cp">TC-02</codigo>
        </campoAplicacao>
      </campoAplicacaoLista>
      <linguagemLista>
        <linguagem inid="Lg">C</linguagem>
      </linguagemLista>
      <tipoProgramaLista>
        <tipoPrograma>
          <codigo inid="Tp">CD-05</codigo>
        </tipoPrograma>
        <tipoPrograma>
          <codigo inid="Tp">SO-04</codigo>
        </tipoPrograma>
        <tipoPrograma>
          <codigo inid="Tp">SO-07</codigo>
        </tipoPrograma>
      </tipoProgramaLista>
      <titularLista>
        <titular sequencia="1" inid="73">
          <nome>FUNDAÇÃO INSTITUTO NACIONAL DE TELECOMUNICAÇÕES</nome>
        </titular>
        <titular sequencia="2" inid="73">
          <nome>MULTILASER INDUSTRIAL S/A</nome>
        </titular>
      </titularLista>
      <criadorLista>
        <criador sequencia="1" inid="Cr">
          <nome>MATHEUS DA COSTA DE SOUZA</nome>
        </criador>
      </criadorLista>
    </processo-programa>
  </despacho>
  <despacho>
    <codigo>730</codigo>
    <titulo>Expedição do Certificado de Registro</titulo>
    <processo-programa>
      <numero inid="Np">BR 51 2018 051867-2</numero>
      <titulo inid="54">UTILIZAÇÃO DA LINGUAGEM ACTION SCRIPT 3.0 NO DESENVOLVIMENTO DE UM JOGO AVALIATIVO.</titulo>
      <dataCriacao inid="Dl">01/10/2014</dataCriacao>
      <campoAplicacaoLista>
        <campoAplicacao>
          <codigo inid="Cp">ED-06</codigo>
        </campoAplicacao>
      </campoAplicacaoLista>
      <linguagemLista>
        <linguagem inid="Lg">JAVA SCRIPT</linguagem>
      </linguagemLista>
      <tipoProgramaLista>
        <tipoPrograma>
          <codigo inid="Tp">AV-01</codigo>
        </tipoPrograma>
      </tipoProgramaLista>
      <titularLista>
        <titular sequencia="1" inid="73">
          <nome>UNIVERSIDADE FEDERAL DOS VALES DO JEQUITINHONHA E MUCURI</nome>
        </titular>
      </titularLista>
      <criadorLista>
        <criador sequencia="1" inid="Cr">
          <nome>FELIPE OLIVEIRA DUTRA</nome>
        </criador>
        <criador sequencia="2" inid="Cr">
          <nome>GLAUCILÉIA MARIA CARDOSO MAGALHÃES</nome>
        </criador>
        <criador sequencia="3" inid="Cr">
          <nome>LUCAS ALENCAR LACERDA</nome>
        </criador>
        <criador sequencia="4" inid="Cr">
          <nome>MAURO LÚCIO FRANCO</nome>
        </criador>
        <criador sequencia="5" inid="Cr">
          <nome>ROGÉRIO STARICH SILVA</nome>
        </criador>
      </criadorLista>
    </processo-programa>
  </despacho>
  <despacho>
    <codigo>730</codigo>
    <titulo>Expedição do Certificado de Registro</titulo>
    <processo-programa>
      <numero inid="Np">BR 51 2018 051868-0</numero>
      <titulo inid="54">Painel Interativo das Pedras</titulo>
      <dataCriacao inid="Dl">01/07/2017</dataCriacao>
      <campoAplicacaoLista>
        <campoAplicacao>
          <codigo inid="Cp">EN-05</codigo>
        </campoAplicacao>
      </campoAplicacaoLista>
      <linguagemLista>
        <linguagem inid="Lg">JAVA</linguagem>
      </linguagemLista>
      <tipoProgramaLista>
        <tipoPrograma>
          <codigo inid="Tp">TC-01</codigo>
        </tipoPrograma>
      </tipoProgramaLista>
      <titularLista>
        <titular sequencia="1" inid="73">
          <nome>UNIVERSIDADE FEDERAL DOS VALES DO JEQUITINHONHA E MUCURI</nome>
        </titular>
      </titularLista>
      <criadorLista>
        <criador sequencia="1" inid="Cr">
          <nome>KALLEL SILVANO FRANÇA SANTOS</nome>
        </criador>
        <criador sequencia="2" inid="Cr">
          <nome>MATEUS ALBERTO PIRES AMARAL</nome>
        </criador>
        <criador sequencia="3" inid="Cr">
          <nome>MATEUS PIMENTEL DE CASTRO</nome>
        </criador>
        <criador sequencia="4" inid="Cr">
          <nome>MAURO LÚCIO FRANCO</nome>
        </criador>
        <criador sequencia="5" inid="Cr">
          <nome>PEDRO HENRIQUE RIBEIRO DOS SANTOS</nome>
        </criador>
        <criador sequencia="6" inid="Cr">
          <nome>RHAMON COUTO DE SOUZA</nome>
        </criador>
      </criadorLista>
    </processo-programa>
  </despacho>
  <despacho>
    <codigo>730</codigo>
    <titulo>Expedição do Certificado de Registro</titulo>
    <processo-programa>
      <numero inid="Np">BR 51 2018 051869-9</numero>
      <titulo inid="54">PLATAFORMA CEVIBRA</titulo>
      <dataCriacao inid="Dl">10/10/2017</dataCriacao>
      <campoAplicacaoLista>
        <campoAplicacao>
          <codigo inid="Cp">IF-01</codigo>
        </campoAplicacao>
        <campoAplicacao>
          <codigo inid="Cp">IF-07</codigo>
        </campoAplicacao>
      </campoAplicacaoLista>
      <linguagemLista>
        <linguagem inid="Lg">JAVA SCRIPT</linguagem>
        <linguagem inid="Lg">PHP</linguagem>
      </linguagemLista>
      <tipoProgramaLista>
        <tipoPrograma>
          <codigo inid="Tp">FA-01</codigo>
        </tipoPrograma>
        <tipoPrograma>
          <codigo inid="Tp">GI-01</codigo>
        </tipoPrograma>
        <tipoPrograma>
          <codigo inid="Tp">GI-04</codigo>
        </tipoPrograma>
        <tipoPrograma>
          <codigo inid="Tp">GI-06</codigo>
        </tipoPrograma>
        <tipoPrograma>
          <codigo inid="Tp">SO-04</codigo>
        </tipoPrograma>
      </tipoProgramaLista>
      <titularLista>
        <titular sequencia="1" inid="73">
          <nome>UNIVERSIDADE FEDERAL DOS VALES DO JEQUITINHONHA E MUCURI</nome>
        </titular>
      </titularLista>
      <criadorLista>
        <criador sequencia="1" inid="Cr">
          <nome>ALEXANDRE FAISSAL BRITO</nome>
        </criador>
        <criador sequencia="2" inid="Cr">
          <nome>DOUGLAS HENRIQUE RHIS</nome>
        </criador>
      </criadorLista>
    </processo-programa>
  </despacho>
  <despacho>
    <codigo>730</codigo>
    <titulo>Expedição do Certificado de Registro</titulo>
    <processo-programa>
      <numero inid="Np">BR 51 2018 051870-2</numero>
      <titulo inid="54">Dosagem de concreto</titulo>
      <dataCriacao inid="Dl">01/01/2017</dataCriacao>
      <campoAplicacaoLista>
        <campoAplicacao>
          <codigo inid="Cp">CC-01</codigo>
        </campoAplicacao>
        <campoAplicacao>
          <codigo inid="Cp">CC-05</codigo>
        </campoAplicacao>
        <campoAplicacao>
          <codigo inid="Cp">CC-07</codigo>
        </campoAplicacao>
      </campoAplicacaoLista>
      <linguagemLista>
        <linguagem inid="Lg">LUA</linguagem>
      </linguagemLista>
      <tipoProgramaLista>
        <tipoPrograma>
          <codigo inid="Tp">AP-02</codigo>
        </tipoPrograma>
      </tipoProgramaLista>
      <titularLista>
        <titular sequencia="1" inid="73">
          <nome>UNIVERSIDADE FEDERAL DOS VALES DO JEQUITINHONHA E MUCURI</nome>
        </titular>
      </titularLista>
      <criadorLista>
        <criador sequencia="1" inid="Cr">
          <nome>FRANCIS BENTO MARQUES</nome>
        </criador>
        <criador sequencia="2" inid="Cr">
          <nome>JHIESON LUIZ SELES</nome>
        </criador>
        <criador sequencia="3" inid="Cr">
          <nome>LEONAM REIS CALATRONE</nome>
        </criador>
        <criador sequencia="4" inid="Cr">
          <nome>LEONARDO HENRIQUE LINS RAMALHO</nome>
        </criador>
        <criador sequencia="5" inid="Cr">
          <nome>PEDRO HENRIQUE GOMES DE OLIVEIRA</nome>
        </criador>
        <criador sequencia="6" inid="Cr">
          <nome>STÊNIO CAVALIER CABRAL</nome>
        </criador>
      </criadorLista>
    </processo-programa>
  </despacho>
  <despacho>
    <codigo>730</codigo>
    <titulo>Expedição do Certificado de Registro</titulo>
    <processo-programa>
      <numero inid="Np">BR 51 2018 051871-0</numero>
      <titulo inid="54">FRAMEWORK PLANTANDO ÁRVORES</titulo>
      <dataCriacao inid="Dl">01/01/2017</dataCriacao>
      <campoAplicacaoLista>
        <campoAplicacao>
          <codigo inid="Cp">BT-01</codigo>
        </campoAplicacao>
        <campoAplicacao>
          <codigo inid="Cp">UB-01</codigo>
        </campoAplicacao>
      </campoAplicacaoLista>
      <linguagemLista>
        <linguagem inid="Lg">JAVA SCRIPT</linguagem>
        <linguagem inid="Lg">JQUERY</linguagem>
        <linguagem inid="Lg">MYSQL</linguagem>
        <linguagem inid="Lg">OUTROS</linguagem>
        <linguagem inid="Lg">PHP</linguagem>
      </linguagemLista>
      <tipoProgramaLista>
        <tipoPrograma>
          <codigo inid="Tp">AP-01</codigo>
        </tipoPrograma>
        <tipoPrograma>
          <codigo inid="Tp">AP-02</codigo>
        </tipoPrograma>
        <tipoPrograma>
          <codigo inid="Tp">IA-02</codigo>
        </tipoPrograma>
      </tipoProgramaLista>
      <titularLista>
        <titular sequencia="1" inid="73">
          <nome>UNIVERSIDADE FEDERAL DOS VALES DO JEQUITINHONHA E MUCURI</nome>
        </titular>
      </titularLista>
      <criadorLista>
        <criador sequencia="1" inid="Cr">
          <nome>FRANCIS BENTO MARQUES</nome>
        </criador>
        <criador sequencia="2" inid="Cr">
          <nome>IVAN CARLOS CARREIRO ALMEIDA</nome>
        </criador>
        <criador sequencia="3" inid="Cr">
          <nome>STÊNIO CAVALIER CABRAL</nome>
        </criador>
        <criador sequencia="4" inid="Cr">
          <nome>YURI BENTO MARQUES</nome>
        </criador>
      </criadorLista>
    </processo-programa>
  </despacho>
  <despacho>
    <codigo>730</codigo>
    <titulo>Expedição do Certificado de Registro</titulo>
    <processo-programa>
      <numero inid="Np">BR 51 2018 051872-9</numero>
      <titulo inid="54">Sim RTP</titulo>
      <dataCriacao inid="Dl">13/06/2018</dataCriacao>
      <campoAplicacaoLista>
        <campoAplicacao>
          <codigo inid="Cp">AD-06</codigo>
        </campoAplicacao>
      </campoAplicacaoLista>
      <linguagemLista>
        <linguagem inid="Lg">JAVA</linguagem>
      </linguagemLista>
      <tipoProgramaLista>
        <tipoPrograma>
          <codigo inid="Tp">AP-02</codigo>
        </tipoPrograma>
        <tipoPrograma>
          <codigo inid="Tp">FA-01</codigo>
        </tipoPrograma>
        <tipoPrograma>
          <codigo inid="Tp">IA-01</codigo>
        </tipoPrograma>
        <tipoPrograma>
          <codigo inid="Tp">TC-02</codigo>
        </tipoPrograma>
      </tipoProgramaLista>
      <titularLista>
        <titular sequencia="1" inid="73">
          <nome>UNIVERSIDADE FEDERAL DOS VALES DO JEQUITINHONHA E MUCURI</nome>
        </titular>
      </titularLista>
      <criadorLista>
        <criador sequencia="1" inid="Cr">
          <nome>LORENA SOPHIA CAMPOS DE OLIVEIRA</nome>
        </criador>
        <criador sequencia="2" inid="Cr">
          <nome>THIAGO ALCÂNTARA LUIZ</nome>
        </criador>
        <criador sequencia="3" inid="Cr">
          <nome>VITOR HUGO LIMA COSTA</nome>
        </criador>
      </criadorLista>
    </processo-programa>
  </despacho>
  <despacho>
    <codigo>730</codigo>
    <titulo>Expedição do Certificado de Registro</titulo>
    <processo-programa>
      <numero inid="Np">BR 51 2018 051873-7</numero>
      <titulo inid="54">MAIS SAUDE</titulo>
      <dataCriacao inid="Dl">18/09/2013</dataCriacao>
      <campoAplicacaoLista>
        <campoAplicacao>
          <codigo inid="Cp">AD-01</codigo>
        </campoAplicacao>
        <campoAplicacao>
          <codigo inid="Cp">SD-01</codigo>
        </campoAplicacao>
      </campoAplicacaoLista>
      <linguagemLista>
        <linguagem inid="Lg">HTML</linguagem>
        <linguagem inid="Lg">PHP</linguagem>
      </linguagemLista>
      <tipoProgramaLista>
        <tipoPrograma>
          <codigo inid="Tp">AP-01</codigo>
        </tipoPrograma>
        <tipoPrograma>
          <codigo inid="Tp">AT-01</codigo>
        </tipoPrograma>
        <tipoPrograma>
          <codigo inid="Tp">AT-06</codigo>
        </tipoPrograma>
        <tipoPrograma>
          <codigo inid="Tp">CD-01</codigo>
        </tipoPrograma>
        <tipoPrograma>
          <codigo inid="Tp">CD-06</codigo>
        </tipoPrograma>
        <tipoPrograma>
          <codigo inid="Tp">CT-02</codigo>
        </tipoPrograma>
        <tipoPrograma>
          <codigo inid="Tp">FA-01</codigo>
        </tipoPrograma>
        <tipoPrograma>
          <codigo inid="Tp">FA-04</codigo>
        </tipoPrograma>
        <tipoPrograma>
          <codigo inid="Tp">GI-01</codigo>
        </tipoPrograma>
        <tipoPrograma>
          <codigo inid="Tp">GI-02</codigo>
        </tipoPrograma>
        <tipoPrograma>
          <codigo inid="Tp">GI-04</codigo>
        </tipoPrograma>
        <tipoPrograma>
          <codigo inid="Tp">SO-05</codigo>
        </tipoPrograma>
      </tipoProgramaLista>
      <titularLista>
        <titular sequencia="1" inid="73">
          <nome>JOAO HALLISSON LEMOS CARVALHO - ME</nome>
        </titular>
      </titularLista>
      <criadorLista>
        <criador sequencia="1" inid="Cr">
          <nome>JOAO HALLISSON LEMOS CARVALHO ME</nome>
        </criador>
      </criadorLista>
    </processo-programa>
  </despacho>
  <despacho>
    <codigo>730</codigo>
    <titulo>Expedição do Certificado de Registro</titulo>
    <processo-programa>
      <numero inid="Np">BR 51 2018 051875-3</numero>
      <titulo inid="54">Ferramenta em Python para seleção de portfólio de projetos usando o método da Média-Gini na primeira etapa e usando o método de decisão multicritério PROOMETHEE na segunda estapa (sem interface gráfica).</titulo>
      <dataCriacao inid="Dl">04/09/2018</dataCriacao>
      <campoAplicacaoLista>
        <campoAplicacao>
          <codigo inid="Cp">AD-05</codigo>
        </campoAplicacao>
      </campoAplicacaoLista>
      <linguagemLista>
        <linguagem inid="Lg">PYTHON</linguagem>
      </linguagemLista>
      <tipoProgramaLista>
        <tipoPrograma>
          <codigo inid="Tp">TC-01</codigo>
        </tipoPrograma>
        <tipoPrograma>
          <codigo inid="Tp">TC-02</codigo>
        </tipoPrograma>
      </tipoProgramaLista>
      <titularLista>
        <titular sequencia="1" inid="73">
          <nome>FUNDAÇÃO INSTITUTO NACIONAL DE TELECOMUNICAÇÕES</nome>
        </titular>
      </titularLista>
      <criadorLista>
        <criador sequencia="1" inid="Cr">
          <nome>GUILHERME AUGUSTO BARUCKE MARCONDES</nome>
        </criador>
      </criadorLista>
    </processo-programa>
  </despacho>
  <despacho>
    <codigo>733</codigo>
    <titulo>Alteração de endereço</titulo>
    <processo-programa>
      <numero inid="Np">13770-0</numero>
      <titulo inid="54">INFOBOX</titulo>
      <titularLista>
        <titular sequencia="1" inid="73">
          <nome>SOFTBOX INFORMÁTICA LTDA ME</nome>
        </titular>
      </titularLista>
    </processo-programa>
  </despacho>
  <despacho>
    <codigo>734</codigo>
    <titulo>Transferência de Titularidade</titulo>
    <processo-programa>
      <numero inid="Np">10705-2</numero>
      <titulo inid="54">SUITE DE PRODUTOS WEBAULA</titulo>
      <titularLista>
        <titular sequencia="1" inid="73">
          <nome>WEBAULA - PRODUTOS E SERVIÇOS PARA EDUCAÇÃO S/A</nome>
        </titular>
        <titular sequencia="2" inid="73">
          <nome>WEBAULA CORPORATIVO E IES PRODUTOS E SERVIÇOS PARA EDUCAÇÃO LTDA</nome>
        </titular>
      </titularLista>
    </processo-programa>
  </despacho>
  <despacho>
    <codigo>734</codigo>
    <titulo>Transferência de Titularidade</titulo>
    <processo-programa>
      <numero inid="Np">BR 51 2017 001494-9</numero>
      <titulo inid="54">PRIMADROP SISTEMA DE GERENCIAMENTO DE LOGÍSTICA DE ÚLTIMA MILHA</titulo>
      <titularLista>
        <titular sequencia="1" inid="73">
          <nome>ELEONORA ZANIN DE OLIVEIRA</nome>
        </titular>
        <titular sequencia="2" inid="73">
          <nome>ERCILIO FONSECA DE OLIVEIRA</nome>
        </titular>
        <titular sequencia="3" inid="73">
          <nome>GIULIANO ZANIN DE OLIVEIRA</nome>
        </titular>
        <titular sequencia="4" inid="73">
          <nome>JOSE JACQUES DE OLIVEIRA JUNIOR</nome>
        </titular>
        <titular sequencia="5" inid="73">
          <nome>PAULO RICARDO BUENO OMAI</nome>
        </titular>
      </titularLista>
    </processo-programa>
  </despacho>
  <despacho>
    <codigo>747</codigo>
    <titulo>Correção de dados no Certificado de Registro devido à falha do interessado</titulo>
    <processo-programa>
      <numero inid="Np">BR 51 2018 001341-4</numero>
      <titulo inid="54">KD A BERLINDA?</titulo>
      <titularLista>
        <titular sequencia="1" inid="73">
          <nome>EMPRESA DE TECNOLOGIA DA INFORMACAO E COMUNICACAO DO ESTADO DO PARA - PRODEPA</nome>
        </titular>
      </titularLista>
    </processo-programa>
    <comentario inid="co">Processada a inclusão dos 3 autores conforme solicitação,</comentario>
  </despacho>
  <despacho>
    <codigo>747</codigo>
    <titulo>Correção de dados no Certificado de Registro devido à falha do interessado</titulo>
    <processo-programa>
      <numero inid="Np">BR 51 2018 051559-2</numero>
      <titulo inid="54">SIS ESTERILIZAÇÃO</titulo>
      <titularLista>
        <titular sequencia="1" inid="73">
          <nome>CENTRO DE ESTUDOS SUPERIORES POSITIVO LTDA</nome>
        </titular>
      </titularLista>
    </processo-programa>
    <comentario inid="co">Procedimento realizado conforme solicitado em mensagem do Fale Conosco.</comentario>
  </despacho>
  <despacho>
    <codigo>747</codigo>
    <titulo>Correção de dados no Certificado de Registro devido à falha do interessado</titulo>
    <processo-programa>
      <numero inid="Np">BR 51 2018 051607-6</numero>
      <titulo inid="54">REGIONALSTABILITY 1.0</titulo>
      <titularLista>
        <titular sequencia="1" inid="73">
          <nome>FUNDAÇÃO UNIVERSIDADE DE BRASILIA</nome>
        </titular>
      </titularLista>
    </processo-programa>
    <comentario inid="co">Procedimento realizado conforme solicitação via Fale Conosco</comentario>
  </despacho>
  <despacho>
    <codigo>747</codigo>
    <titulo>Correção de dados no Certificado de Registro devido à falha do interessado</titulo>
    <processo-programa>
      <numero inid="Np">BR 51 2018 051618-1</numero>
      <titulo inid="54">SOMASIG RODOVIÁRIO</titulo>
      <titularLista>
        <titular sequencia="1" inid="73">
          <nome>INSTITUTO SOMA</nome>
        </titular>
      </titularLista>
    </processo-programa>
    <comentario inid="co">Efetuada inclusão de linguagens, conforme solicitado via canal Fale Conosco (mensagem nº 634508).</comentario>
  </despacho>
  <despacho>
    <codigo>747</codigo>
    <titulo>Correção de dados no Certificado de Registro devido à falha do interessado</titulo>
    <processo-programa>
      <numero inid="Np">BR 51 2018 051623-8</numero>
      <titulo inid="54">SOMASIG ILUMINAÇÃO PÚBLICA</titulo>
      <titularLista>
        <titular sequencia="1" inid="73">
          <nome>INSTITUTO SOMA</nome>
        </titular>
      </titularLista>
    </processo-programa>
    <comentario inid="co">Efetuada a inclusão de linguagens, conforme solicitado via canal Fale Conosco (mensagem nº 634492).</comentario>
  </despacho>
  <despacho>
    <codigo>747</codigo>
    <titulo>Correção de dados no Certificado de Registro devido à falha do interessado</titulo>
    <processo-programa>
      <numero inid="Np">BR 51 2018 051624-6</numero>
      <titulo inid="54">SOMASIG PLANEJAMENTO TERRITORIAL</titulo>
      <titularLista>
        <titular sequencia="1" inid="73">
          <nome>INSTITUTO SOMA</nome>
        </titular>
      </titularLista>
    </processo-programa>
    <comentario inid="co">Efetuada inclusão de linguagens, conforme solicitado via canal Fale Conosco (mensagem nº 634498).</comentario>
  </despacho>
</revista>