<revista numero="2650" dataPublicacao="19/10/2021" diretoria="Programa">
  <despacho>
    <codigo>730</codigo>
    <titulo>Expedição do Certificado de Registro</titulo>
    <processo-programa>
      <numero inid="Np">BR 51 2021 002371-4</numero>
      <titulo inid="54">Qualidade de plantios florestais por meio de imagens aéreas obtidas com drone - FindEUCA.</titulo>
      <dataCriacao inid="Dl">31/07/2020</dataCriacao>
      <campoAplicacaoLista>
        <campoAplicacao>
          <codigo inid="Cp">AG-09</codigo>
        </campoAplicacao>
        <campoAplicacao>
          <codigo inid="Cp">AG-11</codigo>
        </campoAplicacao>
        <campoAplicacao>
          <codigo inid="Cp">ED-06</codigo>
        </campoAplicacao>
        <campoAplicacao>
          <codigo inid="Cp">GC-08</codigo>
        </campoAplicacao>
      </campoAplicacaoLista>
      <linguagemLista>
        <linguagem inid="Lg">PYTHON</linguagem>
      </linguagemLista>
      <tipoProgramaLista>
        <tipoPrograma>
          <codigo inid="Tp">FA-01</codigo>
        </tipoPrograma>
        <tipoPrograma>
          <codigo inid="Tp">FA-04</codigo>
        </tipoPrograma>
        <tipoPrograma>
          <codigo inid="Tp">SO-02</codigo>
        </tipoPrograma>
        <tipoPrograma>
          <codigo inid="Tp">TC-01</codigo>
        </tipoPrograma>
        <tipoPrograma>
          <codigo inid="Tp">TC-04</codigo>
        </tipoPrograma>
      </tipoProgramaLista>
      <titularLista>
        <titular sequencia="1" inid="73">
          <nome>ANTONIO WILSON VIEIRA</nome>
        </titular>
        <titular sequencia="2" inid="73">
          <nome>UNIVERSIDADE ESTADUAL DE MONTES CLAROS - UNIMONTES</nome>
        </titular>
      </titularLista>
      <criadorLista>
        <criador sequencia="1" inid="Cr">
          <nome>ANTONIO WILSON VIEIRA</nome>
        </criador>
        <criador sequencia="2" inid="Cr">
          <nome>SILVÂNIO RODRIGUES DOS SANTOS</nome>
        </criador>
        <criador sequencia="3" inid="Cr">
          <nome>WILLER FAGUNDES DE OLIVEIRA</nome>
        </criador>
      </criadorLista>
    </processo-programa>
  </despacho>
  <despacho>
    <codigo>730</codigo>
    <titulo>Expedição do Certificado de Registro</titulo>
    <processo-programa>
      <numero inid="Np">BR 51 2021 002379-0</numero>
      <titulo inid="54">Topper 5500 - Versão 4.9.1</titulo>
      <dataCriacao inid="Dl">15/09/2021</dataCriacao>
      <campoAplicacaoLista>
        <campoAplicacao>
          <codigo inid="Cp">AG-09</codigo>
        </campoAplicacao>
      </campoAplicacaoLista>
      <linguagemLista>
        <linguagem inid="Lg">C#</linguagem>
        <linguagem inid="Lg">C++</linguagem>
      </linguagemLista>
      <tipoProgramaLista>
        <tipoPrograma>
          <codigo inid="Tp">AP-01</codigo>
        </tipoPrograma>
        <tipoPrograma>
          <codigo inid="Tp">AT-08</codigo>
        </tipoPrograma>
      </tipoProgramaLista>
      <titularLista>
        <titular sequencia="1" inid="73">
          <nome>STARA S/A. INDUSTRIA DE IMPLEMENTOS AGRÍCOLAS</nome>
        </titular>
      </titularLista>
      <criadorLista>
        <criador sequencia="1" inid="Cr">
          <nome>ÁTILA STAPELBROEK TRENNEPOHL</nome>
        </criador>
      </criadorLista>
    </processo-programa>
  </despacho>
  <despacho>
    <codigo>730</codigo>
    <titulo>Expedição do Certificado de Registro</titulo>
    <processo-programa>
      <numero inid="Np">BR 51 2021 002381-1</numero>
      <titulo inid="54">Embedded electronics for environmental control in agriculture</titulo>
      <dataCriacao inid="Dl">18/06/2020</dataCriacao>
      <campoAplicacaoLista>
        <campoAplicacao>
          <codigo inid="Cp">AG-06</codigo>
        </campoAplicacao>
        <campoAplicacao>
          <codigo inid="Cp">AG-09</codigo>
        </campoAplicacao>
        <campoAplicacao>
          <codigo inid="Cp">IN-03</codigo>
        </campoAplicacao>
      </campoAplicacaoLista>
      <linguagemLista>
        <linguagem inid="Lg">C</linguagem>
        <linguagem inid="Lg">C++</linguagem>
      </linguagemLista>
      <tipoProgramaLista>
        <tipoPrograma>
          <codigo inid="Tp">AT-01</codigo>
        </tipoPrograma>
        <tipoPrograma>
          <codigo inid="Tp">AT-06</codigo>
        </tipoPrograma>
        <tipoPrograma>
          <codigo inid="Tp">SO-07</codigo>
        </tipoPrograma>
      </tipoProgramaLista>
      <titularLista>
        <titular sequencia="1" inid="73">
          <nome>ALDIR CARPES MARQUES FILHO</nome>
        </titular>
      </titularLista>
      <criadorLista>
        <criador sequencia="1" inid="Cr">
          <nome>ALDIR CARPES MARQUES FILHO</nome>
        </criador>
      </criadorLista>
    </processo-programa>
  </despacho>
  <despacho>
    <codigo>730</codigo>
    <titulo>Expedição do Certificado de Registro</titulo>
    <processo-programa>
      <numero inid="Np">BR 51 2021 002382-0</numero>
      <titulo inid="54">Report Manager</titulo>
      <dataCriacao inid="Dl">11/06/2020</dataCriacao>
      <campoAplicacaoLista>
        <campoAplicacao>
          <codigo inid="Cp">AD-03</codigo>
        </campoAplicacao>
        <campoAplicacao>
          <codigo inid="Cp">AD-09</codigo>
        </campoAplicacao>
        <campoAplicacao>
          <codigo inid="Cp">IF-02</codigo>
        </campoAplicacao>
        <campoAplicacao>
          <codigo inid="Cp">IF-04</codigo>
        </campoAplicacao>
        <campoAplicacao>
          <codigo inid="Cp">IF-07</codigo>
        </campoAplicacao>
        <campoAplicacao>
          <codigo inid="Cp">IF-09</codigo>
        </campoAplicacao>
        <campoAplicacao>
          <codigo inid="Cp">IF-10</codigo>
        </campoAplicacao>
        <campoAplicacao>
          <codigo inid="Cp">IN-02</codigo>
        </campoAplicacao>
      </campoAplicacaoLista>
      <linguagemLista>
        <linguagem inid="Lg">HTML</linguagem>
        <linguagem inid="Lg">OUTROS</linguagem>
        <linguagem inid="Lg">POSTGREE SQL</linguagem>
      </linguagemLista>
      <tipoProgramaLista>
        <tipoPrograma>
          <codigo inid="Tp">AP-01</codigo>
        </tipoPrograma>
        <tipoPrograma>
          <codigo inid="Tp">AP-03</codigo>
        </tipoPrograma>
        <tipoPrograma>
          <codigo inid="Tp">AP-04</codigo>
        </tipoPrograma>
        <tipoPrograma>
          <codigo inid="Tp">FA-01</codigo>
        </tipoPrograma>
        <tipoPrograma>
          <codigo inid="Tp">FA-03</codigo>
        </tipoPrograma>
        <tipoPrograma>
          <codigo inid="Tp">FA-04</codigo>
        </tipoPrograma>
        <tipoPrograma>
          <codigo inid="Tp">GI-01</codigo>
        </tipoPrograma>
        <tipoPrograma>
          <codigo inid="Tp">GI-04</codigo>
        </tipoPrograma>
        <tipoPrograma>
          <codigo inid="Tp">IA-02</codigo>
        </tipoPrograma>
        <tipoPrograma>
          <codigo inid="Tp">UT-01</codigo>
        </tipoPrograma>
      </tipoProgramaLista>
      <titularLista>
        <titular sequencia="1" inid="73">
          <nome>ELEVEN SOLUCOES EM TECNOLOGIA LTDA</nome>
        </titular>
      </titularLista>
      <criadorLista>
        <criador sequencia="1" inid="Cr">
          <nome>RODRIGO CORTE</nome>
        </criador>
      </criadorLista>
    </processo-programa>
  </despacho>
  <despacho>
    <codigo>730</codigo>
    <titulo>Expedição do Certificado de Registro</titulo>
    <processo-programa>
      <numero inid="Np">BR 51 2021 002383-8</numero>
      <titulo inid="54">Conquistando o Espaço</titulo>
      <dataCriacao inid="Dl">01/11/2020</dataCriacao>
      <campoAplicacaoLista>
        <campoAplicacao>
          <codigo inid="Cp">AN-04</codigo>
        </campoAplicacao>
        <campoAplicacao>
          <codigo inid="Cp">CO-02</codigo>
        </campoAplicacao>
        <campoAplicacao>
          <codigo inid="Cp">CO-06</codigo>
        </campoAplicacao>
        <campoAplicacao>
          <codigo inid="Cp">ED-01</codigo>
        </campoAplicacao>
        <campoAplicacao>
          <codigo inid="Cp">ED-02</codigo>
        </campoAplicacao>
        <campoAplicacao>
          <codigo inid="Cp">ED-06</codigo>
        </campoAplicacao>
        <campoAplicacao>
          <codigo inid="Cp">FQ-05</codigo>
        </campoAplicacao>
      </campoAplicacaoLista>
      <linguagemLista>
        <linguagem inid="Lg">C#</linguagem>
      </linguagemLista>
      <tipoProgramaLista>
        <tipoPrograma>
          <codigo inid="Tp">AP-01</codigo>
        </tipoPrograma>
      </tipoProgramaLista>
      <titularLista>
        <titular sequencia="1" inid="73">
          <nome>FUNDAÇÃO UNIVERSIDADE FEDERAL DO ABC - UFABC</nome>
        </titular>
      </titularLista>
      <criadorLista>
        <criador sequencia="1" inid="Cr">
          <nome>CLAUDIA CELESTE CELESTINO DE PAULA SANTOS</nome>
        </criador>
        <criador sequencia="2" inid="Cr">
          <nome>ERIC TAIKI MURAKAMI</nome>
        </criador>
        <criador sequencia="3" inid="Cr">
          <nome>IVO VECELIC NETO</nome>
        </criador>
        <criador sequencia="4" inid="Cr">
          <nome>MARIANA FERNANDES XAVIER</nome>
        </criador>
        <criador sequencia="5" inid="Cr">
          <nome>PAULO RICARDO ARAUJO DE OLIVEIRA</nome>
        </criador>
        <criador sequencia="6" inid="Cr">
          <nome>RAFAEL CELEGHINI SANTIAGO</nome>
        </criador>
      </criadorLista>
    </processo-programa>
  </despacho>
  <despacho>
    <codigo>730</codigo>
    <titulo>Expedição do Certificado de Registro</titulo>
    <processo-programa>
      <numero inid="Np">BR 51 2021 002384-6</numero>
      <titulo inid="54">Ed Transplante Hepático</titulo>
      <dataCriacao inid="Dl">09/09/2021</dataCriacao>
      <campoAplicacaoLista>
        <campoAplicacao>
          <codigo inid="Cp">SD-01</codigo>
        </campoAplicacao>
        <campoAplicacao>
          <codigo inid="Cp">SD-05</codigo>
        </campoAplicacao>
        <campoAplicacao>
          <codigo inid="Cp">SD-06</codigo>
        </campoAplicacao>
      </campoAplicacaoLista>
      <linguagemLista>
        <linguagem inid="Lg">JAVA SCRIPT</linguagem>
      </linguagemLista>
      <tipoProgramaLista>
        <tipoPrograma>
          <codigo inid="Tp">AP-01</codigo>
        </tipoPrograma>
      </tipoProgramaLista>
      <titularLista>
        <titular sequencia="1" inid="73">
          <nome>UNIVERSIDADE FEDERAL DE SANTA CATARINA</nome>
        </titular>
      </titularLista>
      <criadorLista>
        <criador sequencia="1" inid="Cr">
          <nome>LAÍSA FISCHER WACHHOLZ</nome>
        </criador>
        <criador sequencia="2" inid="Cr">
          <nome>NEIDE DA SILVA KNIHS</nome>
        </criador>
      </criadorLista>
    </processo-programa>
  </despacho>
  <despacho>
    <codigo>730</codigo>
    <titulo>Expedição do Certificado de Registro</titulo>
    <processo-programa>
      <numero inid="Np">BR 51 2021 002385-4</numero>
      <titulo inid="54">E-GESTOR - SISTEMA DE GESTÃO DE BÔNUS</titulo>
      <dataCriacao inid="Dl">02/04/2013</dataCriacao>
      <campoAplicacaoLista>
        <campoAplicacao>
          <codigo inid="Cp">AD-01</codigo>
        </campoAplicacao>
        <campoAplicacao>
          <codigo inid="Cp">AD-05</codigo>
        </campoAplicacao>
        <campoAplicacao>
          <codigo inid="Cp">AD-10</codigo>
        </campoAplicacao>
        <campoAplicacao>
          <codigo inid="Cp">IF-10</codigo>
        </campoAplicacao>
      </campoAplicacaoLista>
      <linguagemLista>
        <linguagem inid="Lg">CSS</linguagem>
        <linguagem inid="Lg">HTML</linguagem>
        <linguagem inid="Lg">JAVA</linguagem>
        <linguagem inid="Lg">JAVA SCRIPT</linguagem>
        <linguagem inid="Lg">SQL</linguagem>
      </linguagemLista>
      <tipoProgramaLista>
        <tipoPrograma>
          <codigo inid="Tp">AP-01</codigo>
        </tipoPrograma>
        <tipoPrograma>
          <codigo inid="Tp">AP-03</codigo>
        </tipoPrograma>
      </tipoProgramaLista>
      <titularLista>
        <titular sequencia="1" inid="73">
          <nome>NORMANDIA DE JESUS BRAYNER DOS SANTOS</nome>
        </titular>
        <titular sequencia="2" inid="73">
          <nome>SIDNEY CASSEMIRO DO NASCIMENTO</nome>
        </titular>
      </titularLista>
      <criadorLista>
        <criador sequencia="1" inid="Cr">
          <nome>NORMANDIA DE JESUS BRAYNER DOS SANTOS</nome>
        </criador>
        <criador sequencia="2" inid="Cr">
          <nome>SIDNEY CASSEMIRO NASCIMENTO</nome>
        </criador>
      </criadorLista>
    </processo-programa>
  </despacho>
  <despacho>
    <codigo>730</codigo>
    <titulo>Expedição do Certificado de Registro</titulo>
    <processo-programa>
      <numero inid="Np">BR 51 2021 002386-2</numero>
      <titulo inid="54">E-GAJ - SOLUÇÃO WEB DE GESTÃO INTEGRADA DE CONTRATOS</titulo>
      <dataCriacao inid="Dl">11/10/2013</dataCriacao>
      <campoAplicacaoLista>
        <campoAplicacao>
          <codigo inid="Cp">AD-01</codigo>
        </campoAplicacao>
        <campoAplicacao>
          <codigo inid="Cp">AD-05</codigo>
        </campoAplicacao>
        <campoAplicacao>
          <codigo inid="Cp">AD-10</codigo>
        </campoAplicacao>
        <campoAplicacao>
          <codigo inid="Cp">IF-10</codigo>
        </campoAplicacao>
        <campoAplicacao>
          <codigo inid="Cp">SV-01</codigo>
        </campoAplicacao>
      </campoAplicacaoLista>
      <linguagemLista>
        <linguagem inid="Lg">CSS</linguagem>
        <linguagem inid="Lg">HTML</linguagem>
        <linguagem inid="Lg">JAVA</linguagem>
        <linguagem inid="Lg">JAVA SCRIPT</linguagem>
        <linguagem inid="Lg">SQL</linguagem>
      </linguagemLista>
      <tipoProgramaLista>
        <tipoPrograma>
          <codigo inid="Tp">AP-01</codigo>
        </tipoPrograma>
        <tipoPrograma>
          <codigo inid="Tp">AP-03</codigo>
        </tipoPrograma>
      </tipoProgramaLista>
      <titularLista>
        <titular sequencia="1" inid="73">
          <nome>NORMANDIA DE JESUS BRAYNER DOS SANTOS</nome>
        </titular>
        <titular sequencia="2" inid="73">
          <nome>SIDNEY CASSEMIRO DO NASCIMENTO</nome>
        </titular>
      </titularLista>
      <criadorLista>
        <criador sequencia="1" inid="Cr">
          <nome>NORMANDIA DE JESUS BRAYNER DOS SANTOS</nome>
        </criador>
        <criador sequencia="2" inid="Cr">
          <nome>SIDNEY CASSEMIRO NASCIMENTO</nome>
        </criador>
      </criadorLista>
    </processo-programa>
  </despacho>
  <despacho>
    <codigo>730</codigo>
    <titulo>Expedição do Certificado de Registro</titulo>
    <processo-programa>
      <numero inid="Np">BR 51 2021 002387-0</numero>
      <titulo inid="54">csv2grade v1</titulo>
      <dataCriacao inid="Dl">10/06/2020</dataCriacao>
      <campoAplicacaoLista>
        <campoAplicacao>
          <codigo inid="Cp">ED-01</codigo>
        </campoAplicacao>
        <campoAplicacao>
          <codigo inid="Cp">ED-04</codigo>
        </campoAplicacao>
      </campoAplicacaoLista>
      <linguagemLista>
        <linguagem inid="Lg">PYTHON</linguagem>
      </linguagemLista>
      <tipoProgramaLista>
        <tipoPrograma>
          <codigo inid="Tp">GI-06</codigo>
        </tipoPrograma>
      </tipoProgramaLista>
      <titularLista>
        <titular sequencia="1" inid="73">
          <nome>UNIVERSIDADE FEDERAL DE SERGIPE</nome>
        </titular>
      </titularLista>
      <criadorLista>
        <criador sequencia="1" inid="Cr">
          <nome>BABY DE FÁTIMA BARBOSA PARISI</nome>
        </criador>
        <criador sequencia="2" inid="Cr">
          <nome>BRUNO OTÁVIO PIEDADE PRADO</nome>
        </criador>
        <criador sequencia="3" inid="Cr">
          <nome>GILTON JOSÉ FERREIRA DA SILVA</nome>
        </criador>
        <criador sequencia="4" inid="Cr">
          <nome>HENDRIK TEIXEIRA MACEDO</nome>
        </criador>
        <criador sequencia="5" inid="Cr">
          <nome>KALIL ARAUJO BISPO</nome>
        </criador>
        <criador sequencia="6" inid="Cr">
          <nome>LEONARDO NOGUEIRA MATOS</nome>
        </criador>
      </criadorLista>
    </processo-programa>
  </despacho>
  <despacho>
    <codigo>730</codigo>
    <titulo>Expedição do Certificado de Registro</titulo>
    <processo-programa>
      <numero inid="Np">BR 51 2021 002388-9</numero>
      <titulo inid="54">AFERO - SOLUÇÃO WEB DE GESTÃO DE NEGÓCIOS</titulo>
      <dataCriacao inid="Dl">04/03/2016</dataCriacao>
      <campoAplicacaoLista>
        <campoAplicacao>
          <codigo inid="Cp">AD-01</codigo>
        </campoAplicacao>
        <campoAplicacao>
          <codigo inid="Cp">AD-05</codigo>
        </campoAplicacao>
        <campoAplicacao>
          <codigo inid="Cp">AD-08</codigo>
        </campoAplicacao>
        <campoAplicacao>
          <codigo inid="Cp">AD-10</codigo>
        </campoAplicacao>
        <campoAplicacao>
          <codigo inid="Cp">IF-10</codigo>
        </campoAplicacao>
      </campoAplicacaoLista>
      <linguagemLista>
        <linguagem inid="Lg">CSS</linguagem>
        <linguagem inid="Lg">HTML</linguagem>
        <linguagem inid="Lg">JAVA</linguagem>
        <linguagem inid="Lg">JAVA SCRIPT</linguagem>
        <linguagem inid="Lg">JSP</linguagem>
        <linguagem inid="Lg">MYSQL</linguagem>
        <linguagem inid="Lg">SQL</linguagem>
      </linguagemLista>
      <tipoProgramaLista>
        <tipoPrograma>
          <codigo inid="Tp">AP-01</codigo>
        </tipoPrograma>
        <tipoPrograma>
          <codigo inid="Tp">AP-03</codigo>
        </tipoPrograma>
      </tipoProgramaLista>
      <titularLista>
        <titular sequencia="1" inid="73">
          <nome>MARCUS VINICIUS SANTANA POLETTI</nome>
        </titular>
        <titular sequencia="2" inid="73">
          <nome>SIDNEY CASSEMIRO DO NASCIMENTO</nome>
        </titular>
      </titularLista>
      <criadorLista>
        <criador sequencia="1" inid="Cr">
          <nome>MARCUS VINICIUS SANTANA POLETTI</nome>
        </criador>
        <criador sequencia="2" inid="Cr">
          <nome>SIDNEY CASSEMIRO DO NASCIMENTO</nome>
        </criador>
      </criadorLista>
    </processo-programa>
  </despacho>
  <despacho>
    <codigo>730</codigo>
    <titulo>Expedição do Certificado de Registro</titulo>
    <processo-programa>
      <numero inid="Np">BR 51 2021 002389-7</numero>
      <titulo inid="54">FENOLCALC</titulo>
      <dataCriacao inid="Dl">31/07/2020</dataCriacao>
      <campoAplicacaoLista>
        <campoAplicacao>
          <codigo inid="Cp">BL-07</codigo>
        </campoAplicacao>
        <campoAplicacao>
          <codigo inid="Cp">SD-06</codigo>
        </campoAplicacao>
      </campoAplicacaoLista>
      <linguagemLista>
        <linguagem inid="Lg">CSS</linguagem>
        <linguagem inid="Lg">HTML</linguagem>
        <linguagem inid="Lg">JAVA</linguagem>
        <linguagem inid="Lg">JSF</linguagem>
      </linguagemLista>
      <tipoProgramaLista>
        <tipoPrograma>
          <codigo inid="Tp">FA-01</codigo>
        </tipoPrograma>
        <tipoPrograma>
          <codigo inid="Tp">GI-04</codigo>
        </tipoPrograma>
      </tipoProgramaLista>
      <titularLista>
        <titular sequencia="1" inid="73">
          <nome>UNIVERSIDADE FEDERAL DE SERGIPE</nome>
        </titular>
      </titularLista>
      <criadorLista>
        <criador sequencia="1" inid="Cr">
          <nome>DAYANE FRANCIELY CONCEIÇÃO SANTOS</nome>
        </criador>
        <criador sequencia="2" inid="Cr">
          <nome>EDWARD DAVID MORENO ORDONEZ</nome>
        </criador>
        <criador sequencia="3" inid="Cr">
          <nome>IZABELA MARIA MONTEZANO DE CARVALHO</nome>
        </criador>
        <criador sequencia="4" inid="Cr">
          <nome>JOÃO MANOEL SANTOS ALMEIDA</nome>
        </criador>
        <criador sequencia="5" inid="Cr">
          <nome>MILENE DE ABREU SOUZA</nome>
        </criador>
      </criadorLista>
    </processo-programa>
  </despacho>
  <despacho>
    <codigo>730</codigo>
    <titulo>Expedição do Certificado de Registro</titulo>
    <processo-programa>
      <numero inid="Np">BR 51 2021 002390-0</numero>
      <titulo inid="54">SGPA-CBMAA V.2.0</titulo>
      <dataCriacao inid="Dl">30/06/2016</dataCriacao>
      <campoAplicacaoLista>
        <campoAplicacao>
          <codigo inid="Cp">ED-01</codigo>
        </campoAplicacao>
      </campoAplicacaoLista>
      <linguagemLista>
        <linguagem inid="Lg">FRAMEWORK</linguagem>
        <linguagem inid="Lg">MYSQL</linguagem>
      </linguagemLista>
      <tipoProgramaLista>
        <tipoPrograma>
          <codigo inid="Tp">GI-01</codigo>
        </tipoPrograma>
      </tipoProgramaLista>
      <titularLista>
        <titular sequencia="1" inid="73">
          <nome>FUNDAÇÃO UNIVERSIDADE FEDERAL DE SÃO CARLOS</nome>
        </titular>
      </titularLista>
      <criadorLista>
        <criador sequencia="1" inid="Cr">
          <nome>ANTONIO FRANCISCO DO PRADO</nome>
        </criador>
        <criador sequencia="2" inid="Cr">
          <nome>HELEN DE FREITAS SANTOS</nome>
        </criador>
        <criador sequencia="3" inid="Cr">
          <nome>SISSI MARÍLIA DOS SANTOS FORGHIERI PEREIRA</nome>
        </criador>
        <criador sequencia="4" inid="Cr">
          <nome>VALÉRIA VERNASCHI LIMA</nome>
        </criador>
        <criador sequencia="5" inid="Cr">
          <nome>WANDERLEY LOPES DE SOUZA</nome>
        </criador>
      </criadorLista>
    </processo-programa>
  </despacho>
  <despacho>
    <codigo>730</codigo>
    <titulo>Expedição do Certificado de Registro</titulo>
    <processo-programa>
      <numero inid="Np">BR 51 2021 002391-9</numero>
      <titulo inid="54">Sistema de Visão Computacional para Calibração de Peneira Granulométrica (SVC-CPG)</titulo>
      <dataCriacao inid="Dl">15/03/2019</dataCriacao>
      <campoAplicacaoLista>
        <campoAplicacao>
          <codigo inid="Cp">FQ-04</codigo>
        </campoAplicacao>
      </campoAplicacaoLista>
      <linguagemLista>
        <linguagem inid="Lg">C++</linguagem>
      </linguagemLista>
      <tipoProgramaLista>
        <tipoPrograma>
          <codigo inid="Tp">AT-01</codigo>
        </tipoPrograma>
        <tipoPrograma>
          <codigo inid="Tp">AT-05</codigo>
        </tipoPrograma>
        <tipoPrograma>
          <codigo inid="Tp">AT-07</codigo>
        </tipoPrograma>
      </tipoProgramaLista>
      <titularLista>
        <titular sequencia="1" inid="73">
          <nome>PETERSON ADRIANO BELAN</nome>
        </titular>
      </titularLista>
      <criadorLista>
        <criador sequencia="1" inid="Cr">
          <nome>SIDNEI ALVES DE ARAÚJO</nome>
        </criador>
      </criadorLista>
    </processo-programa>
  </despacho>
  <despacho>
    <codigo>730</codigo>
    <titulo>Expedição do Certificado de Registro</titulo>
    <processo-programa>
      <numero inid="Np">BR 51 2021 002392-7</numero>
      <titulo inid="54">COS_CSO - Controle de ordem de serviço</titulo>
      <dataCriacao inid="Dl">01/02/2015</dataCriacao>
      <campoAplicacaoLista>
        <campoAplicacao>
          <codigo inid="Cp">AD-05</codigo>
        </campoAplicacao>
        <campoAplicacao>
          <codigo inid="Cp">AD-08</codigo>
        </campoAplicacao>
      </campoAplicacaoLista>
      <linguagemLista>
        <linguagem inid="Lg">CSS</linguagem>
        <linguagem inid="Lg">HTML</linguagem>
        <linguagem inid="Lg">JAVA</linguagem>
        <linguagem inid="Lg">JAVA SCRIPT</linguagem>
        <linguagem inid="Lg">MYSQL</linguagem>
      </linguagemLista>
      <tipoProgramaLista>
        <tipoPrograma>
          <codigo inid="Tp">AP-01</codigo>
        </tipoPrograma>
        <tipoPrograma>
          <codigo inid="Tp">AP-02</codigo>
        </tipoPrograma>
        <tipoPrograma>
          <codigo inid="Tp">AP-03</codigo>
        </tipoPrograma>
        <tipoPrograma>
          <codigo inid="Tp">AP-04</codigo>
        </tipoPrograma>
        <tipoPrograma>
          <codigo inid="Tp">AT-06</codigo>
        </tipoPrograma>
        <tipoPrograma>
          <codigo inid="Tp">AV-01</codigo>
        </tipoPrograma>
        <tipoPrograma>
          <codigo inid="Tp">AV-02</codigo>
        </tipoPrograma>
        <tipoPrograma>
          <codigo inid="Tp">CD-06</codigo>
        </tipoPrograma>
        <tipoPrograma>
          <codigo inid="Tp">CT-03</codigo>
        </tipoPrograma>
        <tipoPrograma>
          <codigo inid="Tp">GI-01</codigo>
        </tipoPrograma>
        <tipoPrograma>
          <codigo inid="Tp">GI-06</codigo>
        </tipoPrograma>
        <tipoPrograma>
          <codigo inid="Tp">SO-05</codigo>
        </tipoPrograma>
        <tipoPrograma>
          <codigo inid="Tp">UT-01</codigo>
        </tipoPrograma>
      </tipoProgramaLista>
      <titularLista>
        <titular sequencia="1" inid="73">
          <nome>BRUNO ROGER RODRIGUES RIBEIRO</nome>
        </titular>
      </titularLista>
      <criadorLista>
        <criador sequencia="1" inid="Cr">
          <nome>BRUNO ROGER RODRIGUES RIBEIRO</nome>
        </criador>
      </criadorLista>
    </processo-programa>
  </despacho>
  <despacho>
    <codigo>730</codigo>
    <titulo>Expedição do Certificado de Registro</titulo>
    <processo-programa>
      <numero inid="Np">BR 51 2021 002393-5</numero>
      <titulo inid="54">Florence</titulo>
      <dataCriacao inid="Dl">15/08/2020</dataCriacao>
      <campoAplicacaoLista>
        <campoAplicacao>
          <codigo inid="Cp">SD-01</codigo>
        </campoAplicacao>
      </campoAplicacaoLista>
      <linguagemLista>
        <linguagem inid="Lg">JAVA SCRIPT</linguagem>
      </linguagemLista>
      <tipoProgramaLista>
        <tipoPrograma>
          <codigo inid="Tp">AP-01</codigo>
        </tipoPrograma>
      </tipoProgramaLista>
      <titularLista>
        <titular sequencia="1" inid="73">
          <nome>RAQUEL BRAUN</nome>
        </titular>
      </titularLista>
      <criadorLista>
        <criador sequencia="1" inid="Cr">
          <nome>RAQUEL BRAUN</nome>
        </criador>
      </criadorLista>
    </processo-programa>
  </despacho>
  <despacho>
    <codigo>730</codigo>
    <titulo>Expedição do Certificado de Registro</titulo>
    <processo-programa>
      <numero inid="Np">BR 51 2021 002394-3</numero>
      <titulo inid="54">Squad</titulo>
      <dataCriacao inid="Dl">01/03/2020</dataCriacao>
      <campoAplicacaoLista>
        <campoAplicacao>
          <codigo inid="Cp">CO-04</codigo>
        </campoAplicacao>
        <campoAplicacao>
          <codigo inid="Cp">TC-01</codigo>
        </campoAplicacao>
      </campoAplicacaoLista>
      <linguagemLista>
        <linguagem inid="Lg">OUTROS</linguagem>
      </linguagemLista>
      <tipoProgramaLista>
        <tipoPrograma>
          <codigo inid="Tp">AP-01</codigo>
        </tipoPrograma>
        <tipoPrograma>
          <codigo inid="Tp">CT-01</codigo>
        </tipoPrograma>
        <tipoPrograma>
          <codigo inid="Tp">IA-01</codigo>
        </tipoPrograma>
      </tipoProgramaLista>
      <titularLista>
        <titular sequencia="1" inid="73">
          <nome>DIGI SOLUÇÕES DE COMUNICAÇÕES LTDA</nome>
        </titular>
      </titularLista>
      <criadorLista>
        <criador sequencia="1" inid="Cr">
          <nome>ARY CARNEIRO VILHENA JUNIOR</nome>
        </criador>
        <criador sequencia="2" inid="Cr">
          <nome>NIVALDO DE MIRANDA MONTENEGRO JUNIOR</nome>
        </criador>
      </criadorLista>
    </processo-programa>
  </despacho>
  <despacho>
    <codigo>730</codigo>
    <titulo>Expedição do Certificado de Registro</titulo>
    <processo-programa>
      <numero inid="Np">BR 51 2021 002395-1</numero>
      <titulo inid="54">Fabril Plus</titulo>
      <dataCriacao inid="Dl">01/01/2013</dataCriacao>
      <campoAplicacaoLista>
        <campoAplicacao>
          <codigo inid="Cp">AD-06</codigo>
        </campoAplicacao>
        <campoAplicacao>
          <codigo inid="Cp">AD-08</codigo>
        </campoAplicacao>
        <campoAplicacao>
          <codigo inid="Cp">IN-05</codigo>
        </campoAplicacao>
      </campoAplicacaoLista>
      <linguagemLista>
        <linguagem inid="Lg">DELPHI</linguagem>
      </linguagemLista>
      <tipoProgramaLista>
        <tipoPrograma>
          <codigo inid="Tp">AP-03</codigo>
        </tipoPrograma>
        <tipoPrograma>
          <codigo inid="Tp">AT-03</codigo>
        </tipoPrograma>
        <tipoPrograma>
          <codigo inid="Tp">AT-06</codigo>
        </tipoPrograma>
        <tipoPrograma>
          <codigo inid="Tp">GI-01</codigo>
        </tipoPrograma>
        <tipoPrograma>
          <codigo inid="Tp">GI-04</codigo>
        </tipoPrograma>
        <tipoPrograma>
          <codigo inid="Tp">SO-05</codigo>
        </tipoPrograma>
      </tipoProgramaLista>
      <titularLista>
        <titular sequencia="1" inid="73">
          <nome>ROGÉRIO XAVIER CORGOZINHO</nome>
        </titular>
      </titularLista>
      <criadorLista>
        <criador sequencia="1" inid="Cr">
          <nome>ROGÉRIO XAVIER CORGOZINHO</nome>
        </criador>
      </criadorLista>
    </processo-programa>
  </despacho>
  <despacho>
    <codigo>730</codigo>
    <titulo>Expedição do Certificado de Registro</titulo>
    <processo-programa>
      <numero inid="Np">BR 51 2021 002396-0</numero>
      <titulo inid="54">RMPH01</titulo>
      <dataCriacao inid="Dl">24/05/2017</dataCriacao>
      <campoAplicacaoLista>
        <campoAplicacao>
          <codigo inid="Cp">ED-04</codigo>
        </campoAplicacao>
        <campoAplicacao>
          <codigo inid="Cp">IF-10</codigo>
        </campoAplicacao>
        <campoAplicacao>
          <codigo inid="Cp">IN-02</codigo>
        </campoAplicacao>
        <campoAplicacao>
          <codigo inid="Cp">IN-03</codigo>
        </campoAplicacao>
        <campoAplicacao>
          <codigo inid="Cp">SD-06</codigo>
        </campoAplicacao>
        <campoAplicacao>
          <codigo inid="Cp">TC-02</codigo>
        </campoAplicacao>
      </campoAplicacaoLista>
      <linguagemLista>
        <linguagem inid="Lg">C++</linguagem>
        <linguagem inid="Lg">HTML</linguagem>
        <linguagem inid="Lg">JAVA SCRIPT</linguagem>
      </linguagemLista>
      <tipoProgramaLista>
        <tipoPrograma>
          <codigo inid="Tp">AP-01</codigo>
        </tipoPrograma>
        <tipoPrograma>
          <codigo inid="Tp">AP-03</codigo>
        </tipoPrograma>
        <tipoPrograma>
          <codigo inid="Tp">AT-01</codigo>
        </tipoPrograma>
        <tipoPrograma>
          <codigo inid="Tp">AT-07</codigo>
        </tipoPrograma>
        <tipoPrograma>
          <codigo inid="Tp">FA-01</codigo>
        </tipoPrograma>
        <tipoPrograma>
          <codigo inid="Tp">SO-04</codigo>
        </tipoPrograma>
        <tipoPrograma>
          <codigo inid="Tp">SO-09</codigo>
        </tipoPrograma>
        <tipoPrograma>
          <codigo inid="Tp">TC-01</codigo>
        </tipoPrograma>
        <tipoPrograma>
          <codigo inid="Tp">TC-04</codigo>
        </tipoPrograma>
      </tipoProgramaLista>
      <titularLista>
        <titular sequencia="1" inid="73">
          <nome>NESS HEALTH TECNOLOGIA E PROCESSOS LTDA.</nome>
        </titular>
      </titularLista>
      <criadorLista>
        <criador sequencia="1" inid="Cr">
          <nome>DANILO PEDROSO MARTINS</nome>
        </criador>
        <criador sequencia="2" inid="Cr">
          <nome>EVANDRO GÓES SALDANHA JÚNIOR</nome>
        </criador>
        <criador sequencia="3" inid="Cr">
          <nome>MARCOS VENICIUS DOS SANTOS SILVA</nome>
        </criador>
        <criador sequencia="4" inid="Cr">
          <nome>TATIANA MALLET MACHADO</nome>
        </criador>
        <criador sequencia="5" inid="Cr">
          <nome>WAGNER CARVALHO RAMOS DA SILVA</nome>
        </criador>
      </criadorLista>
    </processo-programa>
  </despacho>
  <despacho>
    <codigo>730</codigo>
    <titulo>Expedição do Certificado de Registro</titulo>
    <processo-programa>
      <numero inid="Np">BR 51 2021 002397-8</numero>
      <titulo inid="54">AVA - ITL</titulo>
      <dataCriacao inid="Dl">02/01/2020</dataCriacao>
      <campoAplicacaoLista>
        <campoAplicacao>
          <codigo inid="Cp">ED-02</codigo>
        </campoAplicacao>
        <campoAplicacao>
          <codigo inid="Cp">ED-06</codigo>
        </campoAplicacao>
        <campoAplicacao>
          <codigo inid="Cp">IF-10</codigo>
        </campoAplicacao>
      </campoAplicacaoLista>
      <linguagemLista>
        <linguagem inid="Lg">.NET</linguagem>
        <linguagem inid="Lg">C#</linguagem>
        <linguagem inid="Lg">CSS</linguagem>
        <linguagem inid="Lg">FRAMEWORK</linguagem>
        <linguagem inid="Lg">HTML</linguagem>
        <linguagem inid="Lg">JAVA SCRIPT</linguagem>
        <linguagem inid="Lg">JSON</linguagem>
      </linguagemLista>
      <tipoProgramaLista>
        <tipoPrograma>
          <codigo inid="Tp">AP-01</codigo>
        </tipoPrograma>
        <tipoPrograma>
          <codigo inid="Tp">IA-02</codigo>
        </tipoPrograma>
      </tipoProgramaLista>
      <titularLista>
        <titular sequencia="1" inid="73">
          <nome>ITL INFORMATICA E TECNOLOGIA LTDA</nome>
        </titular>
      </titularLista>
      <criadorLista>
        <criador sequencia="1" inid="Cr">
          <nome>RONALDO COSTA LUNA</nome>
        </criador>
      </criadorLista>
    </processo-programa>
  </despacho>
  <despacho>
    <codigo>730</codigo>
    <titulo>Expedição do Certificado de Registro</titulo>
    <processo-programa>
      <numero inid="Np">BR 51 2021 002398-6</numero>
      <titulo inid="54">ETCAP - RC2EPT</titulo>
      <dataCriacao inid="Dl">16/09/2021</dataCriacao>
      <campoAplicacaoLista>
        <campoAplicacao>
          <codigo inid="Cp">CO-02</codigo>
        </campoAplicacao>
        <campoAplicacao>
          <codigo inid="Cp">IF-01</codigo>
        </campoAplicacao>
        <campoAplicacao>
          <codigo inid="Cp">IF-07</codigo>
        </campoAplicacao>
      </campoAplicacaoLista>
      <linguagemLista>
        <linguagem inid="Lg">JAVA SCRIPT</linguagem>
        <linguagem inid="Lg">PHP</linguagem>
        <linguagem inid="Lg">POSTGREE SQL</linguagem>
        <linguagem inid="Lg">PYTHON</linguagem>
      </linguagemLista>
      <tipoProgramaLista>
        <tipoPrograma>
          <codigo inid="Tp">GI-01</codigo>
        </tipoPrograma>
        <tipoPrograma>
          <codigo inid="Tp">TC-01</codigo>
        </tipoPrograma>
      </tipoProgramaLista>
      <titularLista>
        <titular sequencia="1" inid="73">
          <nome>JOSÉ DAMIÃO DE MELO</nome>
        </titular>
        <titular sequencia="2" inid="73">
          <nome>JOSÉ KARAM FILHO</nome>
        </titular>
      </titularLista>
      <criadorLista>
        <criador sequencia="1" inid="Cr">
          <nome>JOSE DAMIAO DE MELO</nome>
        </criador>
        <criador sequencia="2" inid="Cr">
          <nome>JOSÉ KARAM FILHO</nome>
        </criador>
        <criador sequencia="3" inid="Cr">
          <nome>MIKAELE COSTA MENDONÇA</nome>
        </criador>
        <criador sequencia="4" inid="Cr">
          <nome>SUELY ALDIR MESSEDER</nome>
        </criador>
      </criadorLista>
    </processo-programa>
  </despacho>
  <despacho>
    <codigo>730</codigo>
    <titulo>Expedição do Certificado de Registro</titulo>
    <processo-programa>
      <numero inid="Np">BR 51 2021 002399-4</numero>
      <titulo inid="54">Core de Processamento de Dados em nuvem e Broker MQTT</titulo>
      <dataCriacao inid="Dl">15/10/2018</dataCriacao>
      <campoAplicacaoLista>
        <campoAplicacao>
          <codigo inid="Cp">EN-04</codigo>
        </campoAplicacao>
        <campoAplicacao>
          <codigo inid="Cp">EN-05</codigo>
        </campoAplicacao>
        <campoAplicacao>
          <codigo inid="Cp">IF-07</codigo>
        </campoAplicacao>
        <campoAplicacao>
          <codigo inid="Cp">IN-01</codigo>
        </campoAplicacao>
        <campoAplicacao>
          <codigo inid="Cp">IN-02</codigo>
        </campoAplicacao>
        <campoAplicacao>
          <codigo inid="Cp">IN-05</codigo>
        </campoAplicacao>
        <campoAplicacao>
          <codigo inid="Cp">TC-02</codigo>
        </campoAplicacao>
        <campoAplicacao>
          <codigo inid="Cp">TC-04</codigo>
        </campoAplicacao>
      </campoAplicacaoLista>
      <linguagemLista>
        <linguagem inid="Lg">CSS</linguagem>
        <linguagem inid="Lg">HTML</linguagem>
        <linguagem inid="Lg">IOS</linguagem>
        <linguagem inid="Lg">JAVA</linguagem>
        <linguagem inid="Lg">JAVA SCRIPT</linguagem>
        <linguagem inid="Lg">NODEJS</linguagem>
        <linguagem inid="Lg">OUTROS</linguagem>
        <linguagem inid="Lg">POSTGREE SQL</linguagem>
        <linguagem inid="Lg">SQL</linguagem>
        <linguagem inid="Lg">XHTML</linguagem>
      </linguagemLista>
      <tipoProgramaLista>
        <tipoPrograma>
          <codigo inid="Tp">AT-01</codigo>
        </tipoPrograma>
        <tipoPrograma>
          <codigo inid="Tp">AT-06</codigo>
        </tipoPrograma>
        <tipoPrograma>
          <codigo inid="Tp">AT-07</codigo>
        </tipoPrograma>
        <tipoPrograma>
          <codigo inid="Tp">CD-01</codigo>
        </tipoPrograma>
        <tipoPrograma>
          <codigo inid="Tp">CD-03</codigo>
        </tipoPrograma>
        <tipoPrograma>
          <codigo inid="Tp">CD-05</codigo>
        </tipoPrograma>
        <tipoPrograma>
          <codigo inid="Tp">FA-02</codigo>
        </tipoPrograma>
        <tipoPrograma>
          <codigo inid="Tp">FA-04</codigo>
        </tipoPrograma>
        <tipoPrograma>
          <codigo inid="Tp">GI-01</codigo>
        </tipoPrograma>
        <tipoPrograma>
          <codigo inid="Tp">GI-02</codigo>
        </tipoPrograma>
        <tipoPrograma>
          <codigo inid="Tp">GI-03</codigo>
        </tipoPrograma>
        <tipoPrograma>
          <codigo inid="Tp">GI-04</codigo>
        </tipoPrograma>
        <tipoPrograma>
          <codigo inid="Tp">GI-06</codigo>
        </tipoPrograma>
        <tipoPrograma>
          <codigo inid="Tp">IA-01</codigo>
        </tipoPrograma>
        <tipoPrograma>
          <codigo inid="Tp">IA-02</codigo>
        </tipoPrograma>
        <tipoPrograma>
          <codigo inid="Tp">IA-03</codigo>
        </tipoPrograma>
        <tipoPrograma>
          <codigo inid="Tp">IT-04</codigo>
        </tipoPrograma>
        <tipoPrograma>
          <codigo inid="Tp">PD-01</codigo>
        </tipoPrograma>
        <tipoPrograma>
          <codigo inid="Tp">PD-02</codigo>
        </tipoPrograma>
        <tipoPrograma>
          <codigo inid="Tp">PD-03</codigo>
        </tipoPrograma>
        <tipoPrograma>
          <codigo inid="Tp">PD-04</codigo>
        </tipoPrograma>
        <tipoPrograma>
          <codigo inid="Tp">PD-05</codigo>
        </tipoPrograma>
        <tipoPrograma>
          <codigo inid="Tp">SO-04</codigo>
        </tipoPrograma>
        <tipoPrograma>
          <codigo inid="Tp">SO-05</codigo>
        </tipoPrograma>
        <tipoPrograma>
          <codigo inid="Tp">SO-06</codigo>
        </tipoPrograma>
        <tipoPrograma>
          <codigo inid="Tp">TI-01</codigo>
        </tipoPrograma>
        <tipoPrograma>
          <codigo inid="Tp">TI-03</codigo>
        </tipoPrograma>
        <tipoPrograma>
          <codigo inid="Tp">TI-04</codigo>
        </tipoPrograma>
        <tipoPrograma>
          <codigo inid="Tp">UT-06</codigo>
        </tipoPrograma>
      </tipoProgramaLista>
      <titularLista>
        <titular sequencia="1" inid="73">
          <nome>ALISON CARVALHO NICOLAIT</nome>
        </titular>
        <titular sequencia="2" inid="73">
          <nome>ROGER VOLMIR MEDKE</nome>
        </titular>
      </titularLista>
      <criadorLista>
        <criador sequencia="1" inid="Cr">
          <nome>ALISON NICOLAIT</nome>
        </criador>
        <criador sequencia="2" inid="Cr">
          <nome>ROGER MEDKE</nome>
        </criador>
      </criadorLista>
    </processo-programa>
  </despacho>
  <despacho>
    <codigo>730</codigo>
    <titulo>Expedição do Certificado de Registro</titulo>
    <processo-programa>
      <numero inid="Np">BR 51 2021 002400-1</numero>
      <titulo inid="54">Gota de Vida - Controle de Diabetes</titulo>
      <dataCriacao inid="Dl">20/02/2019</dataCriacao>
      <campoAplicacaoLista>
        <campoAplicacao>
          <codigo inid="Cp">SD-01</codigo>
        </campoAplicacao>
      </campoAplicacaoLista>
      <linguagemLista>
        <linguagem inid="Lg">JAVA</linguagem>
        <linguagem inid="Lg">JAVA SCRIPT</linguagem>
        <linguagem inid="Lg">OUTROS</linguagem>
      </linguagemLista>
      <tipoProgramaLista>
        <tipoPrograma>
          <codigo inid="Tp">AP-01</codigo>
        </tipoPrograma>
      </tipoProgramaLista>
      <titularLista>
        <titular sequencia="1" inid="73">
          <nome>UNIVERSIDADE DO ESTADO DO PARA</nome>
        </titular>
      </titularLista>
      <criadorLista>
        <criador sequencia="1" inid="Cr">
          <nome>JAQUELINE MIRANDA DE OLIVEIRA</nome>
        </criador>
        <criador sequencia="2" inid="Cr">
          <nome>MARCUS VINICIUS HENRIQUES BRITO</nome>
        </criador>
        <criador sequencia="3" inid="Cr">
          <nome>SANDRO PERCÁRIO</nome>
        </criador>
      </criadorLista>
    </processo-programa>
  </despacho>
  <despacho>
    <codigo>730</codigo>
    <titulo>Expedição do Certificado de Registro</titulo>
    <processo-programa>
      <numero inid="Np">BR 51 2021 002401-0</numero>
      <titulo inid="54">APLICATIVO TEENSAÚDE</titulo>
      <dataCriacao inid="Dl">03/09/2021</dataCriacao>
      <campoAplicacaoLista>
        <campoAplicacao>
          <codigo inid="Cp">SD-01</codigo>
        </campoAplicacao>
        <campoAplicacao>
          <codigo inid="Cp">SD-02</codigo>
        </campoAplicacao>
        <campoAplicacao>
          <codigo inid="Cp">SD-03</codigo>
        </campoAplicacao>
      </campoAplicacaoLista>
      <linguagemLista>
        <linguagem inid="Lg">JAVA</linguagem>
        <linguagem inid="Lg">XML</linguagem>
      </linguagemLista>
      <tipoProgramaLista>
        <tipoPrograma>
          <codigo inid="Tp">AP-01</codigo>
        </tipoPrograma>
      </tipoProgramaLista>
      <titularLista>
        <titular sequencia="1" inid="73">
          <nome>UNIVERSIDADE FEDERAL DO VALE DO SAO FRANCISCO</nome>
        </titular>
      </titularLista>
      <criadorLista>
        <criador sequencia="1" inid="Cr">
          <nome>ADRIANA GRADELA</nome>
        </criador>
        <criador sequencia="2" inid="Cr">
          <nome>CAIQUE NEIVA PIRES MATOS</nome>
        </criador>
        <criador sequencia="3" inid="Cr">
          <nome>ITALO RICELLY BRAZ</nome>
        </criador>
      </criadorLista>
    </processo-programa>
  </despacho>
  <despacho>
    <codigo>730</codigo>
    <titulo>Expedição do Certificado de Registro</titulo>
    <processo-programa>
      <numero inid="Np">BR 51 2021 002402-8</numero>
      <titulo inid="54">SAIA - Sistema de Avaliação de Impactos Ambientais</titulo>
      <dataCriacao inid="Dl">01/03/2021</dataCriacao>
      <campoAplicacaoLista>
        <campoAplicacao>
          <codigo inid="Cp">MA-01</codigo>
        </campoAplicacao>
        <campoAplicacao>
          <codigo inid="Cp">MA-02</codigo>
        </campoAplicacao>
        <campoAplicacao>
          <codigo inid="Cp">MA-04</codigo>
        </campoAplicacao>
      </campoAplicacaoLista>
      <linguagemLista>
        <linguagem inid="Lg">DELPHI</linguagem>
      </linguagemLista>
      <tipoProgramaLista>
        <tipoPrograma>
          <codigo inid="Tp">AP-01</codigo>
        </tipoPrograma>
        <tipoPrograma>
          <codigo inid="Tp">FA-01</codigo>
        </tipoPrograma>
        <tipoPrograma>
          <codigo inid="Tp">GI-04</codigo>
        </tipoPrograma>
      </tipoProgramaLista>
      <titularLista>
        <titular sequencia="1" inid="73">
          <nome>UNIVERSIDADE FEDERAL DO VALE DO SAO FRANCISCO</nome>
        </titular>
      </titularLista>
      <criadorLista>
        <criador sequencia="1" inid="Cr">
          <nome>JORGE LUIS CAVALCANTI RAMOS</nome>
        </criador>
        <criador sequencia="2" inid="Cr">
          <nome>ROBERTO TENORIO FIGUEIREDO</nome>
        </criador>
        <criador sequencia="3" inid="Cr">
          <nome>VIVIANNI MARQUES LEITE DOS SANTOS</nome>
        </criador>
      </criadorLista>
    </processo-programa>
  </despacho>
  <despacho>
    <codigo>730</codigo>
    <titulo>Expedição do Certificado de Registro</titulo>
    <processo-programa>
      <numero inid="Np">BR 51 2021 002403-6</numero>
      <titulo inid="54">BIOFINGER</titulo>
      <dataCriacao inid="Dl">22/04/2009</dataCriacao>
      <campoAplicacaoLista>
        <campoAplicacao>
          <codigo inid="Cp">AD-01</codigo>
        </campoAplicacao>
        <campoAplicacao>
          <codigo inid="Cp">AD-05</codigo>
        </campoAplicacao>
        <campoAplicacao>
          <codigo inid="Cp">TB-02</codigo>
        </campoAplicacao>
      </campoAplicacaoLista>
      <linguagemLista>
        <linguagem inid="Lg">DELPHI</linguagem>
      </linguagemLista>
      <tipoProgramaLista>
        <tipoPrograma>
          <codigo inid="Tp">AP-01</codigo>
        </tipoPrograma>
        <tipoPrograma>
          <codigo inid="Tp">AP-03</codigo>
        </tipoPrograma>
        <tipoPrograma>
          <codigo inid="Tp">AP-04</codigo>
        </tipoPrograma>
        <tipoPrograma>
          <codigo inid="Tp">AT-02</codigo>
        </tipoPrograma>
        <tipoPrograma>
          <codigo inid="Tp">PD-02</codigo>
        </tipoPrograma>
        <tipoPrograma>
          <codigo inid="Tp">PD-03</codigo>
        </tipoPrograma>
        <tipoPrograma>
          <codigo inid="Tp">PD-04</codigo>
        </tipoPrograma>
        <tipoPrograma>
          <codigo inid="Tp">TC-04</codigo>
        </tipoPrograma>
      </tipoProgramaLista>
      <titularLista>
        <titular sequencia="1" inid="73">
          <nome>WORKSERV DESENVOLVIMENTO E COMERCIO DE SOFTWARES LTDA</nome>
        </titular>
      </titularLista>
      <criadorLista>
        <criador sequencia="1" inid="Cr">
          <nome>CARLOS EDUARDO ZANQUETTA CARDOZO</nome>
        </criador>
      </criadorLista>
    </processo-programa>
  </despacho>
  <despacho>
    <codigo>730</codigo>
    <titulo>Expedição do Certificado de Registro</titulo>
    <processo-programa>
      <numero inid="Np">BR 51 2021 002404-4</numero>
      <titulo inid="54">SOI - Soluções Oncológicas Integradas</titulo>
      <dataCriacao inid="Dl">13/06/2021</dataCriacao>
      <campoAplicacaoLista>
        <campoAplicacao>
          <codigo inid="Cp">SD-07</codigo>
        </campoAplicacao>
        <campoAplicacao>
          <codigo inid="Cp">SD-08</codigo>
        </campoAplicacao>
      </campoAplicacaoLista>
      <linguagemLista>
        <linguagem inid="Lg">CSS</linguagem>
        <linguagem inid="Lg">HTML</linguagem>
        <linguagem inid="Lg">JAVA</linguagem>
        <linguagem inid="Lg">JAVA SCRIPT</linguagem>
      </linguagemLista>
      <tipoProgramaLista>
        <tipoPrograma>
          <codigo inid="Tp">AP-01</codigo>
        </tipoPrograma>
        <tipoPrograma>
          <codigo inid="Tp">DS-04</codigo>
        </tipoPrograma>
        <tipoPrograma>
          <codigo inid="Tp">IA-02</codigo>
        </tipoPrograma>
        <tipoPrograma>
          <codigo inid="Tp">TC-01</codigo>
        </tipoPrograma>
      </tipoProgramaLista>
      <titularLista>
        <titular sequencia="1" inid="73">
          <nome>SOI - SOLUÇÃO ONCOLÓGICA INTEGRADA LTDA</nome>
        </titular>
      </titularLista>
      <criadorLista>
        <criador sequencia="1" inid="Cr">
          <nome>ALEX DE LIMA CAMPELO</nome>
        </criador>
        <criador sequencia="2" inid="Cr">
          <nome>PAULO HENRIQUE AIRES DE FREITAS</nome>
        </criador>
      </criadorLista>
    </processo-programa>
  </despacho>
  <despacho>
    <codigo>730</codigo>
    <titulo>Expedição do Certificado de Registro</titulo>
    <processo-programa>
      <numero inid="Np">BR 51 2021 002405-2</numero>
      <titulo inid="54">PRAIOU APP</titulo>
      <dataCriacao inid="Dl">21/06/2021</dataCriacao>
      <campoAplicacaoLista>
        <campoAplicacao>
          <codigo inid="Cp">TB-06</codigo>
        </campoAplicacao>
      </campoAplicacaoLista>
      <linguagemLista>
        <linguagem inid="Lg">JAVA</linguagem>
        <linguagem inid="Lg">JAVA SCRIPT</linguagem>
        <linguagem inid="Lg">OUTROS</linguagem>
      </linguagemLista>
      <tipoProgramaLista>
        <tipoPrograma>
          <codigo inid="Tp">AP-01</codigo>
        </tipoPrograma>
      </tipoProgramaLista>
      <titularLista>
        <titular sequencia="1" inid="73">
          <nome>GOVFACIL GESTAO &amp; TECNOLOGIA LTDA - ME</nome>
        </titular>
      </titularLista>
      <criadorLista>
        <criador sequencia="1" inid="Cr">
          <nome>ELIANE MICHALCZUK BARZON DA COSTA</nome>
        </criador>
        <criador sequencia="2" inid="Cr">
          <nome>ISMAEL DURÃES DA COSTA</nome>
        </criador>
      </criadorLista>
    </processo-programa>
  </despacho>
  <despacho>
    <codigo>730</codigo>
    <titulo>Expedição do Certificado de Registro</titulo>
    <processo-programa>
      <numero inid="Np">BR 51 2021 002406-0</numero>
      <titulo inid="54">PisCofinsSmart</titulo>
      <dataCriacao inid="Dl">06/10/2021</dataCriacao>
      <campoAplicacaoLista>
        <campoAplicacao>
          <codigo inid="Cp">DI-03</codigo>
        </campoAplicacao>
      </campoAplicacaoLista>
      <linguagemLista>
        <linguagem inid="Lg">PYTHON</linguagem>
      </linguagemLista>
      <tipoProgramaLista>
        <tipoPrograma>
          <codigo inid="Tp">GI-07</codigo>
        </tipoPrograma>
      </tipoProgramaLista>
      <titularLista>
        <titular sequencia="1" inid="73">
          <nome>HADDAD NETO SOCIEDADE DE ADVOGADOS</nome>
        </titular>
      </titularLista>
      <criadorLista>
        <criador sequencia="1" inid="Cr">
          <nome>LUIS FELIPE DE OLIVEIRA REIS</nome>
        </criador>
      </criadorLista>
    </processo-programa>
  </despacho>
  <despacho>
    <codigo>730</codigo>
    <titulo>Expedição do Certificado de Registro</titulo>
    <processo-programa>
      <numero inid="Np">BR 51 2021 002407-9</numero>
      <titulo inid="54">WS1</titulo>
      <dataCriacao inid="Dl">01/01/2014</dataCriacao>
      <campoAplicacaoLista>
        <campoAplicacao>
          <codigo inid="Cp">AD-01</codigo>
        </campoAplicacao>
        <campoAplicacao>
          <codigo inid="Cp">AD-02</codigo>
        </campoAplicacao>
        <campoAplicacao>
          <codigo inid="Cp">AD-05</codigo>
        </campoAplicacao>
      </campoAplicacaoLista>
      <linguagemLista>
        <linguagem inid="Lg">JAVA</linguagem>
        <linguagem inid="Lg">OUTROS</linguagem>
        <linguagem inid="Lg">POSTGREE SQL</linguagem>
        <linguagem inid="Lg">PYTHON</linguagem>
      </linguagemLista>
      <tipoProgramaLista>
        <tipoPrograma>
          <codigo inid="Tp">SO-06</codigo>
        </tipoPrograma>
      </tipoProgramaLista>
      <titularLista>
        <titular sequencia="1" inid="73">
          <nome>DANIEL STÁVALE</nome>
        </titular>
        <titular sequencia="2" inid="73">
          <nome>LINNKS TECNOLOGIA LTDA</nome>
        </titular>
        <titular sequencia="3" inid="73">
          <nome>LUIS FERNANDO STAVALE</nome>
        </titular>
      </titularLista>
      <criadorLista>
        <criador sequencia="1" inid="Cr">
          <nome>DANIEL STÁVALE</nome>
        </criador>
        <criador sequencia="2" inid="Cr">
          <nome>LUIS FERNANDO STAVALE</nome>
        </criador>
      </criadorLista>
    </processo-programa>
  </despacho>
  <despacho>
    <codigo>730</codigo>
    <titulo>Expedição do Certificado de Registro</titulo>
    <processo-programa>
      <numero inid="Np">BR 51 2021 002408-7</numero>
      <titulo inid="54">Simulador Virtual para Operadores de Locomotivas</titulo>
      <dataCriacao inid="Dl">01/09/2019</dataCriacao>
      <campoAplicacaoLista>
        <campoAplicacao>
          <codigo inid="Cp">ED-04</codigo>
        </campoAplicacao>
        <campoAplicacao>
          <codigo inid="Cp">IN-02</codigo>
        </campoAplicacao>
        <campoAplicacao>
          <codigo inid="Cp">TB-01</codigo>
        </campoAplicacao>
        <campoAplicacao>
          <codigo inid="Cp">TP-02</codigo>
        </campoAplicacao>
      </campoAplicacaoLista>
      <linguagemLista>
        <linguagem inid="Lg">C#</linguagem>
        <linguagem inid="Lg">UNITY</linguagem>
      </linguagemLista>
      <tipoProgramaLista>
        <tipoPrograma>
          <codigo inid="Tp">AP-01</codigo>
        </tipoPrograma>
        <tipoPrograma>
          <codigo inid="Tp">FA-01</codigo>
        </tipoPrograma>
        <tipoPrograma>
          <codigo inid="Tp">SM-01</codigo>
        </tipoPrograma>
        <tipoPrograma>
          <codigo inid="Tp">SO-02</codigo>
        </tipoPrograma>
        <tipoPrograma>
          <codigo inid="Tp">TC-01</codigo>
        </tipoPrograma>
      </tipoProgramaLista>
      <titularLista>
        <titular sequencia="1" inid="73">
          <nome>INSTITUTO FEDERAL DE EDUCAÇÃO CIÊNCIA E TECNOLOGIA DO ESPÍRITO SANTO - IFES</nome>
        </titular>
        <titular sequencia="2" inid="73">
          <nome>VALE S.A.</nome>
        </titular>
      </titularLista>
      <criadorLista>
        <criador sequencia="1" inid="Cr">
          <nome>ANTÔNIO VICTOR MACHADO DE OLIVEIRA</nome>
        </criador>
        <criador sequencia="2" inid="Cr">
          <nome>MARCELO QUEIROZ SCHIMIDT</nome>
        </criador>
        <criador sequencia="3" inid="Cr">
          <nome>MARIO MESTRIA</nome>
        </criador>
        <criador sequencia="4" inid="Cr">
          <nome>PABLO PEREIRA E SILVA</nome>
        </criador>
        <criador sequencia="5" inid="Cr">
          <nome>RODRIGO VAREJÃO ANDREÃO</nome>
        </criador>
        <criador sequencia="6" inid="Cr">
          <nome>THIAGO DA SILVA MARTINS</nome>
        </criador>
        <criador sequencia="7" inid="Cr">
          <nome>TIAGO FONSECA MARTINELLI</nome>
        </criador>
        <criador sequencia="8" inid="Cr">
          <nome>VÍTOR HAUEISEN COSTA RUAS</nome>
        </criador>
      </criadorLista>
    </processo-programa>
  </despacho>
  <despacho>
    <codigo>730</codigo>
    <titulo>Expedição do Certificado de Registro</titulo>
    <processo-programa>
      <numero inid="Np">BR 51 2021 002409-5</numero>
      <titulo inid="54">Vale RA</titulo>
      <dataCriacao inid="Dl">28/07/2020</dataCriacao>
      <campoAplicacaoLista>
        <campoAplicacao>
          <codigo inid="Cp">ED-04</codigo>
        </campoAplicacao>
        <campoAplicacao>
          <codigo inid="Cp">IN-02</codigo>
        </campoAplicacao>
        <campoAplicacao>
          <codigo inid="Cp">TB-01</codigo>
        </campoAplicacao>
      </campoAplicacaoLista>
      <linguagemLista>
        <linguagem inid="Lg">C#</linguagem>
        <linguagem inid="Lg">UNITY</linguagem>
      </linguagemLista>
      <tipoProgramaLista>
        <tipoPrograma>
          <codigo inid="Tp">AP-01</codigo>
        </tipoPrograma>
        <tipoPrograma>
          <codigo inid="Tp">FA-01</codigo>
        </tipoPrograma>
        <tipoPrograma>
          <codigo inid="Tp">SM-01</codigo>
        </tipoPrograma>
        <tipoPrograma>
          <codigo inid="Tp">TC-01</codigo>
        </tipoPrograma>
      </tipoProgramaLista>
      <titularLista>
        <titular sequencia="1" inid="73">
          <nome>INSTITUTO FEDERAL DE EDUCAÇÃO CIÊNCIA E TECNOLOGIA DO ESPÍRITO SANTO - IFES</nome>
        </titular>
        <titular sequencia="2" inid="73">
          <nome>VALE S.A.</nome>
        </titular>
      </titularLista>
      <criadorLista>
        <criador sequencia="1" inid="Cr">
          <nome>ANTÔNIO VICTOR MACHADO DE OLIVEIRA</nome>
        </criador>
        <criador sequencia="2" inid="Cr">
          <nome>DOUGLAS ALMONFREY</nome>
        </criador>
        <criador sequencia="3" inid="Cr">
          <nome>MARCELO QUEIROZ SCHIMIDT</nome>
        </criador>
        <criador sequencia="4" inid="Cr">
          <nome>MARIO MESTRIA</nome>
        </criador>
        <criador sequencia="5" inid="Cr">
          <nome>RODRIGO VAREJÃO ANDREÃO</nome>
        </criador>
        <criador sequencia="6" inid="Cr">
          <nome>THIAGO DA SILVA MARTINS</nome>
        </criador>
        <criador sequencia="7" inid="Cr">
          <nome>VÍTOR HAUEISEN COSTA RUAS</nome>
        </criador>
      </criadorLista>
    </processo-programa>
  </despacho>
  <despacho>
    <codigo>730</codigo>
    <titulo>Expedição do Certificado de Registro</titulo>
    <processo-programa>
      <numero inid="Np">BR 51 2021 002410-9</numero>
      <titulo inid="54">MANDACARU - Sistema para suporte à avaliação do consumo alimentar e cálculo de receitas</titulo>
      <dataCriacao inid="Dl">16/07/2021</dataCriacao>
      <campoAplicacaoLista>
        <campoAplicacao>
          <codigo inid="Cp">ED-06</codigo>
        </campoAplicacao>
      </campoAplicacaoLista>
      <linguagemLista>
        <linguagem inid="Lg">CSS</linguagem>
        <linguagem inid="Lg">HTML</linguagem>
        <linguagem inid="Lg">JAVA SCRIPT</linguagem>
        <linguagem inid="Lg">PHP</linguagem>
      </linguagemLista>
      <tipoProgramaLista>
        <tipoPrograma>
          <codigo inid="Tp">AP-01</codigo>
        </tipoPrograma>
      </tipoProgramaLista>
      <titularLista>
        <titular sequencia="1" inid="73">
          <nome>UNIVERSIDADE FEDERAL DE SERGIPE</nome>
        </titular>
      </titularLista>
      <criadorLista>
        <criador sequencia="1" inid="Cr">
          <nome>ADICINEIA APARECIDA DE OLIVEIRA</nome>
        </criador>
        <criador sequencia="2" inid="Cr">
          <nome>GILDSON ALEX AMARO DOS SANTOS</nome>
        </criador>
        <criador sequencia="3" inid="Cr">
          <nome>IAGO FAGUNDES DA SILVA ELESBÃO</nome>
        </criador>
        <criador sequencia="4" inid="Cr">
          <nome>JAINE DA CONCEIÇÃO SANTOS</nome>
        </criador>
        <criador sequencia="5" inid="Cr">
          <nome>JULIANA RAMOS DA MOTA</nome>
        </criador>
        <criador sequencia="6" inid="Cr">
          <nome>RAUL OLIVEIRA DE ANDRADE</nome>
        </criador>
        <criador sequencia="7" inid="Cr">
          <nome>SILVIA MARIA VOCI</nome>
        </criador>
      </criadorLista>
    </processo-programa>
  </despacho>
  <despacho>
    <codigo>730</codigo>
    <titulo>Expedição do Certificado de Registro</titulo>
    <processo-programa>
      <numero inid="Np">BR 51 2021 002411-7</numero>
      <titulo inid="54">WORKFLOW DE GERENCIAMENTO DE PLANO DE AÇÃO</titulo>
      <dataCriacao inid="Dl">10/05/2020</dataCriacao>
      <campoAplicacaoLista>
        <campoAplicacao>
          <codigo inid="Cp">AD-06</codigo>
        </campoAplicacao>
      </campoAplicacaoLista>
      <linguagemLista>
        <linguagem inid="Lg">VISUAL BASIC</linguagem>
      </linguagemLista>
      <tipoProgramaLista>
        <tipoPrograma>
          <codigo inid="Tp">FA-03</codigo>
        </tipoPrograma>
      </tipoProgramaLista>
      <titularLista>
        <titular sequencia="1" inid="73">
          <nome>VALE S.A.</nome>
        </titular>
      </titularLista>
      <criadorLista>
        <criador sequencia="1" inid="Cr">
          <nome>WILSON CHARLES SILVA DA SILVA</nome>
        </criador>
      </criadorLista>
    </processo-programa>
  </despacho>
  <despacho>
    <codigo>730</codigo>
    <titulo>Expedição do Certificado de Registro</titulo>
    <processo-programa>
      <numero inid="Np">BR 51 2021 002412-5</numero>
      <titulo inid="54">IMOBILE</titulo>
      <dataCriacao inid="Dl">15/03/2020</dataCriacao>
      <campoAplicacaoLista>
        <campoAplicacao>
          <codigo inid="Cp">UB-02</codigo>
        </campoAplicacao>
      </campoAplicacaoLista>
      <linguagemLista>
        <linguagem inid="Lg">JAVA</linguagem>
        <linguagem inid="Lg">JAVA SCRIPT</linguagem>
      </linguagemLista>
      <tipoProgramaLista>
        <tipoPrograma>
          <codigo inid="Tp">AP-01</codigo>
        </tipoPrograma>
      </tipoProgramaLista>
      <titularLista>
        <titular sequencia="1" inid="73">
          <nome>GIORDANO MOCHEL NETTO</nome>
        </titular>
      </titularLista>
      <criadorLista>
        <criador sequencia="1" inid="Cr">
          <nome>GIORDANO MOCHEL NETTO</nome>
        </criador>
      </criadorLista>
    </processo-programa>
  </despacho>
  <despacho>
    <codigo>730</codigo>
    <titulo>Expedição do Certificado de Registro</titulo>
    <processo-programa>
      <numero inid="Np">BR 51 2021 002413-3</numero>
      <titulo inid="54">WELDVALUE</titulo>
      <dataCriacao inid="Dl">01/10/2020</dataCriacao>
      <campoAplicacaoLista>
        <campoAplicacao>
          <codigo inid="Cp">AD-06</codigo>
        </campoAplicacao>
        <campoAplicacao>
          <codigo inid="Cp">IN-01</codigo>
        </campoAplicacao>
        <campoAplicacao>
          <codigo inid="Cp">IN-02</codigo>
        </campoAplicacao>
        <campoAplicacao>
          <codigo inid="Cp">IN-03</codigo>
        </campoAplicacao>
      </campoAplicacaoLista>
      <linguagemLista>
        <linguagem inid="Lg">VISUAL BASIC</linguagem>
      </linguagemLista>
      <tipoProgramaLista>
        <tipoPrograma>
          <codigo inid="Tp">DS-07</codigo>
        </tipoPrograma>
        <tipoPrograma>
          <codigo inid="Tp">FA-03</codigo>
        </tipoPrograma>
        <tipoPrograma>
          <codigo inid="Tp">PD-02</codigo>
        </tipoPrograma>
        <tipoPrograma>
          <codigo inid="Tp">SO-02</codigo>
        </tipoPrograma>
        <tipoPrograma>
          <codigo inid="Tp">TC-01</codigo>
        </tipoPrograma>
      </tipoProgramaLista>
      <titularLista>
        <titular sequencia="1" inid="73">
          <nome>INSTITUTO FEDERAL DE EDUCAÇÃO, CIÊNCIA E TECNOLOGIA DE PERNAMBUCO</nome>
        </titular>
      </titularLista>
      <criadorLista>
        <criador sequencia="1" inid="Cr">
          <nome>JOSÉ DÁSIO DE LIRA JÚNIOR</nome>
        </criador>
        <criador sequencia="2" inid="Cr">
          <nome>JOSÉ EDUARDO FERREIRA DE OLIVEIRA</nome>
        </criador>
        <criador sequencia="3" inid="Cr">
          <nome>JOÃO VICTOR SIQUEIRA BATISTA DOS SANTOS</nome>
        </criador>
        <criador sequencia="4" inid="Cr">
          <nome>JOÃO VICTOR SIQUEIRA BATISTA DOS SANTOS</nome>
        </criador>
        <criador sequencia="5" inid="Cr">
          <nome>JOÃO VICTOR SIQUEIRA BATISTA DOS SANTOS</nome>
        </criador>
        <criador sequencia="6" inid="Cr">
          <nome>PABLO BATISTA GUIMARÃES</nome>
        </criador>
        <criador sequencia="7" inid="Cr">
          <nome>TIAGO DE SOUSA ANTONINO</nome>
        </criador>
      </criadorLista>
    </processo-programa>
  </despacho>
  <despacho>
    <codigo>730</codigo>
    <titulo>Expedição do Certificado de Registro</titulo>
    <processo-programa>
      <numero inid="Np">BR 51 2021 002414-1</numero>
      <titulo inid="54">SLI - SISTEMA DE LEILÕES INTEGRADO</titulo>
      <dataCriacao inid="Dl">01/01/2013</dataCriacao>
      <campoAplicacaoLista>
        <campoAplicacao>
          <codigo inid="Cp">AD-01</codigo>
        </campoAplicacao>
        <campoAplicacao>
          <codigo inid="Cp">AD-02</codigo>
        </campoAplicacao>
        <campoAplicacao>
          <codigo inid="Cp">AD-03</codigo>
        </campoAplicacao>
        <campoAplicacao>
          <codigo inid="Cp">AD-05</codigo>
        </campoAplicacao>
        <campoAplicacao>
          <codigo inid="Cp">AD-11</codigo>
        </campoAplicacao>
        <campoAplicacao>
          <codigo inid="Cp">EC-04</codigo>
        </campoAplicacao>
        <campoAplicacao>
          <codigo inid="Cp">EC-14</codigo>
        </campoAplicacao>
      </campoAplicacaoLista>
      <linguagemLista>
        <linguagem inid="Lg">.NET</linguagem>
        <linguagem inid="Lg">VISUAL BASIC</linguagem>
      </linguagemLista>
      <tipoProgramaLista>
        <tipoPrograma>
          <codigo inid="Tp">AP-02</codigo>
        </tipoPrograma>
        <tipoPrograma>
          <codigo inid="Tp">AP-03</codigo>
        </tipoPrograma>
        <tipoPrograma>
          <codigo inid="Tp">AP-04</codigo>
        </tipoPrograma>
        <tipoPrograma>
          <codigo inid="Tp">AT-01</codigo>
        </tipoPrograma>
        <tipoPrograma>
          <codigo inid="Tp">AT-03</codigo>
        </tipoPrograma>
        <tipoPrograma>
          <codigo inid="Tp">GI-01</codigo>
        </tipoPrograma>
        <tipoPrograma>
          <codigo inid="Tp">GI-03</codigo>
        </tipoPrograma>
        <tipoPrograma>
          <codigo inid="Tp">GI-04</codigo>
        </tipoPrograma>
        <tipoPrograma>
          <codigo inid="Tp">IA-02</codigo>
        </tipoPrograma>
        <tipoPrograma>
          <codigo inid="Tp">SO-05</codigo>
        </tipoPrograma>
      </tipoProgramaLista>
      <titularLista>
        <titular sequencia="1" inid="73">
          <nome>ESTANCIA BAHIA EVENTOS LTDA</nome>
        </titular>
      </titularLista>
      <criadorLista>
        <criador sequencia="1" inid="Cr">
          <nome>MAURICIO CARDOSO TONHA</nome>
        </criador>
      </criadorLista>
    </processo-programa>
  </despacho>
  <despacho>
    <codigo>730</codigo>
    <titulo>Expedição do Certificado de Registro</titulo>
    <processo-programa>
      <numero inid="Np">BR 51 2021 002415-0</numero>
      <titulo inid="54">VigIA: ciência cidadã no monitoramento de ambientes aquáticos</titulo>
      <dataCriacao inid="Dl">Não informado</dataCriacao>
      <campoAplicacaoLista>
        <campoAplicacao>
          <codigo inid="Cp">AD-06</codigo>
        </campoAplicacao>
        <campoAplicacao>
          <codigo inid="Cp">AH-01</codigo>
        </campoAplicacao>
        <campoAplicacao>
          <codigo inid="Cp">AH-02</codigo>
        </campoAplicacao>
        <campoAplicacao>
          <codigo inid="Cp">AH-06</codigo>
        </campoAplicacao>
        <campoAplicacao>
          <codigo inid="Cp">BL-01</codigo>
        </campoAplicacao>
        <campoAplicacao>
          <codigo inid="Cp">BT-01</codigo>
        </campoAplicacao>
        <campoAplicacao>
          <codigo inid="Cp">CO-02</codigo>
        </campoAplicacao>
        <campoAplicacao>
          <codigo inid="Cp">ED-04</codigo>
        </campoAplicacao>
        <campoAplicacao>
          <codigo inid="Cp">ED-05</codigo>
        </campoAplicacao>
        <campoAplicacao>
          <codigo inid="Cp">ED-06</codigo>
        </campoAplicacao>
        <campoAplicacao>
          <codigo inid="Cp">EL-01</codigo>
        </campoAplicacao>
        <campoAplicacao>
          <codigo inid="Cp">EL-02</codigo>
        </campoAplicacao>
        <campoAplicacao>
          <codigo inid="Cp">EL-03</codigo>
        </campoAplicacao>
        <campoAplicacao>
          <codigo inid="Cp">HD-01</codigo>
        </campoAplicacao>
        <campoAplicacao>
          <codigo inid="Cp">HD-02</codigo>
        </campoAplicacao>
        <campoAplicacao>
          <codigo inid="Cp">HD-03</codigo>
        </campoAplicacao>
        <campoAplicacao>
          <codigo inid="Cp">HD-04</codigo>
        </campoAplicacao>
        <campoAplicacao>
          <codigo inid="Cp">IF-01</codigo>
        </campoAplicacao>
        <campoAplicacao>
          <codigo inid="Cp">SM-01</codigo>
        </campoAplicacao>
        <campoAplicacao>
          <codigo inid="Cp">SM-04</codigo>
        </campoAplicacao>
        <campoAplicacao>
          <codigo inid="Cp">SM-05</codigo>
        </campoAplicacao>
        <campoAplicacao>
          <codigo inid="Cp">TB-06</codigo>
        </campoAplicacao>
      </campoAplicacaoLista>
      <linguagemLista>
        <linguagem inid="Lg">CSS</linguagem>
        <linguagem inid="Lg">HTML</linguagem>
        <linguagem inid="Lg">JAVA SCRIPT</linguagem>
        <linguagem inid="Lg">PHP</linguagem>
      </linguagemLista>
      <tipoProgramaLista>
        <tipoPrograma>
          <codigo inid="Tp">AP-01</codigo>
        </tipoPrograma>
        <tipoPrograma>
          <codigo inid="Tp">ET-01</codigo>
        </tipoPrograma>
        <tipoPrograma>
          <codigo inid="Tp">GI-01</codigo>
        </tipoPrograma>
        <tipoPrograma>
          <codigo inid="Tp">GI-06</codigo>
        </tipoPrograma>
        <tipoPrograma>
          <codigo inid="Tp">IA-01</codigo>
        </tipoPrograma>
        <tipoPrograma>
          <codigo inid="Tp">TC-01</codigo>
        </tipoPrograma>
      </tipoProgramaLista>
      <titularLista>
        <titular sequencia="1" inid="73">
          <nome>UNIVERSIDADE DO ESTADO DO RIO DE JANEIRO</nome>
        </titular>
      </titularLista>
      <criadorLista>
        <criador sequencia="1" inid="Cr">
          <nome>FÁBIO VIEIRA DE ARAUJO</nome>
        </criador>
        <criador sequencia="2" inid="Cr">
          <nome>HELLEN JANNISY VIEIRA BEIRAL</nome>
        </criador>
        <criador sequencia="3" inid="Cr">
          <nome>JEAN CARLOS MIRANDA DA SILVA</nome>
        </criador>
        <criador sequencia="4" inid="Cr">
          <nome>MAÍRA MORAES PEREIRA</nome>
        </criador>
        <criador sequencia="5" inid="Cr">
          <nome>MÁRCIO ROBERTO CARVALHO MATHEUS FILHO</nome>
        </criador>
        <criador sequencia="6" inid="Cr">
          <nome>RICARDO TADEU SANTORI</nome>
        </criador>
        <criador sequencia="7" inid="Cr">
          <nome>ROSANA SOUZA LIMA</nome>
        </criador>
      </criadorLista>
    </processo-programa>
  </despacho>
  <despacho>
    <codigo>730</codigo>
    <titulo>Expedição do Certificado de Registro</titulo>
    <processo-programa>
      <numero inid="Np">BR 51 2021 002416-8</numero>
      <titulo inid="54">Calculadora de Programa Nutricional Para Peixe</titulo>
      <dataCriacao inid="Dl">01/01/2019</dataCriacao>
      <campoAplicacaoLista>
        <campoAplicacao>
          <codigo inid="Cp">AG-01</codigo>
        </campoAplicacao>
        <campoAplicacao>
          <codigo inid="Cp">AG-03</codigo>
        </campoAplicacao>
        <campoAplicacao>
          <codigo inid="Cp">AG-10</codigo>
        </campoAplicacao>
      </campoAplicacaoLista>
      <linguagemLista>
        <linguagem inid="Lg">JAVA SCRIPT</linguagem>
      </linguagemLista>
      <tipoProgramaLista>
        <tipoPrograma>
          <codigo inid="Tp">DS-04</codigo>
        </tipoPrograma>
        <tipoPrograma>
          <codigo inid="Tp">SM-01</codigo>
        </tipoPrograma>
        <tipoPrograma>
          <codigo inid="Tp">TC-01</codigo>
        </tipoPrograma>
      </tipoProgramaLista>
      <titularLista>
        <titular sequencia="1" inid="73">
          <nome>UNIVERSIDADE ESTADUAL PAULISTA JULIO DE MESQUITA FILHO</nome>
        </titular>
      </titularLista>
      <criadorLista>
        <criador sequencia="1" inid="Cr">
          <nome>JOAO BATISTA KOCHEMBORGER FERNANDES</nome>
        </criador>
        <criador sequencia="2" inid="Cr">
          <nome>MATHEUS DE PAULA REIS</nome>
        </criador>
        <criador sequencia="3" inid="Cr">
          <nome>NILVA KAZUE SAKOMURA</nome>
        </criador>
        <criador sequencia="4" inid="Cr">
          <nome>RAFAEL DE SOUZA ROMANELI</nome>
        </criador>
        <criador sequencia="5" inid="Cr">
          <nome>THAÍS DA SILVA OLIVEIRA</nome>
        </criador>
      </criadorLista>
    </processo-programa>
  </despacho>
  <despacho>
    <codigo>730</codigo>
    <titulo>Expedição do Certificado de Registro</titulo>
    <processo-programa>
      <numero inid="Np">BR 51 2021 002417-6</numero>
      <titulo inid="54">Calculadora de Programa Nutricional para Aves de Produção</titulo>
      <dataCriacao inid="Dl">01/06/2020</dataCriacao>
      <campoAplicacaoLista>
        <campoAplicacao>
          <codigo inid="Cp">AG-01</codigo>
        </campoAplicacao>
        <campoAplicacao>
          <codigo inid="Cp">AG-03</codigo>
        </campoAplicacao>
        <campoAplicacao>
          <codigo inid="Cp">AG-10</codigo>
        </campoAplicacao>
      </campoAplicacaoLista>
      <linguagemLista>
        <linguagem inid="Lg">JAVA SCRIPT</linguagem>
      </linguagemLista>
      <tipoProgramaLista>
        <tipoPrograma>
          <codigo inid="Tp">DS-04</codigo>
        </tipoPrograma>
        <tipoPrograma>
          <codigo inid="Tp">SM-01</codigo>
        </tipoPrograma>
        <tipoPrograma>
          <codigo inid="Tp">TC-01</codigo>
        </tipoPrograma>
      </tipoProgramaLista>
      <titularLista>
        <titular sequencia="1" inid="73">
          <nome>UNIVERSIDADE ESTADUAL PAULISTA JULIO DE MESQUITA FILHO</nome>
        </titular>
      </titularLista>
      <criadorLista>
        <criador sequencia="1" inid="Cr">
          <nome>MATHEUS DE PAULA REIS</nome>
        </criador>
        <criador sequencia="2" inid="Cr">
          <nome>NILVA KAZUE SAKOMURA</nome>
        </criador>
      </criadorLista>
    </processo-programa>
  </despacho>
  <despacho>
    <codigo>730</codigo>
    <titulo>Expedição do Certificado de Registro</titulo>
    <processo-programa>
      <numero inid="Np">BR 51 2021 002418-4</numero>
      <titulo inid="54">Score Z Calculator</titulo>
      <dataCriacao inid="Dl">10/06/2021</dataCriacao>
      <campoAplicacaoLista>
        <campoAplicacao>
          <codigo inid="Cp">SD-06</codigo>
        </campoAplicacao>
        <campoAplicacao>
          <codigo inid="Cp">SD-07</codigo>
        </campoAplicacao>
        <campoAplicacao>
          <codigo inid="Cp">SD-08</codigo>
        </campoAplicacao>
      </campoAplicacaoLista>
      <linguagemLista>
        <linguagem inid="Lg">JAVA SCRIPT</linguagem>
        <linguagem inid="Lg">OUTROS</linguagem>
      </linguagemLista>
      <tipoProgramaLista>
        <tipoPrograma>
          <codigo inid="Tp">AP-01</codigo>
        </tipoPrograma>
        <tipoPrograma>
          <codigo inid="Tp">FA-01</codigo>
        </tipoPrograma>
      </tipoProgramaLista>
      <titularLista>
        <titular sequencia="1" inid="73">
          <nome>ASSOCIAÇÃO PRÓ-ENSINO EM SANTA CRUZ DO SUL</nome>
        </titular>
      </titularLista>
      <criadorLista>
        <criador sequencia="1" inid="Cr">
          <nome>ANA PAULA SEHN</nome>
        </criador>
        <criador sequencia="2" inid="Cr">
          <nome>CÉZANE PRISCILA REUTER</nome>
        </criador>
        <criador sequencia="3" inid="Cr">
          <nome>REJANE FROZZA</nome>
        </criador>
        <criador sequencia="4" inid="Cr">
          <nome>ROGER FAGNER ROTHMUND</nome>
        </criador>
      </criadorLista>
    </processo-programa>
  </despacho>
  <despacho>
    <codigo>730</codigo>
    <titulo>Expedição do Certificado de Registro</titulo>
    <processo-programa>
      <numero inid="Np">BR 51 2021 002419-2</numero>
      <titulo inid="54">STATRURAL</titulo>
      <dataCriacao inid="Dl">02/02/2021</dataCriacao>
      <campoAplicacaoLista>
        <campoAplicacao>
          <codigo inid="Cp">AG-01</codigo>
        </campoAplicacao>
        <campoAplicacao>
          <codigo inid="Cp">AG-06</codigo>
        </campoAplicacao>
        <campoAplicacao>
          <codigo inid="Cp">MT-06</codigo>
        </campoAplicacao>
      </campoAplicacaoLista>
      <linguagemLista>
        <linguagem inid="Lg">NODEJS</linguagem>
      </linguagemLista>
      <tipoProgramaLista>
        <tipoPrograma>
          <codigo inid="Tp">AP-01</codigo>
        </tipoPrograma>
        <tipoPrograma>
          <codigo inid="Tp">AP-02</codigo>
        </tipoPrograma>
        <tipoPrograma>
          <codigo inid="Tp">AP-03</codigo>
        </tipoPrograma>
        <tipoPrograma>
          <codigo inid="Tp">AT-01</codigo>
        </tipoPrograma>
        <tipoPrograma>
          <codigo inid="Tp">AV-01</codigo>
        </tipoPrograma>
        <tipoPrograma>
          <codigo inid="Tp">CD-01</codigo>
        </tipoPrograma>
      </tipoProgramaLista>
      <titularLista>
        <titular sequencia="1" inid="73">
          <nome>MOLDE DEVELOPMENT LTDA</nome>
        </titular>
      </titularLista>
      <criadorLista>
        <criador sequencia="1" inid="Cr">
          <nome>ANDERSON ALVES DE OLIVEIRA</nome>
        </criador>
        <criador sequencia="2" inid="Cr">
          <nome>RODRIGO FIRMINO HIGINO</nome>
        </criador>
      </criadorLista>
    </processo-programa>
  </despacho>
  <despacho>
    <codigo>730</codigo>
    <titulo>Expedição do Certificado de Registro</titulo>
    <processo-programa>
      <numero inid="Np">BR 51 2021 002420-6</numero>
      <titulo inid="54">Plataforma de membros FireMember</titulo>
      <dataCriacao inid="Dl">19/05/2021</dataCriacao>
      <campoAplicacaoLista>
        <campoAplicacao>
          <codigo inid="Cp">ED-04</codigo>
        </campoAplicacao>
      </campoAplicacaoLista>
      <linguagemLista>
        <linguagem inid="Lg">CSS</linguagem>
        <linguagem inid="Lg">HTML</linguagem>
        <linguagem inid="Lg">JAVA SCRIPT</linguagem>
      </linguagemLista>
      <tipoProgramaLista>
        <tipoPrograma>
          <codigo inid="Tp">AP-01</codigo>
        </tipoPrograma>
        <tipoPrograma>
          <codigo inid="Tp">AT-03</codigo>
        </tipoPrograma>
      </tipoProgramaLista>
      <titularLista>
        <titular sequencia="1" inid="73">
          <nome>EZEQUIEL JOSE OLIVEIRA 13301700675</nome>
        </titular>
      </titularLista>
      <criadorLista>
        <criador sequencia="1" inid="Cr">
          <nome>EZEQUIEL JOSÉ OLIVEIRA</nome>
        </criador>
      </criadorLista>
    </processo-programa>
  </despacho>
  <despacho>
    <codigo>730</codigo>
    <titulo>Expedição do Certificado de Registro</titulo>
    <processo-programa>
      <numero inid="Np">BR 51 2021 002421-4</numero>
      <titulo inid="54">Sistema de monitoramento e rastreamento de contaminação do COVID-19</titulo>
      <dataCriacao inid="Dl">04/08/2020</dataCriacao>
      <campoAplicacaoLista>
        <campoAplicacao>
          <codigo inid="Cp">AD-01</codigo>
        </campoAplicacao>
        <campoAplicacao>
          <codigo inid="Cp">AD-02</codigo>
        </campoAplicacao>
        <campoAplicacao>
          <codigo inid="Cp">AD-03</codigo>
        </campoAplicacao>
        <campoAplicacao>
          <codigo inid="Cp">AD-05</codigo>
        </campoAplicacao>
        <campoAplicacao>
          <codigo inid="Cp">AD-07</codigo>
        </campoAplicacao>
        <campoAplicacao>
          <codigo inid="Cp">AH-03</codigo>
        </campoAplicacao>
        <campoAplicacao>
          <codigo inid="Cp">AH-05</codigo>
        </campoAplicacao>
        <campoAplicacao>
          <codigo inid="Cp">AN-01</codigo>
        </campoAplicacao>
        <campoAplicacao>
          <codigo inid="Cp">AN-02</codigo>
        </campoAplicacao>
        <campoAplicacao>
          <codigo inid="Cp">SV-01</codigo>
        </campoAplicacao>
        <campoAplicacao>
          <codigo inid="Cp">TB-01</codigo>
        </campoAplicacao>
        <campoAplicacao>
          <codigo inid="Cp">TB-02</codigo>
        </campoAplicacao>
      </campoAplicacaoLista>
      <linguagemLista>
        <linguagem inid="Lg">C++</linguagem>
        <linguagem inid="Lg">JAVA SCRIPT</linguagem>
        <linguagem inid="Lg">OUTROS</linguagem>
      </linguagemLista>
      <tipoProgramaLista>
        <tipoPrograma>
          <codigo inid="Tp">AP-02</codigo>
        </tipoPrograma>
        <tipoPrograma>
          <codigo inid="Tp">AP-03</codigo>
        </tipoPrograma>
        <tipoPrograma>
          <codigo inid="Tp">AP-04</codigo>
        </tipoPrograma>
        <tipoPrograma>
          <codigo inid="Tp">AT-02</codigo>
        </tipoPrograma>
        <tipoPrograma>
          <codigo inid="Tp">CD-01</codigo>
        </tipoPrograma>
        <tipoPrograma>
          <codigo inid="Tp">CD-05</codigo>
        </tipoPrograma>
        <tipoPrograma>
          <codigo inid="Tp">GI-01</codigo>
        </tipoPrograma>
        <tipoPrograma>
          <codigo inid="Tp">GI-02</codigo>
        </tipoPrograma>
        <tipoPrograma>
          <codigo inid="Tp">GI-04</codigo>
        </tipoPrograma>
        <tipoPrograma>
          <codigo inid="Tp">PD-05</codigo>
        </tipoPrograma>
        <tipoPrograma>
          <codigo inid="Tp">SO-02</codigo>
        </tipoPrograma>
        <tipoPrograma>
          <codigo inid="Tp">SO-05</codigo>
        </tipoPrograma>
      </tipoProgramaLista>
      <titularLista>
        <titular sequencia="1" inid="73">
          <nome>POLO FILMS INDÚSTRIA E COMÉRCIO S/A</nome>
        </titular>
      </titularLista>
      <criadorLista>
        <criador sequencia="1" inid="Cr">
          <nome>FABRÍCIO MEDEIROS MARTINS</nome>
        </criador>
      </criadorLista>
    </processo-programa>
  </despacho>
  <despacho>
    <codigo>730</codigo>
    <titulo>Expedição do Certificado de Registro</titulo>
    <processo-programa>
      <numero inid="Np">BR 51 2021 002422-2</numero>
      <titulo inid="54">TryRdP</titulo>
      <dataCriacao inid="Dl">24/12/2020</dataCriacao>
      <campoAplicacaoLista>
        <campoAplicacao>
          <codigo inid="Cp">ED-01</codigo>
        </campoAplicacao>
      </campoAplicacaoLista>
      <linguagemLista>
        <linguagem inid="Lg">CSS</linguagem>
        <linguagem inid="Lg">HTML</linguagem>
        <linguagem inid="Lg">JAVA SCRIPT</linguagem>
        <linguagem inid="Lg">PHP</linguagem>
      </linguagemLista>
      <tipoProgramaLista>
        <tipoPrograma>
          <codigo inid="Tp">AP-01</codigo>
        </tipoPrograma>
        <tipoPrograma>
          <codigo inid="Tp">FA-01</codigo>
        </tipoPrograma>
        <tipoPrograma>
          <codigo inid="Tp">UT-01</codigo>
        </tipoPrograma>
      </tipoProgramaLista>
      <titularLista>
        <titular sequencia="1" inid="73">
          <nome>UNIVERSIDADE FEDERAL RURAL DE PERNAMBUCO</nome>
        </titular>
      </titularLista>
      <criadorLista>
        <criador sequencia="1" inid="Cr">
          <nome>ERMESON CARNEIRO DE ANDRADE</nome>
        </criador>
        <criador sequencia="2" inid="Cr">
          <nome>JOHN WESLEY SOARES DE LIMA</nome>
        </criador>
        <criador sequencia="3" inid="Cr">
          <nome>TACIANA PONTUAL DA ROCHA FALCAO</nome>
        </criador>
      </criadorLista>
    </processo-programa>
  </despacho>
  <despacho>
    <codigo>730</codigo>
    <titulo>Expedição do Certificado de Registro</titulo>
    <processo-programa>
      <numero inid="Np">BR 51 2021 002423-0</numero>
      <titulo inid="54">Meu APP</titulo>
      <dataCriacao inid="Dl">01/07/2021</dataCriacao>
      <campoAplicacaoLista>
        <campoAplicacao>
          <codigo inid="Cp">CO-04</codigo>
        </campoAplicacao>
        <campoAplicacao>
          <codigo inid="Cp">IN-02</codigo>
        </campoAplicacao>
      </campoAplicacaoLista>
      <linguagemLista>
        <linguagem inid="Lg">JAVA SCRIPT</linguagem>
        <linguagem inid="Lg">PHP</linguagem>
      </linguagemLista>
      <tipoProgramaLista>
        <tipoPrograma>
          <codigo inid="Tp">GI-01</codigo>
        </tipoPrograma>
        <tipoPrograma>
          <codigo inid="Tp">GI-02</codigo>
        </tipoPrograma>
        <tipoPrograma>
          <codigo inid="Tp">TC-02</codigo>
        </tipoPrograma>
        <tipoPrograma>
          <codigo inid="Tp">UT-01</codigo>
        </tipoPrograma>
      </tipoProgramaLista>
      <titularLista>
        <titular sequencia="1" inid="73">
          <nome>MEU APLICATIVO LTDA EPP</nome>
        </titular>
      </titularLista>
      <criadorLista>
        <criador sequencia="1" inid="Cr">
          <nome>ANGELO GOMES DA SILVA</nome>
        </criador>
      </criadorLista>
    </processo-programa>
  </despacho>
  <despacho>
    <codigo>730</codigo>
    <titulo>Expedição do Certificado de Registro</titulo>
    <processo-programa>
      <numero inid="Np">BR 51 2021 002424-9</numero>
      <titulo inid="54">MeuCompromisso Conta Digital</titulo>
      <dataCriacao inid="Dl">01/03/2020</dataCriacao>
      <campoAplicacaoLista>
        <campoAplicacao>
          <codigo inid="Cp">AD-09</codigo>
        </campoAplicacao>
        <campoAplicacao>
          <codigo inid="Cp">EC-04</codigo>
        </campoAplicacao>
        <campoAplicacao>
          <codigo inid="Cp">FN-02</codigo>
        </campoAplicacao>
        <campoAplicacao>
          <codigo inid="Cp">FN-03</codigo>
        </campoAplicacao>
        <campoAplicacao>
          <codigo inid="Cp">FN-04</codigo>
        </campoAplicacao>
        <campoAplicacao>
          <codigo inid="Cp">FN-05</codigo>
        </campoAplicacao>
      </campoAplicacaoLista>
      <linguagemLista>
        <linguagem inid="Lg">JAVA</linguagem>
      </linguagemLista>
      <tipoProgramaLista>
        <tipoPrograma>
          <codigo inid="Tp">AP-01</codigo>
        </tipoPrograma>
        <tipoPrograma>
          <codigo inid="Tp">AP-02</codigo>
        </tipoPrograma>
        <tipoPrograma>
          <codigo inid="Tp">AP-03</codigo>
        </tipoPrograma>
        <tipoPrograma>
          <codigo inid="Tp">GI-04</codigo>
        </tipoPrograma>
      </tipoProgramaLista>
      <titularLista>
        <titular sequencia="1" inid="73">
          <nome>MARCELO RODRIGUES</nome>
        </titular>
      </titularLista>
      <criadorLista>
        <criador sequencia="1" inid="Cr">
          <nome>MARCELO RODRIGUES</nome>
        </criador>
      </criadorLista>
    </processo-programa>
  </despacho>
  <despacho>
    <codigo>730</codigo>
    <titulo>Expedição do Certificado de Registro</titulo>
    <processo-programa>
      <numero inid="Np">BR 51 2021 002427-3</numero>
      <titulo inid="54">Programa de Apontamento de Horas</titulo>
      <dataCriacao inid="Dl">08/11/2018</dataCriacao>
      <campoAplicacaoLista>
        <campoAplicacao>
          <codigo inid="Cp">AD-11</codigo>
        </campoAplicacao>
      </campoAplicacaoLista>
      <linguagemLista>
        <linguagem inid="Lg">.NET</linguagem>
      </linguagemLista>
      <tipoProgramaLista>
        <tipoPrograma>
          <codigo inid="Tp">AP-03</codigo>
        </tipoPrograma>
      </tipoProgramaLista>
      <titularLista>
        <titular sequencia="1" inid="73">
          <nome>JOHNNY MARCOS DE OLIVEIRA</nome>
        </titular>
      </titularLista>
      <criadorLista>
        <criador sequencia="1" inid="Cr">
          <nome>JOHNNY MARCOS DE OLIVEIRA</nome>
        </criador>
      </criadorLista>
    </processo-programa>
  </despacho>
  <despacho>
    <codigo>730</codigo>
    <titulo>Expedição do Certificado de Registro</titulo>
    <processo-programa>
      <numero inid="Np">BR 51 2021 002428-1</numero>
      <titulo inid="54">Programa certificador de incorruptibilidade de mensagens criptografadas</titulo>
      <dataCriacao inid="Dl">14/10/2021</dataCriacao>
      <campoAplicacaoLista>
        <campoAplicacao>
          <codigo inid="Cp">IF-02</codigo>
        </campoAplicacao>
        <campoAplicacao>
          <codigo inid="Cp">IF-04</codigo>
        </campoAplicacao>
        <campoAplicacao>
          <codigo inid="Cp">IF-07</codigo>
        </campoAplicacao>
        <campoAplicacao>
          <codigo inid="Cp">IF-09</codigo>
        </campoAplicacao>
        <campoAplicacao>
          <codigo inid="Cp">IF-10</codigo>
        </campoAplicacao>
      </campoAplicacaoLista>
      <linguagemLista>
        <linguagem inid="Lg">OUTROS</linguagem>
      </linguagemLista>
      <tipoProgramaLista>
        <tipoPrograma>
          <codigo inid="Tp">PD-01</codigo>
        </tipoPrograma>
        <tipoPrograma>
          <codigo inid="Tp">PD-03</codigo>
        </tipoPrograma>
        <tipoPrograma>
          <codigo inid="Tp">PD-04</codigo>
        </tipoPrograma>
      </tipoProgramaLista>
      <titularLista>
        <titular sequencia="1" inid="73">
          <nome>LUIS FELIPE MASSENA MISIEC</nome>
        </titular>
      </titularLista>
      <criadorLista>
        <criador sequencia="1" inid="Cr">
          <nome>LUIS FELIPE MASSENA MISIEC</nome>
        </criador>
      </criadorLista>
    </processo-programa>
  </despacho>
  <despacho>
    <codigo>730</codigo>
    <titulo>Expedição do Certificado de Registro</titulo>
    <processo-programa>
      <numero inid="Np">BR 51 2021 002429-0</numero>
      <titulo inid="54">inoCoreWeb 1.07</titulo>
      <dataCriacao inid="Dl">15/01/2019</dataCriacao>
      <campoAplicacaoLista>
        <campoAplicacao>
          <codigo inid="Cp">AD-01</codigo>
        </campoAplicacao>
        <campoAplicacao>
          <codigo inid="Cp">AD-08</codigo>
        </campoAplicacao>
        <campoAplicacao>
          <codigo inid="Cp">AD-09</codigo>
        </campoAplicacao>
        <campoAplicacao>
          <codigo inid="Cp">AD-11</codigo>
        </campoAplicacao>
        <campoAplicacao>
          <codigo inid="Cp">EC-07</codigo>
        </campoAplicacao>
        <campoAplicacao>
          <codigo inid="Cp">EC-14</codigo>
        </campoAplicacao>
        <campoAplicacao>
          <codigo inid="Cp">FN-03</codigo>
        </campoAplicacao>
        <campoAplicacao>
          <codigo inid="Cp">FN-05</codigo>
        </campoAplicacao>
        <campoAplicacao>
          <codigo inid="Cp">FN-06</codigo>
        </campoAplicacao>
        <campoAplicacao>
          <codigo inid="Cp">IF-04</codigo>
        </campoAplicacao>
        <campoAplicacao>
          <codigo inid="Cp">IF-07</codigo>
        </campoAplicacao>
        <campoAplicacao>
          <codigo inid="Cp">IF-10</codigo>
        </campoAplicacao>
        <campoAplicacao>
          <codigo inid="Cp">IN-05</codigo>
        </campoAplicacao>
        <campoAplicacao>
          <codigo inid="Cp">SD-10</codigo>
        </campoAplicacao>
        <campoAplicacao>
          <codigo inid="Cp">SV-01</codigo>
        </campoAplicacao>
        <campoAplicacao>
          <codigo inid="Cp">SV-03</codigo>
        </campoAplicacao>
      </campoAplicacaoLista>
      <linguagemLista>
        <linguagem inid="Lg">CSS</linguagem>
        <linguagem inid="Lg">DELPHI</linguagem>
        <linguagem inid="Lg">JAVA SCRIPT</linguagem>
        <linguagem inid="Lg">OUTROS</linguagem>
        <linguagem inid="Lg">PHP</linguagem>
        <linguagem inid="Lg">PROGRESS</linguagem>
      </linguagemLista>
      <tipoProgramaLista>
        <tipoPrograma>
          <codigo inid="Tp">AP-01</codigo>
        </tipoPrograma>
        <tipoPrograma>
          <codigo inid="Tp">AP-03</codigo>
        </tipoPrograma>
        <tipoPrograma>
          <codigo inid="Tp">AP-04</codigo>
        </tipoPrograma>
        <tipoPrograma>
          <codigo inid="Tp">AP-05</codigo>
        </tipoPrograma>
        <tipoPrograma>
          <codigo inid="Tp">AT-01</codigo>
        </tipoPrograma>
        <tipoPrograma>
          <codigo inid="Tp">AT-03</codigo>
        </tipoPrograma>
        <tipoPrograma>
          <codigo inid="Tp">AT-05</codigo>
        </tipoPrograma>
        <tipoPrograma>
          <codigo inid="Tp">AT-06</codigo>
        </tipoPrograma>
        <tipoPrograma>
          <codigo inid="Tp">GI-04</codigo>
        </tipoPrograma>
      </tipoProgramaLista>
      <titularLista>
        <titular sequencia="1" inid="73">
          <nome>LANZONI TECNOLOGIA DA INFORMAÇÃO EIRELI</nome>
        </titular>
      </titularLista>
      <criadorLista>
        <criador sequencia="1" inid="Cr">
          <nome>MARCUS LANZONI</nome>
        </criador>
      </criadorLista>
    </processo-programa>
  </despacho>
  <despacho>
    <codigo>730</codigo>
    <titulo>Expedição do Certificado de Registro</titulo>
    <processo-programa>
      <numero inid="Np">BR 51 2021 002430-3</numero>
      <titulo inid="54">Ambiente Imersivo para Prática Experimental de Bombas</titulo>
      <dataCriacao inid="Dl">05/07/2021</dataCriacao>
      <campoAplicacaoLista>
        <campoAplicacao>
          <codigo inid="Cp">CC-09</codigo>
        </campoAplicacao>
      </campoAplicacaoLista>
      <linguagemLista>
        <linguagem inid="Lg">C++</linguagem>
      </linguagemLista>
      <tipoProgramaLista>
        <tipoPrograma>
          <codigo inid="Tp">SM-03</codigo>
        </tipoPrograma>
      </tipoProgramaLista>
      <titularLista>
        <titular sequencia="1" inid="73">
          <nome>FELIPI LUIZ DE ASSUNCAO BEZERRA</nome>
        </titular>
      </titularLista>
      <criadorLista>
        <criador sequencia="1" inid="Cr">
          <nome>ANDRE ISSAO KOMORI</nome>
        </criador>
        <criador sequencia="2" inid="Cr">
          <nome>IAGO FORTES DE LIMA</nome>
        </criador>
        <criador sequencia="3" inid="Cr">
          <nome>LARISSA MARIA FERNANDES</nome>
        </criador>
        <criador sequencia="4" inid="Cr">
          <nome>LUCAS BONFIM ROCHA</nome>
        </criador>
        <criador sequencia="5" inid="Cr">
          <nome>MURILO MARCOS BATISTA</nome>
        </criador>
      </criadorLista>
    </processo-programa>
  </despacho>
  <despacho>
    <codigo>730</codigo>
    <titulo>Expedição do Certificado de Registro</titulo>
    <processo-programa>
      <numero inid="Np">BR 51 2021 002431-1</numero>
      <titulo inid="54">Oba Fácil</titulo>
      <dataCriacao inid="Dl">07/10/2020</dataCriacao>
      <campoAplicacaoLista>
        <campoAplicacao>
          <codigo inid="Cp">AD-01</codigo>
        </campoAplicacao>
        <campoAplicacao>
          <codigo inid="Cp">AD-02</codigo>
        </campoAplicacao>
        <campoAplicacao>
          <codigo inid="Cp">CO-04</codigo>
        </campoAplicacao>
        <campoAplicacao>
          <codigo inid="Cp">TB-01</codigo>
        </campoAplicacao>
        <campoAplicacao>
          <codigo inid="Cp">TC-02</codigo>
        </campoAplicacao>
        <campoAplicacao>
          <codigo inid="Cp">TC-04</codigo>
        </campoAplicacao>
      </campoAplicacaoLista>
      <linguagemLista>
        <linguagem inid="Lg">OUTROS</linguagem>
      </linguagemLista>
      <tipoProgramaLista>
        <tipoPrograma>
          <codigo inid="Tp">AP-01</codigo>
        </tipoPrograma>
        <tipoPrograma>
          <codigo inid="Tp">AT-01</codigo>
        </tipoPrograma>
        <tipoPrograma>
          <codigo inid="Tp">SO-01</codigo>
        </tipoPrograma>
      </tipoProgramaLista>
      <titularLista>
        <titular sequencia="1" inid="73">
          <nome>OBA PARTICIPAÇÕES LTDA</nome>
        </titular>
      </titularLista>
      <criadorLista>
        <criador sequencia="1" inid="Cr">
          <nome>LUIZ GUILHERME DE CARVALHO SOARES</nome>
        </criador>
      </criadorLista>
    </processo-programa>
  </despacho>
  <despacho>
    <codigo>734</codigo>
    <titulo>Transferência de Titularidade</titulo>
    <processo-programa>
      <numero inid="Np">BR 51 2021 001381-6</numero>
      <titulo inid="54">SCJ - Sistema de Controle de Jogos</titulo>
      <titularLista>
        <titular sequencia="1" inid="73">
          <nome>LOTECE TECH SISTEMAS E SERVIÇOS LOTÉRICOS LTDA</nome>
        </titular>
      </titularLista>
    </processo-programa>
    <comentario inid="co">Transferência da petição 870210094249 homologada.</comentario>
  </despacho>
  <despacho>
    <codigo>742</codigo>
    <titulo>Petição não conhecida</titulo>
    <processo-programa>
      <numero inid="Np">BR 51 2021 002318-8</numero>
      <titulo inid="54">Programa para teste de validade da assinatura</titulo>
      <titularLista>
        <titular sequencia="1" inid="73">
          <nome>ANTONIO WILSON VIEIRA</nome>
        </titular>
      </titularLista>
    </processo-programa>
    <comentario inid="co">Pagamento da GRU fora do prazo ou não realizado referente ao protocolo 870210090699</comentario>
  </despacho>
  <despacho>
    <codigo>742</codigo>
    <titulo>Petição não conhecida</titulo>
    <processo-programa>
      <numero inid="Np">BR 51 2021 002340-4</numero>
      <titulo inid="54">PSASPI - Práticas de Sociabilidade e Análise de Sentimentos em Páginas Institucionais</titulo>
      <titularLista>
        <titular sequencia="1" inid="73">
          <nome>INSTITUTO FEDERAL DE EDUCAÇÃO, CIÊNCIA E TECNOLOGIA DE GOIÁS</nome>
        </titular>
      </titularLista>
    </processo-programa>
    <comentario inid="co">Pagamento da GRU fora do prazo ou não realizado referente ao protocolo 870210091925</comentario>
  </despacho>
</revista>