<revista numero="2486" dataPublicacao="28/08/2018" diretoria="Programa">
  <despacho>
    <codigo>111</codigo>
    <titulo>Despacho Anulado</titulo>
    <processo-programa>
      <numero inid="Np">02000-3 antigo: 97003485</numero>
      <titulo inid="54">SYS&amp;DATA-V.2</titulo>
      <titularLista>
        <titular sequencia="1" inid="73">
          <nome>SYS&amp;TEC, SYS&amp;DATA PROJETOS E SISTEMAS CONSULTORIA ASS. LTDA.</nome>
        </titular>
      </titularLista>
    </processo-programa>
    <comentario inid="co">Anulado o despacho 730 , publicado na RPI 2439 por ter sido indevido.</comentario>
  </despacho>
  <despacho>
    <codigo>730</codigo>
    <titulo>Expedição do Certificado de Registro</titulo>
    <processo-programa>
      <numero inid="Np">00340-3 antigo: 92003419</numero>
      <titulo inid="54">RADOME</titulo>
      <dataCriacao inid="Dl">05/02/1990</dataCriacao>
      <campoAplicacaoLista>
        <campoAplicacao>
          <codigo inid="Cp">FQ-09</codigo>
        </campoAplicacao>
        <campoAplicacao>
          <codigo inid="Cp">TC-02</codigo>
        </campoAplicacao>
        <campoAplicacao>
          <codigo inid="Cp">TC-03</codigo>
        </campoAplicacao>
        <campoAplicacao>
          <codigo inid="Cp">TC-04</codigo>
        </campoAplicacao>
      </campoAplicacaoLista>
      <linguagemLista>
        <linguagem inid="Lg">FORTRAN 77</linguagem>
      </linguagemLista>
      <tipoProgramaLista>
        <tipoPrograma>
          <codigo inid="Tp">SM-01</codigo>
        </tipoPrograma>
        <tipoPrograma>
          <codigo inid="Tp">TC-01</codigo>
        </tipoPrograma>
      </tipoProgramaLista>
      <titularLista>
        <titular sequencia="1" inid="73">
          <nome>TELECOMUNICAÇÕES BRASILEIRAS S/A</nome>
        </titular>
      </titularLista>
      <criadorLista>
        <criador sequencia="1" inid="Cr">
          <nome>ÁLVARO FERNANDO CARNEIRO DE AQUINO</nome>
        </criador>
      </criadorLista>
    </processo-programa>
  </despacho>
  <despacho>
    <codigo>730</codigo>
    <titulo>Expedição do Certificado de Registro</titulo>
    <processo-programa>
      <numero inid="Np">00341-5 antigo: 92003422</numero>
      <titulo inid="54">CASCATA</titulo>
      <dataCriacao inid="Dl">19/09/1990</dataCriacao>
      <campoAplicacaoLista>
        <campoAplicacao>
          <codigo inid="Cp">FQ-09</codigo>
        </campoAplicacao>
        <campoAplicacao>
          <codigo inid="Cp">TC-02</codigo>
        </campoAplicacao>
        <campoAplicacao>
          <codigo inid="Cp">TC-03</codigo>
        </campoAplicacao>
        <campoAplicacao>
          <codigo inid="Cp">TC-04</codigo>
        </campoAplicacao>
      </campoAplicacaoLista>
      <linguagemLista>
        <linguagem inid="Lg">FORTRAN 77</linguagem>
      </linguagemLista>
      <tipoProgramaLista>
        <tipoPrograma>
          <codigo inid="Tp">SM-01</codigo>
        </tipoPrograma>
        <tipoPrograma>
          <codigo inid="Tp">TC-01</codigo>
        </tipoPrograma>
      </tipoProgramaLista>
      <titularLista>
        <titular sequencia="1" inid="73">
          <nome>TELECOMUNICAÇÕES BRASILEIRAS S/A</nome>
        </titular>
      </titularLista>
      <criadorLista>
        <criador sequencia="1" inid="Cr">
          <nome>MARCOS GUIMARÃES CASTELLO BRANCO</nome>
        </criador>
        <criador sequencia="2" inid="Cr">
          <nome>ÁLVARO FERNANDO CARNEIRO DE AQUINO</nome>
        </criador>
        <criador sequencia="3" inid="Cr">
          <nome>ÁLVARO FERNANDO CARNEIRO DE AQUINO</nome>
        </criador>
      </criadorLista>
    </processo-programa>
  </despacho>
  <despacho>
    <codigo>730</codigo>
    <titulo>Expedição do Certificado de Registro</titulo>
    <processo-programa>
      <numero inid="Np">00454-4 antigo: 92004575</numero>
      <titulo inid="54">CONSULTOR</titulo>
      <dataCriacao inid="Dl">03/06/1988</dataCriacao>
      <campoAplicacaoLista>
        <campoAplicacao>
          <codigo inid="Cp">SD-06</codigo>
        </campoAplicacao>
        <campoAplicacao>
          <codigo inid="Cp">SD-08</codigo>
        </campoAplicacao>
      </campoAplicacaoLista>
      <linguagemLista>
        <linguagem inid="Lg">CLIPPER</linguagem>
      </linguagemLista>
      <tipoProgramaLista>
        <tipoPrograma>
          <codigo inid="Tp">IA-02</codigo>
        </tipoPrograma>
      </tipoProgramaLista>
      <titularLista>
        <titular sequencia="1" inid="73">
          <nome>PEDRO JOSÉ NEGREIROS DE ANDRADE</nome>
        </titular>
      </titularLista>
      <criadorLista>
        <criador sequencia="1" inid="Cr">
          <nome>EDUARDO LUIZ DE ALMEIDA ROCHA</nome>
        </criador>
        <criador sequencia="2" inid="Cr">
          <nome>HENRIQUE VERJUS ALENCAR BEZERRA DE MENEZES</nome>
        </criador>
        <criador sequencia="3" inid="Cr">
          <nome>PEDRO JOSÉ NEGREIROS DE ANDRADE</nome>
        </criador>
      </criadorLista>
    </processo-programa>
  </despacho>
  <despacho>
    <codigo>730</codigo>
    <titulo>Expedição do Certificado de Registro</titulo>
    <processo-programa>
      <numero inid="Np">00968-0 antigo: 94009684</numero>
      <titulo inid="54">PEGASUS INFORMAÇÕES EXECUTIVAS</titulo>
      <dataCriacao inid="Dl">01/05/1994</dataCriacao>
      <campoAplicacaoLista>
        <campoAplicacao>
          <codigo inid="Cp">AD-02</codigo>
        </campoAplicacao>
      </campoAplicacaoLista>
      <linguagemLista>
        <linguagem inid="Lg">ACCESS</linguagem>
        <linguagem inid="Lg">BASIC</linguagem>
      </linguagemLista>
      <tipoProgramaLista>
        <tipoPrograma>
          <codigo inid="Tp">AP-02</codigo>
        </tipoPrograma>
      </tipoProgramaLista>
      <titularLista>
        <titular sequencia="1" inid="73">
          <nome>JOÃO ALEXANDRE CELESTINO</nome>
        </titular>
      </titularLista>
      <criadorLista>
        <criador sequencia="1" inid="Cr">
          <nome>JOÃO ALEXANDRE CELESTINO</nome>
        </criador>
      </criadorLista>
    </processo-programa>
  </despacho>
  <despacho>
    <codigo>730</codigo>
    <titulo>Expedição do Certificado de Registro</titulo>
    <processo-programa>
      <numero inid="Np">BR 51 2018 001181-0</numero>
      <titulo inid="54">MABIS (Mondial Assistance Brazil Integration System)</titulo>
      <dataCriacao inid="Dl">Não informado</dataCriacao>
      <campoAplicacaoLista>
        <campoAplicacao>
          <codigo inid="Cp">AD-02</codigo>
        </campoAplicacao>
        <campoAplicacao>
          <codigo inid="Cp">AD-05</codigo>
        </campoAplicacao>
        <campoAplicacao>
          <codigo inid="Cp">AD-08</codigo>
        </campoAplicacao>
      </campoAplicacaoLista>
      <linguagemLista>
        <linguagem inid="Lg">.NET</linguagem>
      </linguagemLista>
      <tipoProgramaLista>
        <tipoPrograma>
          <codigo inid="Tp">AP-02</codigo>
        </tipoPrograma>
        <tipoPrograma>
          <codigo inid="Tp">AP-03</codigo>
        </tipoPrograma>
        <tipoPrograma>
          <codigo inid="Tp">GI-01</codigo>
        </tipoPrograma>
        <tipoPrograma>
          <codigo inid="Tp">GI-02</codigo>
        </tipoPrograma>
        <tipoPrograma>
          <codigo inid="Tp">GI-04</codigo>
        </tipoPrograma>
      </tipoProgramaLista>
      <titularLista>
        <titular sequencia="1" inid="73">
          <nome>AWP SERVICE BRASIL LTDA</nome>
        </titular>
      </titularLista>
      <criadorLista>
        <criador sequencia="1" inid="Cr">
          <nome>DANIEL GUSTAVO SANTOS COSTA</nome>
        </criador>
        <criador sequencia="2" inid="Cr">
          <nome>LEANDRO LOUREIRO</nome>
        </criador>
        <criador sequencia="3" inid="Cr">
          <nome>MARCELO LECINA TORT</nome>
        </criador>
        <criador sequencia="4" inid="Cr">
          <nome>RAFAEL ZANETTI HUERTA</nome>
        </criador>
        <criador sequencia="5" inid="Cr">
          <nome>RICARDO RAMOS</nome>
        </criador>
        <criador sequencia="6" inid="Cr">
          <nome>RODRIGO BONGIORNO</nome>
        </criador>
      </criadorLista>
    </processo-programa>
  </despacho>
  <despacho>
    <codigo>730</codigo>
    <titulo>Expedição do Certificado de Registro</titulo>
    <processo-programa>
      <numero inid="Np">BR 51 2018 001461-5</numero>
      <titulo inid="54">API agenTIC - Comunicação em múltiplos canais para resolver o absenteísmo nas consultas e procedimentos médicos.</titulo>
      <dataCriacao inid="Dl">01/02/2018</dataCriacao>
      <campoAplicacaoLista>
        <campoAplicacao>
          <codigo inid="Cp">AD-04</codigo>
        </campoAplicacao>
        <campoAplicacao>
          <codigo inid="Cp">AD-10</codigo>
        </campoAplicacao>
        <campoAplicacao>
          <codigo inid="Cp">CO-04</codigo>
        </campoAplicacao>
        <campoAplicacao>
          <codigo inid="Cp">SD-01</codigo>
        </campoAplicacao>
      </campoAplicacaoLista>
      <linguagemLista>
        <linguagem inid="Lg">JAVA</linguagem>
        <linguagem inid="Lg">JAVA SCRIPT</linguagem>
        <linguagem inid="Lg">JSON</linguagem>
        <linguagem inid="Lg">MYSQL</linguagem>
      </linguagemLista>
      <tipoProgramaLista>
        <tipoPrograma>
          <codigo inid="Tp">AT-01</codigo>
        </tipoPrograma>
        <tipoPrograma>
          <codigo inid="Tp">CD-01</codigo>
        </tipoPrograma>
        <tipoPrograma>
          <codigo inid="Tp">IA-01</codigo>
        </tipoPrograma>
        <tipoPrograma>
          <codigo inid="Tp">TI-03</codigo>
        </tipoPrograma>
      </tipoProgramaLista>
      <titularLista>
        <titular sequencia="1" inid="73">
          <nome>ENGINE MARKETING AUTOMATIZADO LTDA</nome>
        </titular>
      </titularLista>
      <criadorLista>
        <criador sequencia="1" inid="Cr">
          <nome>LUCIO CAPPELLAZZO</nome>
        </criador>
      </criadorLista>
    </processo-programa>
  </despacho>
  <despacho>
    <codigo>730</codigo>
    <titulo>Expedição do Certificado de Registro</titulo>
    <processo-programa>
      <numero inid="Np">BR 51 2018 001463-1</numero>
      <titulo inid="54">EasyREP</titulo>
      <dataCriacao inid="Dl">16/08/2018</dataCriacao>
      <campoAplicacaoLista>
        <campoAplicacao>
          <codigo inid="Cp">AD-09</codigo>
        </campoAplicacao>
        <campoAplicacao>
          <codigo inid="Cp">AD-10</codigo>
        </campoAplicacao>
      </campoAplicacaoLista>
      <linguagemLista>
        <linguagem inid="Lg">CSS</linguagem>
        <linguagem inid="Lg">HTML</linguagem>
        <linguagem inid="Lg">JAVA SCRIPT</linguagem>
        <linguagem inid="Lg">PHP</linguagem>
        <linguagem inid="Lg">SQL</linguagem>
      </linguagemLista>
      <tipoProgramaLista>
        <tipoPrograma>
          <codigo inid="Tp">FA-01</codigo>
        </tipoPrograma>
      </tipoProgramaLista>
      <titularLista>
        <titular sequencia="1" inid="73">
          <nome>UNIFEI - UNIVERSIDADE FEDERAL DE ITAJUBÁ</nome>
        </titular>
      </titularLista>
      <criadorLista>
        <criador sequencia="1" inid="Cr">
          <nome>ADLER DINIZ DE SOUZA</nome>
        </criador>
        <criador sequencia="2" inid="Cr">
          <nome>RODOLFO LIMA ZAHN</nome>
        </criador>
      </criadorLista>
    </processo-programa>
  </despacho>
  <despacho>
    <codigo>730</codigo>
    <titulo>Expedição do Certificado de Registro</titulo>
    <processo-programa>
      <numero inid="Np">BR 51 2018 001464-0</numero>
      <titulo inid="54">Sistema de Gerenciamento de Artigos para Periódicos</titulo>
      <dataCriacao inid="Dl">05/07/2018</dataCriacao>
      <campoAplicacaoLista>
        <campoAplicacao>
          <codigo inid="Cp">IF-07</codigo>
        </campoAplicacao>
      </campoAplicacaoLista>
      <linguagemLista>
        <linguagem inid="Lg">.NET</linguagem>
        <linguagem inid="Lg">C#</linguagem>
        <linguagem inid="Lg">SQL</linguagem>
      </linguagemLista>
      <tipoProgramaLista>
        <tipoPrograma>
          <codigo inid="Tp">GI-04</codigo>
        </tipoPrograma>
      </tipoProgramaLista>
      <titularLista>
        <titular sequencia="1" inid="73">
          <nome>ADANÍ CUSIN SACILOTTI</nome>
        </titular>
        <titular sequencia="2" inid="73">
          <nome>JOSÉ ROBERTO MADUREIRA JUNIOR</nome>
        </titular>
        <titular sequencia="3" inid="73">
          <nome>REGINALDO SACILOTTI</nome>
        </titular>
      </titularLista>
      <criadorLista>
        <criador sequencia="1" inid="Cr">
          <nome>ADANÍ CUSIN SACILOTTI</nome>
        </criador>
        <criador sequencia="2" inid="Cr">
          <nome>JOSÉ ROBERTO MADUREIRA JUNIOR</nome>
        </criador>
        <criador sequencia="3" inid="Cr">
          <nome>REGINALDO SACILOTTI</nome>
        </criador>
      </criadorLista>
    </processo-programa>
  </despacho>
  <despacho>
    <codigo>730</codigo>
    <titulo>Expedição do Certificado de Registro</titulo>
    <processo-programa>
      <numero inid="Np">BR 51 2018 001466-6</numero>
      <titulo inid="54">Sistema de Gerenciamento de Livros e Artigos Acadêmicos</titulo>
      <dataCriacao inid="Dl">05/07/2018</dataCriacao>
      <campoAplicacaoLista>
        <campoAplicacao>
          <codigo inid="Cp">IF-07</codigo>
        </campoAplicacao>
      </campoAplicacaoLista>
      <linguagemLista>
        <linguagem inid="Lg">JAVA</linguagem>
        <linguagem inid="Lg">SQL</linguagem>
      </linguagemLista>
      <tipoProgramaLista>
        <tipoPrograma>
          <codigo inid="Tp">GI-04</codigo>
        </tipoPrograma>
      </tipoProgramaLista>
      <titularLista>
        <titular sequencia="1" inid="73">
          <nome>ADANÍ CUSIN SACILOTTI</nome>
        </titular>
        <titular sequencia="2" inid="73">
          <nome>JOSÉ ROBERTO MADUREIRA JUNIOR</nome>
        </titular>
        <titular sequencia="3" inid="73">
          <nome>REGINALDO SACILOTTI</nome>
        </titular>
      </titularLista>
      <criadorLista>
        <criador sequencia="1" inid="Cr">
          <nome>ADANÍ CUSIN SACILOTTI</nome>
        </criador>
        <criador sequencia="2" inid="Cr">
          <nome>JOSÉ ROBERTO MADUREIRA JUNIOR</nome>
        </criador>
        <criador sequencia="3" inid="Cr">
          <nome>REGINALDO SACILOTTI</nome>
        </criador>
      </criadorLista>
    </processo-programa>
  </despacho>
  <despacho>
    <codigo>730</codigo>
    <titulo>Expedição do Certificado de Registro</titulo>
    <processo-programa>
      <numero inid="Np">BR 51 2018 001468-2</numero>
      <titulo inid="54">Optimus-report</titulo>
      <dataCriacao inid="Dl">10/02/2012</dataCriacao>
      <campoAplicacaoLista>
        <campoAplicacao>
          <codigo inid="Cp">AD-05</codigo>
        </campoAplicacao>
        <campoAplicacao>
          <codigo inid="Cp">FN-06</codigo>
        </campoAplicacao>
      </campoAplicacaoLista>
      <linguagemLista>
        <linguagem inid="Lg">JAVA SCRIPT</linguagem>
        <linguagem inid="Lg">PHP</linguagem>
        <linguagem inid="Lg">POSTGREE SQL</linguagem>
        <linguagem inid="Lg">SQL</linguagem>
      </linguagemLista>
      <tipoProgramaLista>
        <tipoPrograma>
          <codigo inid="Tp">AP-01</codigo>
        </tipoPrograma>
        <tipoPrograma>
          <codigo inid="Tp">AP-02</codigo>
        </tipoPrograma>
        <tipoPrograma>
          <codigo inid="Tp">AP-03</codigo>
        </tipoPrograma>
        <tipoPrograma>
          <codigo inid="Tp">AP-05</codigo>
        </tipoPrograma>
        <tipoPrograma>
          <codigo inid="Tp">AT-03</codigo>
        </tipoPrograma>
        <tipoPrograma>
          <codigo inid="Tp">AV-01</codigo>
        </tipoPrograma>
        <tipoPrograma>
          <codigo inid="Tp">AV-02</codigo>
        </tipoPrograma>
        <tipoPrograma>
          <codigo inid="Tp">FA-01</codigo>
        </tipoPrograma>
        <tipoPrograma>
          <codigo inid="Tp">FA-04</codigo>
        </tipoPrograma>
        <tipoPrograma>
          <codigo inid="Tp">GI-01</codigo>
        </tipoPrograma>
        <tipoPrograma>
          <codigo inid="Tp">GI-04</codigo>
        </tipoPrograma>
      </tipoProgramaLista>
      <titularLista>
        <titular sequencia="1" inid="73">
          <nome>FÁBIO LUIZ ALMEIDA ROLIM</nome>
        </titular>
        <titular sequencia="2" inid="73">
          <nome>MARINA BEZERRA DA SILVA</nome>
        </titular>
      </titularLista>
      <criadorLista>
        <criador sequencia="1" inid="Cr">
          <nome>FÁBIO LUIZ ALMEIDA ROLIM</nome>
        </criador>
        <criador sequencia="2" inid="Cr">
          <nome>MARINA BEZERRA DA SILVA</nome>
        </criador>
      </criadorLista>
    </processo-programa>
  </despacho>
  <despacho>
    <codigo>730</codigo>
    <titulo>Expedição do Certificado de Registro</titulo>
    <processo-programa>
      <numero inid="Np">BR 51 2018 001469-0</numero>
      <titulo inid="54">Sistema de Rentabilidade para Reservas de Viagens</titulo>
      <dataCriacao inid="Dl">01/10/2014</dataCriacao>
      <campoAplicacaoLista>
        <campoAplicacao>
          <codigo inid="Cp">SV-04</codigo>
        </campoAplicacao>
      </campoAplicacaoLista>
      <linguagemLista>
        <linguagem inid="Lg">.NET</linguagem>
        <linguagem inid="Lg">AJAX</linguagem>
        <linguagem inid="Lg">C#</linguagem>
        <linguagem inid="Lg">HTML</linguagem>
        <linguagem inid="Lg">JAVA SCRIPT</linguagem>
        <linguagem inid="Lg">JSON</linguagem>
        <linguagem inid="Lg">SQL</linguagem>
      </linguagemLista>
      <tipoProgramaLista>
        <tipoPrograma>
          <codigo inid="Tp">AP-01</codigo>
        </tipoPrograma>
        <tipoPrograma>
          <codigo inid="Tp">DS-05</codigo>
        </tipoPrograma>
        <tipoPrograma>
          <codigo inid="Tp">DS-06</codigo>
        </tipoPrograma>
        <tipoPrograma>
          <codigo inid="Tp">FA-03</codigo>
        </tipoPrograma>
        <tipoPrograma>
          <codigo inid="Tp">GI-01</codigo>
        </tipoPrograma>
        <tipoPrograma>
          <codigo inid="Tp">GI-04</codigo>
        </tipoPrograma>
        <tipoPrograma>
          <codigo inid="Tp">GI-06</codigo>
        </tipoPrograma>
        <tipoPrograma>
          <codigo inid="Tp">IA-02</codigo>
        </tipoPrograma>
      </tipoProgramaLista>
      <titularLista>
        <titular sequencia="1" inid="73">
          <nome>GUILHERME LUIZ FERREIRA</nome>
        </titular>
      </titularLista>
      <criadorLista>
        <criador sequencia="1" inid="Cr">
          <nome>GUILHERME LUIZ FERREIRA</nome>
        </criador>
      </criadorLista>
    </processo-programa>
  </despacho>
  <despacho>
    <codigo>730</codigo>
    <titulo>Expedição do Certificado de Registro</titulo>
    <processo-programa>
      <numero inid="Np">BR 51 2018 001470-4</numero>
      <titulo inid="54">GEOBID</titulo>
      <dataCriacao inid="Dl">01/08/2018</dataCriacao>
      <campoAplicacaoLista>
        <campoAplicacao>
          <codigo inid="Cp">CC-01</codigo>
        </campoAplicacao>
        <campoAplicacao>
          <codigo inid="Cp">CC-03</codigo>
        </campoAplicacao>
        <campoAplicacao>
          <codigo inid="Cp">CC-04</codigo>
        </campoAplicacao>
        <campoAplicacao>
          <codigo inid="Cp">EC-11</codigo>
        </campoAplicacao>
        <campoAplicacao>
          <codigo inid="Cp">HB-01</codigo>
        </campoAplicacao>
        <campoAplicacao>
          <codigo inid="Cp">SV-03</codigo>
        </campoAplicacao>
      </campoAplicacaoLista>
      <linguagemLista>
        <linguagem inid="Lg">.NET</linguagem>
        <linguagem inid="Lg">C#</linguagem>
        <linguagem inid="Lg">SQL</linguagem>
      </linguagemLista>
      <tipoProgramaLista>
        <tipoPrograma>
          <codigo inid="Tp">AP-01</codigo>
        </tipoPrograma>
        <tipoPrograma>
          <codigo inid="Tp">CD-01</codigo>
        </tipoPrograma>
        <tipoPrograma>
          <codigo inid="Tp">GI-01</codigo>
        </tipoPrograma>
        <tipoPrograma>
          <codigo inid="Tp">GI-02</codigo>
        </tipoPrograma>
      </tipoProgramaLista>
      <titularLista>
        <titular sequencia="1" inid="73">
          <nome>MARCELO BRITO MOLARI</nome>
        </titular>
        <titular sequencia="2" inid="73">
          <nome>MAURÍCIO RAMOS DE PAIVA</nome>
        </titular>
        <titular sequencia="3" inid="73">
          <nome>RODRIGO FERRAZ STEHLING</nome>
        </titular>
      </titularLista>
      <criadorLista>
        <criador sequencia="1" inid="Cr">
          <nome>MARCELO BRITO MOLARI</nome>
        </criador>
        <criador sequencia="2" inid="Cr">
          <nome>MAURÍCIO RAMOS DE PAIVA</nome>
        </criador>
        <criador sequencia="3" inid="Cr">
          <nome>RODRIGO FERRAZ STEHLING</nome>
        </criador>
      </criadorLista>
    </processo-programa>
  </despacho>
  <despacho>
    <codigo>730</codigo>
    <titulo>Expedição do Certificado de Registro</titulo>
    <processo-programa>
      <numero inid="Np">BR 51 2018 001471-2</numero>
      <titulo inid="54">COMIN VISUAL HELP</titulo>
      <dataCriacao inid="Dl">02/02/2017</dataCriacao>
      <campoAplicacaoLista>
        <campoAplicacao>
          <codigo inid="Cp">IF-02</codigo>
        </campoAplicacao>
        <campoAplicacao>
          <codigo inid="Cp">IF-10</codigo>
        </campoAplicacao>
      </campoAplicacaoLista>
      <linguagemLista>
        <linguagem inid="Lg">.NET</linguagem>
        <linguagem inid="Lg">C++</linguagem>
      </linguagemLista>
      <tipoProgramaLista>
        <tipoPrograma>
          <codigo inid="Tp">AP-01</codigo>
        </tipoPrograma>
        <tipoPrograma>
          <codigo inid="Tp">GI-01</codigo>
        </tipoPrograma>
      </tipoProgramaLista>
      <titularLista>
        <titular sequencia="1" inid="73">
          <nome>PEDRO ANTONIO ROSSATO COMIN</nome>
        </titular>
      </titularLista>
      <criadorLista>
        <criador sequencia="1" inid="Cr">
          <nome>PEDRO ANTONIO ROSSATO COMIN</nome>
        </criador>
      </criadorLista>
    </processo-programa>
  </despacho>
  <despacho>
    <codigo>730</codigo>
    <titulo>Expedição do Certificado de Registro</titulo>
    <processo-programa>
      <numero inid="Np">BR 51 2018 001472-0</numero>
      <titulo inid="54">Enose CAD</titulo>
      <dataCriacao inid="Dl">31/08/2017</dataCriacao>
      <campoAplicacaoLista>
        <campoAplicacao>
          <codigo inid="Cp">AG-01</codigo>
        </campoAplicacao>
        <campoAplicacao>
          <codigo inid="Cp">AG-09</codigo>
        </campoAplicacao>
        <campoAplicacao>
          <codigo inid="Cp">IN-05</codigo>
        </campoAplicacao>
      </campoAplicacaoLista>
      <linguagemLista>
        <linguagem inid="Lg">MATLAB</linguagem>
      </linguagemLista>
      <tipoProgramaLista>
        <tipoPrograma>
          <codigo inid="Tp">AT-05</codigo>
        </tipoPrograma>
        <tipoPrograma>
          <codigo inid="Tp">SO-02</codigo>
        </tipoPrograma>
        <tipoPrograma>
          <codigo inid="Tp">SO-04</codigo>
        </tipoPrograma>
        <tipoPrograma>
          <codigo inid="Tp">SO-07</codigo>
        </tipoPrograma>
        <tipoPrograma>
          <codigo inid="Tp">SO-09</codigo>
        </tipoPrograma>
      </tipoProgramaLista>
      <titularLista>
        <titular sequencia="1" inid="73">
          <nome>UNIVERSIDADE TECNOLOGICA FEDERAL DO PARANA</nome>
        </titular>
      </titularLista>
      <criadorLista>
        <criador sequencia="1" inid="Cr">
          <nome>EVANDRO BONA</nome>
        </criador>
        <criador sequencia="2" inid="Cr">
          <nome>GUSTAVO YASUO FIGUEIREDO MAKIMORI</nome>
        </criador>
        <criador sequencia="3" inid="Cr">
          <nome>LUIZ FERNANDO PINTO DE OLIVEIRA</nome>
        </criador>
        <criador sequencia="4" inid="Cr">
          <nome>ROBERTO RIBEIRO NELI</nome>
        </criador>
      </criadorLista>
    </processo-programa>
  </despacho>
  <despacho>
    <codigo>730</codigo>
    <titulo>Expedição do Certificado de Registro</titulo>
    <processo-programa>
      <numero inid="Np">BR 51 2018 001473-9</numero>
      <titulo inid="54">TaticView.com</titulo>
      <dataCriacao inid="Dl">03/10/2013</dataCriacao>
      <campoAplicacaoLista>
        <campoAplicacao>
          <codigo inid="Cp">AD-05</codigo>
        </campoAplicacao>
        <campoAplicacao>
          <codigo inid="Cp">IF-07</codigo>
        </campoAplicacao>
      </campoAplicacaoLista>
      <linguagemLista>
        <linguagem inid="Lg">CSS</linguagem>
        <linguagem inid="Lg">DHTML</linguagem>
        <linguagem inid="Lg">HTML</linguagem>
        <linguagem inid="Lg">JAVA</linguagem>
        <linguagem inid="Lg">JAVA SCRIPT</linguagem>
        <linguagem inid="Lg">JQUERY</linguagem>
        <linguagem inid="Lg">JSON</linguagem>
        <linguagem inid="Lg">JSP</linguagem>
        <linguagem inid="Lg">MYSQL</linguagem>
        <linguagem inid="Lg">SQL</linguagem>
        <linguagem inid="Lg">XHTML</linguagem>
        <linguagem inid="Lg">XML</linguagem>
      </linguagemLista>
      <tipoProgramaLista>
        <tipoPrograma>
          <codigo inid="Tp">AP-01</codigo>
        </tipoPrograma>
        <tipoPrograma>
          <codigo inid="Tp">GI-01</codigo>
        </tipoPrograma>
        <tipoPrograma>
          <codigo inid="Tp">GI-04</codigo>
        </tipoPrograma>
      </tipoProgramaLista>
      <titularLista>
        <titular sequencia="1" inid="73">
          <nome>CST COMERCIO E SERVICOS DE INFORMATICA SA</nome>
        </titular>
        <titular sequencia="2" inid="73">
          <nome>MOACIR POGORELSKY</nome>
        </titular>
      </titularLista>
      <criadorLista>
        <criador sequencia="1" inid="Cr">
          <nome>LUIZ FERNANDO OHLWEILER</nome>
        </criador>
      </criadorLista>
    </processo-programa>
  </despacho>
  <despacho>
    <codigo>730</codigo>
    <titulo>Expedição do Certificado de Registro</titulo>
    <processo-programa>
      <numero inid="Np">BR 51 2018 001474-7</numero>
      <titulo inid="54">BIPRe-334</titulo>
      <dataCriacao inid="Dl">20/04/2017</dataCriacao>
      <campoAplicacaoLista>
        <campoAplicacao>
          <codigo inid="Cp">TP-02</codigo>
        </campoAplicacao>
        <campoAplicacao>
          <codigo inid="Cp">TP-03</codigo>
        </campoAplicacao>
        <campoAplicacao>
          <codigo inid="Cp">TP-04</codigo>
        </campoAplicacao>
      </campoAplicacaoLista>
      <linguagemLista>
        <linguagem inid="Lg">PYTHON</linguagem>
      </linguagemLista>
      <tipoProgramaLista>
        <tipoPrograma>
          <codigo inid="Tp">AP-01</codigo>
        </tipoPrograma>
      </tipoProgramaLista>
      <titularLista>
        <titular sequencia="1" inid="73">
          <nome>ICESOFT 334 DF</nome>
        </titular>
      </titularLista>
      <criadorLista>
        <criador sequencia="1" inid="Cr">
          <nome>VENCESLAU LINS PEREIRA DOS SANTOS</nome>
        </criador>
      </criadorLista>
    </processo-programa>
  </despacho>
  <despacho>
    <codigo>730</codigo>
    <titulo>Expedição do Certificado de Registro</titulo>
    <processo-programa>
      <numero inid="Np">BR 51 2018 001475-5</numero>
      <titulo inid="54">GCP - Monitoramento de Convênios Públicos</titulo>
      <dataCriacao inid="Dl">28/05/2017</dataCriacao>
      <campoAplicacaoLista>
        <campoAplicacao>
          <codigo inid="Cp">AD-01</codigo>
        </campoAplicacao>
        <campoAplicacao>
          <codigo inid="Cp">AD-02</codigo>
        </campoAplicacao>
        <campoAplicacao>
          <codigo inid="Cp">AD-03</codigo>
        </campoAplicacao>
        <campoAplicacao>
          <codigo inid="Cp">AD-04</codigo>
        </campoAplicacao>
        <campoAplicacao>
          <codigo inid="Cp">AD-11</codigo>
        </campoAplicacao>
        <campoAplicacao>
          <codigo inid="Cp">FN-06</codigo>
        </campoAplicacao>
        <campoAplicacao>
          <codigo inid="Cp">IF-06</codigo>
        </campoAplicacao>
      </campoAplicacaoLista>
      <linguagemLista>
        <linguagem inid="Lg">CSS</linguagem>
        <linguagem inid="Lg">HTML</linguagem>
        <linguagem inid="Lg">JAVA SCRIPT</linguagem>
        <linguagem inid="Lg">MYSQL</linguagem>
        <linguagem inid="Lg">PHP</linguagem>
      </linguagemLista>
      <tipoProgramaLista>
        <tipoPrograma>
          <codigo inid="Tp">AP-01</codigo>
        </tipoPrograma>
        <tipoPrograma>
          <codigo inid="Tp">AP-02</codigo>
        </tipoPrograma>
        <tipoPrograma>
          <codigo inid="Tp">AP-03</codigo>
        </tipoPrograma>
        <tipoPrograma>
          <codigo inid="Tp">AT-02</codigo>
        </tipoPrograma>
        <tipoPrograma>
          <codigo inid="Tp">AT-06</codigo>
        </tipoPrograma>
        <tipoPrograma>
          <codigo inid="Tp">AV-02</codigo>
        </tipoPrograma>
        <tipoPrograma>
          <codigo inid="Tp">CD-01</codigo>
        </tipoPrograma>
        <tipoPrograma>
          <codigo inid="Tp">FA-02</codigo>
        </tipoPrograma>
        <tipoPrograma>
          <codigo inid="Tp">FA-03</codigo>
        </tipoPrograma>
        <tipoPrograma>
          <codigo inid="Tp">GI-01</codigo>
        </tipoPrograma>
        <tipoPrograma>
          <codigo inid="Tp">GI-02</codigo>
        </tipoPrograma>
        <tipoPrograma>
          <codigo inid="Tp">GI-03</codigo>
        </tipoPrograma>
        <tipoPrograma>
          <codigo inid="Tp">GI-04</codigo>
        </tipoPrograma>
        <tipoPrograma>
          <codigo inid="Tp">GI-07</codigo>
        </tipoPrograma>
        <tipoPrograma>
          <codigo inid="Tp">PD-01</codigo>
        </tipoPrograma>
        <tipoPrograma>
          <codigo inid="Tp">PD-02</codigo>
        </tipoPrograma>
        <tipoPrograma>
          <codigo inid="Tp">PD-04</codigo>
        </tipoPrograma>
        <tipoPrograma>
          <codigo inid="Tp">PD-05</codigo>
        </tipoPrograma>
        <tipoPrograma>
          <codigo inid="Tp">SO-05</codigo>
        </tipoPrograma>
        <tipoPrograma>
          <codigo inid="Tp">SO-07</codigo>
        </tipoPrograma>
        <tipoPrograma>
          <codigo inid="Tp">TC-02</codigo>
        </tipoPrograma>
        <tipoPrograma>
          <codigo inid="Tp">TI-03</codigo>
        </tipoPrograma>
        <tipoPrograma>
          <codigo inid="Tp">UT-01</codigo>
        </tipoPrograma>
        <tipoPrograma>
          <codigo inid="Tp">UT-06</codigo>
        </tipoPrograma>
      </tipoProgramaLista>
      <titularLista>
        <titular sequencia="1" inid="73">
          <nome>CONVENIUM GESTÃO DE CONVÊNIOS PÚBLICOS</nome>
        </titular>
        <titular sequencia="2" inid="73">
          <nome>WANDERSON RODRIGUES CAMARGOS</nome>
        </titular>
      </titularLista>
      <criadorLista>
        <criador sequencia="1" inid="Cr">
          <nome>WANDERSON RODRIGUES CAMARGS</nome>
        </criador>
      </criadorLista>
    </processo-programa>
  </despacho>
  <despacho>
    <codigo>730</codigo>
    <titulo>Expedição do Certificado de Registro</titulo>
    <processo-programa>
      <numero inid="Np">BR 51 2018 001476-3</numero>
      <titulo inid="54">Sistema de análise e teste de stress em componentes de dispositivos móveis: componentes de memória</titulo>
      <dataCriacao inid="Dl">30/03/2017</dataCriacao>
      <campoAplicacaoLista>
        <campoAplicacao>
          <codigo inid="Cp">IN-02</codigo>
        </campoAplicacao>
      </campoAplicacaoLista>
      <linguagemLista>
        <linguagem inid="Lg">JAVA</linguagem>
      </linguagemLista>
      <tipoProgramaLista>
        <tipoPrograma>
          <codigo inid="Tp">FA-01</codigo>
        </tipoPrograma>
      </tipoProgramaLista>
      <titularLista>
        <titular sequencia="1" inid="73">
          <nome>DL COMERCIO E INDUSTRIA DE PRODUTOS ELETRONICOS LTDA</nome>
        </titular>
        <titular sequencia="2" inid="73">
          <nome>UNIVERSIDADE FEDERAL DE CAMPINA GRANDE - PB</nome>
        </titular>
      </titularLista>
      <criadorLista>
        <criador sequencia="1" inid="Cr">
          <nome>ADELITO BORBA FARIAS</nome>
        </criador>
        <criador sequencia="2" inid="Cr">
          <nome>ANGELO PERKUSICH</nome>
        </criador>
        <criador sequencia="3" inid="Cr">
          <nome>CLÁUDIO CARDOSO DE ALMEIDA JÚNIOR</nome>
        </criador>
        <criador sequencia="4" inid="Cr">
          <nome>DIEGO RENATO DOS SANTOS</nome>
        </criador>
        <criador sequencia="5" inid="Cr">
          <nome>HYGGO OLIVEIRA DE ALMEIDA</nome>
        </criador>
        <criador sequencia="6" inid="Cr">
          <nome>JONHNANTHAN VICTOR PEREIRA OLIVEIRA</nome>
        </criador>
        <criador sequencia="7" inid="Cr">
          <nome>MARCOS DYOGO DE ALMEIDA LEITE</nome>
        </criador>
        <criador sequencia="8" inid="Cr">
          <nome>MATEUS ASSIS MAXIMO DE LIMA</nome>
        </criador>
        <criador sequencia="9" inid="Cr">
          <nome>NATTAN DE OLIVEIRA LUCENA</nome>
        </criador>
        <criador sequencia="10" inid="Cr">
          <nome>ROGÉRIO CÉSAR DA NOBREGA</nome>
        </criador>
        <criador sequencia="11" inid="Cr">
          <nome>ROHIT GHEYI</nome>
        </criador>
        <criador sequencia="12" inid="Cr">
          <nome>ZEUS CUNHA BARROS</nome>
        </criador>
      </criadorLista>
    </processo-programa>
  </despacho>
  <despacho>
    <codigo>730</codigo>
    <titulo>Expedição do Certificado de Registro</titulo>
    <processo-programa>
      <numero inid="Np">BR 51 2018 001477-1</numero>
      <titulo inid="54">Sistema de análise e teste de stress em componentes de dispositivos móveis: bateria</titulo>
      <dataCriacao inid="Dl">30/03/2017</dataCriacao>
      <campoAplicacaoLista>
        <campoAplicacao>
          <codigo inid="Cp">IN-02</codigo>
        </campoAplicacao>
      </campoAplicacaoLista>
      <linguagemLista>
        <linguagem inid="Lg">JAVA</linguagem>
      </linguagemLista>
      <tipoProgramaLista>
        <tipoPrograma>
          <codigo inid="Tp">FA-01</codigo>
        </tipoPrograma>
      </tipoProgramaLista>
      <titularLista>
        <titular sequencia="1" inid="73">
          <nome>DL COMERCIO E INDUSTRIA DE PRODUTOS ELETRONICOS LTDA</nome>
        </titular>
        <titular sequencia="2" inid="73">
          <nome>UNIVERSIDADE FEDERAL DE CAMPINA GRANDE - PB</nome>
        </titular>
      </titularLista>
      <criadorLista>
        <criador sequencia="1" inid="Cr">
          <nome>ADELITO BORBA FARIAS</nome>
        </criador>
        <criador sequencia="2" inid="Cr">
          <nome>ANGELO PERKUSICH</nome>
        </criador>
        <criador sequencia="3" inid="Cr">
          <nome>CLÁUDIO CARDOSO DE ALMEIDA JÚNIOR</nome>
        </criador>
        <criador sequencia="4" inid="Cr">
          <nome>DIEGO RENATO DOS SANTOS</nome>
        </criador>
        <criador sequencia="5" inid="Cr">
          <nome>HYGGO OLIVEIRA DE ALMEIDA</nome>
        </criador>
        <criador sequencia="6" inid="Cr">
          <nome>JONHNANTHAN VICTOR PEREIRA OLIVEIRA</nome>
        </criador>
        <criador sequencia="7" inid="Cr">
          <nome>MARCOS DYOGO DE ALMEIDA LEITE</nome>
        </criador>
        <criador sequencia="8" inid="Cr">
          <nome>MATEUS ASSIS MAXIMO DE LIMA</nome>
        </criador>
        <criador sequencia="9" inid="Cr">
          <nome>NATTAN DE OLIVEIRA LUCENA</nome>
        </criador>
        <criador sequencia="10" inid="Cr">
          <nome>ROGÉRIO CÉSAR DA NOBREGA</nome>
        </criador>
        <criador sequencia="11" inid="Cr">
          <nome>ROHIT GHEYI</nome>
        </criador>
        <criador sequencia="12" inid="Cr">
          <nome>ZEUS CUNHA BARROS</nome>
        </criador>
      </criadorLista>
    </processo-programa>
  </despacho>
  <despacho>
    <codigo>730</codigo>
    <titulo>Expedição do Certificado de Registro</titulo>
    <processo-programa>
      <numero inid="Np">BR 51 2018 001478-0</numero>
      <titulo inid="54">Sistema de análise e teste de stress em componentes de dispositivos móveis: CPU</titulo>
      <dataCriacao inid="Dl">30/03/2017</dataCriacao>
      <campoAplicacaoLista>
        <campoAplicacao>
          <codigo inid="Cp">IN-02</codigo>
        </campoAplicacao>
      </campoAplicacaoLista>
      <linguagemLista>
        <linguagem inid="Lg">JAVA</linguagem>
      </linguagemLista>
      <tipoProgramaLista>
        <tipoPrograma>
          <codigo inid="Tp">FA-01</codigo>
        </tipoPrograma>
      </tipoProgramaLista>
      <titularLista>
        <titular sequencia="1" inid="73">
          <nome>DL COMERCIO E INDUSTRIA DE PRODUTOS ELETRONICOS LTDA</nome>
        </titular>
        <titular sequencia="2" inid="73">
          <nome>UNIVERSIDADE FEDERAL DE CAMPINA GRANDE - PB</nome>
        </titular>
      </titularLista>
      <criadorLista>
        <criador sequencia="1" inid="Cr">
          <nome>ADELITO BORBA FARIAS</nome>
        </criador>
        <criador sequencia="2" inid="Cr">
          <nome>ANGELO PERKUSICH</nome>
        </criador>
        <criador sequencia="3" inid="Cr">
          <nome>CLÁUDIO CARDOSO DE ALMEIDA JÚNIOR</nome>
        </criador>
        <criador sequencia="4" inid="Cr">
          <nome>DIEGO RENATO DOS SANTOS</nome>
        </criador>
        <criador sequencia="5" inid="Cr">
          <nome>HYGGO OLIVEIRA DE ALMEIDA</nome>
        </criador>
        <criador sequencia="6" inid="Cr">
          <nome>JONHNANTHAN VICTOR PEREIRA OLIVEIRA</nome>
        </criador>
        <criador sequencia="7" inid="Cr">
          <nome>MARCOS DYOGO DE ALMEIDA LEITE</nome>
        </criador>
        <criador sequencia="8" inid="Cr">
          <nome>MATEUS ASSIS MAXIMO DE LIMA</nome>
        </criador>
        <criador sequencia="9" inid="Cr">
          <nome>NATTAN DE OLIVEIRA LUCENA</nome>
        </criador>
        <criador sequencia="10" inid="Cr">
          <nome>ROGÉRIO CÉSAR DA NOBREGA</nome>
        </criador>
        <criador sequencia="11" inid="Cr">
          <nome>ROHIT GHEYI</nome>
        </criador>
        <criador sequencia="12" inid="Cr">
          <nome>ZEUS CUNHA BARROS</nome>
        </criador>
      </criadorLista>
    </processo-programa>
  </despacho>
  <despacho>
    <codigo>730</codigo>
    <titulo>Expedição do Certificado de Registro</titulo>
    <processo-programa>
      <numero inid="Np">BR 51 2018 001479-8</numero>
      <titulo inid="54">Sistema de análise e teste de stress em componentes de dispositivos móveis: GPU</titulo>
      <dataCriacao inid="Dl">30/03/2017</dataCriacao>
      <campoAplicacaoLista>
        <campoAplicacao>
          <codigo inid="Cp">IN-02</codigo>
        </campoAplicacao>
      </campoAplicacaoLista>
      <linguagemLista>
        <linguagem inid="Lg">JAVA</linguagem>
      </linguagemLista>
      <tipoProgramaLista>
        <tipoPrograma>
          <codigo inid="Tp">FA-01</codigo>
        </tipoPrograma>
      </tipoProgramaLista>
      <titularLista>
        <titular sequencia="1" inid="73">
          <nome>DL COMERCIO E INDUSTRIA DE PRODUTOS ELETRONICOS LTDA</nome>
        </titular>
        <titular sequencia="2" inid="73">
          <nome>UNIVERSIDADE FEDERAL DE CAMPINA GRANDE - PB</nome>
        </titular>
      </titularLista>
      <criadorLista>
        <criador sequencia="1" inid="Cr">
          <nome>ADELITO BORBA FARIAS</nome>
        </criador>
        <criador sequencia="2" inid="Cr">
          <nome>ANGELO PERKUSICH</nome>
        </criador>
        <criador sequencia="3" inid="Cr">
          <nome>CLÁUDIO CARDOSO DE ALMEIDA JÚNIOR</nome>
        </criador>
        <criador sequencia="4" inid="Cr">
          <nome>DIEGO RENATO DOS SANTOS</nome>
        </criador>
        <criador sequencia="5" inid="Cr">
          <nome>HYGGO OLIVEIRA DE ALMEIDA</nome>
        </criador>
        <criador sequencia="6" inid="Cr">
          <nome>JONHNANTHAN VICTOR PEREIRA OLIVEIRA</nome>
        </criador>
        <criador sequencia="7" inid="Cr">
          <nome>MARCOS DYOGO DE ALMEIDA LEITE</nome>
        </criador>
        <criador sequencia="8" inid="Cr">
          <nome>MATEUS ASSIS MAXIMO DE LIMA</nome>
        </criador>
        <criador sequencia="9" inid="Cr">
          <nome>NATTAN DE OLIVEIRA LUCENA</nome>
        </criador>
        <criador sequencia="10" inid="Cr">
          <nome>ROGÉRIO CÉSAR DA NOBREGA</nome>
        </criador>
        <criador sequencia="11" inid="Cr">
          <nome>ROHIT GHEYI</nome>
        </criador>
        <criador sequencia="12" inid="Cr">
          <nome>ZEUS CUNHA BARROS</nome>
        </criador>
      </criadorLista>
    </processo-programa>
  </despacho>
  <despacho>
    <codigo>730</codigo>
    <titulo>Expedição do Certificado de Registro</titulo>
    <processo-programa>
      <numero inid="Np">BR 51 2018 001480-1</numero>
      <titulo inid="54">App Auto Vistoria</titulo>
      <dataCriacao inid="Dl">29/04/2018</dataCriacao>
      <campoAplicacaoLista>
        <campoAplicacao>
          <codigo inid="Cp">IF-07</codigo>
        </campoAplicacao>
        <campoAplicacao>
          <codigo inid="Cp">IF-10</codigo>
        </campoAplicacao>
      </campoAplicacaoLista>
      <linguagemLista>
        <linguagem inid="Lg">C#</linguagem>
        <linguagem inid="Lg">OUTROS</linguagem>
        <linguagem inid="Lg">SWIFT</linguagem>
      </linguagemLista>
      <tipoProgramaLista>
        <tipoPrograma>
          <codigo inid="Tp">AP-01</codigo>
        </tipoPrograma>
      </tipoProgramaLista>
      <titularLista>
        <titular sequencia="1" inid="73">
          <nome>BROCHWELD VISTORIAS EIRELLI</nome>
        </titular>
      </titularLista>
      <criadorLista>
        <criador sequencia="1" inid="Cr">
          <nome>CARLOS LUIZ BROCKVELD</nome>
        </criador>
      </criadorLista>
    </processo-programa>
  </despacho>
  <despacho>
    <codigo>730</codigo>
    <titulo>Expedição do Certificado de Registro</titulo>
    <processo-programa>
      <numero inid="Np">BR 51 2018 001481-0</numero>
      <titulo inid="54">HTL2V</titulo>
      <dataCriacao inid="Dl">20/11/2017</dataCriacao>
      <campoAplicacaoLista>
        <campoAplicacao>
          <codigo inid="Cp">SD-08</codigo>
        </campoAplicacao>
      </campoAplicacaoLista>
      <linguagemLista>
        <linguagem inid="Lg">AJAX</linguagem>
        <linguagem inid="Lg">CSS</linguagem>
        <linguagem inid="Lg">HTML</linguagem>
        <linguagem inid="Lg">JAVA SCRIPT</linguagem>
        <linguagem inid="Lg">MYSQL</linguagem>
        <linguagem inid="Lg">PHP</linguagem>
        <linguagem inid="Lg">SQL</linguagem>
        <linguagem inid="Lg">XML</linguagem>
      </linguagemLista>
      <tipoProgramaLista>
        <tipoPrograma>
          <codigo inid="Tp">AP-01</codigo>
        </tipoPrograma>
      </tipoProgramaLista>
      <titularLista>
        <titular sequencia="1" inid="73">
          <nome>EDSON GOMES LARANJEIRAS FILHO</nome>
        </titular>
      </titularLista>
      <criadorLista>
        <criador sequencia="1" inid="Cr">
          <nome>EDSON GOMES LARANJEIRAS FILHO</nome>
        </criador>
      </criadorLista>
    </processo-programa>
  </despacho>
  <despacho>
    <codigo>730</codigo>
    <titulo>Expedição do Certificado de Registro</titulo>
    <processo-programa>
      <numero inid="Np">BR 51 2018 001482-8</numero>
      <titulo inid="54">APLICATIVO DE ORIENTAÇÃO PARA EXAMES À PESSOA IDOSA NO MUNICÍPIO DE JOÃO PESSOA</titulo>
      <dataCriacao inid="Dl">Não informado</dataCriacao>
      <campoAplicacaoLista>
        <campoAplicacao>
          <codigo inid="Cp">SD-02</codigo>
        </campoAplicacao>
      </campoAplicacaoLista>
      <linguagemLista>
        <linguagem inid="Lg">JAVA SCRIPT</linguagem>
      </linguagemLista>
      <tipoProgramaLista>
        <tipoPrograma>
          <codigo inid="Tp">AP-01</codigo>
        </tipoPrograma>
      </tipoProgramaLista>
      <titularLista>
        <titular sequencia="1" inid="73">
          <nome>UNIVERSIDADE FEDERAL DA PARAIBA</nome>
        </titular>
      </titularLista>
      <criadorLista>
        <criador sequencia="1" inid="Cr">
          <nome>ANTONIA OLIVEIRA SILVA</nome>
        </criador>
        <criador sequencia="2" inid="Cr">
          <nome>EMMANUEL HUBERT GEORGES PAUTET</nome>
        </criador>
        <criador sequencia="3" inid="Cr">
          <nome>FABIOLA MOREIRA CASIMIRO DE OLIVEIRA</nome>
        </criador>
      </criadorLista>
    </processo-programa>
  </despacho>
  <despacho>
    <codigo>730</codigo>
    <titulo>Expedição do Certificado de Registro</titulo>
    <processo-programa>
      <numero inid="Np">BR 51 2018 001483-6</numero>
      <titulo inid="54">AGENDEX</titulo>
      <dataCriacao inid="Dl">01/03/2018</dataCriacao>
      <campoAplicacaoLista>
        <campoAplicacao>
          <codigo inid="Cp">AD-04</codigo>
        </campoAplicacao>
      </campoAplicacaoLista>
      <linguagemLista>
        <linguagem inid="Lg">ACTIVE SERVER PAGES</linguagem>
        <linguagem inid="Lg">HTML</linguagem>
        <linguagem inid="Lg">JAVA SCRIPT</linguagem>
        <linguagem inid="Lg">PHP</linguagem>
      </linguagemLista>
      <tipoProgramaLista>
        <tipoPrograma>
          <codigo inid="Tp">AT-01</codigo>
        </tipoPrograma>
        <tipoPrograma>
          <codigo inid="Tp">AT-02</codigo>
        </tipoPrograma>
        <tipoPrograma>
          <codigo inid="Tp">GI-01</codigo>
        </tipoPrograma>
        <tipoPrograma>
          <codigo inid="Tp">SO-08</codigo>
        </tipoPrograma>
      </tipoProgramaLista>
      <titularLista>
        <titular sequencia="1" inid="73">
          <nome>ANTONIO VICELMO ALENCAR PEREIRA</nome>
        </titular>
      </titularLista>
      <criadorLista>
        <criador sequencia="1" inid="Cr">
          <nome>ANTONIO VICELMO ALENCAR PEREIRA</nome>
        </criador>
      </criadorLista>
    </processo-programa>
  </despacho>
  <despacho>
    <codigo>730</codigo>
    <titulo>Expedição do Certificado de Registro</titulo>
    <processo-programa>
      <numero inid="Np">BR 51 2018 001484-4</numero>
      <titulo inid="54">Image Processing Applied to Position Control</titulo>
      <dataCriacao inid="Dl">01/02/2015</dataCriacao>
      <campoAplicacaoLista>
        <campoAplicacao>
          <codigo inid="Cp">IF-10</codigo>
        </campoAplicacao>
        <campoAplicacao>
          <codigo inid="Cp">IN-03</codigo>
        </campoAplicacao>
      </campoAplicacaoLista>
      <linguagemLista>
        <linguagem inid="Lg">MATLAB</linguagem>
      </linguagemLista>
      <tipoProgramaLista>
        <tipoPrograma>
          <codigo inid="Tp">TC-03</codigo>
        </tipoPrograma>
        <tipoPrograma>
          <codigo inid="Tp">TC-04</codigo>
        </tipoPrograma>
      </tipoProgramaLista>
      <titularLista>
        <titular sequencia="1" inid="73">
          <nome>INSTITUTO FEDERAL DE EDUCACAO, CIENCIA E TECNOLOGIA DA PARAIBA</nome>
        </titular>
      </titularLista>
      <criadorLista>
        <criador sequencia="1" inid="Cr">
          <nome>ALEXSANDRO JOSÉ VIRGINIO DOS SANTOS</nome>
        </criador>
        <criador sequencia="2" inid="Cr">
          <nome>ANDRÉ FELLIPE CAVALCANTE SILVA</nome>
        </criador>
      </criadorLista>
    </processo-programa>
  </despacho>
  <despacho>
    <codigo>730</codigo>
    <titulo>Expedição do Certificado de Registro</titulo>
    <processo-programa>
      <numero inid="Np">BR 51 2018 001485-2</numero>
      <titulo inid="54">Carga e armazenamento de registros oceanograficos (CARGO)</titulo>
      <dataCriacao inid="Dl">31/08/2017</dataCriacao>
      <campoAplicacaoLista>
        <campoAplicacao>
          <codigo inid="Cp">HD-04</codigo>
        </campoAplicacao>
        <campoAplicacao>
          <codigo inid="Cp">MA-04</codigo>
        </campoAplicacao>
      </campoAplicacaoLista>
      <linguagemLista>
        <linguagem inid="Lg">PYTHON</linguagem>
      </linguagemLista>
      <tipoProgramaLista>
        <tipoPrograma>
          <codigo inid="Tp">GI-01</codigo>
        </tipoPrograma>
        <tipoPrograma>
          <codigo inid="Tp">GI-04</codigo>
        </tipoPrograma>
        <tipoPrograma>
          <codigo inid="Tp">GI-06</codigo>
        </tipoPrograma>
      </tipoProgramaLista>
      <titularLista>
        <titular sequencia="1" inid="73">
          <nome>CENTRO DE HIDROGRAFIA DA MARINHA</nome>
        </titular>
        <titular sequencia="2" inid="73">
          <nome>DIRETORIA-GERAL DE DESENVOLVIMENTO NUCLEAR E TECNOLÓGICO DA MARINHA</nome>
        </titular>
      </titularLista>
      <criadorLista>
        <criador sequencia="1" inid="Cr">
          <nome>AUGUSTO ANDRADE PEREIRA</nome>
        </criador>
      </criadorLista>
    </processo-programa>
  </despacho>
  <despacho>
    <codigo>730</codigo>
    <titulo>Expedição do Certificado de Registro</titulo>
    <processo-programa>
      <numero inid="Np">BR 51 2018 001486-0</numero>
      <titulo inid="54">GERFAC - Gerenciamento de Serviços Terceirizados</titulo>
      <dataCriacao inid="Dl">30/11/2008</dataCriacao>
      <campoAplicacaoLista>
        <campoAplicacao>
          <codigo inid="Cp">AD-06</codigo>
        </campoAplicacao>
        <campoAplicacao>
          <codigo inid="Cp">IN-05</codigo>
        </campoAplicacao>
      </campoAplicacaoLista>
      <linguagemLista>
        <linguagem inid="Lg">ACTIVE SERVER PAGES</linguagem>
        <linguagem inid="Lg">DELPHI</linguagem>
        <linguagem inid="Lg">JSON</linguagem>
        <linguagem inid="Lg">PHP</linguagem>
      </linguagemLista>
      <tipoProgramaLista>
        <tipoPrograma>
          <codigo inid="Tp">AP-01</codigo>
        </tipoPrograma>
        <tipoPrograma>
          <codigo inid="Tp">AP-03</codigo>
        </tipoPrograma>
        <tipoPrograma>
          <codigo inid="Tp">AT-06</codigo>
        </tipoPrograma>
        <tipoPrograma>
          <codigo inid="Tp">CD-01</codigo>
        </tipoPrograma>
        <tipoPrograma>
          <codigo inid="Tp">GI-01</codigo>
        </tipoPrograma>
        <tipoPrograma>
          <codigo inid="Tp">IA-02</codigo>
        </tipoPrograma>
      </tipoProgramaLista>
      <titularLista>
        <titular sequencia="1" inid="73">
          <nome>CLIPE INFORMATICA LTDA - ME</nome>
        </titular>
      </titularLista>
      <criadorLista>
        <criador sequencia="1" inid="Cr">
          <nome>FILIPE GEISSLER VERCESI</nome>
        </criador>
      </criadorLista>
    </processo-programa>
  </despacho>
  <despacho>
    <codigo>730</codigo>
    <titulo>Expedição do Certificado de Registro</titulo>
    <processo-programa>
      <numero inid="Np">BR 51 2018 001487-9</numero>
      <titulo inid="54">FOCO - Fórum dos Corolários</titulo>
      <dataCriacao inid="Dl">Não informado</dataCriacao>
      <campoAplicacaoLista>
        <campoAplicacao>
          <codigo inid="Cp">AN-01</codigo>
        </campoAplicacao>
        <campoAplicacao>
          <codigo inid="Cp">CO-02</codigo>
        </campoAplicacao>
      </campoAplicacaoLista>
      <linguagemLista>
        <linguagem inid="Lg">HTML</linguagem>
        <linguagem inid="Lg">PHP</linguagem>
      </linguagemLista>
      <tipoProgramaLista>
        <tipoPrograma>
          <codigo inid="Tp">ET-01</codigo>
        </tipoPrograma>
      </tipoProgramaLista>
      <titularLista>
        <titular sequencia="1" inid="73">
          <nome>INSTITUTO FEDERAL DE EDUCAÇÃO, CIÊNCIA E TECNOLOGIA DE MATO GROSSO DO SUL</nome>
        </titular>
      </titularLista>
      <criadorLista>
        <criador sequencia="1" inid="Cr">
          <nome>AISLAN VIEIRA DE MELO</nome>
        </criador>
        <criador sequencia="2" inid="Cr">
          <nome>CLÁUDIA SANTOS FERNANDES</nome>
        </criador>
        <criador sequencia="3" inid="Cr">
          <nome>PEDRO SALINA RODOVALHO</nome>
        </criador>
      </criadorLista>
    </processo-programa>
  </despacho>
  <despacho>
    <codigo>730</codigo>
    <titulo>Expedição do Certificado de Registro</titulo>
    <processo-programa>
      <numero inid="Np">BR 51 2018 001489-5</numero>
      <titulo inid="54">Me Busca</titulo>
      <dataCriacao inid="Dl">20/08/2018</dataCriacao>
      <campoAplicacaoLista>
        <campoAplicacao>
          <codigo inid="Cp">TP-03</codigo>
        </campoAplicacao>
      </campoAplicacaoLista>
      <linguagemLista>
        <linguagem inid="Lg">JAVA</linguagem>
      </linguagemLista>
      <tipoProgramaLista>
        <tipoPrograma>
          <codigo inid="Tp">AP-01</codigo>
        </tipoPrograma>
      </tipoProgramaLista>
      <titularLista>
        <titular sequencia="1" inid="73">
          <nome>THAIS SANDIM GONÇALVES NETO</nome>
        </titular>
        <titular sequencia="2" inid="73">
          <nome>TIAGO SANDIM GUIMARÃES</nome>
        </titular>
      </titularLista>
      <criadorLista>
        <criador sequencia="1" inid="Cr">
          <nome>THAIS SANDIM GONÇALVES NETO</nome>
        </criador>
      </criadorLista>
    </processo-programa>
  </despacho>
  <despacho>
    <codigo>730</codigo>
    <titulo>Expedição do Certificado de Registro</titulo>
    <processo-programa>
      <numero inid="Np">BR 51 2018 001490-9</numero>
      <titulo inid="54">Portfólio Digital Interativo</titulo>
      <dataCriacao inid="Dl">30/12/2016</dataCriacao>
      <campoAplicacaoLista>
        <campoAplicacao>
          <codigo inid="Cp">ED-03</codigo>
        </campoAplicacao>
        <campoAplicacao>
          <codigo inid="Cp">ED-04</codigo>
        </campoAplicacao>
        <campoAplicacao>
          <codigo inid="Cp">ED-06</codigo>
        </campoAplicacao>
      </campoAplicacaoLista>
      <linguagemLista>
        <linguagem inid="Lg">PHP</linguagem>
      </linguagemLista>
      <tipoProgramaLista>
        <tipoPrograma>
          <codigo inid="Tp">AP-01</codigo>
        </tipoPrograma>
        <tipoPrograma>
          <codigo inid="Tp">FA-01</codigo>
        </tipoPrograma>
        <tipoPrograma>
          <codigo inid="Tp">GI-07</codigo>
        </tipoPrograma>
      </tipoProgramaLista>
      <titularLista>
        <titular sequencia="1" inid="73">
          <nome>INSTITUTO FEDERAL DE EDUCAÇÃO, CIÊNCIA E TECNOLOGIA DO RIO GRANDE DO SUL</nome>
        </titular>
      </titularLista>
      <criadorLista>
        <criador sequencia="1" inid="Cr">
          <nome>CARINE BUEIRA LOUREIRO</nome>
        </criador>
        <criador sequencia="2" inid="Cr">
          <nome>GABRIEL CARNEIRO MINATTO</nome>
        </criador>
        <criador sequencia="3" inid="Cr">
          <nome>MARCELO AUGUSTO RAUH SCHMITT</nome>
        </criador>
        <criador sequencia="4" inid="Cr">
          <nome>ÉDERSON AYRES CASTRO</nome>
        </criador>
        <criador sequencia="5" inid="Cr">
          <nome>ÉDERSON AYRES CASTRO</nome>
        </criador>
        <criador sequencia="6" inid="Cr">
          <nome>ÉDERSON AYRES CASTRO</nome>
        </criador>
        <criador sequencia="7" inid="Cr">
          <nome>ÉDERSON AYRES CASTRO</nome>
        </criador>
      </criadorLista>
    </processo-programa>
  </despacho>
  <despacho>
    <codigo>730</codigo>
    <titulo>Expedição do Certificado de Registro</titulo>
    <processo-programa>
      <numero inid="Np">BR 51 2018 001491-7</numero>
      <titulo inid="54">MobOrder</titulo>
      <dataCriacao inid="Dl">13/08/2018</dataCriacao>
      <campoAplicacaoLista>
        <campoAplicacao>
          <codigo inid="Cp">AD-05</codigo>
        </campoAplicacao>
      </campoAplicacaoLista>
      <linguagemLista>
        <linguagem inid="Lg">JAVA</linguagem>
        <linguagem inid="Lg">JSP</linguagem>
        <linguagem inid="Lg">MYSQL</linguagem>
        <linguagem inid="Lg">SQL</linguagem>
      </linguagemLista>
      <tipoProgramaLista>
        <tipoPrograma>
          <codigo inid="Tp">AT-03</codigo>
        </tipoPrograma>
      </tipoProgramaLista>
      <titularLista>
        <titular sequencia="1" inid="73">
          <nome>UNIFEI - UNIVERSIDADE FEDERAL DE ITAJUBÁ</nome>
        </titular>
      </titularLista>
      <criadorLista>
        <criador sequencia="1" inid="Cr">
          <nome>ADLER DINIZ DE SOUZA</nome>
        </criador>
        <criador sequencia="2" inid="Cr">
          <nome>BRUNO GUAZZELLI BATISTA</nome>
        </criador>
        <criador sequencia="3" inid="Cr">
          <nome>FELIPE AUGUSTO REIS GUEDES ALVES</nome>
        </criador>
        <criador sequencia="4" inid="Cr">
          <nome>RAFAEL DE MAGALHÃES DIAS FRINHANI</nome>
        </criador>
      </criadorLista>
    </processo-programa>
  </despacho>
  <despacho>
    <codigo>730</codigo>
    <titulo>Expedição do Certificado de Registro</titulo>
    <processo-programa>
      <numero inid="Np">BR 51 2018 001492-5</numero>
      <titulo inid="54">DmarCafe</titulo>
      <dataCriacao inid="Dl">15/08/2018</dataCriacao>
      <campoAplicacaoLista>
        <campoAplicacao>
          <codigo inid="Cp">GC-08</codigo>
        </campoAplicacao>
      </campoAplicacaoLista>
      <linguagemLista>
        <linguagem inid="Lg">MYSQL</linguagem>
        <linguagem inid="Lg">OUTROS</linguagem>
        <linguagem inid="Lg">XML</linguagem>
      </linguagemLista>
      <tipoProgramaLista>
        <tipoPrograma>
          <codigo inid="Tp">AP-01</codigo>
        </tipoPrograma>
        <tipoPrograma>
          <codigo inid="Tp">FA-01</codigo>
        </tipoPrograma>
      </tipoProgramaLista>
      <titularLista>
        <titular sequencia="1" inid="73">
          <nome>UNIFEI - UNIVERSIDADE FEDERAL DE ITAJUBÁ</nome>
        </titular>
      </titularLista>
      <criadorLista>
        <criador sequencia="1" inid="Cr">
          <nome>VANESSA CRISTINA OLIVEIRA DE SOUZA</nome>
        </criador>
        <criador sequencia="2" inid="Cr">
          <nome>YASMIN BACHA CASTRO</nome>
        </criador>
      </criadorLista>
    </processo-programa>
  </despacho>
  <despacho>
    <codigo>730</codigo>
    <titulo>Expedição do Certificado de Registro</titulo>
    <processo-programa>
      <numero inid="Np">BR 51 2018 001493-3</numero>
      <titulo inid="54">Plataforma para-formal</titulo>
      <dataCriacao inid="Dl">04/02/2012</dataCriacao>
      <campoAplicacaoLista>
        <campoAplicacao>
          <codigo inid="Cp">AN-01</codigo>
        </campoAplicacao>
        <campoAplicacao>
          <codigo inid="Cp">UB-01</codigo>
        </campoAplicacao>
        <campoAplicacao>
          <codigo inid="Cp">UB-03</codigo>
        </campoAplicacao>
      </campoAplicacaoLista>
      <linguagemLista>
        <linguagem inid="Lg">JAVA SCRIPT</linguagem>
        <linguagem inid="Lg">MYSQL</linguagem>
        <linguagem inid="Lg">PHP</linguagem>
      </linguagemLista>
      <tipoProgramaLista>
        <tipoPrograma>
          <codigo inid="Tp">AP-02</codigo>
        </tipoPrograma>
        <tipoPrograma>
          <codigo inid="Tp">GI-01</codigo>
        </tipoPrograma>
      </tipoProgramaLista>
      <titularLista>
        <titular sequencia="1" inid="73">
          <nome>UNIVERSIDADE FEDERAL DE PELOTAS</nome>
        </titular>
      </titularLista>
      <criadorLista>
        <criador sequencia="1" inid="Cr">
          <nome>DÉBORA SOUTO ALLEMAND</nome>
        </criador>
        <criador sequencia="2" inid="Cr">
          <nome>EDUARDO ROCHA</nome>
        </criador>
        <criador sequencia="3" inid="Cr">
          <nome>GLAUCO ROBERTO MUNSBERG DOS SANTOS</nome>
        </criador>
        <criador sequencia="4" inid="Cr">
          <nome>LAÍS DELLINGHAUSEN PORTELA</nome>
        </criador>
        <criador sequencia="5" inid="Cr">
          <nome>RAFAELA BARROS DE PINHO</nome>
        </criador>
      </criadorLista>
    </processo-programa>
  </despacho>
  <despacho>
    <codigo>730</codigo>
    <titulo>Expedição do Certificado de Registro</titulo>
    <processo-programa>
      <numero inid="Np">BR 51 2018 001495-0</numero>
      <titulo inid="54">Regressor</titulo>
      <dataCriacao inid="Dl">15/05/2017</dataCriacao>
      <campoAplicacaoLista>
        <campoAplicacao>
          <codigo inid="Cp">IN-03</codigo>
        </campoAplicacao>
      </campoAplicacaoLista>
      <linguagemLista>
        <linguagem inid="Lg">JAVA</linguagem>
      </linguagemLista>
      <tipoProgramaLista>
        <tipoPrograma>
          <codigo inid="Tp">AP-01</codigo>
        </tipoPrograma>
      </tipoProgramaLista>
      <titularLista>
        <titular sequencia="1" inid="73">
          <nome>UNIVERSIDADE FEDERAL DE VIÇOSA</nome>
        </titular>
      </titularLista>
      <criadorLista>
        <criador sequencia="1" inid="Cr">
          <nome>BRUNO DE LIMA SANTOS</nome>
        </criador>
      </criadorLista>
    </processo-programa>
  </despacho>
  <despacho>
    <codigo>730</codigo>
    <titulo>Expedição do Certificado de Registro</titulo>
    <processo-programa>
      <numero inid="Np">BR 51 2018 001496-8</numero>
      <titulo inid="54">DATAFRETE</titulo>
      <dataCriacao inid="Dl">13/02/2013</dataCriacao>
      <campoAplicacaoLista>
        <campoAplicacao>
          <codigo inid="Cp">AD-05</codigo>
        </campoAplicacao>
        <campoAplicacao>
          <codigo inid="Cp">AD-10</codigo>
        </campoAplicacao>
        <campoAplicacao>
          <codigo inid="Cp">AD-11</codigo>
        </campoAplicacao>
        <campoAplicacao>
          <codigo inid="Cp">EC-14</codigo>
        </campoAplicacao>
        <campoAplicacao>
          <codigo inid="Cp">FN-05</codigo>
        </campoAplicacao>
        <campoAplicacao>
          <codigo inid="Cp">FN-06</codigo>
        </campoAplicacao>
        <campoAplicacao>
          <codigo inid="Cp">IF-02</codigo>
        </campoAplicacao>
        <campoAplicacao>
          <codigo inid="Cp">IN-01</codigo>
        </campoAplicacao>
        <campoAplicacao>
          <codigo inid="Cp">IN-02</codigo>
        </campoAplicacao>
        <campoAplicacao>
          <codigo inid="Cp">MT-01</codigo>
        </campoAplicacao>
        <campoAplicacao>
          <codigo inid="Cp">TP-01</codigo>
        </campoAplicacao>
        <campoAplicacao>
          <codigo inid="Cp">TP-03</codigo>
        </campoAplicacao>
        <campoAplicacao>
          <codigo inid="Cp">TP-04</codigo>
        </campoAplicacao>
        <campoAplicacao>
          <codigo inid="Cp">TP-05</codigo>
        </campoAplicacao>
      </campoAplicacaoLista>
      <linguagemLista>
        <linguagem inid="Lg">PHP</linguagem>
      </linguagemLista>
      <tipoProgramaLista>
        <tipoPrograma>
          <codigo inid="Tp">AP-01</codigo>
        </tipoPrograma>
        <tipoPrograma>
          <codigo inid="Tp">AP-02</codigo>
        </tipoPrograma>
        <tipoPrograma>
          <codigo inid="Tp">AP-03</codigo>
        </tipoPrograma>
        <tipoPrograma>
          <codigo inid="Tp">AP-04</codigo>
        </tipoPrograma>
        <tipoPrograma>
          <codigo inid="Tp">AP-05</codigo>
        </tipoPrograma>
        <tipoPrograma>
          <codigo inid="Tp">AT-01</codigo>
        </tipoPrograma>
        <tipoPrograma>
          <codigo inid="Tp">AT-02</codigo>
        </tipoPrograma>
        <tipoPrograma>
          <codigo inid="Tp">AT-03</codigo>
        </tipoPrograma>
        <tipoPrograma>
          <codigo inid="Tp">AV-01</codigo>
        </tipoPrograma>
        <tipoPrograma>
          <codigo inid="Tp">CD-01</codigo>
        </tipoPrograma>
        <tipoPrograma>
          <codigo inid="Tp">CD-02</codigo>
        </tipoPrograma>
        <tipoPrograma>
          <codigo inid="Tp">CT-03</codigo>
        </tipoPrograma>
        <tipoPrograma>
          <codigo inid="Tp">FA-01</codigo>
        </tipoPrograma>
        <tipoPrograma>
          <codigo inid="Tp">FA-03</codigo>
        </tipoPrograma>
        <tipoPrograma>
          <codigo inid="Tp">FA-04</codigo>
        </tipoPrograma>
        <tipoPrograma>
          <codigo inid="Tp">GI-01</codigo>
        </tipoPrograma>
        <tipoPrograma>
          <codigo inid="Tp">GI-02</codigo>
        </tipoPrograma>
        <tipoPrograma>
          <codigo inid="Tp">GI-04</codigo>
        </tipoPrograma>
        <tipoPrograma>
          <codigo inid="Tp">GI-06</codigo>
        </tipoPrograma>
        <tipoPrograma>
          <codigo inid="Tp">GI-07</codigo>
        </tipoPrograma>
        <tipoPrograma>
          <codigo inid="Tp">LG-08</codigo>
        </tipoPrograma>
        <tipoPrograma>
          <codigo inid="Tp">PD-04</codigo>
        </tipoPrograma>
        <tipoPrograma>
          <codigo inid="Tp">PD-05</codigo>
        </tipoPrograma>
        <tipoPrograma>
          <codigo inid="Tp">SM-01</codigo>
        </tipoPrograma>
        <tipoPrograma>
          <codigo inid="Tp">SO-05</codigo>
        </tipoPrograma>
        <tipoPrograma>
          <codigo inid="Tp">TI-03</codigo>
        </tipoPrograma>
        <tipoPrograma>
          <codigo inid="Tp">TI-04</codigo>
        </tipoPrograma>
        <tipoPrograma>
          <codigo inid="Tp">UT-06</codigo>
        </tipoPrograma>
      </tipoProgramaLista>
      <titularLista>
        <titular sequencia="1" inid="73">
          <nome>LUCAPI SISTEMAS LTDA</nome>
        </titular>
      </titularLista>
      <criadorLista>
        <criador sequencia="1" inid="Cr">
          <nome>LUIS CARLOS PIVESSO</nome>
        </criador>
        <criador sequencia="2" inid="Cr">
          <nome>MARCEL ALESSI SOCCOL</nome>
        </criador>
      </criadorLista>
    </processo-programa>
  </despacho>
  <despacho>
    <codigo>730</codigo>
    <titulo>Expedição do Certificado de Registro</titulo>
    <processo-programa>
      <numero inid="Np">BR 51 2018 001497-6</numero>
      <titulo inid="54">Modulo de Comunicação Monitor Multiparâmetro</titulo>
      <dataCriacao inid="Dl">20/11/2017</dataCriacao>
      <campoAplicacaoLista>
        <campoAplicacao>
          <codigo inid="Cp">SD-05</codigo>
        </campoAplicacao>
      </campoAplicacaoLista>
      <linguagemLista>
        <linguagem inid="Lg">C++</linguagem>
      </linguagemLista>
      <tipoProgramaLista>
        <tipoPrograma>
          <codigo inid="Tp">CD-01</codigo>
        </tipoPrograma>
      </tipoProgramaLista>
      <titularLista>
        <titular sequencia="1" inid="73">
          <nome>LIFEMED INDUSTRIAL DE EQUIPAMENTOS E ARTIGOS MEDICOS E HOSPITALARES S.A</nome>
        </titular>
        <titular sequencia="2" inid="73">
          <nome>UNIVERSIDADE FEDERAL DE CAMPINA GRANDE - PB</nome>
        </titular>
      </titularLista>
      <criadorLista>
        <criador sequencia="1" inid="Cr">
          <nome>ALESSANDRO HERCULANO TOLENTINO JÚNIOR</nome>
        </criador>
        <criador sequencia="2" inid="Cr">
          <nome>ANGELO PERKUSICH</nome>
        </criador>
        <criador sequencia="3" inid="Cr">
          <nome>DANILO FREIRE DE SOUZA SANTOS</nome>
        </criador>
        <criador sequencia="4" inid="Cr">
          <nome>FAGNER NASCIMENTO GOMES</nome>
        </criador>
        <criador sequencia="5" inid="Cr">
          <nome>HELDER MACHADO DE LIMA</nome>
        </criador>
        <criador sequencia="6" inid="Cr">
          <nome>HYGGO OLIVEIRA DE ALMEIDA</nome>
        </criador>
        <criador sequencia="7" inid="Cr">
          <nome>JOSÉ LUÍS DO NASCIMENTO</nome>
        </criador>
        <criador sequencia="8" inid="Cr">
          <nome>ROMÁRIO BATISTA DA SILVA</nome>
        </criador>
        <criador sequencia="9" inid="Cr">
          <nome>WALTER ONOFRE GUERRA FILHO</nome>
        </criador>
      </criadorLista>
    </processo-programa>
  </despacho>
  <despacho>
    <codigo>730</codigo>
    <titulo>Expedição do Certificado de Registro</titulo>
    <processo-programa>
      <numero inid="Np">BR 51 2018 001498-4</numero>
      <titulo inid="54">Service Desktop</titulo>
      <dataCriacao inid="Dl">10/12/2004</dataCriacao>
      <campoAplicacaoLista>
        <campoAplicacao>
          <codigo inid="Cp">AD-01</codigo>
        </campoAplicacao>
        <campoAplicacao>
          <codigo inid="Cp">AD-02</codigo>
        </campoAplicacao>
        <campoAplicacao>
          <codigo inid="Cp">AD-05</codigo>
        </campoAplicacao>
        <campoAplicacao>
          <codigo inid="Cp">AD-11</codigo>
        </campoAplicacao>
      </campoAplicacaoLista>
      <linguagemLista>
        <linguagem inid="Lg">VISUAL BASIC</linguagem>
      </linguagemLista>
      <tipoProgramaLista>
        <tipoPrograma>
          <codigo inid="Tp">AT-02</codigo>
        </tipoPrograma>
        <tipoPrograma>
          <codigo inid="Tp">GI-02</codigo>
        </tipoPrograma>
        <tipoPrograma>
          <codigo inid="Tp">GI-07</codigo>
        </tipoPrograma>
        <tipoPrograma>
          <codigo inid="Tp">SO-01</codigo>
        </tipoPrograma>
      </tipoProgramaLista>
      <titularLista>
        <titular sequencia="1" inid="73">
          <nome>INSIDE SISTEMAS LTDA</nome>
        </titular>
      </titularLista>
      <criadorLista>
        <criador sequencia="1" inid="Cr">
          <nome>CLEVERSON LUIZ COLOGNI</nome>
        </criador>
      </criadorLista>
    </processo-programa>
  </despacho>
  <despacho>
    <codigo>730</codigo>
    <titulo>Expedição do Certificado de Registro</titulo>
    <processo-programa>
      <numero inid="Np">BR 51 2018 001499-2</numero>
      <titulo inid="54">Service Web</titulo>
      <dataCriacao inid="Dl">10/06/2015</dataCriacao>
      <campoAplicacaoLista>
        <campoAplicacao>
          <codigo inid="Cp">AD-01</codigo>
        </campoAplicacao>
        <campoAplicacao>
          <codigo inid="Cp">AD-02</codigo>
        </campoAplicacao>
        <campoAplicacao>
          <codigo inid="Cp">AD-05</codigo>
        </campoAplicacao>
        <campoAplicacao>
          <codigo inid="Cp">AD-11</codigo>
        </campoAplicacao>
      </campoAplicacaoLista>
      <linguagemLista>
        <linguagem inid="Lg">C#</linguagem>
        <linguagem inid="Lg">FLEX</linguagem>
      </linguagemLista>
      <tipoProgramaLista>
        <tipoPrograma>
          <codigo inid="Tp">AT-02</codigo>
        </tipoPrograma>
        <tipoPrograma>
          <codigo inid="Tp">GI-02</codigo>
        </tipoPrograma>
        <tipoPrograma>
          <codigo inid="Tp">GI-07</codigo>
        </tipoPrograma>
        <tipoPrograma>
          <codigo inid="Tp">SO-01</codigo>
        </tipoPrograma>
      </tipoProgramaLista>
      <titularLista>
        <titular sequencia="1" inid="73">
          <nome>INSIDE SISTEMAS LTDA</nome>
        </titular>
      </titularLista>
      <criadorLista>
        <criador sequencia="1" inid="Cr">
          <nome>CLEVERSON LUIZ COLOGNI</nome>
        </criador>
      </criadorLista>
    </processo-programa>
  </despacho>
  <despacho>
    <codigo>730</codigo>
    <titulo>Expedição do Certificado de Registro</titulo>
    <processo-programa>
      <numero inid="Np">BR 51 2018 001500-0</numero>
      <titulo inid="54">PEROLA - Gestão Educacional</titulo>
      <dataCriacao inid="Dl">Não informado</dataCriacao>
      <campoAplicacaoLista>
        <campoAplicacao>
          <codigo inid="Cp">AD-04</codigo>
        </campoAplicacao>
        <campoAplicacao>
          <codigo inid="Cp">ED-03</codigo>
        </campoAplicacao>
        <campoAplicacao>
          <codigo inid="Cp">ED-05</codigo>
        </campoAplicacao>
        <campoAplicacao>
          <codigo inid="Cp">ED-06</codigo>
        </campoAplicacao>
        <campoAplicacao>
          <codigo inid="Cp">IF-07</codigo>
        </campoAplicacao>
      </campoAplicacaoLista>
      <linguagemLista>
        <linguagem inid="Lg">CSS</linguagem>
        <linguagem inid="Lg">GENEXUS</linguagem>
        <linguagem inid="Lg">HTML</linguagem>
        <linguagem inid="Lg">JAVA</linguagem>
        <linguagem inid="Lg">JAVA SCRIPT</linguagem>
        <linguagem inid="Lg">JQUERY</linguagem>
        <linguagem inid="Lg">JSON</linguagem>
        <linguagem inid="Lg">PL / SQL</linguagem>
        <linguagem inid="Lg">XML</linguagem>
      </linguagemLista>
      <tipoProgramaLista>
        <tipoPrograma>
          <codigo inid="Tp">AP-01</codigo>
        </tipoPrograma>
        <tipoPrograma>
          <codigo inid="Tp">AT-06</codigo>
        </tipoPrograma>
        <tipoPrograma>
          <codigo inid="Tp">DS-04</codigo>
        </tipoPrograma>
        <tipoPrograma>
          <codigo inid="Tp">GI-01</codigo>
        </tipoPrograma>
        <tipoPrograma>
          <codigo inid="Tp">IA-02</codigo>
        </tipoPrograma>
      </tipoProgramaLista>
      <titularLista>
        <titular sequencia="1" inid="73">
          <nome>ABACO TECNOLOGIA DE INFORMAÇÃO LTDA</nome>
        </titular>
      </titularLista>
      <criadorLista>
        <criador sequencia="1" inid="Cr">
          <nome>ALAN JEFERSON SOUZA JANUARIO</nome>
        </criador>
        <criador sequencia="2" inid="Cr">
          <nome>ALEXANDRE XAVIER GONCALVES</nome>
        </criador>
        <criador sequencia="3" inid="Cr">
          <nome>HENRIQUE RIGHETTO CORREA</nome>
        </criador>
        <criador sequencia="4" inid="Cr">
          <nome>KEROLAYNE CRISTINA FREITAS VAES</nome>
        </criador>
        <criador sequencia="5" inid="Cr">
          <nome>LEONARDO SEIZEN YAMAUCHI</nome>
        </criador>
        <criador sequencia="6" inid="Cr">
          <nome>PATRICK ROMERO ORDAKOWSKI</nome>
        </criador>
        <criador sequencia="7" inid="Cr">
          <nome>ROSENI SOLANGE MATIOLA</nome>
        </criador>
        <criador sequencia="8" inid="Cr">
          <nome>ROSIMEIRE GONCALVES FERREIRA RAMOS</nome>
        </criador>
      </criadorLista>
    </processo-programa>
  </despacho>
  <despacho>
    <codigo>730</codigo>
    <titulo>Expedição do Certificado de Registro</titulo>
    <processo-programa>
      <numero inid="Np">BR 51 2018 001501-8</numero>
      <titulo inid="54">Modulo de Comunicação para Respiradores Mecânicos</titulo>
      <dataCriacao inid="Dl">20/11/2017</dataCriacao>
      <campoAplicacaoLista>
        <campoAplicacao>
          <codigo inid="Cp">SD-05</codigo>
        </campoAplicacao>
      </campoAplicacaoLista>
      <linguagemLista>
        <linguagem inid="Lg">C++</linguagem>
      </linguagemLista>
      <tipoProgramaLista>
        <tipoPrograma>
          <codigo inid="Tp">CD-01</codigo>
        </tipoPrograma>
      </tipoProgramaLista>
      <titularLista>
        <titular sequencia="1" inid="73">
          <nome>LIFEMED INDUSTRIAL DE EQUIPAMENTOS E ARTIGOS MEDICOS E HOSPITALARES S.A</nome>
        </titular>
        <titular sequencia="2" inid="73">
          <nome>UNIVERSIDADE FEDERAL DE CAMPINA GRANDE - PB</nome>
        </titular>
      </titularLista>
      <criadorLista>
        <criador sequencia="1" inid="Cr">
          <nome>ALESSANDRO HERCULANO TOLENTINO JÚNIOR</nome>
        </criador>
        <criador sequencia="2" inid="Cr">
          <nome>ANGELO PERKUSICH</nome>
        </criador>
        <criador sequencia="3" inid="Cr">
          <nome>DANILO FREIRE DE SOUZA SANTOS</nome>
        </criador>
        <criador sequencia="4" inid="Cr">
          <nome>FAGNER NASCIMENTO GOMES</nome>
        </criador>
        <criador sequencia="5" inid="Cr">
          <nome>HELDER MACHADO DE LIMA</nome>
        </criador>
        <criador sequencia="6" inid="Cr">
          <nome>HYGGO OLIVEIRA DE ALMEIDA</nome>
        </criador>
        <criador sequencia="7" inid="Cr">
          <nome>JOSÉ LUÍS DO NASCIMENTO</nome>
        </criador>
        <criador sequencia="8" inid="Cr">
          <nome>ROMÁRIO BATISTA DA SILVA</nome>
        </criador>
        <criador sequencia="9" inid="Cr">
          <nome>WALTER ONOFRE GUERRA FILHO</nome>
        </criador>
      </criadorLista>
    </processo-programa>
  </despacho>
  <despacho>
    <codigo>730</codigo>
    <titulo>Expedição do Certificado de Registro</titulo>
    <processo-programa>
      <numero inid="Np">BR 51 2018 001502-6</numero>
      <titulo inid="54">Módulo de exibição de curvas para respiradores mecânicos em uma central de monitoramento</titulo>
      <dataCriacao inid="Dl">20/11/2017</dataCriacao>
      <campoAplicacaoLista>
        <campoAplicacao>
          <codigo inid="Cp">SD-05</codigo>
        </campoAplicacao>
      </campoAplicacaoLista>
      <linguagemLista>
        <linguagem inid="Lg">C++</linguagem>
      </linguagemLista>
      <tipoProgramaLista>
        <tipoPrograma>
          <codigo inid="Tp">GI-03</codigo>
        </tipoPrograma>
      </tipoProgramaLista>
      <titularLista>
        <titular sequencia="1" inid="73">
          <nome>LIFEMED INDUSTRIAL DE EQUIPAMENTOS E ARTIGOS MEDICOS E HOSPITALARES S.A</nome>
        </titular>
        <titular sequencia="2" inid="73">
          <nome>UNIVERSIDADE FEDERAL DE CAMPINA GRANDE - PB</nome>
        </titular>
      </titularLista>
      <criadorLista>
        <criador sequencia="1" inid="Cr">
          <nome>ALESSANDRO HERCULANO TOLENTINO JÚNIOR</nome>
        </criador>
        <criador sequencia="2" inid="Cr">
          <nome>ANGELO PERKUSICH</nome>
        </criador>
        <criador sequencia="3" inid="Cr">
          <nome>DANILO FREIRE DE SOUZA SANTOS</nome>
        </criador>
        <criador sequencia="4" inid="Cr">
          <nome>FAGNER NASCIMENTO GOMES</nome>
        </criador>
        <criador sequencia="5" inid="Cr">
          <nome>HELDER MACHADO DE LIMA</nome>
        </criador>
        <criador sequencia="6" inid="Cr">
          <nome>HYGGO OLIVEIRA DE ALMEIDA</nome>
        </criador>
        <criador sequencia="7" inid="Cr">
          <nome>JOSÉ LUÍS DO NASCIMENTO</nome>
        </criador>
        <criador sequencia="8" inid="Cr">
          <nome>ROMÁRIO BATISTA DA SILVA</nome>
        </criador>
        <criador sequencia="9" inid="Cr">
          <nome>WALTER ONOFRE GUERRA FILHO</nome>
        </criador>
      </criadorLista>
    </processo-programa>
  </despacho>
  <despacho>
    <codigo>730</codigo>
    <titulo>Expedição do Certificado de Registro</titulo>
    <processo-programa>
      <numero inid="Np">BR 51 2018 001503-4</numero>
      <titulo inid="54">Módulo de exportação de dados HL7 FHIR para uma central de monitoramento</titulo>
      <dataCriacao inid="Dl">10/05/2018</dataCriacao>
      <campoAplicacaoLista>
        <campoAplicacao>
          <codigo inid="Cp">SD-05</codigo>
        </campoAplicacao>
      </campoAplicacaoLista>
      <linguagemLista>
        <linguagem inid="Lg">JAVA</linguagem>
      </linguagemLista>
      <tipoProgramaLista>
        <tipoPrograma>
          <codigo inid="Tp">GI-01</codigo>
        </tipoPrograma>
      </tipoProgramaLista>
      <titularLista>
        <titular sequencia="1" inid="73">
          <nome>LIFEMED INDUSTRIAL DE EQUIPAMENTOS E ARTIGOS MEDICOS E HOSPITALARES S.A</nome>
        </titular>
        <titular sequencia="2" inid="73">
          <nome>UNIVERSIDADE FEDERAL DE CAMPINA GRANDE - PB</nome>
        </titular>
      </titularLista>
      <criadorLista>
        <criador sequencia="1" inid="Cr">
          <nome>ANDRÉ FELIPE DE ALBUQUERQUE RODRIGUES</nome>
        </criador>
        <criador sequencia="2" inid="Cr">
          <nome>ANGELO PERKUSICH</nome>
        </criador>
        <criador sequencia="3" inid="Cr">
          <nome>DANILO FREIRE DE SOUZA SANTOS</nome>
        </criador>
        <criador sequencia="4" inid="Cr">
          <nome>HYGGO OLIVEIRA DE ALMEIDA</nome>
        </criador>
        <criador sequencia="5" inid="Cr">
          <nome>MARCOS FÁBIO PEREIRA</nome>
        </criador>
        <criador sequencia="6" inid="Cr">
          <nome>SAMUEL THIAGO C. SANTOS</nome>
        </criador>
        <criador sequencia="7" inid="Cr">
          <nome>WILLIAM SILVA DE MELO JUNIOR</nome>
        </criador>
      </criadorLista>
    </processo-programa>
  </despacho>
  <despacho>
    <codigo>730</codigo>
    <titulo>Expedição do Certificado de Registro</titulo>
    <processo-programa>
      <numero inid="Np">BR 51 2018 001504-2</numero>
      <titulo inid="54">ONIX - Portal de Serviços, Transparência e Gestão do Atendimento ao cidadão e contribuinte</titulo>
      <dataCriacao inid="Dl">Não informado</dataCriacao>
      <campoAplicacaoLista>
        <campoAplicacao>
          <codigo inid="Cp">AD-04</codigo>
        </campoAplicacao>
        <campoAplicacao>
          <codigo inid="Cp">CO-04</codigo>
        </campoAplicacao>
        <campoAplicacao>
          <codigo inid="Cp">IF-01</codigo>
        </campoAplicacao>
        <campoAplicacao>
          <codigo inid="Cp">IF-07</codigo>
        </campoAplicacao>
      </campoAplicacaoLista>
      <linguagemLista>
        <linguagem inid="Lg">CSS</linguagem>
        <linguagem inid="Lg">GENEXUS</linguagem>
        <linguagem inid="Lg">HTML</linguagem>
        <linguagem inid="Lg">JAVA</linguagem>
        <linguagem inid="Lg">JAVA SCRIPT</linguagem>
        <linguagem inid="Lg">JQUERY</linguagem>
        <linguagem inid="Lg">JSON</linguagem>
        <linguagem inid="Lg">PL / SQL</linguagem>
        <linguagem inid="Lg">XML</linguagem>
      </linguagemLista>
      <tipoProgramaLista>
        <tipoPrograma>
          <codigo inid="Tp">AP-01</codigo>
        </tipoPrograma>
        <tipoPrograma>
          <codigo inid="Tp">DS-04</codigo>
        </tipoPrograma>
        <tipoPrograma>
          <codigo inid="Tp">GI-01</codigo>
        </tipoPrograma>
        <tipoPrograma>
          <codigo inid="Tp">IA-02</codigo>
        </tipoPrograma>
        <tipoPrograma>
          <codigo inid="Tp">SO-04</codigo>
        </tipoPrograma>
      </tipoProgramaLista>
      <titularLista>
        <titular sequencia="1" inid="73">
          <nome>ABACO TECNOLOGIA DE INFORMAÇÃO LTDA</nome>
        </titular>
      </titularLista>
      <criadorLista>
        <criador sequencia="1" inid="Cr">
          <nome>CLELBER JUNIOR SIMOES</nome>
        </criador>
        <criador sequencia="2" inid="Cr">
          <nome>CRISTIANO YUKIO ISHIDA SANDRIN</nome>
        </criador>
        <criador sequencia="3" inid="Cr">
          <nome>ELTON JOHN DE ASSUNCAO</nome>
        </criador>
        <criador sequencia="4" inid="Cr">
          <nome>FABRICIO GARCIA DE SOUZA</nome>
        </criador>
        <criador sequencia="5" inid="Cr">
          <nome>NICOLLAS AUGUSTO FARIAS SANTOS</nome>
        </criador>
      </criadorLista>
    </processo-programa>
  </despacho>
  <despacho>
    <codigo>730</codigo>
    <titulo>Expedição do Certificado de Registro</titulo>
    <processo-programa>
      <numero inid="Np">BR 51 2018 001505-0</numero>
      <titulo inid="54">Módulo mobile de exibição de informações de uma central de monitoramento</titulo>
      <dataCriacao inid="Dl">10/05/2018</dataCriacao>
      <campoAplicacaoLista>
        <campoAplicacao>
          <codigo inid="Cp">SD-05</codigo>
        </campoAplicacao>
      </campoAplicacaoLista>
      <linguagemLista>
        <linguagem inid="Lg">JAVA</linguagem>
      </linguagemLista>
      <tipoProgramaLista>
        <tipoPrograma>
          <codigo inid="Tp">GI-01</codigo>
        </tipoPrograma>
      </tipoProgramaLista>
      <titularLista>
        <titular sequencia="1" inid="73">
          <nome>LIFEMED INDUSTRIAL DE EQUIPAMENTOS E ARTIGOS MEDICOS E HOSPITALARES S.A</nome>
        </titular>
        <titular sequencia="2" inid="73">
          <nome>UNIVERSIDADE FEDERAL DE CAMPINA GRANDE - PB</nome>
        </titular>
      </titularLista>
      <criadorLista>
        <criador sequencia="1" inid="Cr">
          <nome>ANDRÉ FELIPE DE ALBUQUERQUE RODRIGUES</nome>
        </criador>
        <criador sequencia="2" inid="Cr">
          <nome>ANGELO PERKUSICH</nome>
        </criador>
        <criador sequencia="3" inid="Cr">
          <nome>DANILO FREIRE DE SOUZA SANTOS</nome>
        </criador>
        <criador sequencia="4" inid="Cr">
          <nome>HYGGO OLIVEIRA DE ALMEIDA</nome>
        </criador>
        <criador sequencia="5" inid="Cr">
          <nome>MARCOS FÁBIO PEREIRA</nome>
        </criador>
        <criador sequencia="6" inid="Cr">
          <nome>SAMUEL THIAGO C. SANTOS</nome>
        </criador>
        <criador sequencia="7" inid="Cr">
          <nome>WILLIAM SILVA DE MELO JUNIOR</nome>
        </criador>
      </criadorLista>
    </processo-programa>
  </despacho>
  <despacho>
    <codigo>730</codigo>
    <titulo>Expedição do Certificado de Registro</titulo>
    <processo-programa>
      <numero inid="Np">BR 51 2018 001506-9</numero>
      <titulo inid="54">Módulo de exportação de dados para sistema remoto de monitoramento</titulo>
      <dataCriacao inid="Dl">20/06/2018</dataCriacao>
      <campoAplicacaoLista>
        <campoAplicacao>
          <codigo inid="Cp">SD-05</codigo>
        </campoAplicacao>
      </campoAplicacaoLista>
      <linguagemLista>
        <linguagem inid="Lg">C++</linguagem>
      </linguagemLista>
      <tipoProgramaLista>
        <tipoPrograma>
          <codigo inid="Tp">GI-01</codigo>
        </tipoPrograma>
      </tipoProgramaLista>
      <titularLista>
        <titular sequencia="1" inid="73">
          <nome>LIFEMED INDUSTRIAL DE EQUIPAMENTOS E ARTIGOS MEDICOS E HOSPITALARES S.A</nome>
        </titular>
        <titular sequencia="2" inid="73">
          <nome>UNIVERSIDADE FEDERAL DE CAMPINA GRANDE - PB</nome>
        </titular>
      </titularLista>
      <criadorLista>
        <criador sequencia="1" inid="Cr">
          <nome>ANDRÉ FELIPE DE ALBUQUERQUE RODRIGUES</nome>
        </criador>
        <criador sequencia="2" inid="Cr">
          <nome>ANGELO PERKUSICH</nome>
        </criador>
        <criador sequencia="3" inid="Cr">
          <nome>DANILO FREIRE DE SOUZA SANTOS</nome>
        </criador>
        <criador sequencia="4" inid="Cr">
          <nome>HYGGO OLIVEIRA DE ALMEIDA</nome>
        </criador>
        <criador sequencia="5" inid="Cr">
          <nome>MARCOS FÁBIO PEREIRA</nome>
        </criador>
        <criador sequencia="6" inid="Cr">
          <nome>SAMUEL THIAGO C. SANTOS</nome>
        </criador>
        <criador sequencia="7" inid="Cr">
          <nome>WILLIAM SILVA DE MELO JUNIOR</nome>
        </criador>
      </criadorLista>
    </processo-programa>
  </despacho>
  <despacho>
    <codigo>734</codigo>
    <titulo>Transferência de Titularidade</titulo>
    <processo-programa>
      <numero inid="Np">BR 51 2018 000675-2</numero>
      <titulo inid="54">Sistema de Monitoramento e Diagnose para Biofilmes Condutores em Isoladores - SMDBCI</titulo>
      <titularLista>
        <titular sequencia="1" inid="73">
          <nome>CENTRAIS ELÉTRICAS DO NORTE DO BRASIL S/A</nome>
        </titular>
        <titular sequencia="2" inid="73">
          <nome>FUNDAÇÃO CPQD - CENTRO DE PESQUISA E DESENVOLVIMENTO EM TELECOMUNICAÇÕES</nome>
        </titular>
        <titular sequencia="3" inid="73">
          <nome>FUNDAÇÃO PARQUE TECNOLÓGICO DA PARAÍBA - PAQTC-PB</nome>
        </titular>
      </titularLista>
    </processo-programa>
  </despacho>
  <despacho>
    <codigo>742</codigo>
    <titulo>Petição não conhecida</titulo>
    <processo-programa>
      <numero inid="Np">02000-3 antigo: 97003485</numero>
      <titulo inid="54">SYS&amp;DATA-V.2</titulo>
      <titularLista>
        <titular sequencia="1" inid="73">
          <nome>SYS&amp;TEC, SYS&amp;DATA PROJETOS E SISTEMAS CONSULTORIA ASS. LTDA.</nome>
        </titular>
      </titularLista>
    </processo-programa>
    <comentario inid="co">Petição não conhecida devido a não comprovação do pagamento.</comentario>
  </despacho>
</revista>