<revista numero="2577" dataPublicacao="26/05/2020" diretoria="Programa">
  <despacho>
    <codigo>730</codigo>
    <titulo>Expedição do Certificado de Registro</titulo>
    <processo-programa>
      <numero inid="Np">BR 51 2020 000883-6</numero>
      <titulo inid="54">ACS ÁUDIO (Automatic Camera Selection and Live TV)</titulo>
      <dataCriacao inid="Dl">10/08/2019</dataCriacao>
      <campoAplicacaoLista>
        <campoAplicacao>
          <codigo inid="Cp">TC-02</codigo>
        </campoAplicacao>
      </campoAplicacaoLista>
      <linguagemLista>
        <linguagem inid="Lg">MATLAB</linguagem>
      </linguagemLista>
      <tipoProgramaLista>
        <tipoPrograma>
          <codigo inid="Tp">AT-01</codigo>
        </tipoPrograma>
        <tipoPrograma>
          <codigo inid="Tp">ET-01</codigo>
        </tipoPrograma>
        <tipoPrograma>
          <codigo inid="Tp">IA-01</codigo>
        </tipoPrograma>
        <tipoPrograma>
          <codigo inid="Tp">SM-01</codigo>
        </tipoPrograma>
        <tipoPrograma>
          <codigo inid="Tp">TC-03</codigo>
        </tipoPrograma>
        <tipoPrograma>
          <codigo inid="Tp">TC-04</codigo>
        </tipoPrograma>
      </tipoProgramaLista>
      <titularLista>
        <titular sequencia="1" inid="73">
          <nome>FERNANDO RODRIGUES TRINDADE FERREIRA</nome>
        </titular>
      </titularLista>
      <criadorLista>
        <criador sequencia="1" inid="Cr">
          <nome>FERNANDO RODRIGUES TRINDADE FERREIRA</nome>
        </criador>
        <criador sequencia="2" inid="Cr">
          <nome>LUIZ GUSTAVO BIZARRO MIRISOLA</nome>
        </criador>
        <criador sequencia="3" inid="Cr">
          <nome>NEI YOSHIHIRO SOMA</nome>
        </criador>
      </criadorLista>
    </processo-programa>
  </despacho>
  <despacho>
    <codigo>730</codigo>
    <titulo>Expedição do Certificado de Registro</titulo>
    <processo-programa>
      <numero inid="Np">BR 51 2020 000884-4</numero>
      <titulo inid="54">ACS Face (Automatic Camera Selection and Live TV)</titulo>
      <dataCriacao inid="Dl">20/09/2019</dataCriacao>
      <campoAplicacaoLista>
        <campoAplicacao>
          <codigo inid="Cp">TC-02</codigo>
        </campoAplicacao>
      </campoAplicacaoLista>
      <linguagemLista>
        <linguagem inid="Lg">MATLAB</linguagem>
      </linguagemLista>
      <tipoProgramaLista>
        <tipoPrograma>
          <codigo inid="Tp">AT-01</codigo>
        </tipoPrograma>
        <tipoPrograma>
          <codigo inid="Tp">ET-01</codigo>
        </tipoPrograma>
        <tipoPrograma>
          <codigo inid="Tp">IA-01</codigo>
        </tipoPrograma>
        <tipoPrograma>
          <codigo inid="Tp">SM-01</codigo>
        </tipoPrograma>
        <tipoPrograma>
          <codigo inid="Tp">TC-03</codigo>
        </tipoPrograma>
        <tipoPrograma>
          <codigo inid="Tp">TC-04</codigo>
        </tipoPrograma>
      </tipoProgramaLista>
      <titularLista>
        <titular sequencia="1" inid="73">
          <nome>FERNANDO RODRIGUES TRINDADE FERREIRA</nome>
        </titular>
      </titularLista>
      <criadorLista>
        <criador sequencia="1" inid="Cr">
          <nome>FERNANDO RODRIGUES TRINDADE FERREIRA</nome>
        </criador>
        <criador sequencia="2" inid="Cr">
          <nome>LUIZ GUSTAVO BIZARRO MIRISOLA</nome>
        </criador>
        <criador sequencia="3" inid="Cr">
          <nome>NEI YOSHIHIRO SOMA</nome>
        </criador>
      </criadorLista>
    </processo-programa>
  </despacho>
  <despacho>
    <codigo>730</codigo>
    <titulo>Expedição do Certificado de Registro</titulo>
    <processo-programa>
      <numero inid="Np">BR 51 2020 000887-9</numero>
      <titulo inid="54">Seleção de Atributos por Componentes Principais Usando Algoritmo Genético</titulo>
      <dataCriacao inid="Dl">04/04/2008</dataCriacao>
      <campoAplicacaoLista>
        <campoAplicacao>
          <codigo inid="Cp">CO-02</codigo>
        </campoAplicacao>
      </campoAplicacaoLista>
      <linguagemLista>
        <linguagem inid="Lg">JAVA</linguagem>
      </linguagemLista>
      <tipoProgramaLista>
        <tipoPrograma>
          <codigo inid="Tp">FA-01</codigo>
        </tipoPrograma>
        <tipoPrograma>
          <codigo inid="Tp">IA-01</codigo>
        </tipoPrograma>
        <tipoPrograma>
          <codigo inid="Tp">IA-02</codigo>
        </tipoPrograma>
        <tipoPrograma>
          <codigo inid="Tp">LG-06</codigo>
        </tipoPrograma>
        <tipoPrograma>
          <codigo inid="Tp">TC-01</codigo>
        </tipoPrograma>
        <tipoPrograma>
          <codigo inid="Tp">UT-01</codigo>
        </tipoPrograma>
      </tipoProgramaLista>
      <titularLista>
        <titular sequencia="1" inid="73">
          <nome>JOSÉ CLÁUDIO GARCIA DAMASO</nome>
        </titular>
      </titularLista>
      <criadorLista>
        <criador sequencia="1" inid="Cr">
          <nome>EUGÊNIO LUIZ ALCANTARA DA FONSECA</nome>
        </criador>
        <criador sequencia="2" inid="Cr">
          <nome>JOSÉ CLÁUDIO GARCIA DAMASO</nome>
        </criador>
        <criador sequencia="3" inid="Cr">
          <nome>LÚCIO PEREIRA DE ANDRADE</nome>
        </criador>
      </criadorLista>
    </processo-programa>
  </despacho>
  <despacho>
    <codigo>730</codigo>
    <titulo>Expedição do Certificado de Registro</titulo>
    <processo-programa>
      <numero inid="Np">BR 51 2020 000888-7</numero>
      <titulo inid="54">Eatvida Aplicativo para  Análise de Riscos em Alimentos</titulo>
      <dataCriacao inid="Dl">12/04/2020</dataCriacao>
      <campoAplicacaoLista>
        <campoAplicacao>
          <codigo inid="Cp">FQ-14</codigo>
        </campoAplicacao>
      </campoAplicacaoLista>
      <linguagemLista>
        <linguagem inid="Lg">JAVA SCRIPT</linguagem>
      </linguagemLista>
      <tipoProgramaLista>
        <tipoPrograma>
          <codigo inid="Tp">DS-04</codigo>
        </tipoPrograma>
      </tipoProgramaLista>
      <titularLista>
        <titular sequencia="1" inid="73">
          <nome>REGIA MARIA AVANCINI</nome>
        </titular>
      </titularLista>
      <criadorLista>
        <criador sequencia="1" inid="Cr">
          <nome>RÉGIA MARIA AVANCINI</nome>
        </criador>
      </criadorLista>
    </processo-programa>
  </despacho>
  <despacho>
    <codigo>730</codigo>
    <titulo>Expedição do Certificado de Registro</titulo>
    <processo-programa>
      <numero inid="Np">BR 51 2020 000889-5</numero>
      <titulo inid="54">iZeus</titulo>
      <dataCriacao inid="Dl">02/01/2015</dataCriacao>
      <campoAplicacaoLista>
        <campoAplicacao>
          <codigo inid="Cp">AD-07</codigo>
        </campoAplicacao>
        <campoAplicacao>
          <codigo inid="Cp">SD-07</codigo>
        </campoAplicacao>
      </campoAplicacaoLista>
      <linguagemLista>
        <linguagem inid="Lg">JAVA</linguagem>
      </linguagemLista>
      <tipoProgramaLista>
        <tipoPrograma>
          <codigo inid="Tp">AP-01</codigo>
        </tipoPrograma>
        <tipoPrograma>
          <codigo inid="Tp">AP-03</codigo>
        </tipoPrograma>
        <tipoPrograma>
          <codigo inid="Tp">AT-02</codigo>
        </tipoPrograma>
        <tipoPrograma>
          <codigo inid="Tp">AT-06</codigo>
        </tipoPrograma>
      </tipoProgramaLista>
      <titularLista>
        <titular sequencia="1" inid="73">
          <nome>INSIGHT INFORMÁTICA LTDA EPP</nome>
        </titular>
      </titularLista>
      <criadorLista>
        <criador sequencia="1" inid="Cr">
          <nome>ROBERVAL ROCHA DE SOUZA</nome>
        </criador>
        <criador sequencia="2" inid="Cr">
          <nome>SAULO BERTOZO PEREIRA</nome>
        </criador>
      </criadorLista>
    </processo-programa>
  </despacho>
  <despacho>
    <codigo>730</codigo>
    <titulo>Expedição do Certificado de Registro</titulo>
    <processo-programa>
      <numero inid="Np">BR 51 2020 000890-9</numero>
      <titulo inid="54">PGCA - Personal Gesture Communication Assistant</titulo>
      <dataCriacao inid="Dl">01/12/2017</dataCriacao>
      <campoAplicacaoLista>
        <campoAplicacao>
          <codigo inid="Cp">IF-07</codigo>
        </campoAplicacao>
        <campoAplicacao>
          <codigo inid="Cp">SD-04</codigo>
        </campoAplicacao>
      </campoAplicacaoLista>
      <linguagemLista>
        <linguagem inid="Lg">C++</linguagem>
        <linguagem inid="Lg">OUTROS</linguagem>
        <linguagem inid="Lg">PYTHON</linguagem>
      </linguagemLista>
      <tipoProgramaLista>
        <tipoPrograma>
          <codigo inid="Tp">AP-01</codigo>
        </tipoPrograma>
      </tipoProgramaLista>
      <titularLista>
        <titular sequencia="1" inid="73">
          <nome>UNIVERSIDADE FEDERAL DO PARANÁ</nome>
        </titular>
        <titular sequencia="2" inid="73">
          <nome>UNIVERSIDADE TECNOLOGICA FEDERAL DO PARANA</nome>
        </titular>
      </titularLista>
      <criadorLista>
        <criador sequencia="1" inid="Cr">
          <nome>LUCIANO SILVA</nome>
        </criador>
        <criador sequencia="2" inid="Cr">
          <nome>RÚBIA ELIZA DE OLIVEIRA SCHULTZ ASCARI</nome>
        </criador>
      </criadorLista>
    </processo-programa>
  </despacho>
  <despacho>
    <codigo>730</codigo>
    <titulo>Expedição do Certificado de Registro</titulo>
    <processo-programa>
      <numero inid="Np">BR 51 2020 000891-7</numero>
      <titulo inid="54">CPQD3817 - Acompanhamento de Modelos de Machine Learning em Produção</titulo>
      <dataCriacao inid="Dl">13/12/2019</dataCriacao>
      <campoAplicacaoLista>
        <campoAplicacao>
          <codigo inid="Cp">MT-06</codigo>
        </campoAplicacao>
      </campoAplicacaoLista>
      <linguagemLista>
        <linguagem inid="Lg">OUTROS</linguagem>
      </linguagemLista>
      <tipoProgramaLista>
        <tipoPrograma>
          <codigo inid="Tp">IA-02</codigo>
        </tipoPrograma>
      </tipoProgramaLista>
      <titularLista>
        <titular sequencia="1" inid="73">
          <nome>FUNDACAO CPQD - CENTRO DE PESQUISA E DESENVOLVIMENTO EM TELECOMUNICACOES</nome>
        </titular>
      </titularLista>
      <criadorLista>
        <criador sequencia="1" inid="Cr">
          <nome>DANIELLE LANZARINI PINTO</nome>
        </criador>
      </criadorLista>
    </processo-programa>
  </despacho>
  <despacho>
    <codigo>730</codigo>
    <titulo>Expedição do Certificado de Registro</titulo>
    <processo-programa>
      <numero inid="Np">BR 51 2020 000892-5</numero>
      <titulo inid="54">Turismo, Férias e Compras - Guia Comercial</titulo>
      <dataCriacao inid="Dl">15/05/2020</dataCriacao>
      <campoAplicacaoLista>
        <campoAplicacao>
          <codigo inid="Cp">AD-10</codigo>
        </campoAplicacao>
        <campoAplicacao>
          <codigo inid="Cp">SV-04</codigo>
        </campoAplicacao>
      </campoAplicacaoLista>
      <linguagemLista>
        <linguagem inid="Lg">CSS</linguagem>
        <linguagem inid="Lg">HTML</linguagem>
        <linguagem inid="Lg">JAVA</linguagem>
        <linguagem inid="Lg">OUTROS</linguagem>
        <linguagem inid="Lg">PL / SQL</linguagem>
      </linguagemLista>
      <tipoProgramaLista>
        <tipoPrograma>
          <codigo inid="Tp">CD-01</codigo>
        </tipoPrograma>
        <tipoPrograma>
          <codigo inid="Tp">GI-01</codigo>
        </tipoPrograma>
        <tipoPrograma>
          <codigo inid="Tp">GI-04</codigo>
        </tipoPrograma>
      </tipoProgramaLista>
      <titularLista>
        <titular sequencia="1" inid="73">
          <nome>TFC INTERNET SOLUÇÕES LTDA</nome>
        </titular>
      </titularLista>
      <criadorLista>
        <criador sequencia="1" inid="Cr">
          <nome>RODRIGO BUENO OTTO</nome>
        </criador>
        <criador sequencia="2" inid="Cr">
          <nome>SIMONE APARECIDA PINTO ROMERO</nome>
        </criador>
      </criadorLista>
    </processo-programa>
  </despacho>
  <despacho>
    <codigo>730</codigo>
    <titulo>Expedição do Certificado de Registro</titulo>
    <processo-programa>
      <numero inid="Np">BR 51 2020 000893-3</numero>
      <titulo inid="54">SMOLFLAM EVEQ</titulo>
      <dataCriacao inid="Dl">31/03/2020</dataCriacao>
      <campoAplicacaoLista>
        <campoAplicacao>
          <codigo inid="Cp">AG-13</codigo>
        </campoAplicacao>
        <campoAplicacao>
          <codigo inid="Cp">EN-03</codigo>
        </campoAplicacao>
        <campoAplicacao>
          <codigo inid="Cp">MA-02</codigo>
        </campoAplicacao>
      </campoAplicacaoLista>
      <linguagemLista>
        <linguagem inid="Lg">FORTRAN</linguagem>
      </linguagemLista>
      <tipoProgramaLista>
        <tipoPrograma>
          <codigo inid="Tp">SM-01</codigo>
        </tipoPrograma>
      </tipoProgramaLista>
      <titularLista>
        <titular sequencia="1" inid="73">
          <nome>UNIFEI - UNIVERSIDADE FEDERAL DE ITAJUBÁ</nome>
        </titular>
      </titularLista>
      <criadorLista>
        <criador sequencia="1" inid="Cr">
          <nome>HELCIO FORONI VILLA NOVA</nome>
        </criador>
        <criador sequencia="2" inid="Cr">
          <nome>HELCIO FRANCISCO VILLA NOVA</nome>
        </criador>
      </criadorLista>
    </processo-programa>
  </despacho>
  <despacho>
    <codigo>730</codigo>
    <titulo>Expedição do Certificado de Registro</titulo>
    <processo-programa>
      <numero inid="Np">BR 51 2020 000894-1</numero>
      <titulo inid="54">Tele-EEG: Telediagnóstico para Eletroencefalografia em Santa Catarina V. 2.0</titulo>
      <dataCriacao inid="Dl">01/08/2018</dataCriacao>
      <campoAplicacaoLista>
        <campoAplicacao>
          <codigo inid="Cp">SD-01</codigo>
        </campoAplicacao>
        <campoAplicacao>
          <codigo inid="Cp">SD-05</codigo>
        </campoAplicacao>
        <campoAplicacao>
          <codigo inid="Cp">SD-06</codigo>
        </campoAplicacao>
        <campoAplicacao>
          <codigo inid="Cp">SD-07</codigo>
        </campoAplicacao>
      </campoAplicacaoLista>
      <linguagemLista>
        <linguagem inid="Lg">HTML</linguagem>
        <linguagem inid="Lg">JAVA SCRIPT</linguagem>
        <linguagem inid="Lg">PHP</linguagem>
      </linguagemLista>
      <tipoProgramaLista>
        <tipoPrograma>
          <codigo inid="Tp">GI-01</codigo>
        </tipoPrograma>
        <tipoPrograma>
          <codigo inid="Tp">GI-06</codigo>
        </tipoPrograma>
        <tipoPrograma>
          <codigo inid="Tp">GI-08</codigo>
        </tipoPrograma>
      </tipoProgramaLista>
      <titularLista>
        <titular sequencia="1" inid="73">
          <nome>INSTITUTO FEDERAL DE EDUCAÇÃO, CIÊNCIA E TECNOLOGIA CATARINENSE</nome>
        </titular>
        <titular sequencia="2" inid="73">
          <nome>UNIVERSIDADE FEDERAL DE SANTA CATARINA</nome>
        </titular>
      </titularLista>
      <criadorLista>
        <criador sequencia="1" inid="Cr">
          <nome>ALDO VON WANGENHEIM</nome>
        </criador>
        <criador sequencia="2" inid="Cr">
          <nome>ALEXANDRE SAVARIS</nome>
        </criador>
        <criador sequencia="3" inid="Cr">
          <nome>HARLEY MIGUEL WAGNER</nome>
        </criador>
        <criador sequencia="4" inid="Cr">
          <nome>RAFAEL ANDRADE</nome>
        </criador>
      </criadorLista>
    </processo-programa>
  </despacho>
  <despacho>
    <codigo>730</codigo>
    <titulo>Expedição do Certificado de Registro</titulo>
    <processo-programa>
      <numero inid="Np">BR 51 2020 000895-0</numero>
      <titulo inid="54">Framework em Python para seleção de portfólio de projetos usando conceito de eficiência (baseado no método Média-Gini), limites de recursos disponíveis e restrições métodos de decisão multicritério (PROMETHEE, TOPSIS e VIKOR) (sem interface gráfica)</titulo>
      <dataCriacao inid="Dl">Não informado</dataCriacao>
      <campoAplicacaoLista>
        <campoAplicacao>
          <codigo inid="Cp">AD-05</codigo>
        </campoAplicacao>
      </campoAplicacaoLista>
      <linguagemLista>
        <linguagem inid="Lg">PYTHON</linguagem>
      </linguagemLista>
      <tipoProgramaLista>
        <tipoPrograma>
          <codigo inid="Tp">TC-01</codigo>
        </tipoPrograma>
        <tipoPrograma>
          <codigo inid="Tp">TC-02</codigo>
        </tipoPrograma>
      </tipoProgramaLista>
      <titularLista>
        <titular sequencia="1" inid="73">
          <nome>FUNDAÇÃO INSTITUTO NACIONAL DE TELECOMUNICAÇÕES</nome>
        </titular>
      </titularLista>
      <criadorLista>
        <criador sequencia="1" inid="Cr">
          <nome>GUILHERME AUGUSTO BARUCKE MARCONDES</nome>
        </criador>
      </criadorLista>
    </processo-programa>
  </despacho>
  <despacho>
    <codigo>730</codigo>
    <titulo>Expedição do Certificado de Registro</titulo>
    <processo-programa>
      <numero inid="Np">BR 51 2020 000896-8</numero>
      <titulo inid="54">Ferramenta em Python para decisão usando os métodos de decisão multicritério PROMETHEE, TOPSIS e VIKOR (sem interface gráfica)</titulo>
      <dataCriacao inid="Dl">Não informado</dataCriacao>
      <campoAplicacaoLista>
        <campoAplicacao>
          <codigo inid="Cp">AD-05</codigo>
        </campoAplicacao>
      </campoAplicacaoLista>
      <linguagemLista>
        <linguagem inid="Lg">PYTHON</linguagem>
      </linguagemLista>
      <tipoProgramaLista>
        <tipoPrograma>
          <codigo inid="Tp">TC-01</codigo>
        </tipoPrograma>
        <tipoPrograma>
          <codigo inid="Tp">TC-02</codigo>
        </tipoPrograma>
      </tipoProgramaLista>
      <titularLista>
        <titular sequencia="1" inid="73">
          <nome>FUNDAÇÃO INSTITUTO NACIONAL DE TELECOMUNICAÇÕES</nome>
        </titular>
      </titularLista>
      <criadorLista>
        <criador sequencia="1" inid="Cr">
          <nome>GUILHERME AUGUSTO BARUCKE MARCONDES</nome>
        </criador>
      </criadorLista>
    </processo-programa>
  </despacho>
  <despacho>
    <codigo>730</codigo>
    <titulo>Expedição do Certificado de Registro</titulo>
    <processo-programa>
      <numero inid="Np">BR 51 2020 000897-6</numero>
      <titulo inid="54">Telemedicina Dr. Luis Henrique Leonardo Pereira</titulo>
      <dataCriacao inid="Dl">29/09/2014</dataCriacao>
      <campoAplicacaoLista>
        <campoAplicacao>
          <codigo inid="Cp">SD-05</codigo>
        </campoAplicacao>
        <campoAplicacao>
          <codigo inid="Cp">SD-08</codigo>
        </campoAplicacao>
        <campoAplicacao>
          <codigo inid="Cp">SD-10</codigo>
        </campoAplicacao>
      </campoAplicacaoLista>
      <linguagemLista>
        <linguagem inid="Lg">CSS</linguagem>
        <linguagem inid="Lg">HTML</linguagem>
        <linguagem inid="Lg">JAVA SCRIPT</linguagem>
        <linguagem inid="Lg">OUTROS</linguagem>
        <linguagem inid="Lg">PHP</linguagem>
        <linguagem inid="Lg">SHELL SCRIPT</linguagem>
      </linguagemLista>
      <tipoProgramaLista>
        <tipoPrograma>
          <codigo inid="Tp">AP-01</codigo>
        </tipoPrograma>
        <tipoPrograma>
          <codigo inid="Tp">GI-01</codigo>
        </tipoPrograma>
        <tipoPrograma>
          <codigo inid="Tp">IA-01</codigo>
        </tipoPrograma>
      </tipoProgramaLista>
      <titularLista>
        <titular sequencia="1" inid="73">
          <nome>LUIS HENRIQUE LEONARDO PEREIRA</nome>
        </titular>
      </titularLista>
      <criadorLista>
        <criador sequencia="1" inid="Cr">
          <nome>LUIS HENRIQUE LEONARDO PEREIRA</nome>
        </criador>
      </criadorLista>
    </processo-programa>
  </despacho>
  <despacho>
    <codigo>730</codigo>
    <titulo>Expedição do Certificado de Registro</titulo>
    <processo-programa>
      <numero inid="Np">BR 51 2020 000898-4</numero>
      <titulo inid="54">Ferramenta em Python para decisão usando os métodos de decisão multicritério PROMETHEE, TOPSIS e VIKOR - abordagem determinística (sem interface gráfica)</titulo>
      <dataCriacao inid="Dl">Não informado</dataCriacao>
      <campoAplicacaoLista>
        <campoAplicacao>
          <codigo inid="Cp">AD-05</codigo>
        </campoAplicacao>
      </campoAplicacaoLista>
      <linguagemLista>
        <linguagem inid="Lg">PYTHON</linguagem>
      </linguagemLista>
      <tipoProgramaLista>
        <tipoPrograma>
          <codigo inid="Tp">TC-01</codigo>
        </tipoPrograma>
        <tipoPrograma>
          <codigo inid="Tp">TC-02</codigo>
        </tipoPrograma>
      </tipoProgramaLista>
      <titularLista>
        <titular sequencia="1" inid="73">
          <nome>FUNDAÇÃO INSTITUTO NACIONAL DE TELECOMUNICAÇÕES</nome>
        </titular>
      </titularLista>
      <criadorLista>
        <criador sequencia="1" inid="Cr">
          <nome>GUILHERME AUGUSTO BARUCKE MARCONDES</nome>
        </criador>
      </criadorLista>
    </processo-programa>
  </despacho>
  <despacho>
    <codigo>730</codigo>
    <titulo>Expedição do Certificado de Registro</titulo>
    <processo-programa>
      <numero inid="Np">BR 51 2020 000899-2</numero>
      <titulo inid="54">ATMTEST-PERTO</titulo>
      <dataCriacao inid="Dl">07/03/2005</dataCriacao>
      <campoAplicacaoLista>
        <campoAplicacao>
          <codigo inid="Cp">IN-05</codigo>
        </campoAplicacao>
      </campoAplicacaoLista>
      <linguagemLista>
        <linguagem inid="Lg">.NET</linguagem>
      </linguagemLista>
      <tipoProgramaLista>
        <tipoPrograma>
          <codigo inid="Tp">AT-03</codigo>
        </tipoPrograma>
        <tipoPrograma>
          <codigo inid="Tp">AT-04</codigo>
        </tipoPrograma>
      </tipoProgramaLista>
      <titularLista>
        <titular sequencia="1" inid="73">
          <nome>PERTO S/A PERIFÉRICOS PARA AUTOMAÇÃO</nome>
        </titular>
      </titularLista>
      <criadorLista>
        <criador sequencia="1" inid="Cr">
          <nome>ANDRÉ LUIZ ELEFANTE</nome>
        </criador>
      </criadorLista>
    </processo-programa>
  </despacho>
  <despacho>
    <codigo>730</codigo>
    <titulo>Expedição do Certificado de Registro</titulo>
    <processo-programa>
      <numero inid="Np">BR 51 2020 000900-0</numero>
      <titulo inid="54">Oração Online</titulo>
      <dataCriacao inid="Dl">01/03/2020</dataCriacao>
      <campoAplicacaoLista>
        <campoAplicacao>
          <codigo inid="Cp">AN-01</codigo>
        </campoAplicacao>
        <campoAplicacao>
          <codigo inid="Cp">AN-04</codigo>
        </campoAplicacao>
        <campoAplicacao>
          <codigo inid="Cp">AN-05</codigo>
        </campoAplicacao>
        <campoAplicacao>
          <codigo inid="Cp">CO-01</codigo>
        </campoAplicacao>
      </campoAplicacaoLista>
      <linguagemLista>
        <linguagem inid="Lg">JAVA SCRIPT</linguagem>
        <linguagem inid="Lg">JSON</linguagem>
        <linguagem inid="Lg">OUTROS</linguagem>
      </linguagemLista>
      <tipoProgramaLista>
        <tipoPrograma>
          <codigo inid="Tp">AP-01</codigo>
        </tipoPrograma>
        <tipoPrograma>
          <codigo inid="Tp">ET-01</codigo>
        </tipoPrograma>
        <tipoPrograma>
          <codigo inid="Tp">FA-01</codigo>
        </tipoPrograma>
      </tipoProgramaLista>
      <titularLista>
        <titular sequencia="1" inid="73">
          <nome>FERNANDO AUGUSTO PACHECO DA CRUZ</nome>
        </titular>
      </titularLista>
      <criadorLista>
        <criador sequencia="1" inid="Cr">
          <nome>FERNANDO AUGUSTO PACHECO DA CRUZ</nome>
        </criador>
      </criadorLista>
    </processo-programa>
  </despacho>
  <despacho>
    <codigo>730</codigo>
    <titulo>Expedição do Certificado de Registro</titulo>
    <processo-programa>
      <numero inid="Np">BR 51 2020 000901-8</numero>
      <titulo inid="54">Aplicativo Localise</titulo>
      <dataCriacao inid="Dl">21/07/2019</dataCriacao>
      <campoAplicacaoLista>
        <campoAplicacao>
          <codigo inid="Cp">AD-01</codigo>
        </campoAplicacao>
        <campoAplicacao>
          <codigo inid="Cp">AD-05</codigo>
        </campoAplicacao>
        <campoAplicacao>
          <codigo inid="Cp">EC-07</codigo>
        </campoAplicacao>
        <campoAplicacao>
          <codigo inid="Cp">EC-14</codigo>
        </campoAplicacao>
        <campoAplicacao>
          <codigo inid="Cp">IN-02</codigo>
        </campoAplicacao>
        <campoAplicacao>
          <codigo inid="Cp">TB-01</codigo>
        </campoAplicacao>
        <campoAplicacao>
          <codigo inid="Cp">TB-02</codigo>
        </campoAplicacao>
      </campoAplicacaoLista>
      <linguagemLista>
        <linguagem inid="Lg">HTML</linguagem>
        <linguagem inid="Lg">IOS</linguagem>
        <linguagem inid="Lg">JAVA SCRIPT</linguagem>
        <linguagem inid="Lg">MYSQL</linguagem>
        <linguagem inid="Lg">OUTROS</linguagem>
        <linguagem inid="Lg">PHP</linguagem>
        <linguagem inid="Lg">SWIFT</linguagem>
      </linguagemLista>
      <tipoProgramaLista>
        <tipoPrograma>
          <codigo inid="Tp">AP-01</codigo>
        </tipoPrograma>
        <tipoPrograma>
          <codigo inid="Tp">GI-01</codigo>
        </tipoPrograma>
        <tipoPrograma>
          <codigo inid="Tp">GI-02</codigo>
        </tipoPrograma>
        <tipoPrograma>
          <codigo inid="Tp">GI-07</codigo>
        </tipoPrograma>
        <tipoPrograma>
          <codigo inid="Tp">PD-01</codigo>
        </tipoPrograma>
        <tipoPrograma>
          <codigo inid="Tp">PD-02</codigo>
        </tipoPrograma>
        <tipoPrograma>
          <codigo inid="Tp">PD-05</codigo>
        </tipoPrograma>
        <tipoPrograma>
          <codigo inid="Tp">SO-05</codigo>
        </tipoPrograma>
      </tipoProgramaLista>
      <titularLista>
        <titular sequencia="1" inid="73">
          <nome>AK. COMPANY</nome>
        </titular>
      </titularLista>
      <criadorLista>
        <criador sequencia="1" inid="Cr">
          <nome>KAUÃ COSTA RODRIGUES</nome>
        </criador>
      </criadorLista>
    </processo-programa>
  </despacho>
  <despacho>
    <codigo>730</codigo>
    <titulo>Expedição do Certificado de Registro</titulo>
    <processo-programa>
      <numero inid="Np">BR 51 2020 000902-6</numero>
      <titulo inid="54">Cartonet - Sistema de Gestão para Cartonagem</titulo>
      <dataCriacao inid="Dl">20/01/2020</dataCriacao>
      <campoAplicacaoLista>
        <campoAplicacao>
          <codigo inid="Cp">IN-01</codigo>
        </campoAplicacao>
        <campoAplicacao>
          <codigo inid="Cp">IN-05</codigo>
        </campoAplicacao>
      </campoAplicacaoLista>
      <linguagemLista>
        <linguagem inid="Lg">HTML</linguagem>
        <linguagem inid="Lg">JAVA SCRIPT</linguagem>
        <linguagem inid="Lg">MYSQL</linguagem>
        <linguagem inid="Lg">PHP</linguagem>
      </linguagemLista>
      <tipoProgramaLista>
        <tipoPrograma>
          <codigo inid="Tp">AT-06</codigo>
        </tipoPrograma>
        <tipoPrograma>
          <codigo inid="Tp">DS-04</codigo>
        </tipoPrograma>
        <tipoPrograma>
          <codigo inid="Tp">GI-01</codigo>
        </tipoPrograma>
      </tipoProgramaLista>
      <titularLista>
        <titular sequencia="1" inid="73">
          <nome>EDMIR ESTE</nome>
        </titular>
        <titular sequencia="2" inid="73">
          <nome>NVR INFORMÁTICA LTDA</nome>
        </titular>
      </titularLista>
      <criadorLista>
        <criador sequencia="1" inid="Cr">
          <nome>EDMIR ESTE</nome>
        </criador>
      </criadorLista>
    </processo-programa>
  </despacho>
  <despacho>
    <codigo>730</codigo>
    <titulo>Expedição do Certificado de Registro</titulo>
    <processo-programa>
      <numero inid="Np">BR 51 2020 000903-4</numero>
      <titulo inid="54">Quanta</titulo>
      <dataCriacao inid="Dl">01/08/2008</dataCriacao>
      <campoAplicacaoLista>
        <campoAplicacao>
          <codigo inid="Cp">AD-04</codigo>
        </campoAplicacao>
        <campoAplicacao>
          <codigo inid="Cp">AD-05</codigo>
        </campoAplicacao>
        <campoAplicacao>
          <codigo inid="Cp">AH-05</codigo>
        </campoAplicacao>
        <campoAplicacao>
          <codigo inid="Cp">CO-02</codigo>
        </campoAplicacao>
        <campoAplicacao>
          <codigo inid="Cp">EC-14</codigo>
        </campoAplicacao>
        <campoAplicacao>
          <codigo inid="Cp">IF-01</codigo>
        </campoAplicacao>
        <campoAplicacao>
          <codigo inid="Cp">IF-02</codigo>
        </campoAplicacao>
        <campoAplicacao>
          <codigo inid="Cp">IF-04</codigo>
        </campoAplicacao>
        <campoAplicacao>
          <codigo inid="Cp">IF-07</codigo>
        </campoAplicacao>
        <campoAplicacao>
          <codigo inid="Cp">IF-09</codigo>
        </campoAplicacao>
        <campoAplicacao>
          <codigo inid="Cp">IF-10</codigo>
        </campoAplicacao>
        <campoAplicacao>
          <codigo inid="Cp">PR-03</codigo>
        </campoAplicacao>
        <campoAplicacao>
          <codigo inid="Cp">SD-01</codigo>
        </campoAplicacao>
        <campoAplicacao>
          <codigo inid="Cp">SD-02</codigo>
        </campoAplicacao>
        <campoAplicacao>
          <codigo inid="Cp">SD-03</codigo>
        </campoAplicacao>
        <campoAplicacao>
          <codigo inid="Cp">SD-05</codigo>
        </campoAplicacao>
        <campoAplicacao>
          <codigo inid="Cp">SD-06</codigo>
        </campoAplicacao>
        <campoAplicacao>
          <codigo inid="Cp">SD-07</codigo>
        </campoAplicacao>
        <campoAplicacao>
          <codigo inid="Cp">SD-08</codigo>
        </campoAplicacao>
        <campoAplicacao>
          <codigo inid="Cp">SD-11</codigo>
        </campoAplicacao>
        <campoAplicacao>
          <codigo inid="Cp">SV-02</codigo>
        </campoAplicacao>
        <campoAplicacao>
          <codigo inid="Cp">TB-04</codigo>
        </campoAplicacao>
      </campoAplicacaoLista>
      <linguagemLista>
        <linguagem inid="Lg">SQL</linguagem>
      </linguagemLista>
      <tipoProgramaLista>
        <tipoPrograma>
          <codigo inid="Tp">AP-01</codigo>
        </tipoPrograma>
        <tipoPrograma>
          <codigo inid="Tp">AP-02</codigo>
        </tipoPrograma>
        <tipoPrograma>
          <codigo inid="Tp">AP-03</codigo>
        </tipoPrograma>
        <tipoPrograma>
          <codigo inid="Tp">AP-04</codigo>
        </tipoPrograma>
        <tipoPrograma>
          <codigo inid="Tp">DS-03</codigo>
        </tipoPrograma>
        <tipoPrograma>
          <codigo inid="Tp">DS-05</codigo>
        </tipoPrograma>
        <tipoPrograma>
          <codigo inid="Tp">DS-06</codigo>
        </tipoPrograma>
        <tipoPrograma>
          <codigo inid="Tp">DS-07</codigo>
        </tipoPrograma>
        <tipoPrograma>
          <codigo inid="Tp">DS-08</codigo>
        </tipoPrograma>
        <tipoPrograma>
          <codigo inid="Tp">FA-03</codigo>
        </tipoPrograma>
        <tipoPrograma>
          <codigo inid="Tp">FA-04</codigo>
        </tipoPrograma>
        <tipoPrograma>
          <codigo inid="Tp">GI-01</codigo>
        </tipoPrograma>
        <tipoPrograma>
          <codigo inid="Tp">GI-02</codigo>
        </tipoPrograma>
        <tipoPrograma>
          <codigo inid="Tp">GI-03</codigo>
        </tipoPrograma>
        <tipoPrograma>
          <codigo inid="Tp">GI-04</codigo>
        </tipoPrograma>
        <tipoPrograma>
          <codigo inid="Tp">GI-05</codigo>
        </tipoPrograma>
        <tipoPrograma>
          <codigo inid="Tp">GI-06</codigo>
        </tipoPrograma>
        <tipoPrograma>
          <codigo inid="Tp">GI-07</codigo>
        </tipoPrograma>
        <tipoPrograma>
          <codigo inid="Tp">IA-01</codigo>
        </tipoPrograma>
        <tipoPrograma>
          <codigo inid="Tp">IA-02</codigo>
        </tipoPrograma>
        <tipoPrograma>
          <codigo inid="Tp">IA-03</codigo>
        </tipoPrograma>
        <tipoPrograma>
          <codigo inid="Tp">PD-01</codigo>
        </tipoPrograma>
        <tipoPrograma>
          <codigo inid="Tp">PD-03</codigo>
        </tipoPrograma>
        <tipoPrograma>
          <codigo inid="Tp">TC-01</codigo>
        </tipoPrograma>
        <tipoPrograma>
          <codigo inid="Tp">TI-01</codigo>
        </tipoPrograma>
        <tipoPrograma>
          <codigo inid="Tp">UT-01</codigo>
        </tipoPrograma>
      </tipoProgramaLista>
      <titularLista>
        <titular sequencia="1" inid="73">
          <nome>MAURO JOSE DA SILVA JUNIOR</nome>
        </titular>
      </titularLista>
      <criadorLista>
        <criador sequencia="1" inid="Cr">
          <nome>MAURO JOSE DA SILVA JUNIOR</nome>
        </criador>
      </criadorLista>
    </processo-programa>
  </despacho>
  <despacho>
    <codigo>730</codigo>
    <titulo>Expedição do Certificado de Registro</titulo>
    <processo-programa>
      <numero inid="Np">BR 51 2020 000904-2</numero>
      <titulo inid="54">Algoritmo de Identificação de VCAN</titulo>
      <dataCriacao inid="Dl">21/04/2017</dataCriacao>
      <campoAplicacaoLista>
        <campoAplicacao>
          <codigo inid="Cp">ME-02</codigo>
        </campoAplicacao>
      </campoAplicacaoLista>
      <linguagemLista>
        <linguagem inid="Lg">OUTROS</linguagem>
      </linguagemLista>
      <tipoProgramaLista>
        <tipoPrograma>
          <codigo inid="Tp">SM-01</codigo>
        </tipoPrograma>
      </tipoProgramaLista>
      <titularLista>
        <titular sequencia="1" inid="73">
          <nome>UNIVERSIDADE FEDERAL DO RIO GRANDE DO NORTE</nome>
        </titular>
      </titularLista>
      <criadorLista>
        <criador sequencia="1" inid="Cr">
          <nome>DAVID MENDES</nome>
        </criador>
        <criador sequencia="2" inid="Cr">
          <nome>JEAN SOUZA DOS REIS</nome>
        </criador>
        <criador sequencia="3" inid="Cr">
          <nome>WEBER ANDRADE GONÇALVES</nome>
        </criador>
      </criadorLista>
    </processo-programa>
  </despacho>
  <despacho>
    <codigo>730</codigo>
    <titulo>Expedição do Certificado de Registro</titulo>
    <processo-programa>
      <numero inid="Np">BR 51 2020 000905-0</numero>
      <titulo inid="54">Aplicativo de auxílio contra violência do indivíduo ou grupos de indivíduos chamado HELP!</titulo>
      <dataCriacao inid="Dl">19/05/2020</dataCriacao>
      <campoAplicacaoLista>
        <campoAplicacao>
          <codigo inid="Cp">IF-07</codigo>
        </campoAplicacao>
      </campoAplicacaoLista>
      <linguagemLista>
        <linguagem inid="Lg">C#</linguagem>
        <linguagem inid="Lg">C++</linguagem>
        <linguagem inid="Lg">JAVA</linguagem>
        <linguagem inid="Lg">JAVA SCRIPT</linguagem>
      </linguagemLista>
      <tipoProgramaLista>
        <tipoPrograma>
          <codigo inid="Tp">AP-01</codigo>
        </tipoPrograma>
        <tipoPrograma>
          <codigo inid="Tp">CD-01</codigo>
        </tipoPrograma>
        <tipoPrograma>
          <codigo inid="Tp">FA-01</codigo>
        </tipoPrograma>
        <tipoPrograma>
          <codigo inid="Tp">GI-01</codigo>
        </tipoPrograma>
        <tipoPrograma>
          <codigo inid="Tp">PD-01</codigo>
        </tipoPrograma>
        <tipoPrograma>
          <codigo inid="Tp">PD-02</codigo>
        </tipoPrograma>
        <tipoPrograma>
          <codigo inid="Tp">PD-03</codigo>
        </tipoPrograma>
        <tipoPrograma>
          <codigo inid="Tp">PD-04</codigo>
        </tipoPrograma>
        <tipoPrograma>
          <codigo inid="Tp">PD-05</codigo>
        </tipoPrograma>
        <tipoPrograma>
          <codigo inid="Tp">SO-01</codigo>
        </tipoPrograma>
        <tipoPrograma>
          <codigo inid="Tp">SO-04</codigo>
        </tipoPrograma>
        <tipoPrograma>
          <codigo inid="Tp">SO-09</codigo>
        </tipoPrograma>
        <tipoPrograma>
          <codigo inid="Tp">TI-01</codigo>
        </tipoPrograma>
        <tipoPrograma>
          <codigo inid="Tp">UT-01</codigo>
        </tipoPrograma>
      </tipoProgramaLista>
      <titularLista>
        <titular sequencia="1" inid="73">
          <nome>ROBERTO LUIZ RODRIGUES</nome>
        </titular>
      </titularLista>
      <criadorLista>
        <criador sequencia="1" inid="Cr">
          <nome>ROBERTO LUIZ RODRIGUES</nome>
        </criador>
      </criadorLista>
    </processo-programa>
  </despacho>
  <despacho>
    <codigo>730</codigo>
    <titulo>Expedição do Certificado de Registro</titulo>
    <processo-programa>
      <numero inid="Np">BR 51 2020 000906-9</numero>
      <titulo inid="54">GamAnalytics Tool BackEnd</titulo>
      <dataCriacao inid="Dl">19/05/2020</dataCriacao>
      <campoAplicacaoLista>
        <campoAplicacao>
          <codigo inid="Cp">IF-04</codigo>
        </campoAplicacao>
      </campoAplicacaoLista>
      <linguagemLista>
        <linguagem inid="Lg">JAVA SCRIPT</linguagem>
        <linguagem inid="Lg">NODEJS</linguagem>
      </linguagemLista>
      <tipoProgramaLista>
        <tipoPrograma>
          <codigo inid="Tp">FA-01</codigo>
        </tipoPrograma>
      </tipoProgramaLista>
      <titularLista>
        <titular sequencia="1" inid="73">
          <nome>ALAN PEDRO DA SILVA</nome>
        </titular>
        <titular sequencia="2" inid="73">
          <nome>DIEGO DERMEVAL MEDEIROS DA CUNHA MATOS</nome>
        </titular>
        <titular sequencia="3" inid="73">
          <nome>KAMILLA KEMILLY TENÓRIO ALVES DOS SANTOS</nome>
        </titular>
      </titularLista>
      <criadorLista>
        <criador sequencia="1" inid="Cr">
          <nome>ALAN PEDRO DA SILVA</nome>
        </criador>
        <criador sequencia="2" inid="Cr">
          <nome>DIEGO DERMEVAL MEDEIROS DA MATOS</nome>
        </criador>
        <criador sequencia="3" inid="Cr">
          <nome>KAMILLA KEMILLY TENÓRIO ALVES DOS SANTOS</nome>
        </criador>
      </criadorLista>
    </processo-programa>
  </despacho>
  <despacho>
    <codigo>730</codigo>
    <titulo>Expedição do Certificado de Registro</titulo>
    <processo-programa>
      <numero inid="Np">BR 51 2020 000907-7</numero>
      <titulo inid="54">GamAnalytics Tool FrontEnd - Versão Validação com Professores</titulo>
      <dataCriacao inid="Dl">19/05/2020</dataCriacao>
      <campoAplicacaoLista>
        <campoAplicacao>
          <codigo inid="Cp">IF-04</codigo>
        </campoAplicacao>
      </campoAplicacaoLista>
      <linguagemLista>
        <linguagem inid="Lg">CSS</linguagem>
        <linguagem inid="Lg">HTML</linguagem>
        <linguagem inid="Lg">JAVA SCRIPT</linguagem>
      </linguagemLista>
      <tipoProgramaLista>
        <tipoPrograma>
          <codigo inid="Tp">FA-01</codigo>
        </tipoPrograma>
      </tipoProgramaLista>
      <titularLista>
        <titular sequencia="1" inid="73">
          <nome>ALAN PEDRO DA SILVA</nome>
        </titular>
        <titular sequencia="2" inid="73">
          <nome>DIEGO DERMEVAL MEDEIROS DA CUNHA MATOS</nome>
        </titular>
        <titular sequencia="3" inid="73">
          <nome>KAMILLA KEMILLY TENÓRIO ALVES DOS SANTOS</nome>
        </titular>
      </titularLista>
      <criadorLista>
        <criador sequencia="1" inid="Cr">
          <nome>ALAN PEDRO DA SILVA</nome>
        </criador>
        <criador sequencia="2" inid="Cr">
          <nome>BRUNO LEMOS DE LIMA</nome>
        </criador>
        <criador sequencia="3" inid="Cr">
          <nome>DIEGO DERMEVAL MEDEIROS DA MATOS</nome>
        </criador>
        <criador sequencia="4" inid="Cr">
          <nome>KAMILLA KEMILLY TENÓRIO ALVES DOS SANTOS</nome>
        </criador>
        <criador sequencia="5" inid="Cr">
          <nome>PEDRO HENRIQUE DE BRITO NASCIMENTO</nome>
        </criador>
        <criador sequencia="6" inid="Cr">
          <nome>RODRIGO SANTOS DA SILVA</nome>
        </criador>
      </criadorLista>
    </processo-programa>
  </despacho>
  <despacho>
    <codigo>730</codigo>
    <titulo>Expedição do Certificado de Registro</titulo>
    <processo-programa>
      <numero inid="Np">BR 51 2020 000908-5</numero>
      <titulo inid="54">TOPPER 5500 - VERSÃO 4.6</titulo>
      <dataCriacao inid="Dl">18/05/2020</dataCriacao>
      <campoAplicacaoLista>
        <campoAplicacao>
          <codigo inid="Cp">AG-09</codigo>
        </campoAplicacao>
      </campoAplicacaoLista>
      <linguagemLista>
        <linguagem inid="Lg">C#</linguagem>
        <linguagem inid="Lg">C++</linguagem>
      </linguagemLista>
      <tipoProgramaLista>
        <tipoPrograma>
          <codigo inid="Tp">AP-01</codigo>
        </tipoPrograma>
        <tipoPrograma>
          <codigo inid="Tp">AT-08</codigo>
        </tipoPrograma>
      </tipoProgramaLista>
      <titularLista>
        <titular sequencia="1" inid="73">
          <nome>STARA S/A INDÚSTRIA DE IMPLEMENTOS AGRÍCOLAS</nome>
        </titular>
      </titularLista>
      <criadorLista>
        <criador sequencia="1" inid="Cr">
          <nome>ÁTILA STAPELBROEK TRENNEPOHL</nome>
        </criador>
      </criadorLista>
    </processo-programa>
  </despacho>
  <despacho>
    <codigo>730</codigo>
    <titulo>Expedição do Certificado de Registro</titulo>
    <processo-programa>
      <numero inid="Np">BR 51 2020 000909-3</numero>
      <titulo inid="54">Software de Controle e aquisição de dados de corrente e tensão</titulo>
      <dataCriacao inid="Dl">01/11/2019</dataCriacao>
      <campoAplicacaoLista>
        <campoAplicacao>
          <codigo inid="Cp">FQ-08</codigo>
        </campoAplicacao>
        <campoAplicacao>
          <codigo inid="Cp">FQ-09</codigo>
        </campoAplicacao>
        <campoAplicacao>
          <codigo inid="Cp">FQ-16</codigo>
        </campoAplicacao>
      </campoAplicacaoLista>
      <linguagemLista>
        <linguagem inid="Lg">PYTHON</linguagem>
      </linguagemLista>
      <tipoProgramaLista>
        <tipoPrograma>
          <codigo inid="Tp">TI-03</codigo>
        </tipoPrograma>
      </tipoProgramaLista>
      <titularLista>
        <titular sequencia="1" inid="73">
          <nome>UNIVERSIDADE ESTADUAL PAULISTA JULIO DE MESQUITA FILHO</nome>
        </titular>
      </titularLista>
      <criadorLista>
        <criador sequencia="1" inid="Cr">
          <nome>GUILHERME RODRIGUES DE LIMA</nome>
        </criador>
        <criador sequencia="2" inid="Cr">
          <nome>LUCAS FUGIKAWA SANTOS</nome>
        </criador>
      </criadorLista>
    </processo-programa>
  </despacho>
  <despacho>
    <codigo>730</codigo>
    <titulo>Expedição do Certificado de Registro</titulo>
    <processo-programa>
      <numero inid="Np">BR 51 2020 000910-7</numero>
      <titulo inid="54">Econexões Tecnologia e Soluções Ambientais</titulo>
      <dataCriacao inid="Dl">15/04/2020</dataCriacao>
      <campoAplicacaoLista>
        <campoAplicacao>
          <codigo inid="Cp">AD-01</codigo>
        </campoAplicacao>
        <campoAplicacao>
          <codigo inid="Cp">AD-02</codigo>
        </campoAplicacao>
        <campoAplicacao>
          <codigo inid="Cp">AD-05</codigo>
        </campoAplicacao>
        <campoAplicacao>
          <codigo inid="Cp">AD-07</codigo>
        </campoAplicacao>
        <campoAplicacao>
          <codigo inid="Cp">IF-06</codigo>
        </campoAplicacao>
      </campoAplicacaoLista>
      <linguagemLista>
        <linguagem inid="Lg">DOCTRINE</linguagem>
        <linguagem inid="Lg">HTML</linguagem>
        <linguagem inid="Lg">JAVA SCRIPT</linguagem>
        <linguagem inid="Lg">JSON</linguagem>
        <linguagem inid="Lg">NODEJS</linguagem>
        <linguagem inid="Lg">PHP</linguagem>
        <linguagem inid="Lg">POSTGREE SQL</linguagem>
        <linguagem inid="Lg">PYTHON</linguagem>
        <linguagem inid="Lg">SQL</linguagem>
      </linguagemLista>
      <tipoProgramaLista>
        <tipoPrograma>
          <codigo inid="Tp">AP-02</codigo>
        </tipoPrograma>
        <tipoPrograma>
          <codigo inid="Tp">AP-03</codigo>
        </tipoPrograma>
        <tipoPrograma>
          <codigo inid="Tp">AP-04</codigo>
        </tipoPrograma>
        <tipoPrograma>
          <codigo inid="Tp">AT-06</codigo>
        </tipoPrograma>
        <tipoPrograma>
          <codigo inid="Tp">AV-01</codigo>
        </tipoPrograma>
      </tipoProgramaLista>
      <titularLista>
        <titular sequencia="1" inid="73">
          <nome>ECONEXOES CONSULTORIA EM GESTAO E DESENVOLVIMENTO DE PROGRAMAS LTDA</nome>
        </titular>
        <titular sequencia="2" inid="73">
          <nome>LAIZ HÉRIDA SIQUEIRA ARAÚJO</nome>
        </titular>
      </titularLista>
      <criadorLista>
        <criador sequencia="1" inid="Cr">
          <nome>LAIZ HÉRIDA SIQUEIRA DE ARAÚJO</nome>
        </criador>
      </criadorLista>
    </processo-programa>
  </despacho>
  <despacho>
    <codigo>730</codigo>
    <titulo>Expedição do Certificado de Registro</titulo>
    <processo-programa>
      <numero inid="Np">BR 51 2020 000911-5</numero>
      <titulo inid="54">Sistema de gestão de aprendizagem Pedro Felipe</titulo>
      <dataCriacao inid="Dl">14/12/2017</dataCriacao>
      <campoAplicacaoLista>
        <campoAplicacao>
          <codigo inid="Cp">ED-03</codigo>
        </campoAplicacao>
      </campoAplicacaoLista>
      <linguagemLista>
        <linguagem inid="Lg">HTML</linguagem>
        <linguagem inid="Lg">JAVA SCRIPT</linguagem>
        <linguagem inid="Lg">MYSQL</linguagem>
        <linguagem inid="Lg">PHP</linguagem>
      </linguagemLista>
      <tipoProgramaLista>
        <tipoPrograma>
          <codigo inid="Tp">AP-01</codigo>
        </tipoPrograma>
      </tipoProgramaLista>
      <titularLista>
        <titular sequencia="1" inid="73">
          <nome>PEDRO FELIPE DE OLIVEIRA RIBEIRO</nome>
        </titular>
      </titularLista>
      <criadorLista>
        <criador sequencia="1" inid="Cr">
          <nome>PEDRO FELIPE DE OLIVEIRA RIBEIRO</nome>
        </criador>
      </criadorLista>
    </processo-programa>
  </despacho>
  <despacho>
    <codigo>730</codigo>
    <titulo>Expedição do Certificado de Registro</titulo>
    <processo-programa>
      <numero inid="Np">BR 51 2020 000912-3</numero>
      <titulo inid="54">Script computacional para tratamento de imagens e geração de produtos</titulo>
      <dataCriacao inid="Dl">02/09/2019</dataCriacao>
      <campoAplicacaoLista>
        <campoAplicacao>
          <codigo inid="Cp">GL-05</codigo>
        </campoAplicacao>
      </campoAplicacaoLista>
      <linguagemLista>
        <linguagem inid="Lg">PYTHON</linguagem>
      </linguagemLista>
      <tipoProgramaLista>
        <tipoPrograma>
          <codigo inid="Tp">DS-04</codigo>
        </tipoPrograma>
      </tipoProgramaLista>
      <titularLista>
        <titular sequencia="1" inid="73">
          <nome>PETRÓLEO BRASILEIRO S.A. - PETROBRAS</nome>
        </titular>
      </titularLista>
      <criadorLista>
        <criador sequencia="1" inid="Cr">
          <nome>ALTANIR FLORES DE MELLO JUNIOR</nome>
        </criador>
        <criador sequencia="2" inid="Cr">
          <nome>LENITA DE SOUZA FIORITI</nome>
        </criador>
      </criadorLista>
    </processo-programa>
  </despacho>
  <despacho>
    <codigo>730</codigo>
    <titulo>Expedição do Certificado de Registro</titulo>
    <processo-programa>
      <numero inid="Np">BR 51 2020 000913-1</numero>
      <titulo inid="54">Cartão Fiança</titulo>
      <dataCriacao inid="Dl">30/04/2020</dataCriacao>
      <campoAplicacaoLista>
        <campoAplicacao>
          <codigo inid="Cp">FN-05</codigo>
        </campoAplicacao>
      </campoAplicacaoLista>
      <linguagemLista>
        <linguagem inid="Lg">JAVA SCRIPT</linguagem>
        <linguagem inid="Lg">NODEJS</linguagem>
        <linguagem inid="Lg">XML</linguagem>
      </linguagemLista>
      <tipoProgramaLista>
        <tipoPrograma>
          <codigo inid="Tp">AP-01</codigo>
        </tipoPrograma>
      </tipoProgramaLista>
      <titularLista>
        <titular sequencia="1" inid="73">
          <nome>APLICATIVO MOBILE CF LTDA</nome>
        </titular>
      </titularLista>
      <criadorLista>
        <criador sequencia="1" inid="Cr">
          <nome>MARCIO LUIZ PINTO FURTADO JUNIOR</nome>
        </criador>
      </criadorLista>
    </processo-programa>
  </despacho>
  <despacho>
    <codigo>730</codigo>
    <titulo>Expedição do Certificado de Registro</titulo>
    <processo-programa>
      <numero inid="Np">BR 51 2020 000914-0</numero>
      <titulo inid="54">BC Agnello</titulo>
      <dataCriacao inid="Dl">14/12/2019</dataCriacao>
      <campoAplicacaoLista>
        <campoAplicacao>
          <codigo inid="Cp">CO-03</codigo>
        </campoAplicacao>
        <campoAplicacao>
          <codigo inid="Cp">CO-04</codigo>
        </campoAplicacao>
        <campoAplicacao>
          <codigo inid="Cp">PS-02</codigo>
        </campoAplicacao>
      </campoAplicacaoLista>
      <linguagemLista>
        <linguagem inid="Lg">OUTROS</linguagem>
      </linguagemLista>
      <tipoProgramaLista>
        <tipoPrograma>
          <codigo inid="Tp">AP-01</codigo>
        </tipoPrograma>
      </tipoProgramaLista>
      <titularLista>
        <titular sequencia="1" inid="73">
          <nome>BCAGNELLO DESENVOLVIMENTO DE SOFTWARE EIRELI</nome>
        </titular>
      </titularLista>
      <criadorLista>
        <criador sequencia="1" inid="Cr">
          <nome>MIGUEL VIEIRA DA SILVA NETO</nome>
        </criador>
      </criadorLista>
    </processo-programa>
  </despacho>
  <despacho>
    <codigo>730</codigo>
    <titulo>Expedição do Certificado de Registro</titulo>
    <processo-programa>
      <numero inid="Np">BR 51 2020 000915-8</numero>
      <titulo inid="54">MEMEMORIA</titulo>
      <dataCriacao inid="Dl">01/05/2020</dataCriacao>
      <campoAplicacaoLista>
        <campoAplicacao>
          <codigo inid="Cp">CO-04</codigo>
        </campoAplicacao>
      </campoAplicacaoLista>
      <linguagemLista>
        <linguagem inid="Lg">CSS</linguagem>
        <linguagem inid="Lg">HTML</linguagem>
        <linguagem inid="Lg">JAVA SCRIPT</linguagem>
        <linguagem inid="Lg">JSON</linguagem>
        <linguagem inid="Lg">OUTROS</linguagem>
        <linguagem inid="Lg">PHP</linguagem>
      </linguagemLista>
      <tipoProgramaLista>
        <tipoPrograma>
          <codigo inid="Tp">GI-01</codigo>
        </tipoPrograma>
      </tipoProgramaLista>
      <titularLista>
        <titular sequencia="1" inid="73">
          <nome>MACHIDOVEL TRIGUEIRO FILHO</nome>
        </titular>
      </titularLista>
      <criadorLista>
        <criador sequencia="1" inid="Cr">
          <nome>MACHIDOVEL TRIGUEIRO FILHO</nome>
        </criador>
      </criadorLista>
    </processo-programa>
  </despacho>
  <despacho>
    <codigo>730</codigo>
    <titulo>Expedição do Certificado de Registro</titulo>
    <processo-programa>
      <numero inid="Np">BR 51 2020 000916-6</numero>
      <titulo inid="54">BIOEASY ANALYSIS PRO</titulo>
      <dataCriacao inid="Dl">Não informado</dataCriacao>
      <campoAplicacaoLista>
        <campoAplicacao>
          <codigo inid="Cp">SD-01</codigo>
        </campoAplicacao>
        <campoAplicacao>
          <codigo inid="Cp">SD-02</codigo>
        </campoAplicacao>
        <campoAplicacao>
          <codigo inid="Cp">SD-05</codigo>
        </campoAplicacao>
        <campoAplicacao>
          <codigo inid="Cp">SD-08</codigo>
        </campoAplicacao>
        <campoAplicacao>
          <codigo inid="Cp">SD-09</codigo>
        </campoAplicacao>
      </campoAplicacaoLista>
      <linguagemLista>
        <linguagem inid="Lg">VISUAL BASIC</linguagem>
      </linguagemLista>
      <tipoProgramaLista>
        <tipoPrograma>
          <codigo inid="Tp">AP-03</codigo>
        </tipoPrograma>
        <tipoPrograma>
          <codigo inid="Tp">CD-04</codigo>
        </tipoPrograma>
        <tipoPrograma>
          <codigo inid="Tp">FA-03</codigo>
        </tipoPrograma>
        <tipoPrograma>
          <codigo inid="Tp">FA-04</codigo>
        </tipoPrograma>
        <tipoPrograma>
          <codigo inid="Tp">GI-01</codigo>
        </tipoPrograma>
        <tipoPrograma>
          <codigo inid="Tp">GI-02</codigo>
        </tipoPrograma>
        <tipoPrograma>
          <codigo inid="Tp">GI-03</codigo>
        </tipoPrograma>
        <tipoPrograma>
          <codigo inid="Tp">GI-04</codigo>
        </tipoPrograma>
        <tipoPrograma>
          <codigo inid="Tp">GI-05</codigo>
        </tipoPrograma>
        <tipoPrograma>
          <codigo inid="Tp">GI-06</codigo>
        </tipoPrograma>
        <tipoPrograma>
          <codigo inid="Tp">IT-02</codigo>
        </tipoPrograma>
        <tipoPrograma>
          <codigo inid="Tp">IT-03</codigo>
        </tipoPrograma>
        <tipoPrograma>
          <codigo inid="Tp">SO-05</codigo>
        </tipoPrograma>
        <tipoPrograma>
          <codigo inid="Tp">UT-01</codigo>
        </tipoPrograma>
      </tipoProgramaLista>
      <titularLista>
        <titular sequencia="1" inid="73">
          <nome>ALVARENGA &amp; MENDES COMERCIO DE EQUIPAMENTOS DE INFORMATICA LTDA</nome>
        </titular>
      </titularLista>
      <criadorLista>
        <criador sequencia="1" inid="Cr">
          <nome>ALVARENGA &amp; MENDES COMERCIO DE EQUIPAMENTOS DE INFORMATICA LTDA</nome>
        </criador>
      </criadorLista>
    </processo-programa>
  </despacho>
  <despacho>
    <codigo>730</codigo>
    <titulo>Expedição do Certificado de Registro</titulo>
    <processo-programa>
      <numero inid="Np">BR 51 2020 000917-4</numero>
      <titulo inid="54">Gesin - Algoritmos para Gestão de Inadimplência</titulo>
      <dataCriacao inid="Dl">11/03/2019</dataCriacao>
      <campoAplicacaoLista>
        <campoAplicacao>
          <codigo inid="Cp">EN-01</codigo>
        </campoAplicacao>
        <campoAplicacao>
          <codigo inid="Cp">EN-02</codigo>
        </campoAplicacao>
        <campoAplicacao>
          <codigo inid="Cp">EN-04</codigo>
        </campoAplicacao>
        <campoAplicacao>
          <codigo inid="Cp">MT-01</codigo>
        </campoAplicacao>
        <campoAplicacao>
          <codigo inid="Cp">MT-06</codigo>
        </campoAplicacao>
        <campoAplicacao>
          <codigo inid="Cp">SV-01</codigo>
        </campoAplicacao>
      </campoAplicacaoLista>
      <linguagemLista>
        <linguagem inid="Lg">PYTHON</linguagem>
      </linguagemLista>
      <tipoProgramaLista>
        <tipoPrograma>
          <codigo inid="Tp">AP-02</codigo>
        </tipoPrograma>
        <tipoPrograma>
          <codigo inid="Tp">IA-01</codigo>
        </tipoPrograma>
        <tipoPrograma>
          <codigo inid="Tp">SM-01</codigo>
        </tipoPrograma>
        <tipoPrograma>
          <codigo inid="Tp">TC-02</codigo>
        </tipoPrograma>
      </tipoProgramaLista>
      <titularLista>
        <titular sequencia="1" inid="73">
          <nome>CEMIG DISTRIBUIÇÃO S.A.</nome>
        </titular>
        <titular sequencia="2" inid="73">
          <nome>ENGENHARIA ASSISTIDA POR COMPUTADOR LTDA</nome>
        </titular>
      </titularLista>
      <criadorLista>
        <criador sequencia="1" inid="Cr">
          <nome>DOUGLAS ALEXANDRE GOMES VIEIRA</nome>
        </criador>
        <criador sequencia="2" inid="Cr">
          <nome>GABRIEL DIAS RESENDE</nome>
        </criador>
        <criador sequencia="3" inid="Cr">
          <nome>GUILHERME CARDOSO DELGADO</nome>
        </criador>
        <criador sequencia="4" inid="Cr">
          <nome>GUSTAVO RODRIGUES LACERDA SILVA</nome>
        </criador>
        <criador sequencia="5" inid="Cr">
          <nome>JOEL GOME PEREIRA JUNIOR</nome>
        </criador>
        <criador sequencia="6" inid="Cr">
          <nome>LAIS CLAUDINE SCHIAVO GOMES</nome>
        </criador>
        <criador sequencia="7" inid="Cr">
          <nome>LEONARDO DANIEL TAVARES</nome>
        </criador>
        <criador sequencia="8" inid="Cr">
          <nome>LIDIANE APARECIDA DE SOUZA</nome>
        </criador>
        <criador sequencia="9" inid="Cr">
          <nome>LUCAS SALDANHA FERREIRA</nome>
        </criador>
        <criador sequencia="10" inid="Cr">
          <nome>MATHEUS DE OLIVEIRA MENDONÇA</nome>
        </criador>
        <criador sequencia="11" inid="Cr">
          <nome>NEWTON CALOS VERSIANI VELLOSO</nome>
        </criador>
        <criador sequencia="12" inid="Cr">
          <nome>PEDRO HENRIQUE ARAUJO PINTO</nome>
        </criador>
        <criador sequencia="13" inid="Cr">
          <nome>PETR IAKOVLEVITC EKEL</nome>
        </criador>
        <criador sequencia="14" inid="Cr">
          <nome>RAMON GRIFFO COSTA</nome>
        </criador>
        <criador sequencia="15" inid="Cr">
          <nome>TÚLIO CONDÉ DUARTE SILVA</nome>
        </criador>
        <criador sequencia="16" inid="Cr">
          <nome>URIEL BARCELOS BRAGA</nome>
        </criador>
      </criadorLista>
    </processo-programa>
  </despacho>
  <despacho>
    <codigo>730</codigo>
    <titulo>Expedição do Certificado de Registro</titulo>
    <processo-programa>
      <numero inid="Np">BR 51 2020 000918-2</numero>
      <titulo inid="54">oplab-registro-software-20200516.tar.gz</titulo>
      <dataCriacao inid="Dl">01/06/2011</dataCriacao>
      <campoAplicacaoLista>
        <campoAplicacao>
          <codigo inid="Cp">AD-01</codigo>
        </campoAplicacao>
        <campoAplicacao>
          <codigo inid="Cp">EC-01</codigo>
        </campoAplicacao>
        <campoAplicacao>
          <codigo inid="Cp">EC-04</codigo>
        </campoAplicacao>
        <campoAplicacao>
          <codigo inid="Cp">EC-07</codigo>
        </campoAplicacao>
        <campoAplicacao>
          <codigo inid="Cp">EC-14</codigo>
        </campoAplicacao>
        <campoAplicacao>
          <codigo inid="Cp">FN-05</codigo>
        </campoAplicacao>
        <campoAplicacao>
          <codigo inid="Cp">FN-06</codigo>
        </campoAplicacao>
        <campoAplicacao>
          <codigo inid="Cp">IF-09</codigo>
        </campoAplicacao>
        <campoAplicacao>
          <codigo inid="Cp">IF-10</codigo>
        </campoAplicacao>
        <campoAplicacao>
          <codigo inid="Cp">MT-06</codigo>
        </campoAplicacao>
      </campoAplicacaoLista>
      <linguagemLista>
        <linguagem inid="Lg">C++</linguagem>
        <linguagem inid="Lg">JAVA</linguagem>
        <linguagem inid="Lg">JAVA SCRIPT</linguagem>
        <linguagem inid="Lg">PYTHON</linguagem>
        <linguagem inid="Lg">RUBY</linguagem>
      </linguagemLista>
      <tipoProgramaLista>
        <tipoPrograma>
          <codigo inid="Tp">AP-02</codigo>
        </tipoPrograma>
        <tipoPrograma>
          <codigo inid="Tp">AP-03</codigo>
        </tipoPrograma>
        <tipoPrograma>
          <codigo inid="Tp">AP-05</codigo>
        </tipoPrograma>
        <tipoPrograma>
          <codigo inid="Tp">AT-03</codigo>
        </tipoPrograma>
        <tipoPrograma>
          <codigo inid="Tp">AT-04</codigo>
        </tipoPrograma>
        <tipoPrograma>
          <codigo inid="Tp">AT-06</codigo>
        </tipoPrograma>
        <tipoPrograma>
          <codigo inid="Tp">FA-01</codigo>
        </tipoPrograma>
        <tipoPrograma>
          <codigo inid="Tp">FA-03</codigo>
        </tipoPrograma>
        <tipoPrograma>
          <codigo inid="Tp">FA-04</codigo>
        </tipoPrograma>
        <tipoPrograma>
          <codigo inid="Tp">GI-01</codigo>
        </tipoPrograma>
        <tipoPrograma>
          <codigo inid="Tp">GI-04</codigo>
        </tipoPrograma>
      </tipoProgramaLista>
      <titularLista>
        <titular sequencia="1" inid="73">
          <nome>OPLAB TECNOLOGIA LTDA</nome>
        </titular>
      </titularLista>
      <criadorLista>
        <criador sequencia="1" inid="Cr">
          <nome>ALEXANDRE CAMARGO DO AMARAL</nome>
        </criador>
      </criadorLista>
    </processo-programa>
  </despacho>
  <despacho>
    <codigo>730</codigo>
    <titulo>Expedição do Certificado de Registro</titulo>
    <processo-programa>
      <numero inid="Np">BR 51 2020 000921-2</numero>
      <titulo inid="54">ICAPT SERVIÇES, SERVIÇO DE CAPTURA INTELIGENTE DE DOCUMENTOS</titulo>
      <dataCriacao inid="Dl">01/01/2017</dataCriacao>
      <campoAplicacaoLista>
        <campoAplicacao>
          <codigo inid="Cp">AD-11</codigo>
        </campoAplicacao>
      </campoAplicacaoLista>
      <linguagemLista>
        <linguagem inid="Lg">C#</linguagem>
      </linguagemLista>
      <tipoProgramaLista>
        <tipoPrograma>
          <codigo inid="Tp">AT-01</codigo>
        </tipoPrograma>
      </tipoProgramaLista>
      <titularLista>
        <titular sequencia="1" inid="73">
          <nome>CLAUDIO ROBERTO MACIEL CHAVES CHAVES JUNIOR</nome>
        </titular>
      </titularLista>
      <criadorLista>
        <criador sequencia="1" inid="Cr">
          <nome>CLAUDIO ROBERTO MACIEL CHAVES CHAVES JUNIOR</nome>
        </criador>
      </criadorLista>
    </processo-programa>
  </despacho>
  <despacho>
    <codigo>730</codigo>
    <titulo>Expedição do Certificado de Registro</titulo>
    <processo-programa>
      <numero inid="Np">BR 51 2020 000922-0</numero>
      <titulo inid="54">Boletim Informativo</titulo>
      <dataCriacao inid="Dl">30/04/2019</dataCriacao>
      <campoAplicacaoLista>
        <campoAplicacao>
          <codigo inid="Cp">CO-04</codigo>
        </campoAplicacao>
      </campoAplicacaoLista>
      <linguagemLista>
        <linguagem inid="Lg">CSS</linguagem>
        <linguagem inid="Lg">HTML</linguagem>
        <linguagem inid="Lg">JAVA SCRIPT</linguagem>
        <linguagem inid="Lg">PHP</linguagem>
      </linguagemLista>
      <tipoProgramaLista>
        <tipoPrograma>
          <codigo inid="Tp">AP-01</codigo>
        </tipoPrograma>
      </tipoProgramaLista>
      <titularLista>
        <titular sequencia="1" inid="73">
          <nome>INSTITUTO FEDERAL DE EDUCAÇÃO CIÊNCIA E TECNOLOGIA DO PARÁ</nome>
        </titular>
      </titularLista>
      <criadorLista>
        <criador sequencia="1" inid="Cr">
          <nome>JOEL MEIRELES MACIEL</nome>
        </criador>
        <criador sequencia="2" inid="Cr">
          <nome>PAULO HENRIQUE GONÇALVES BEZERRA</nome>
        </criador>
        <criador sequencia="3" inid="Cr">
          <nome>RENATO CARDOSO SILVA</nome>
        </criador>
      </criadorLista>
    </processo-programa>
  </despacho>
  <despacho>
    <codigo>734</codigo>
    <titulo>Transferência de Titularidade</titulo>
    <processo-programa>
      <numero inid="Np">BR 51 2013 000621-0</numero>
      <titulo inid="54">S2WAY</titulo>
      <titularLista>
        <titular sequencia="1" inid="73">
          <nome>GR8X LTDA ME</nome>
        </titular>
      </titularLista>
    </processo-programa>
    <comentario inid="co">Transferência da petição 870200062537 homologada.</comentario>
  </despacho>
  <despacho>
    <codigo>742</codigo>
    <titulo>Petição não conhecida</titulo>
    <processo-programa>
      <numero inid="Np">BR 51 2020 000832-1</numero>
      <titulo inid="54">Plataforma de Gerenciamento de Apps</titulo>
      <titularLista>
        <titular sequencia="1" inid="73">
          <nome>CENTRO DE ESTUDOS SUPERIORES POSITIVO LTDA</nome>
        </titular>
      </titularLista>
    </processo-programa>
    <comentario inid="co">Pagamento da GRU fora do prazo ou não realizado referente ao protocolo 870200056724</comentario>
  </despacho>
  <despacho>
    <codigo>742</codigo>
    <titulo>Petição não conhecida</titulo>
    <processo-programa>
      <numero inid="Np">BR 51 2020 000850-0</numero>
      <titulo inid="54">SaMI - Plataforma Inteligente Voltada à Saúde Materno Infantil</titulo>
      <titularLista>
        <titular sequencia="1" inid="73">
          <nome>TIAGO JOSÉ DE CARVALHO</nome>
        </titular>
      </titularLista>
    </processo-programa>
    <comentario inid="co">Pagamento da GRU fora do prazo ou não realizado referente ao protocolo 870200058494</comentario>
  </despacho>
  <despacho>
    <codigo>747</codigo>
    <titulo>Correção de dados no Certificado de Registro devido à falha do interessado</titulo>
    <processo-programa>
      <numero inid="Np">BR 51 2018 000844-5</numero>
      <titulo inid="54">QUIZ MALÁRIA</titulo>
      <titularLista>
        <titular sequencia="1" inid="73">
          <nome>UNIVERSIDADE FEDERAL DE MATO GROSSO DO SUL</nome>
        </titular>
      </titularLista>
    </processo-programa>
    <comentario inid="co">Inclusão de autores realizada conforme solicitação.</comentario>
  </despacho>
  <despacho>
    <codigo>747</codigo>
    <titulo>Correção de dados no Certificado de Registro devido à falha do interessado</titulo>
    <processo-programa>
      <numero inid="Np">BR 51 2020 000390-7</numero>
      <titulo inid="54">Ped Care</titulo>
      <titularLista>
        <titular sequencia="1" inid="73">
          <nome>FUNDAÇÃO UNIVERSIDADE DE BRASILIA</nome>
        </titular>
      </titularLista>
    </processo-programa>
    <comentario inid="co">Inclusão de autor realizada conforme solicitação.</comentario>
  </despacho>
  <despacho>
    <codigo>747</codigo>
    <titulo>Correção de dados no Certificado de Registro devido à falha do interessado</titulo>
    <processo-programa>
      <numero inid="Np">BR 51 2020 000653-1</numero>
      <titulo inid="54">VISUM - SISTEMA DE CONTROLE INTERNO E AUDITORIA</titulo>
      <titularLista>
        <titular sequencia="1" inid="73">
          <nome>UNIVERSIDADE DO ESTADO DA BAHIA</nome>
        </titular>
      </titularLista>
    </processo-programa>
    <comentario inid="co">Alteração realizada conforme solicitação.</comentario>
  </despacho>
</revista>