<revista numero="2515" dataPublicacao="19/03/2019" diretoria="Programa">
  <despacho>
    <codigo>108</codigo>
    <titulo>Registro/pedido de registro subjudice</titulo>
    <processo-programa>
      <numero inid="Np">12856-5</numero>
      <titulo inid="54">DP-FISC</titulo>
      <titularLista>
        <titular sequencia="1" inid="73">
          <nome>FABIANO PINTO DA SILVA</nome>
        </titular>
      </titularLista>
    </processo-programa>
    <comentario inid="co">Publicação relativa à anotação da indisponibilidade deste registro por determinação da Justiça Federal (JUÍZO FEDERAL DA 13ª VF DO RIO DE JANEIRO-TRF2 - PROCESSO: 5039982-34.2018.4.02.5101).</comentario>
  </despacho>
  <despacho>
    <codigo>108</codigo>
    <titulo>Registro/pedido de registro subjudice</titulo>
    <processo-programa>
      <numero inid="Np">BR 51 2017 001180-0</numero>
      <titulo inid="54">SOFTWARE DE PLANEJAMENTO E GESTÃO DE DEMANDA, ESTOQUES, COMPRAS E OPERAÇÕES GTPLAN</titulo>
      <titularLista>
        <titular sequencia="1" inid="73">
          <nome>GTPLAN PRESTAÇÃO DE SERVIÇOS DE INFORMÁTICA LTDA-EPP</nome>
        </titular>
      </titularLista>
    </processo-programa>
    <comentario inid="co">Publicação relativa à anotação da indisponibilidade deste registro por determinação da Justiça Federal (JUÍZO SUBSTITUTO DA 13ª VF DO RIO DE JANEIRO-TRF2 - PROCESSO  5010219-51.2019.4.02.5101</comentario>
  </despacho>
  <despacho>
    <codigo>111</codigo>
    <titulo>Despacho Anulado</titulo>
    <processo-programa>
      <numero inid="Np">BR 51 2019 000225-3</numero>
      <titulo inid="54">SISTEMA ELETRÔNICO DE GERENCIAMENTO DE INSTRUÇÃO DE PROCESSOS - SISGIP</titulo>
      <titularLista>
        <titular sequencia="1" inid="73">
          <nome>INSTITUTO FEDERAL DE EDUCAÇÃO CIÊNCIA E TECNOLOGIA DO AMAPÁ</nome>
        </titular>
      </titularLista>
    </processo-programa>
    <comentario inid="co">Anulado o despacho 742 , publicado na RPI 2512 por ter sido indevido. Anulado o despacho 742 publicado na RPI 2512 por ter sido indevido. Publicação 742 anulada por ter sido indevida.</comentario>
  </despacho>
  <despacho>
    <codigo>111</codigo>
    <titulo>Despacho Anulado</titulo>
    <processo-programa>
      <numero inid="Np">BR 51 2019 000226-1</numero>
      <titulo inid="54">SISTEMA ELETRÔNICO DE COMPRAS E CONTRATAÇÕES - SISCOMP</titulo>
      <titularLista>
        <titular sequencia="1" inid="73">
          <nome>INSTITUTO FEDERAL DE EDUCAÇÃO CIÊNCIA E TECNOLOGIA DO AMAPÁ</nome>
        </titular>
      </titularLista>
    </processo-programa>
    <comentario inid="co">Anulado o despacho 742 , publicado na RPI 2512 por ter sido indevido. Anulado o despacho 742 publicado na RPI 2512 por ter sido indevido. Publicação 742 anulada por ter sido indevida.</comentario>
  </despacho>
  <despacho>
    <codigo>111</codigo>
    <titulo>Despacho Anulado</titulo>
    <processo-programa>
      <numero inid="Np">BR 51 2019 000334-9</numero>
      <titulo inid="54">DimChannel</titulo>
      <titularLista>
        <titular sequencia="1" inid="73">
          <nome>UNIVERSIDADE FEDERAL DO PARÁ</nome>
        </titular>
      </titularLista>
    </processo-programa>
    <comentario inid="co">Anulado o despacho 742 , publicado na RPI 2514 por ter sido indevido. Anulado o despacho 742 publicado na RPI 2514 por ter sido indevido. Publicação 742 anulada por ter sido indevida.</comentario>
  </despacho>
  <despacho>
    <codigo>730</codigo>
    <titulo>Expedição do Certificado de Registro</titulo>
    <processo-programa>
      <numero inid="Np">BR 51 2019 000225-3</numero>
      <titulo inid="54">SISTEMA ELETRÔNICO DE GERENCIAMENTO DE INSTRUÇÃO DE PROCESSOS - SISGIP</titulo>
      <dataCriacao inid="Dl">02/02/2017</dataCriacao>
      <campoAplicacaoLista>
        <campoAplicacao>
          <codigo inid="Cp">AD-02</codigo>
        </campoAplicacao>
        <campoAplicacao>
          <codigo inid="Cp">AD-04</codigo>
        </campoAplicacao>
      </campoAplicacaoLista>
      <linguagemLista>
        <linguagem inid="Lg">HTML</linguagem>
        <linguagem inid="Lg">JAVA SCRIPT</linguagem>
        <linguagem inid="Lg">JQUERY</linguagem>
        <linguagem inid="Lg">JSON</linguagem>
        <linguagem inid="Lg">PHP</linguagem>
        <linguagem inid="Lg">SQL</linguagem>
      </linguagemLista>
      <tipoProgramaLista>
        <tipoPrograma>
          <codigo inid="Tp">AP-01</codigo>
        </tipoPrograma>
        <tipoPrograma>
          <codigo inid="Tp">AP-03</codigo>
        </tipoPrograma>
        <tipoPrograma>
          <codigo inid="Tp">AV-01</codigo>
        </tipoPrograma>
        <tipoPrograma>
          <codigo inid="Tp">FA-01</codigo>
        </tipoPrograma>
      </tipoProgramaLista>
      <titularLista>
        <titular sequencia="1" inid="73">
          <nome>INSTITUTO FEDERAL DE EDUCAÇÃO CIÊNCIA E TECNOLOGIA DO AMAPÁ</nome>
        </titular>
      </titularLista>
      <criadorLista>
        <criador sequencia="1" inid="Cr">
          <nome>EDILTON DANNIKEN SOUZA GOUVEIA</nome>
        </criador>
        <criador sequencia="2" inid="Cr">
          <nome>TATIANE VAZ DE SALES CARDOSO</nome>
        </criador>
      </criadorLista>
    </processo-programa>
  </despacho>
  <despacho>
    <codigo>730</codigo>
    <titulo>Expedição do Certificado de Registro</titulo>
    <processo-programa>
      <numero inid="Np">BR 51 2019 000226-1</numero>
      <titulo inid="54">SISTEMA ELETRÔNICO DE COMPRAS E CONTRATAÇÕES - SISCOMP</titulo>
      <dataCriacao inid="Dl">09/01/2017</dataCriacao>
      <campoAplicacaoLista>
        <campoAplicacao>
          <codigo inid="Cp">AD-02</codigo>
        </campoAplicacao>
        <campoAplicacao>
          <codigo inid="Cp">AD-04</codigo>
        </campoAplicacao>
      </campoAplicacaoLista>
      <linguagemLista>
        <linguagem inid="Lg">HTML</linguagem>
        <linguagem inid="Lg">JAVA SCRIPT</linguagem>
        <linguagem inid="Lg">JQUERY</linguagem>
        <linguagem inid="Lg">PHP</linguagem>
        <linguagem inid="Lg">SQL</linguagem>
      </linguagemLista>
      <tipoProgramaLista>
        <tipoPrograma>
          <codigo inid="Tp">AP-01</codigo>
        </tipoPrograma>
        <tipoPrograma>
          <codigo inid="Tp">AP-02</codigo>
        </tipoPrograma>
        <tipoPrograma>
          <codigo inid="Tp">AP-03</codigo>
        </tipoPrograma>
      </tipoProgramaLista>
      <titularLista>
        <titular sequencia="1" inid="73">
          <nome>INSTITUTO FEDERAL DE EDUCAÇÃO CIÊNCIA E TECNOLOGIA DO AMAPÁ</nome>
        </titular>
      </titularLista>
      <criadorLista>
        <criador sequencia="1" inid="Cr">
          <nome>EDILTON DANNIKEN SOUZA GOUVEIA</nome>
        </criador>
        <criador sequencia="2" inid="Cr">
          <nome>TATIANE VAZ DE SALES CARDOSO</nome>
        </criador>
      </criadorLista>
    </processo-programa>
  </despacho>
  <despacho>
    <codigo>730</codigo>
    <titulo>Expedição do Certificado de Registro</titulo>
    <processo-programa>
      <numero inid="Np">BR 51 2019 000334-9</numero>
      <titulo inid="54">DimChannel</titulo>
      <dataCriacao inid="Dl">05/06/2017</dataCriacao>
      <campoAplicacaoLista>
        <campoAplicacao>
          <codigo inid="Cp">IN-03</codigo>
        </campoAplicacao>
      </campoAplicacaoLista>
      <linguagemLista>
        <linguagem inid="Lg">C#</linguagem>
        <linguagem inid="Lg">PYTHON</linguagem>
      </linguagemLista>
      <tipoProgramaLista>
        <tipoPrograma>
          <codigo inid="Tp">SO-02</codigo>
        </tipoPrograma>
      </tipoProgramaLista>
      <titularLista>
        <titular sequencia="1" inid="73">
          <nome>UNIVERSIDADE FEDERAL DO PARÁ</nome>
        </titular>
      </titularLista>
      <criadorLista>
        <criador sequencia="1" inid="Cr">
          <nome>LÚCIO CARLOS PINHEIRO CAMPOS FILHO</nome>
        </criador>
        <criador sequencia="2" inid="Cr">
          <nome>NELIO MOURA DE FIGUEIREDO</nome>
        </criador>
      </criadorLista>
    </processo-programa>
  </despacho>
  <despacho>
    <codigo>730</codigo>
    <titulo>Expedição do Certificado de Registro</titulo>
    <processo-programa>
      <numero inid="Np">BR 51 2019 000416-7</numero>
      <titulo inid="54">Sistema JIF - Software de Inscrições Online dos Jogos do Institutos Federais</titulo>
      <dataCriacao inid="Dl">01/04/2016</dataCriacao>
      <campoAplicacaoLista>
        <campoAplicacao>
          <codigo inid="Cp">AD-01</codigo>
        </campoAplicacao>
        <campoAplicacao>
          <codigo inid="Cp">AD-02</codigo>
        </campoAplicacao>
      </campoAplicacaoLista>
      <linguagemLista>
        <linguagem inid="Lg">JAVA</linguagem>
      </linguagemLista>
      <tipoProgramaLista>
        <tipoPrograma>
          <codigo inid="Tp">AP-03</codigo>
        </tipoPrograma>
        <tipoPrograma>
          <codigo inid="Tp">FA-01</codigo>
        </tipoPrograma>
        <tipoPrograma>
          <codigo inid="Tp">GI-07</codigo>
        </tipoPrograma>
        <tipoPrograma>
          <codigo inid="Tp">SO-01</codigo>
        </tipoPrograma>
      </tipoProgramaLista>
      <titularLista>
        <titular sequencia="1" inid="73">
          <nome>INSTITUTO FEDERAL DE EDUCAÇÃO, CIÊNCIA E TECNOLOGIA DE MATO GROSSO</nome>
        </titular>
      </titularLista>
      <criadorLista>
        <criador sequencia="1" inid="Cr">
          <nome>PEDRO CLARINDO DA SILVA NETO</nome>
        </criador>
      </criadorLista>
    </processo-programa>
  </despacho>
  <despacho>
    <codigo>730</codigo>
    <titulo>Expedição do Certificado de Registro</titulo>
    <processo-programa>
      <numero inid="Np">BR 51 2019 000417-5</numero>
      <titulo inid="54">SIGOc (Sistema de Gestão de Ocorrências)</titulo>
      <dataCriacao inid="Dl">20/10/2017</dataCriacao>
      <campoAplicacaoLista>
        <campoAplicacao>
          <codigo inid="Cp">SV-01</codigo>
        </campoAplicacao>
      </campoAplicacaoLista>
      <linguagemLista>
        <linguagem inid="Lg">JAVA</linguagem>
        <linguagem inid="Lg">JAVA SCRIPT</linguagem>
        <linguagem inid="Lg">OUTROS</linguagem>
      </linguagemLista>
      <tipoProgramaLista>
        <tipoPrograma>
          <codigo inid="Tp">AP-01</codigo>
        </tipoPrograma>
      </tipoProgramaLista>
      <titularLista>
        <titular sequencia="1" inid="73">
          <nome>UNIVERSIDADE FEDERAL DO RIO GRANDE DO NORTE</nome>
        </titular>
      </titularLista>
      <criadorLista>
        <criador sequencia="1" inid="Cr">
          <nome>BRUNO CIPOLLA MOREIRA</nome>
        </criador>
        <criador sequencia="2" inid="Cr">
          <nome>EIJI ADACHI MEDEIROS BARBOSA</nome>
        </criador>
        <criador sequencia="3" inid="Cr">
          <nome>FREDERICO ARAÚJO DA SILVA LOPES</nome>
        </criador>
        <criador sequencia="4" inid="Cr">
          <nome>FÁBIO HENRIQUE FERREIRA DE OLIVEIRA</nome>
        </criador>
        <criador sequencia="5" inid="Cr">
          <nome>FÁBIO HENRIQUE FERREIRA DE OLIVEIRA</nome>
        </criador>
        <criador sequencia="6" inid="Cr">
          <nome>FÁBIO HENRIQUE FERREIRA DE OLIVEIRA</nome>
        </criador>
        <criador sequencia="7" inid="Cr">
          <nome>GABRIELA MAMERI TINOCO</nome>
        </criador>
        <criador sequencia="8" inid="Cr">
          <nome>GUSTAVO ARAÚJO CARVALHO</nome>
        </criador>
        <criador sequencia="9" inid="Cr">
          <nome>JOSÉ ALEX MEDEIROS DE LIMA</nome>
        </criador>
        <criador sequencia="10" inid="Cr">
          <nome>LUCIO SOARES DE OLIVEIRA</nome>
        </criador>
        <criador sequencia="11" inid="Cr">
          <nome>NÉLIO ALESSANDRO AZEVEDO CACHO</nome>
        </criador>
        <criador sequencia="12" inid="Cr">
          <nome>PEDRO DE PAIVA BARBOSA NETO</nome>
        </criador>
        <criador sequencia="13" inid="Cr">
          <nome>RONALDO GOMES DE MORAIS JÚNIOR</nome>
        </criador>
        <criador sequencia="14" inid="Cr">
          <nome>SILVINO GUSTAVO ALBUQUERQUE DE MEDEIROS</nome>
        </criador>
        <criador sequencia="15" inid="Cr">
          <nome>ÍCARO GABRIEL DE AZEVEDO MASCENA FRANÇA</nome>
        </criador>
        <criador sequencia="16" inid="Cr">
          <nome>ÍCARO GABRIEL DE AZEVEDO MASCENA FRANÇA</nome>
        </criador>
        <criador sequencia="17" inid="Cr">
          <nome>ÍCARO GABRIEL DE AZEVEDO MASCENA FRANÇA</nome>
        </criador>
      </criadorLista>
    </processo-programa>
  </despacho>
  <despacho>
    <codigo>730</codigo>
    <titulo>Expedição do Certificado de Registro</titulo>
    <processo-programa>
      <numero inid="Np">BR 51 2019 000418-3</numero>
      <titulo inid="54">PowerFT ECU versão geral 4.11</titulo>
      <dataCriacao inid="Dl">01/01/2012</dataCriacao>
      <campoAplicacaoLista>
        <campoAplicacao>
          <codigo inid="Cp">EN-05</codigo>
        </campoAplicacao>
        <campoAplicacao>
          <codigo inid="Cp">IN-02</codigo>
        </campoAplicacao>
        <campoAplicacao>
          <codigo inid="Cp">IN-03</codigo>
        </campoAplicacao>
      </campoAplicacaoLista>
      <linguagemLista>
        <linguagem inid="Lg">C</linguagem>
        <linguagem inid="Lg">C#</linguagem>
      </linguagemLista>
      <tipoProgramaLista>
        <tipoPrograma>
          <codigo inid="Tp">AT-08</codigo>
        </tipoPrograma>
      </tipoProgramaLista>
      <titularLista>
        <titular sequencia="1" inid="73">
          <nome>FUELTECH LTDA</nome>
        </titular>
      </titularLista>
      <criadorLista>
        <criador sequencia="1" inid="Cr">
          <nome>ANDERSON FREDERICO DICK</nome>
        </criador>
        <criador sequencia="2" inid="Cr">
          <nome>LEONARDO PRIANTI FONTOLAN</nome>
        </criador>
      </criadorLista>
    </processo-programa>
  </despacho>
  <despacho>
    <codigo>730</codigo>
    <titulo>Expedição do Certificado de Registro</titulo>
    <processo-programa>
      <numero inid="Np">BR 51 2019 000419-1</numero>
      <titulo inid="54">Simulador para ensino de algoritmos de gerência de memória com suporte a Realidade Virtual</titulo>
      <dataCriacao inid="Dl">19/10/2018</dataCriacao>
      <campoAplicacaoLista>
        <campoAplicacao>
          <codigo inid="Cp">ED-01</codigo>
        </campoAplicacao>
        <campoAplicacao>
          <codigo inid="Cp">IN-02</codigo>
        </campoAplicacao>
      </campoAplicacaoLista>
      <linguagemLista>
        <linguagem inid="Lg">C#</linguagem>
      </linguagemLista>
      <tipoProgramaLista>
        <tipoPrograma>
          <codigo inid="Tp">AP-01</codigo>
        </tipoPrograma>
      </tipoProgramaLista>
      <titularLista>
        <titular sequencia="1" inid="73">
          <nome>ALEX SANDRO RODRIGUES ANCIOTO</nome>
        </titular>
        <titular sequencia="2" inid="73">
          <nome>LUIZ FELIPE DOS SANTOS FREITAS</nome>
        </titular>
        <titular sequencia="3" inid="73">
          <nome>MARCELO DE PAIVA GUIMARÃES</nome>
        </titular>
      </titularLista>
      <criadorLista>
        <criador sequencia="1" inid="Cr">
          <nome>ALEX SANDRO RODRIGUES ANCIOTO</nome>
        </criador>
        <criador sequencia="2" inid="Cr">
          <nome>LUIZ FELIPE DOS SANTOS FREITAS</nome>
        </criador>
        <criador sequencia="3" inid="Cr">
          <nome>MARCELO DE PAIVA GUIMARÃES</nome>
        </criador>
      </criadorLista>
    </processo-programa>
  </despacho>
  <despacho>
    <codigo>730</codigo>
    <titulo>Expedição do Certificado de Registro</titulo>
    <processo-programa>
      <numero inid="Np">BR 51 2019 000420-5</numero>
      <titulo inid="54">SAHAE - SISTEMA DE AGENDAMENTO DE HORÁRIO DE AUTO-ESCOLA</titulo>
      <dataCriacao inid="Dl">25/07/2018</dataCriacao>
      <campoAplicacaoLista>
        <campoAplicacao>
          <codigo inid="Cp">IF-10</codigo>
        </campoAplicacao>
      </campoAplicacaoLista>
      <linguagemLista>
        <linguagem inid="Lg">JAVA</linguagem>
      </linguagemLista>
      <tipoProgramaLista>
        <tipoPrograma>
          <codigo inid="Tp">AP-03</codigo>
        </tipoPrograma>
      </tipoProgramaLista>
      <titularLista>
        <titular sequencia="1" inid="73">
          <nome>DIEGO LEANDRO DE OLIVEIRA</nome>
        </titular>
        <titular sequencia="2" inid="73">
          <nome>GIOVANA ANGÉLICA ROS MIOLA</nome>
        </titular>
        <titular sequencia="3" inid="73">
          <nome>JULIANO DOS SANTOS MIOLA</nome>
        </titular>
        <titular sequencia="4" inid="73">
          <nome>RENATO AKIRA ISHIZAKA</nome>
        </titular>
      </titularLista>
      <criadorLista>
        <criador sequencia="1" inid="Cr">
          <nome>DIEGO LEANDRO DE OLIVEIRA</nome>
        </criador>
        <criador sequencia="2" inid="Cr">
          <nome>RENATO AKIRA ISHIZAKA</nome>
        </criador>
      </criadorLista>
    </processo-programa>
  </despacho>
  <despacho>
    <codigo>730</codigo>
    <titulo>Expedição do Certificado de Registro</titulo>
    <processo-programa>
      <numero inid="Np">BR 51 2019 000421-3</numero>
      <titulo inid="54">Pay Voice</titulo>
      <dataCriacao inid="Dl">Não informado</dataCriacao>
      <campoAplicacaoLista>
        <campoAplicacao>
          <codigo inid="Cp">IN-02</codigo>
        </campoAplicacao>
      </campoAplicacaoLista>
      <linguagemLista>
        <linguagem inid="Lg">JAVA</linguagem>
        <linguagem inid="Lg">OUTROS</linguagem>
        <linguagem inid="Lg">SWIFT</linguagem>
      </linguagemLista>
      <tipoProgramaLista>
        <tipoPrograma>
          <codigo inid="Tp">AP-01</codigo>
        </tipoPrograma>
      </tipoProgramaLista>
      <titularLista>
        <titular sequencia="1" inid="73">
          <nome>ASSOCIAÇÃO BRASILEIRA DAS EMPRESAS DE CARTÕES DE CRÉDITO E SERVIÇOS-ABECS</nome>
        </titular>
      </titularLista>
      <criadorLista>
        <criador sequencia="1" inid="Cr">
          <nome>: FABIANI DE SOUZA</nome>
        </criador>
        <criador sequencia="2" inid="Cr">
          <nome>BRUNO RIBEIRO DA COSTA</nome>
        </criador>
        <criador sequencia="3" inid="Cr">
          <nome>CLAUDINEI MARTINS</nome>
        </criador>
        <criador sequencia="4" inid="Cr">
          <nome>EVANDRO JOSÉ BARBOSA</nome>
        </criador>
        <criador sequencia="5" inid="Cr">
          <nome>FERNANDO CEZAR HERÉDIA MARINO</nome>
        </criador>
        <criador sequencia="6" inid="Cr">
          <nome>GUILHERME ADRIANO FÔLEGO</nome>
        </criador>
        <criador sequencia="7" inid="Cr">
          <nome>RICARDO SHIGUEMI HIRAMATSU</nome>
        </criador>
        <criador sequencia="8" inid="Cr">
          <nome>SUELEN APARECIDA DA SILVA</nome>
        </criador>
      </criadorLista>
    </processo-programa>
  </despacho>
  <despacho>
    <codigo>730</codigo>
    <titulo>Expedição do Certificado de Registro</titulo>
    <processo-programa>
      <numero inid="Np">BR 51 2019 000422-1</numero>
      <titulo inid="54">Campus On-Line</titulo>
      <dataCriacao inid="Dl">01/01/2019</dataCriacao>
      <campoAplicacaoLista>
        <campoAplicacao>
          <codigo inid="Cp">ED-04</codigo>
        </campoAplicacao>
        <campoAplicacao>
          <codigo inid="Cp">ED-06</codigo>
        </campoAplicacao>
      </campoAplicacaoLista>
      <linguagemLista>
        <linguagem inid="Lg">COLD FUSION</linguagem>
      </linguagemLista>
      <tipoProgramaLista>
        <tipoPrograma>
          <codigo inid="Tp">AT-06</codigo>
        </tipoPrograma>
        <tipoPrograma>
          <codigo inid="Tp">FA-01</codigo>
        </tipoPrograma>
        <tipoPrograma>
          <codigo inid="Tp">FA-04</codigo>
        </tipoPrograma>
        <tipoPrograma>
          <codigo inid="Tp">GI-01</codigo>
        </tipoPrograma>
        <tipoPrograma>
          <codigo inid="Tp">GI-06</codigo>
        </tipoPrograma>
        <tipoPrograma>
          <codigo inid="Tp">PD-05</codigo>
        </tipoPrograma>
        <tipoPrograma>
          <codigo inid="Tp">SO-05</codigo>
        </tipoPrograma>
      </tipoProgramaLista>
      <titularLista>
        <titular sequencia="1" inid="73">
          <nome>ESAB - ESCOLA SUPERIOR ABERTA DO BRASIL LTDA - EPP</nome>
        </titular>
      </titularLista>
      <criadorLista>
        <criador sequencia="1" inid="Cr">
          <nome>NILDO FERREIRA</nome>
        </criador>
      </criadorLista>
    </processo-programa>
  </despacho>
  <despacho>
    <codigo>730</codigo>
    <titulo>Expedição do Certificado de Registro</titulo>
    <processo-programa>
      <numero inid="Np">BR 51 2019 000423-0</numero>
      <titulo inid="54">Vistum.net - Aplicação Web</titulo>
      <dataCriacao inid="Dl">30/07/2017</dataCriacao>
      <campoAplicacaoLista>
        <campoAplicacao>
          <codigo inid="Cp">CC-04</codigo>
        </campoAplicacao>
      </campoAplicacaoLista>
      <linguagemLista>
        <linguagem inid="Lg">JAVA</linguagem>
        <linguagem inid="Lg">JSF</linguagem>
        <linguagem inid="Lg">MYSQL</linguagem>
        <linguagem inid="Lg">XML</linguagem>
      </linguagemLista>
      <tipoProgramaLista>
        <tipoPrograma>
          <codigo inid="Tp">AP-01</codigo>
        </tipoPrograma>
      </tipoProgramaLista>
      <titularLista>
        <titular sequencia="1" inid="73">
          <nome>VILLY CONSULTORIA EM INFORMÁTICA E ENGENHARIA LTDA.</nome>
        </titular>
      </titularLista>
      <criadorLista>
        <criador sequencia="1" inid="Cr">
          <nome>VICTOR ALEXANDRE PLOEGER MANSUELI</nome>
        </criador>
      </criadorLista>
    </processo-programa>
  </despacho>
  <despacho>
    <codigo>730</codigo>
    <titulo>Expedição do Certificado de Registro</titulo>
    <processo-programa>
      <numero inid="Np">BR 51 2019 000424-8</numero>
      <titulo inid="54">BIDDER</titulo>
      <dataCriacao inid="Dl">30/06/2018</dataCriacao>
      <campoAplicacaoLista>
        <campoAplicacao>
          <codigo inid="Cp">AD-04</codigo>
        </campoAplicacao>
        <campoAplicacao>
          <codigo inid="Cp">AD-05</codigo>
        </campoAplicacao>
        <campoAplicacao>
          <codigo inid="Cp">AD-08</codigo>
        </campoAplicacao>
      </campoAplicacaoLista>
      <linguagemLista>
        <linguagem inid="Lg">GROOVY</linguagem>
      </linguagemLista>
      <tipoProgramaLista>
        <tipoPrograma>
          <codigo inid="Tp">AP-02</codigo>
        </tipoPrograma>
        <tipoPrograma>
          <codigo inid="Tp">AP-03</codigo>
        </tipoPrograma>
        <tipoPrograma>
          <codigo inid="Tp">AT-06</codigo>
        </tipoPrograma>
      </tipoProgramaLista>
      <titularLista>
        <titular sequencia="1" inid="73">
          <nome>VALESCA DE SOUZA CASTRO</nome>
        </titular>
      </titularLista>
      <criadorLista>
        <criador sequencia="1" inid="Cr">
          <nome>LEANDRO ALVES FERREIRA</nome>
        </criador>
        <criador sequencia="2" inid="Cr">
          <nome>MARCELO FARIA ALVES</nome>
        </criador>
        <criador sequencia="3" inid="Cr">
          <nome>VALESCA DE SOUZA CASTRO</nome>
        </criador>
      </criadorLista>
    </processo-programa>
  </despacho>
  <despacho>
    <codigo>730</codigo>
    <titulo>Expedição do Certificado de Registro</titulo>
    <processo-programa>
      <numero inid="Np">BR 51 2019 000426-4</numero>
      <titulo inid="54">Desbravador 4.5</titulo>
      <dataCriacao inid="Dl">Não informado</dataCriacao>
      <campoAplicacaoLista>
        <campoAplicacao>
          <codigo inid="Cp">AD-05</codigo>
        </campoAplicacao>
        <campoAplicacao>
          <codigo inid="Cp">AD-08</codigo>
        </campoAplicacao>
        <campoAplicacao>
          <codigo inid="Cp">AD-09</codigo>
        </campoAplicacao>
        <campoAplicacao>
          <codigo inid="Cp">FN-06</codigo>
        </campoAplicacao>
      </campoAplicacaoLista>
      <linguagemLista>
        <linguagem inid="Lg">DELPHI</linguagem>
      </linguagemLista>
      <tipoProgramaLista>
        <tipoPrograma>
          <codigo inid="Tp">AT-01</codigo>
        </tipoPrograma>
        <tipoPrograma>
          <codigo inid="Tp">AT-03</codigo>
        </tipoPrograma>
      </tipoProgramaLista>
      <titularLista>
        <titular sequencia="1" inid="73">
          <nome>DESBRAVADOR SOFTWARE LTDA.</nome>
        </titular>
      </titularLista>
      <criadorLista>
        <criador sequencia="1" inid="Cr">
          <nome>ALISSON ANDRÉ ORSOLIN</nome>
        </criador>
        <criador sequencia="2" inid="Cr">
          <nome>DAVID MARCELO NASCIMENTO</nome>
        </criador>
        <criador sequencia="3" inid="Cr">
          <nome>DIEGO MACCARI DOS SANTOS</nome>
        </criador>
        <criador sequencia="4" inid="Cr">
          <nome>MARCIO JOSÉ CERONI</nome>
        </criador>
        <criador sequencia="5" inid="Cr">
          <nome>MARCOS EDUARDO LUIZ</nome>
        </criador>
      </criadorLista>
    </processo-programa>
  </despacho>
  <despacho>
    <codigo>730</codigo>
    <titulo>Expedição do Certificado de Registro</titulo>
    <processo-programa>
      <numero inid="Np">BR 51 2019 000427-2</numero>
      <titulo inid="54">PYNOVISÃO</titulo>
      <dataCriacao inid="Dl">10/01/2018</dataCriacao>
      <campoAplicacaoLista>
        <campoAplicacao>
          <codigo inid="Cp">AG-01</codigo>
        </campoAplicacao>
        <campoAplicacao>
          <codigo inid="Cp">AG-10</codigo>
        </campoAplicacao>
        <campoAplicacao>
          <codigo inid="Cp">AG-12</codigo>
        </campoAplicacao>
        <campoAplicacao>
          <codigo inid="Cp">IF-01</codigo>
        </campoAplicacao>
        <campoAplicacao>
          <codigo inid="Cp">IN-02</codigo>
        </campoAplicacao>
      </campoAplicacaoLista>
      <linguagemLista>
        <linguagem inid="Lg">PYTHON</linguagem>
      </linguagemLista>
      <tipoProgramaLista>
        <tipoPrograma>
          <codigo inid="Tp">IA-01</codigo>
        </tipoPrograma>
        <tipoPrograma>
          <codigo inid="Tp">TC-04</codigo>
        </tipoPrograma>
      </tipoProgramaLista>
      <titularLista>
        <titular sequencia="1" inid="73">
          <nome>FUNDAÇÃO UNIVERSIDADE FEDERAL DE MATO GROSSO DO SUL</nome>
        </titular>
        <titular sequencia="2" inid="73">
          <nome>MISSÃO SALESIANA DE MATO GROSSO</nome>
        </titular>
      </titularLista>
      <criadorLista>
        <criador sequencia="1" inid="Cr">
          <nome>ADAIR DA SILVA OLIVEIRA JÚNIOR</nome>
        </criador>
        <criador sequencia="2" inid="Cr">
          <nome>ALESSANDRO DOS SANTOS FERREIRA</nome>
        </criador>
        <criador sequencia="3" inid="Cr">
          <nome>DIOGO NUNES GONÇALVES</nome>
        </criador>
        <criador sequencia="4" inid="Cr">
          <nome>EVERTON CASTELÃO TETILA</nome>
        </criador>
        <criador sequencia="5" inid="Cr">
          <nome>FELIPE SILVEIRA BRITO BORGES</nome>
        </criador>
        <criador sequencia="6" inid="Cr">
          <nome>GABRIEL KIRSTEN MENEZES</nome>
        </criador>
        <criador sequencia="7" inid="Cr">
          <nome>GEAZY VILHARVA MENEZES</nome>
        </criador>
        <criador sequencia="8" inid="Cr">
          <nome>GERCINA GONÇALVES DA SILVA</nome>
        </criador>
        <criador sequencia="9" inid="Cr">
          <nome>GILBERTO ASTOLFI</nome>
        </criador>
        <criador sequencia="10" inid="Cr">
          <nome>HEMERSON PISTORI</nome>
        </criador>
        <criador sequencia="11" inid="Cr">
          <nome>VANESSA APARECIDA DE MORAES WEBER</nome>
        </criador>
      </criadorLista>
    </processo-programa>
  </despacho>
  <despacho>
    <codigo>730</codigo>
    <titulo>Expedição do Certificado de Registro</titulo>
    <processo-programa>
      <numero inid="Np">BR 51 2019 000428-0</numero>
      <titulo inid="54">Conexão Obra, Governança de Operações de Construção Pesada e Mineração</titulo>
      <dataCriacao inid="Dl">13/01/2015</dataCriacao>
      <campoAplicacaoLista>
        <campoAplicacao>
          <codigo inid="Cp">CC-01</codigo>
        </campoAplicacao>
        <campoAplicacao>
          <codigo inid="Cp">CC-02</codigo>
        </campoAplicacao>
        <campoAplicacao>
          <codigo inid="Cp">CC-03</codigo>
        </campoAplicacao>
        <campoAplicacao>
          <codigo inid="Cp">CC-04</codigo>
        </campoAplicacao>
        <campoAplicacao>
          <codigo inid="Cp">CC-10</codigo>
        </campoAplicacao>
      </campoAplicacaoLista>
      <linguagemLista>
        <linguagem inid="Lg">DELPHI</linguagem>
        <linguagem inid="Lg">SQL</linguagem>
      </linguagemLista>
      <tipoProgramaLista>
        <tipoPrograma>
          <codigo inid="Tp">AP-01</codigo>
        </tipoPrograma>
        <tipoPrograma>
          <codigo inid="Tp">AP-02</codigo>
        </tipoPrograma>
        <tipoPrograma>
          <codigo inid="Tp">AP-03</codigo>
        </tipoPrograma>
        <tipoPrograma>
          <codigo inid="Tp">AT-06</codigo>
        </tipoPrograma>
        <tipoPrograma>
          <codigo inid="Tp">CT-03</codigo>
        </tipoPrograma>
        <tipoPrograma>
          <codigo inid="Tp">GI-01</codigo>
        </tipoPrograma>
      </tipoProgramaLista>
      <titularLista>
        <titular sequencia="1" inid="73">
          <nome>CONEXAO OBRA TECNOLOGIA E SERVICOS LTDA.</nome>
        </titular>
      </titularLista>
      <criadorLista>
        <criador sequencia="1" inid="Cr">
          <nome>MIGUEL J A GASTELUMENDI DARGENT</nome>
        </criador>
      </criadorLista>
    </processo-programa>
  </despacho>
  <despacho>
    <codigo>730</codigo>
    <titulo>Expedição do Certificado de Registro</titulo>
    <processo-programa>
      <numero inid="Np">BR 51 2019 000429-9</numero>
      <titulo inid="54">Sistema de Previsão, Otimização da Performance e Automatização da Gestão do Uso de Maturadores em Cana-de-açúcar, com uso de Big Data Mining e Computação Cognitiva e Modelagem Fisioclimática: SMARTBIO MATURAÇÃO</titulo>
      <dataCriacao inid="Dl">01/07/2018</dataCriacao>
      <campoAplicacaoLista>
        <campoAplicacao>
          <codigo inid="Cp">AG-02</codigo>
        </campoAplicacao>
        <campoAplicacao>
          <codigo inid="Cp">AG-05</codigo>
        </campoAplicacao>
        <campoAplicacao>
          <codigo inid="Cp">AG-09</codigo>
        </campoAplicacao>
      </campoAplicacaoLista>
      <linguagemLista>
        <linguagem inid="Lg">C#</linguagem>
        <linguagem inid="Lg">HTML</linguagem>
        <linguagem inid="Lg">JAVA SCRIPT</linguagem>
        <linguagem inid="Lg">SQL</linguagem>
      </linguagemLista>
      <tipoProgramaLista>
        <tipoPrograma>
          <codigo inid="Tp">AP-02</codigo>
        </tipoPrograma>
        <tipoPrograma>
          <codigo inid="Tp">AP-03</codigo>
        </tipoPrograma>
        <tipoPrograma>
          <codigo inid="Tp">AT-06</codigo>
        </tipoPrograma>
        <tipoPrograma>
          <codigo inid="Tp">AV-01</codigo>
        </tipoPrograma>
        <tipoPrograma>
          <codigo inid="Tp">DS-05</codigo>
        </tipoPrograma>
        <tipoPrograma>
          <codigo inid="Tp">FA-01</codigo>
        </tipoPrograma>
        <tipoPrograma>
          <codigo inid="Tp">FA-03</codigo>
        </tipoPrograma>
        <tipoPrograma>
          <codigo inid="Tp">IA-01</codigo>
        </tipoPrograma>
        <tipoPrograma>
          <codigo inid="Tp">IA-02</codigo>
        </tipoPrograma>
        <tipoPrograma>
          <codigo inid="Tp">SM-01</codigo>
        </tipoPrograma>
        <tipoPrograma>
          <codigo inid="Tp">TC-01</codigo>
        </tipoPrograma>
        <tipoPrograma>
          <codigo inid="Tp">TC-02</codigo>
        </tipoPrograma>
      </tipoProgramaLista>
      <titularLista>
        <titular sequencia="1" inid="73">
          <nome>SMARTBREEDER S.A</nome>
        </titular>
      </titularLista>
      <criadorLista>
        <criador sequencia="1" inid="Cr">
          <nome>CRISTIANO FAGUNDES</nome>
        </criador>
        <criador sequencia="2" inid="Cr">
          <nome>DONAVAN PERES RODERO</nome>
        </criador>
        <criador sequencia="3" inid="Cr">
          <nome>ÉDER ANTÔNIO GIGLIOTTI</nome>
        </criador>
      </criadorLista>
    </processo-programa>
  </despacho>
  <despacho>
    <codigo>730</codigo>
    <titulo>Expedição do Certificado de Registro</titulo>
    <processo-programa>
      <numero inid="Np">BR 51 2019 000430-2</numero>
      <titulo inid="54">Sistema de Previsão, Otimização da Performance e Automatização da Gestão do Manejo Integrado de Doenças e Pragas de Soja, com uso de Big Data Mining e Computação Cognitiva e Modelagem Epidemiológica: SMARTBIO IPM SOJA</titulo>
      <dataCriacao inid="Dl">01/07/2018</dataCriacao>
      <campoAplicacaoLista>
        <campoAplicacao>
          <codigo inid="Cp">AG-02</codigo>
        </campoAplicacao>
        <campoAplicacao>
          <codigo inid="Cp">AG-05</codigo>
        </campoAplicacao>
        <campoAplicacao>
          <codigo inid="Cp">AG-08</codigo>
        </campoAplicacao>
        <campoAplicacao>
          <codigo inid="Cp">AG-09</codigo>
        </campoAplicacao>
      </campoAplicacaoLista>
      <linguagemLista>
        <linguagem inid="Lg">C#</linguagem>
        <linguagem inid="Lg">HTML</linguagem>
        <linguagem inid="Lg">JAVA SCRIPT</linguagem>
        <linguagem inid="Lg">SQL</linguagem>
      </linguagemLista>
      <tipoProgramaLista>
        <tipoPrograma>
          <codigo inid="Tp">AP-02</codigo>
        </tipoPrograma>
        <tipoPrograma>
          <codigo inid="Tp">AP-03</codigo>
        </tipoPrograma>
        <tipoPrograma>
          <codigo inid="Tp">AT-06</codigo>
        </tipoPrograma>
        <tipoPrograma>
          <codigo inid="Tp">AV-01</codigo>
        </tipoPrograma>
        <tipoPrograma>
          <codigo inid="Tp">DS-05</codigo>
        </tipoPrograma>
        <tipoPrograma>
          <codigo inid="Tp">FA-01</codigo>
        </tipoPrograma>
        <tipoPrograma>
          <codigo inid="Tp">FA-03</codigo>
        </tipoPrograma>
        <tipoPrograma>
          <codigo inid="Tp">IA-01</codigo>
        </tipoPrograma>
        <tipoPrograma>
          <codigo inid="Tp">IA-02</codigo>
        </tipoPrograma>
        <tipoPrograma>
          <codigo inid="Tp">SM-01</codigo>
        </tipoPrograma>
        <tipoPrograma>
          <codigo inid="Tp">TC-01</codigo>
        </tipoPrograma>
        <tipoPrograma>
          <codigo inid="Tp">TC-03</codigo>
        </tipoPrograma>
      </tipoProgramaLista>
      <titularLista>
        <titular sequencia="1" inid="73">
          <nome>SMARTBREEDER S.A</nome>
        </titular>
      </titularLista>
      <criadorLista>
        <criador sequencia="1" inid="Cr">
          <nome>CRISTIANO FAGUNDES</nome>
        </criador>
        <criador sequencia="2" inid="Cr">
          <nome>DONAVAN PERES RODERO</nome>
        </criador>
        <criador sequencia="3" inid="Cr">
          <nome>ÉDER ANTÔNIO GIGLIOTTI</nome>
        </criador>
      </criadorLista>
    </processo-programa>
  </despacho>
  <despacho>
    <codigo>730</codigo>
    <titulo>Expedição do Certificado de Registro</titulo>
    <processo-programa>
      <numero inid="Np">BR 51 2019 000431-0</numero>
      <titulo inid="54">SIGE - Sistema Integrado de Gestão de Eventos</titulo>
      <dataCriacao inid="Dl">01/04/2018</dataCriacao>
      <campoAplicacaoLista>
        <campoAplicacao>
          <codigo inid="Cp">AD-01</codigo>
        </campoAplicacao>
        <campoAplicacao>
          <codigo inid="Cp">AD-02</codigo>
        </campoAplicacao>
      </campoAplicacaoLista>
      <linguagemLista>
        <linguagem inid="Lg">AJAX</linguagem>
        <linguagem inid="Lg">FRAMEWORK</linguagem>
        <linguagem inid="Lg">HTML</linguagem>
        <linguagem inid="Lg">PHP</linguagem>
      </linguagemLista>
      <tipoProgramaLista>
        <tipoPrograma>
          <codigo inid="Tp">AP-02</codigo>
        </tipoPrograma>
        <tipoPrograma>
          <codigo inid="Tp">AP-03</codigo>
        </tipoPrograma>
        <tipoPrograma>
          <codigo inid="Tp">FA-01</codigo>
        </tipoPrograma>
        <tipoPrograma>
          <codigo inid="Tp">SO-01</codigo>
        </tipoPrograma>
      </tipoProgramaLista>
      <titularLista>
        <titular sequencia="1" inid="73">
          <nome>INSTITUTO FEDERAL DE EDUCAÇÃO, CIÊNCIA E TECNOLOGIA DE MATO GROSSO</nome>
        </titular>
      </titularLista>
      <criadorLista>
        <criador sequencia="1" inid="Cr">
          <nome>LOURENÇO JOSÉ CAVALCANTE NETO</nome>
        </criador>
        <criador sequencia="2" inid="Cr">
          <nome>MARCELO PEREIRA DANTAS DA SILVA</nome>
        </criador>
        <criador sequencia="3" inid="Cr">
          <nome>RAFAEL RODRIGUES MARQUESI</nome>
        </criador>
      </criadorLista>
    </processo-programa>
  </despacho>
  <despacho>
    <codigo>730</codigo>
    <titulo>Expedição do Certificado de Registro</titulo>
    <processo-programa>
      <numero inid="Np">BR 51 2019 000432-9</numero>
      <titulo inid="54">Ferramenta de Apoio ao Guia de Recomendação de Acessibilidade</titulo>
      <dataCriacao inid="Dl">20/11/2018</dataCriacao>
      <campoAplicacaoLista>
        <campoAplicacao>
          <codigo inid="Cp">ED-04</codigo>
        </campoAplicacao>
        <campoAplicacao>
          <codigo inid="Cp">IF-07</codigo>
        </campoAplicacao>
      </campoAplicacaoLista>
      <linguagemLista>
        <linguagem inid="Lg">HTML</linguagem>
        <linguagem inid="Lg">JAVA</linguagem>
      </linguagemLista>
      <tipoProgramaLista>
        <tipoPrograma>
          <codigo inid="Tp">DS-06</codigo>
        </tipoPrograma>
        <tipoPrograma>
          <codigo inid="Tp">FA-01</codigo>
        </tipoPrograma>
        <tipoPrograma>
          <codigo inid="Tp">GI-01</codigo>
        </tipoPrograma>
      </tipoProgramaLista>
      <titularLista>
        <titular sequencia="1" inid="73">
          <nome>UNIVERSIDADE FEDERAL DE MATO GROSSO DO SUL</nome>
        </titular>
      </titularLista>
      <criadorLista>
        <criador sequencia="1" inid="Cr">
          <nome>DOUGLAS THAMES DE ARAUJO</nome>
        </criador>
        <criador sequencia="2" inid="Cr">
          <nome>DÉBORA MARIA BARROSO PAIVA</nome>
        </criador>
        <criador sequencia="3" inid="Cr">
          <nome>DÉBORA MARIA BARROSO PAIVA</nome>
        </criador>
        <criador sequencia="4" inid="Cr">
          <nome>MARIA ISTELA CAGNIN MACHADO</nome>
        </criador>
        <criador sequencia="5" inid="Cr">
          <nome>RICARDO MASAO KONDO</nome>
        </criador>
      </criadorLista>
    </processo-programa>
  </despacho>
  <despacho>
    <codigo>730</codigo>
    <titulo>Expedição do Certificado de Registro</titulo>
    <processo-programa>
      <numero inid="Np">BR 51 2019 000433-7</numero>
      <titulo inid="54">MESOR-IntMan (Intervention Manager)</titulo>
      <dataCriacao inid="Dl">09/09/2018</dataCriacao>
      <campoAplicacaoLista>
        <campoAplicacao>
          <codigo inid="Cp">AD-01</codigo>
        </campoAplicacao>
        <campoAplicacao>
          <codigo inid="Cp">AD-02</codigo>
        </campoAplicacao>
        <campoAplicacao>
          <codigo inid="Cp">AD-04</codigo>
        </campoAplicacao>
        <campoAplicacao>
          <codigo inid="Cp">AD-05</codigo>
        </campoAplicacao>
        <campoAplicacao>
          <codigo inid="Cp">AD-06</codigo>
        </campoAplicacao>
        <campoAplicacao>
          <codigo inid="Cp">AD-08</codigo>
        </campoAplicacao>
        <campoAplicacao>
          <codigo inid="Cp">AD-09</codigo>
        </campoAplicacao>
        <campoAplicacao>
          <codigo inid="Cp">EN-01</codigo>
        </campoAplicacao>
        <campoAplicacao>
          <codigo inid="Cp">FN-03</codigo>
        </campoAplicacao>
        <campoAplicacao>
          <codigo inid="Cp">FN-05</codigo>
        </campoAplicacao>
        <campoAplicacao>
          <codigo inid="Cp">IF-07</codigo>
        </campoAplicacao>
        <campoAplicacao>
          <codigo inid="Cp">IF-10</codigo>
        </campoAplicacao>
        <campoAplicacao>
          <codigo inid="Cp">IN-01</codigo>
        </campoAplicacao>
        <campoAplicacao>
          <codigo inid="Cp">ME-02</codigo>
        </campoAplicacao>
        <campoAplicacao>
          <codigo inid="Cp">MT-06</codigo>
        </campoAplicacao>
        <campoAplicacao>
          <codigo inid="Cp">SD-02</codigo>
        </campoAplicacao>
      </campoAplicacaoLista>
      <linguagemLista>
        <linguagem inid="Lg">JAVA</linguagem>
        <linguagem inid="Lg">MYSQL</linguagem>
        <linguagem inid="Lg">R</linguagem>
      </linguagemLista>
      <tipoProgramaLista>
        <tipoPrograma>
          <codigo inid="Tp">AP-01</codigo>
        </tipoPrograma>
        <tipoPrograma>
          <codigo inid="Tp">AP-02</codigo>
        </tipoPrograma>
        <tipoPrograma>
          <codigo inid="Tp">AP-03</codigo>
        </tipoPrograma>
        <tipoPrograma>
          <codigo inid="Tp">AT-06</codigo>
        </tipoPrograma>
        <tipoPrograma>
          <codigo inid="Tp">AV-01</codigo>
        </tipoPrograma>
        <tipoPrograma>
          <codigo inid="Tp">CT-03</codigo>
        </tipoPrograma>
        <tipoPrograma>
          <codigo inid="Tp">GI-01</codigo>
        </tipoPrograma>
        <tipoPrograma>
          <codigo inid="Tp">GI-02</codigo>
        </tipoPrograma>
        <tipoPrograma>
          <codigo inid="Tp">IA-02</codigo>
        </tipoPrograma>
        <tipoPrograma>
          <codigo inid="Tp">SM-01</codigo>
        </tipoPrograma>
        <tipoPrograma>
          <codigo inid="Tp">SO-02</codigo>
        </tipoPrograma>
        <tipoPrograma>
          <codigo inid="Tp">TC-02</codigo>
        </tipoPrograma>
      </tipoProgramaLista>
      <titularLista>
        <titular sequencia="1" inid="73">
          <nome>PAULO RENATO ALVES FIRMINO</nome>
        </titular>
      </titularLista>
      <criadorLista>
        <criador sequencia="1" inid="Cr">
          <nome>ANA RUTE BATISTA PEREIRA</nome>
        </criador>
        <criador sequencia="2" inid="Cr">
          <nome>PAULO RENATO ALVES FIRMINO</nome>
        </criador>
        <criador sequencia="3" inid="Cr">
          <nome>RUBENS OLIVEIRA DA CUNHA JÚNIOR</nome>
        </criador>
        <criador sequencia="4" inid="Cr">
          <nome>THIAGO LUIZ FREIRE RODRIGUES</nome>
        </criador>
      </criadorLista>
    </processo-programa>
  </despacho>
  <despacho>
    <codigo>730</codigo>
    <titulo>Expedição do Certificado de Registro</titulo>
    <processo-programa>
      <numero inid="Np">BR 51 2019 000434-5</numero>
      <titulo inid="54">METODOLOGIA DO MAPEAMENTO MATRICIAL DE CARREIRA - MMMC: Uma abordagem pelos processos internos da organização</titulo>
      <dataCriacao inid="Dl">01/02/2019</dataCriacao>
      <campoAplicacaoLista>
        <campoAplicacao>
          <codigo inid="Cp">AD-01</codigo>
        </campoAplicacao>
        <campoAplicacao>
          <codigo inid="Cp">AD-03</codigo>
        </campoAplicacao>
        <campoAplicacao>
          <codigo inid="Cp">AD-07</codigo>
        </campoAplicacao>
        <campoAplicacao>
          <codigo inid="Cp">TB-02</codigo>
        </campoAplicacao>
        <campoAplicacao>
          <codigo inid="Cp">TB-03</codigo>
        </campoAplicacao>
        <campoAplicacao>
          <codigo inid="Cp">TB-05</codigo>
        </campoAplicacao>
      </campoAplicacaoLista>
      <linguagemLista>
        <linguagem inid="Lg">JAVA SCRIPT</linguagem>
        <linguagem inid="Lg">JQUERY</linguagem>
        <linguagem inid="Lg">MYSQL</linguagem>
        <linguagem inid="Lg">PHP</linguagem>
      </linguagemLista>
      <tipoProgramaLista>
        <tipoPrograma>
          <codigo inid="Tp">AP-02</codigo>
        </tipoPrograma>
        <tipoPrograma>
          <codigo inid="Tp">AP-03</codigo>
        </tipoPrograma>
        <tipoPrograma>
          <codigo inid="Tp">AV-01</codigo>
        </tipoPrograma>
        <tipoPrograma>
          <codigo inid="Tp">FA-01</codigo>
        </tipoPrograma>
        <tipoPrograma>
          <codigo inid="Tp">GI-01</codigo>
        </tipoPrograma>
        <tipoPrograma>
          <codigo inid="Tp">GI-04</codigo>
        </tipoPrograma>
        <tipoPrograma>
          <codigo inid="Tp">GI-07</codigo>
        </tipoPrograma>
      </tipoProgramaLista>
      <titularLista>
        <titular sequencia="1" inid="73">
          <nome>JOSÉ CARLOS SILVA DAMASCENO</nome>
        </titular>
        <titular sequencia="2" inid="73">
          <nome>SALARIOS WEB TECNOLOGIA DA INFORMACAO</nome>
        </titular>
      </titularLista>
      <criadorLista>
        <criador sequencia="1" inid="Cr">
          <nome>JOSÉ CARLOS SILVA DAMASCENO</nome>
        </criador>
      </criadorLista>
    </processo-programa>
  </despacho>
  <despacho>
    <codigo>730</codigo>
    <titulo>Expedição do Certificado de Registro</titulo>
    <processo-programa>
      <numero inid="Np">BR 51 2019 000436-1</numero>
      <titulo inid="54">Sistema de Apoio à Decisão Espacial para Acesso ao Atendimento de Condições Crônicas</titulo>
      <dataCriacao inid="Dl">22/10/2018</dataCriacao>
      <campoAplicacaoLista>
        <campoAplicacao>
          <codigo inid="Cp">AD-02</codigo>
        </campoAplicacao>
        <campoAplicacao>
          <codigo inid="Cp">IF-07</codigo>
        </campoAplicacao>
        <campoAplicacao>
          <codigo inid="Cp">SD-02</codigo>
        </campoAplicacao>
        <campoAplicacao>
          <codigo inid="Cp">SD-05</codigo>
        </campoAplicacao>
      </campoAplicacaoLista>
      <linguagemLista>
        <linguagem inid="Lg">JAVA</linguagem>
      </linguagemLista>
      <tipoProgramaLista>
        <tipoPrograma>
          <codigo inid="Tp">AP-01</codigo>
        </tipoPrograma>
        <tipoPrograma>
          <codigo inid="Tp">GI-01</codigo>
        </tipoPrograma>
      </tipoProgramaLista>
      <titularLista>
        <titular sequencia="1" inid="73">
          <nome>UNIVERSIDADE FEDERAL DA PARAIBA</nome>
        </titular>
      </titularLista>
      <criadorLista>
        <criador sequencia="1" inid="Cr">
          <nome>ANA TEREZA MEDEIROS CAVALCANTI DA SILVA</nome>
        </criador>
        <criador sequencia="2" inid="Cr">
          <nome>ELAINE ANITA SOARES</nome>
        </criador>
        <criador sequencia="3" inid="Cr">
          <nome>LILIANE DOS SANTOS MACHADO</nome>
        </criador>
        <criador sequencia="4" inid="Cr">
          <nome>MALU MICILLY PORFÍRIO SANTOS PINTO</nome>
        </criador>
        <criador sequencia="5" inid="Cr">
          <nome>RONEI MARCOS DE MORAES</nome>
        </criador>
        <criador sequencia="6" inid="Cr">
          <nome>SÉRGIO RIBEIRO DOS SANTOS</nome>
        </criador>
      </criadorLista>
    </processo-programa>
  </despacho>
  <despacho>
    <codigo>730</codigo>
    <titulo>Expedição do Certificado de Registro</titulo>
    <processo-programa>
      <numero inid="Np">BR 51 2019 000437-0</numero>
      <titulo inid="54">Grad Horario</titulo>
      <dataCriacao inid="Dl">22/06/2018</dataCriacao>
      <campoAplicacaoLista>
        <campoAplicacao>
          <codigo inid="Cp">ED-01</codigo>
        </campoAplicacao>
        <campoAplicacao>
          <codigo inid="Cp">ED-03</codigo>
        </campoAplicacao>
        <campoAplicacao>
          <codigo inid="Cp">ED-06</codigo>
        </campoAplicacao>
      </campoAplicacaoLista>
      <linguagemLista>
        <linguagem inid="Lg">JAVA</linguagem>
      </linguagemLista>
      <tipoProgramaLista>
        <tipoPrograma>
          <codigo inid="Tp">AT-01</codigo>
        </tipoPrograma>
        <tipoPrograma>
          <codigo inid="Tp">GI-01</codigo>
        </tipoPrograma>
        <tipoPrograma>
          <codigo inid="Tp">IA-01</codigo>
        </tipoPrograma>
      </tipoProgramaLista>
      <titularLista>
        <titular sequencia="1" inid="73">
          <nome>UNIVERSIDADE FEDERAL DOS VALES DO JEQUITINHONHA E MUCURI</nome>
        </titular>
      </titularLista>
      <criadorLista>
        <criador sequencia="1" inid="Cr">
          <nome>ALCINO DE OLIVEIRA COSTA NETO</nome>
        </criador>
        <criador sequencia="2" inid="Cr">
          <nome>RHAMON COUTO DE SOUZA</nome>
        </criador>
      </criadorLista>
    </processo-programa>
  </despacho>
  <despacho>
    <codigo>730</codigo>
    <titulo>Expedição do Certificado de Registro</titulo>
    <processo-programa>
      <numero inid="Np">BR 51 2019 000438-8</numero>
      <titulo inid="54">Geoplano PIX</titulo>
      <dataCriacao inid="Dl">01/12/2018</dataCriacao>
      <campoAplicacaoLista>
        <campoAplicacao>
          <codigo inid="Cp">ED-01</codigo>
        </campoAplicacao>
        <campoAplicacao>
          <codigo inid="Cp">MT-03</codigo>
        </campoAplicacao>
      </campoAplicacaoLista>
      <linguagemLista>
        <linguagem inid="Lg">LUA</linguagem>
        <linguagem inid="Lg">OUTROS</linguagem>
      </linguagemLista>
      <tipoProgramaLista>
        <tipoPrograma>
          <codigo inid="Tp">ET-01</codigo>
        </tipoPrograma>
        <tipoPrograma>
          <codigo inid="Tp">ET-02</codigo>
        </tipoPrograma>
      </tipoProgramaLista>
      <titularLista>
        <titular sequencia="1" inid="73">
          <nome>UNIVERSIDADE FEDERAL DA PARAIBA</nome>
        </titular>
      </titularLista>
      <criadorLista>
        <criador sequencia="1" inid="Cr">
          <nome>DEYNNE DE ANDRADE SILVA</nome>
        </criador>
        <criador sequencia="2" inid="Cr">
          <nome>INGRID LUANA ALMEIDA DA SILVA</nome>
        </criador>
        <criador sequencia="3" inid="Cr">
          <nome>JOSÉ LAUCIANO FERREIRA DE ALMEIDA</nome>
        </criador>
        <criador sequencia="4" inid="Cr">
          <nome>LILIANE DOS SANTOS MACHADO</nome>
        </criador>
        <criador sequencia="5" inid="Cr">
          <nome>RONEI MARCOS DE MORAES</nome>
        </criador>
      </criadorLista>
    </processo-programa>
  </despacho>
  <despacho>
    <codigo>730</codigo>
    <titulo>Expedição do Certificado de Registro</titulo>
    <processo-programa>
      <numero inid="Np">BR 51 2019 000439-6</numero>
      <titulo inid="54">NOVA Banca</titulo>
      <dataCriacao inid="Dl">21/08/2018</dataCriacao>
      <campoAplicacaoLista>
        <campoAplicacao>
          <codigo inid="Cp">ED-01</codigo>
        </campoAplicacao>
        <campoAplicacao>
          <codigo inid="Cp">ED-03</codigo>
        </campoAplicacao>
        <campoAplicacao>
          <codigo inid="Cp">ED-06</codigo>
        </campoAplicacao>
      </campoAplicacaoLista>
      <linguagemLista>
        <linguagem inid="Lg">JAVA</linguagem>
      </linguagemLista>
      <tipoProgramaLista>
        <tipoPrograma>
          <codigo inid="Tp">AT-01</codigo>
        </tipoPrograma>
        <tipoPrograma>
          <codigo inid="Tp">GI-01</codigo>
        </tipoPrograma>
        <tipoPrograma>
          <codigo inid="Tp">IA-01</codigo>
        </tipoPrograma>
      </tipoProgramaLista>
      <titularLista>
        <titular sequencia="1" inid="73">
          <nome>UNIVERSIDADE FEDERAL DOS VALES DO JEQUITINHONHA E MUCURI</nome>
        </titular>
      </titularLista>
      <criadorLista>
        <criador sequencia="1" inid="Cr">
          <nome>ALCINO DE OLIVEIRA COSTA NETO</nome>
        </criador>
        <criador sequencia="2" inid="Cr">
          <nome>DANIEL MORAES SANTOS</nome>
        </criador>
        <criador sequencia="3" inid="Cr">
          <nome>RHAMON COUTO DE SOUZA</nome>
        </criador>
      </criadorLista>
    </processo-programa>
  </despacho>
  <despacho>
    <codigo>730</codigo>
    <titulo>Expedição do Certificado de Registro</titulo>
    <processo-programa>
      <numero inid="Np">BR 51 2019 000440-0</numero>
      <titulo inid="54">Válvula_de_Controle_v.10</titulo>
      <dataCriacao inid="Dl">25/02/2019</dataCriacao>
      <campoAplicacaoLista>
        <campoAplicacao>
          <codigo inid="Cp">IN-03</codigo>
        </campoAplicacao>
      </campoAplicacaoLista>
      <linguagemLista>
        <linguagem inid="Lg">OUTROS</linguagem>
      </linguagemLista>
      <tipoProgramaLista>
        <tipoPrograma>
          <codigo inid="Tp">TC-01</codigo>
        </tipoPrograma>
      </tipoProgramaLista>
      <titularLista>
        <titular sequencia="1" inid="73">
          <nome>UNIVERSIDADE FEDERAL DA PARAIBA</nome>
        </titular>
      </titularLista>
      <criadorLista>
        <criador sequencia="1" inid="Cr">
          <nome>FLAVIO HONORATO DA SILVA</nome>
        </criador>
        <criador sequencia="2" inid="Cr">
          <nome>JADER MARTINS MARQUES</nome>
        </criador>
        <criador sequencia="3" inid="Cr">
          <nome>JOSILENE DE ASSIS CAVALCANTE</nome>
        </criador>
        <criador sequencia="4" inid="Cr">
          <nome>NAGEL ALVES COSTA</nome>
        </criador>
      </criadorLista>
    </processo-programa>
  </despacho>
  <despacho>
    <codigo>730</codigo>
    <titulo>Expedição do Certificado de Registro</titulo>
    <processo-programa>
      <numero inid="Np">BR 51 2019 000441-8</numero>
      <titulo inid="54">Assistente de Cena de Crime - ACC</titulo>
      <dataCriacao inid="Dl">16/05/2018</dataCriacao>
      <campoAplicacaoLista>
        <campoAplicacao>
          <codigo inid="Cp">SV-01</codigo>
        </campoAplicacao>
      </campoAplicacaoLista>
      <linguagemLista>
        <linguagem inid="Lg">JAVA</linguagem>
        <linguagem inid="Lg">OUTROS</linguagem>
      </linguagemLista>
      <tipoProgramaLista>
        <tipoPrograma>
          <codigo inid="Tp">AP-01</codigo>
        </tipoPrograma>
      </tipoProgramaLista>
      <titularLista>
        <titular sequencia="1" inid="73">
          <nome>UNIVERSIDADE FEDERAL DO RIO GRANDE DO NORTE</nome>
        </titular>
      </titularLista>
      <criadorLista>
        <criador sequencia="1" inid="Cr">
          <nome>EIJI ADACHI MEDEIROS BARBOSA</nome>
        </criador>
        <criador sequencia="2" inid="Cr">
          <nome>FREDERICO ARAÚJO DA SILVA LOPES</nome>
        </criador>
        <criador sequencia="3" inid="Cr">
          <nome>GABRIELA MAMERI TINOCO</nome>
        </criador>
        <criador sequencia="4" inid="Cr">
          <nome>JONAS JORDÃO DE MACÊDO</nome>
        </criador>
        <criador sequencia="5" inid="Cr">
          <nome>JOSÉ ALEX MEDEIROS DE LIMA</nome>
        </criador>
        <criador sequencia="6" inid="Cr">
          <nome>MATEUS ANTONIO ASSIS AMORIM</nome>
        </criador>
        <criador sequencia="7" inid="Cr">
          <nome>NÉLIO ALESSANDRO AZEVEDO CACHO</nome>
        </criador>
        <criador sequencia="8" inid="Cr">
          <nome>RAFAEL SOARES RIBEIRO</nome>
        </criador>
      </criadorLista>
    </processo-programa>
  </despacho>
  <despacho>
    <codigo>730</codigo>
    <titulo>Expedição do Certificado de Registro</titulo>
    <processo-programa>
      <numero inid="Np">BR 51 2019 000442-6</numero>
      <titulo inid="54">Sistema de gestão de atividades complementares para cursos de ensino superior</titulo>
      <dataCriacao inid="Dl">01/08/2018</dataCriacao>
      <campoAplicacaoLista>
        <campoAplicacao>
          <codigo inid="Cp">ED-03</codigo>
        </campoAplicacao>
      </campoAplicacaoLista>
      <linguagemLista>
        <linguagem inid="Lg">CSS</linguagem>
        <linguagem inid="Lg">HTML</linguagem>
        <linguagem inid="Lg">JAVA SCRIPT</linguagem>
      </linguagemLista>
      <tipoProgramaLista>
        <tipoPrograma>
          <codigo inid="Tp">AP-01</codigo>
        </tipoPrograma>
      </tipoProgramaLista>
      <titularLista>
        <titular sequencia="1" inid="73">
          <nome>CARLOS ALEXANDRE GOUVEA DA SILVA</nome>
        </titular>
      </titularLista>
      <criadorLista>
        <criador sequencia="1" inid="Cr">
          <nome>CARLOS ALEXANDRE GOUVEA DA SILVA</nome>
        </criador>
        <criador sequencia="2" inid="Cr">
          <nome>LUIZ HENRIQUE CORREIA</nome>
        </criador>
        <criador sequencia="3" inid="Cr">
          <nome>PATRICK GONÇALVES DE LIMA</nome>
        </criador>
      </criadorLista>
    </processo-programa>
  </despacho>
  <despacho>
    <codigo>730</codigo>
    <titulo>Expedição do Certificado de Registro</titulo>
    <processo-programa>
      <numero inid="Np">BR 51 2019 000443-4</numero>
      <titulo inid="54">Gerenciamento do Fornecimento de Água e Detecção de Vazamento</titulo>
      <dataCriacao inid="Dl">01/12/2018</dataCriacao>
      <campoAplicacaoLista>
        <campoAplicacao>
          <codigo inid="Cp">MA-02</codigo>
        </campoAplicacao>
        <campoAplicacao>
          <codigo inid="Cp">SM-04</codigo>
        </campoAplicacao>
      </campoAplicacaoLista>
      <linguagemLista>
        <linguagem inid="Lg">C++</linguagem>
      </linguagemLista>
      <tipoProgramaLista>
        <tipoPrograma>
          <codigo inid="Tp">GI-01</codigo>
        </tipoPrograma>
        <tipoPrograma>
          <codigo inid="Tp">IT-02</codigo>
        </tipoPrograma>
        <tipoPrograma>
          <codigo inid="Tp">SO-07</codigo>
        </tipoPrograma>
      </tipoProgramaLista>
      <titularLista>
        <titular sequencia="1" inid="73">
          <nome>FUNDAÇÃO UNIVERSIDADE DE BRASILIA</nome>
        </titular>
      </titularLista>
      <criadorLista>
        <criador sequencia="1" inid="Cr">
          <nome>MARIO OLAVO MAGNO DE CARVALHO</nome>
        </criador>
      </criadorLista>
    </processo-programa>
  </despacho>
  <despacho>
    <codigo>730</codigo>
    <titulo>Expedição do Certificado de Registro</titulo>
    <processo-programa>
      <numero inid="Np">BR 51 2019 000444-2</numero>
      <titulo inid="54">Ferramenta para Seleção do Tipo de Condensação em Sistemas de Água Gelada</titulo>
      <dataCriacao inid="Dl">03/12/2018</dataCriacao>
      <campoAplicacaoLista>
        <campoAplicacao>
          <codigo inid="Cp">IN-03</codigo>
        </campoAplicacao>
      </campoAplicacaoLista>
      <linguagemLista>
        <linguagem inid="Lg">EXCEL</linguagem>
      </linguagemLista>
      <tipoProgramaLista>
        <tipoPrograma>
          <codigo inid="Tp">FA-03</codigo>
        </tipoPrograma>
      </tipoProgramaLista>
      <titularLista>
        <titular sequencia="1" inid="73">
          <nome>FUNDAÇÃO UNIVERSIDADE DE BRASILIA</nome>
        </titular>
      </titularLista>
      <criadorLista>
        <criador sequencia="1" inid="Cr">
          <nome>JOÃO MANOEL DIAS PIMENTA</nome>
        </criador>
        <criador sequencia="2" inid="Cr">
          <nome>LEONIDAS BARBOSA DA SILVA JÚNIOR</nome>
        </criador>
        <criador sequencia="3" inid="Cr">
          <nome>LUCAS REBELLO MOREIRA</nome>
        </criador>
      </criadorLista>
    </processo-programa>
  </despacho>
  <despacho>
    <codigo>730</codigo>
    <titulo>Expedição do Certificado de Registro</titulo>
    <processo-programa>
      <numero inid="Np">BR 51 2019 000445-0</numero>
      <titulo inid="54">i-event</titulo>
      <dataCriacao inid="Dl">06/12/2018</dataCriacao>
      <campoAplicacaoLista>
        <campoAplicacao>
          <codigo inid="Cp">AD-05</codigo>
        </campoAplicacao>
      </campoAplicacaoLista>
      <linguagemLista>
        <linguagem inid="Lg">CSS</linguagem>
        <linguagem inid="Lg">HTML</linguagem>
        <linguagem inid="Lg">OUTROS</linguagem>
      </linguagemLista>
      <tipoProgramaLista>
        <tipoPrograma>
          <codigo inid="Tp">AP-01</codigo>
        </tipoPrograma>
      </tipoProgramaLista>
      <titularLista>
        <titular sequencia="1" inid="73">
          <nome>FUNDAÇÃO UNIVERSIDADE DE BRASILIA</nome>
        </titular>
      </titularLista>
      <criadorLista>
        <criador sequencia="1" inid="Cr">
          <nome>AMANDA VELOSO MAINEL</nome>
        </criador>
        <criador sequencia="2" inid="Cr">
          <nome>ANANDA SILVEIRA DANTAS</nome>
        </criador>
        <criador sequencia="3" inid="Cr">
          <nome>BRUNO MARQUES DE PAULA</nome>
        </criador>
        <criador sequencia="4" inid="Cr">
          <nome>GUILHERME VICTOR RAMALHO NATAL</nome>
        </criador>
        <criador sequencia="5" inid="Cr">
          <nome>JORGE LUÍS BARRETO PEREIRA</nome>
        </criador>
        <criador sequencia="6" inid="Cr">
          <nome>LUCIANA FARIA VELOSO</nome>
        </criador>
        <criador sequencia="7" inid="Cr">
          <nome>ROBERTO CASSEMIRO ALVES</nome>
        </criador>
        <criador sequencia="8" inid="Cr">
          <nome>SANDERSON CÉSAR MACÊDO BARBALHO</nome>
        </criador>
        <criador sequencia="9" inid="Cr">
          <nome>VINICIUS FRAGA MODESTO</nome>
        </criador>
      </criadorLista>
    </processo-programa>
  </despacho>
  <despacho>
    <codigo>730</codigo>
    <titulo>Expedição do Certificado de Registro</titulo>
    <processo-programa>
      <numero inid="Np">BR 51 2019 000446-9</numero>
      <titulo inid="54">OBAMA - Objetos de Aprendizagem para Matemática</titulo>
      <dataCriacao inid="Dl">01/08/2013</dataCriacao>
      <campoAplicacaoLista>
        <campoAplicacao>
          <codigo inid="Cp">ED-04</codigo>
        </campoAplicacao>
      </campoAplicacaoLista>
      <linguagemLista>
        <linguagem inid="Lg">CSS</linguagem>
        <linguagem inid="Lg">HTML</linguagem>
        <linguagem inid="Lg">JAVA</linguagem>
        <linguagem inid="Lg">JAVA SCRIPT</linguagem>
      </linguagemLista>
      <tipoProgramaLista>
        <tipoPrograma>
          <codigo inid="Tp">FA-01</codigo>
        </tipoPrograma>
      </tipoProgramaLista>
      <titularLista>
        <titular sequencia="1" inid="73">
          <nome>UNIVERSIDADE ESTADUAL DO CEARÁ</nome>
        </titular>
        <titular sequencia="2" inid="73">
          <nome>UNIVERSIDADE FEDERAL DO RIO GRANDE DO NORTE</nome>
        </titular>
      </titularLista>
      <criadorLista>
        <criador sequencia="1" inid="Cr">
          <nome>AMANDA MARIA DOMINGOS DE OLIVEIRA</nome>
        </criador>
        <criador sequencia="2" inid="Cr">
          <nome>ANA CLÁUDIA NUNES SILVA</nome>
        </criador>
        <criador sequencia="3" inid="Cr">
          <nome>CLÉSIA JORDÂNIA NUNES DA COSTA</nome>
        </criador>
        <criador sequencia="4" inid="Cr">
          <nome>DANILO DO CARMO DE SOUZA</nome>
        </criador>
        <criador sequencia="5" inid="Cr">
          <nome>DENNYS LEITE MAIA</nome>
        </criador>
        <criador sequencia="6" inid="Cr">
          <nome>DÉBORA KAROLINE SILVA DE AZEVEDO</nome>
        </criador>
        <criador sequencia="7" inid="Cr">
          <nome>DÉBORA KAROLINE SILVA DE AZEVEDO</nome>
        </criador>
        <criador sequencia="8" inid="Cr">
          <nome>ELVIS MEDEIROS DE MELO</nome>
        </criador>
        <criador sequencia="9" inid="Cr">
          <nome>FRANCISCA WELLINGDA LEAL DA SILVA</nome>
        </criador>
        <criador sequencia="10" inid="Cr">
          <nome>JOSERLENE LIMA PINHEIRO</nome>
        </criador>
        <criador sequencia="11" inid="Cr">
          <nome>MARCILIA CHAGAS BARRETO</nome>
        </criador>
        <criador sequencia="12" inid="Cr">
          <nome>MARIA LUZIENE DA SILVA AZEVEDO BANDEIRA</nome>
        </criador>
        <criador sequencia="13" inid="Cr">
          <nome>NASSARA MAIA CABRAL CARDOSO GOMES</nome>
        </criador>
        <criador sequencia="14" inid="Cr">
          <nome>NELSON ION DE OLIVEIRA</nome>
        </criador>
        <criador sequencia="15" inid="Cr">
          <nome>PAULO CÉSAR DA SILVA BATISTA</nome>
        </criador>
        <criador sequencia="16" inid="Cr">
          <nome>RODOLFO ARAÚJO DE CARVALHO</nome>
        </criador>
        <criador sequencia="17" inid="Cr">
          <nome>RODRIGO RODRIGUES MELO DE LIMA</nome>
        </criador>
        <criador sequencia="18" inid="Cr">
          <nome>SAMUEL DANTAS BATISTA</nome>
        </criador>
        <criador sequencia="19" inid="Cr">
          <nome>DENNYS LEITE MAIA</nome>
        </criador>
        <criador sequencia="20" inid="Cr">
          <nome>DÉBORA KAROLINE SILVA DE AZEVEDO</nome>
        </criador>
        <criador sequencia="21" inid="Cr">
          <nome>DÉBORA KAROLINE SILVA DE AZEVEDO</nome>
        </criador>
        <criador sequencia="22" inid="Cr">
          <nome>DÉBORA KAROLINE SILVA DE AZEVEDO</nome>
        </criador>
        <criador sequencia="23" inid="Cr">
          <nome>DÉBORA KAROLINE SILVA DE AZEVEDO</nome>
        </criador>
      </criadorLista>
    </processo-programa>
  </despacho>
  <despacho>
    <codigo>730</codigo>
    <titulo>Expedição do Certificado de Registro</titulo>
    <processo-programa>
      <numero inid="Np">BR 51 2019 000447-7</numero>
      <titulo inid="54">DERIVADAS QUIZ</titulo>
      <dataCriacao inid="Dl">09/02/2018</dataCriacao>
      <campoAplicacaoLista>
        <campoAplicacao>
          <codigo inid="Cp">ED-01</codigo>
        </campoAplicacao>
        <campoAplicacao>
          <codigo inid="Cp">MT-05</codigo>
        </campoAplicacao>
      </campoAplicacaoLista>
      <linguagemLista>
        <linguagem inid="Lg">C#</linguagem>
        <linguagem inid="Lg">UNITY</linguagem>
      </linguagemLista>
      <tipoProgramaLista>
        <tipoPrograma>
          <codigo inid="Tp">AP-01</codigo>
        </tipoPrograma>
        <tipoPrograma>
          <codigo inid="Tp">ET-02</codigo>
        </tipoPrograma>
      </tipoProgramaLista>
      <titularLista>
        <titular sequencia="1" inid="73">
          <nome>UNIVERSIDADE TECNOLOGICA FEDERAL DO PARANA</nome>
        </titular>
      </titularLista>
      <criadorLista>
        <criador sequencia="1" inid="Cr">
          <nome>ADRIELE CAROLINI WAIDEMAN</nome>
        </criador>
        <criador sequencia="2" inid="Cr">
          <nome>CLAUDETE CARGIN</nome>
        </criador>
        <criador sequencia="3" inid="Cr">
          <nome>LETÍCIA MAZZO PORTELA</nome>
        </criador>
      </criadorLista>
    </processo-programa>
  </despacho>
  <despacho>
    <codigo>730</codigo>
    <titulo>Expedição do Certificado de Registro</titulo>
    <processo-programa>
      <numero inid="Np">BR 51 2019 000448-5</numero>
      <titulo inid="54">Sun Sentinel</titulo>
      <dataCriacao inid="Dl">30/06/2018</dataCriacao>
      <campoAplicacaoLista>
        <campoAplicacao>
          <codigo inid="Cp">ED-03</codigo>
        </campoAplicacao>
        <campoAplicacao>
          <codigo inid="Cp">EN-01</codigo>
        </campoAplicacao>
        <campoAplicacao>
          <codigo inid="Cp">IN-02</codigo>
        </campoAplicacao>
      </campoAplicacaoLista>
      <linguagemLista>
        <linguagem inid="Lg">C++</linguagem>
        <linguagem inid="Lg">JAVA</linguagem>
      </linguagemLista>
      <tipoProgramaLista>
        <tipoPrograma>
          <codigo inid="Tp">AP-01</codigo>
        </tipoPrograma>
        <tipoPrograma>
          <codigo inid="Tp">FA-01</codigo>
        </tipoPrograma>
        <tipoPrograma>
          <codigo inid="Tp">TC-01</codigo>
        </tipoPrograma>
      </tipoProgramaLista>
      <titularLista>
        <titular sequencia="1" inid="73">
          <nome>INSTITUTO FEDERAL DE EDUCAÇÃO, CIÊNCIA E TECNOLOGIA DE MATO GROSSO DO SUL</nome>
        </titular>
      </titularLista>
      <criadorLista>
        <criador sequencia="1" inid="Cr">
          <nome>BLENDHA APARECIDA DA SILVA VILALVA</nome>
        </criador>
        <criador sequencia="2" inid="Cr">
          <nome>MARCIO CARNEIRO BRITO PACHE</nome>
        </criador>
        <criador sequencia="3" inid="Cr">
          <nome>MARRONY GONÇALVES PIRES DOS SANTOS</nome>
        </criador>
      </criadorLista>
    </processo-programa>
  </despacho>
  <despacho>
    <codigo>730</codigo>
    <titulo>Expedição do Certificado de Registro</titulo>
    <processo-programa>
      <numero inid="Np">BR 51 2019 000449-3</numero>
      <titulo inid="54">Argow</titulo>
      <dataCriacao inid="Dl">12/06/2003</dataCriacao>
      <campoAplicacaoLista>
        <campoAplicacao>
          <codigo inid="Cp">IF-10</codigo>
        </campoAplicacao>
      </campoAplicacaoLista>
      <linguagemLista>
        <linguagem inid="Lg">C#</linguagem>
        <linguagem inid="Lg">PASCAL</linguagem>
      </linguagemLista>
      <tipoProgramaLista>
        <tipoPrograma>
          <codigo inid="Tp">AP-01</codigo>
        </tipoPrograma>
        <tipoPrograma>
          <codigo inid="Tp">DS-01</codigo>
        </tipoPrograma>
        <tipoPrograma>
          <codigo inid="Tp">DS-02</codigo>
        </tipoPrograma>
        <tipoPrograma>
          <codigo inid="Tp">DS-03</codigo>
        </tipoPrograma>
        <tipoPrograma>
          <codigo inid="Tp">DS-04</codigo>
        </tipoPrograma>
        <tipoPrograma>
          <codigo inid="Tp">DS-05</codigo>
        </tipoPrograma>
        <tipoPrograma>
          <codigo inid="Tp">GI-01</codigo>
        </tipoPrograma>
        <tipoPrograma>
          <codigo inid="Tp">GI-02</codigo>
        </tipoPrograma>
        <tipoPrograma>
          <codigo inid="Tp">GI-03</codigo>
        </tipoPrograma>
        <tipoPrograma>
          <codigo inid="Tp">GI-04</codigo>
        </tipoPrograma>
        <tipoPrograma>
          <codigo inid="Tp">GI-05</codigo>
        </tipoPrograma>
        <tipoPrograma>
          <codigo inid="Tp">GI-06</codigo>
        </tipoPrograma>
        <tipoPrograma>
          <codigo inid="Tp">LG-07</codigo>
        </tipoPrograma>
        <tipoPrograma>
          <codigo inid="Tp">PD-05</codigo>
        </tipoPrograma>
      </tipoProgramaLista>
      <titularLista>
        <titular sequencia="1" inid="73">
          <nome>SOFTWARE ATELIER LTDA.</nome>
        </titular>
      </titularLista>
      <criadorLista>
        <criador sequencia="1" inid="Cr">
          <nome>MIGUEL J A GASTELUMENDI DARGENT</nome>
        </criador>
      </criadorLista>
    </processo-programa>
  </despacho>
  <despacho>
    <codigo>730</codigo>
    <titulo>Expedição do Certificado de Registro</titulo>
    <processo-programa>
      <numero inid="Np">BR 51 2019 000450-7</numero>
      <titulo inid="54">Sectin-Contour - Perfilografia de secções de peças fabricadas por processos mecânicos (a arco elétrico e outros)</titulo>
      <dataCriacao inid="Dl">19/02/2019</dataCriacao>
      <campoAplicacaoLista>
        <campoAplicacao>
          <codigo inid="Cp">IN-01</codigo>
        </campoAplicacao>
        <campoAplicacao>
          <codigo inid="Cp">IN-02</codigo>
        </campoAplicacao>
        <campoAplicacao>
          <codigo inid="Cp">IN-03</codigo>
        </campoAplicacao>
        <campoAplicacao>
          <codigo inid="Cp">IN-05</codigo>
        </campoAplicacao>
      </campoAplicacaoLista>
      <linguagemLista>
        <linguagem inid="Lg">MATLAB</linguagem>
      </linguagemLista>
      <tipoProgramaLista>
        <tipoPrograma>
          <codigo inid="Tp">AT-06</codigo>
        </tipoPrograma>
        <tipoPrograma>
          <codigo inid="Tp">FA-01</codigo>
        </tipoPrograma>
        <tipoPrograma>
          <codigo inid="Tp">TC-01</codigo>
        </tipoPrograma>
        <tipoPrograma>
          <codigo inid="Tp">TC-04</codigo>
        </tipoPrograma>
      </tipoProgramaLista>
      <titularLista>
        <titular sequencia="1" inid="73">
          <nome>UNIVERSIDADE FEDERAL DE UBERLÂNDIA</nome>
        </titular>
      </titularLista>
      <criadorLista>
        <criador sequencia="1" inid="Cr">
          <nome>DOUGLAS BEZERRA DE ARAÚJO</nome>
        </criador>
        <criador sequencia="2" inid="Cr">
          <nome>LEANDRO JOÃO DA SILVA</nome>
        </criador>
        <criador sequencia="3" inid="Cr">
          <nome>RUHAM PABLO REIS</nome>
        </criador>
      </criadorLista>
    </processo-programa>
  </despacho>
  <despacho>
    <codigo>730</codigo>
    <titulo>Expedição do Certificado de Registro</titulo>
    <processo-programa>
      <numero inid="Np">BR 51 2019 000451-5</numero>
      <titulo inid="54">Construindo Vocabulário UTFPR Pato Branco</titulo>
      <dataCriacao inid="Dl">01/06/2016</dataCriacao>
      <campoAplicacaoLista>
        <campoAplicacao>
          <codigo inid="Cp">CO-03</codigo>
        </campoAplicacao>
        <campoAplicacao>
          <codigo inid="Cp">ED-04</codigo>
        </campoAplicacao>
      </campoAplicacaoLista>
      <linguagemLista>
        <linguagem inid="Lg">CSS</linguagem>
        <linguagem inid="Lg">HTML</linguagem>
        <linguagem inid="Lg">JAVA SCRIPT</linguagem>
        <linguagem inid="Lg">MYSQL</linguagem>
        <linguagem inid="Lg">PHP</linguagem>
      </linguagemLista>
      <tipoProgramaLista>
        <tipoPrograma>
          <codigo inid="Tp">GI-05</codigo>
        </tipoPrograma>
        <tipoPrograma>
          <codigo inid="Tp">TC-01</codigo>
        </tipoPrograma>
      </tipoProgramaLista>
      <titularLista>
        <titular sequencia="1" inid="73">
          <nome>UNIVERSIDADE TECNOLOGICA FEDERAL DO PARANA</nome>
        </titular>
      </titularLista>
      <criadorLista>
        <criador sequencia="1" inid="Cr">
          <nome>CRISTINA SPOHR REIS</nome>
        </criador>
        <criador sequencia="2" inid="Cr">
          <nome>LUIZ FERNANDO PUTTOW SOUTHIER</nome>
        </criador>
        <criador sequencia="3" inid="Cr">
          <nome>MÁRCIO ALEXANDRE DE OLIVEIRA REIS</nome>
        </criador>
      </criadorLista>
    </processo-programa>
  </despacho>
  <despacho>
    <codigo>730</codigo>
    <titulo>Expedição do Certificado de Registro</titulo>
    <processo-programa>
      <numero inid="Np">BR 51 2019 000452-3</numero>
      <titulo inid="54">LETANOS</titulo>
      <dataCriacao inid="Dl">22/08/2018</dataCriacao>
      <campoAplicacaoLista>
        <campoAplicacao>
          <codigo inid="Cp">ED-04</codigo>
        </campoAplicacao>
      </campoAplicacaoLista>
      <linguagemLista>
        <linguagem inid="Lg">CSS</linguagem>
        <linguagem inid="Lg">DJANGO</linguagem>
        <linguagem inid="Lg">HTML</linguagem>
        <linguagem inid="Lg">JAVA SCRIPT</linguagem>
        <linguagem inid="Lg">JQUERY</linguagem>
        <linguagem inid="Lg">JSON</linguagem>
        <linguagem inid="Lg">POSTGREE SQL</linguagem>
        <linguagem inid="Lg">PYTHON</linguagem>
      </linguagemLista>
      <tipoProgramaLista>
        <tipoPrograma>
          <codigo inid="Tp">TI-01</codigo>
        </tipoPrograma>
      </tipoProgramaLista>
      <titularLista>
        <titular sequencia="1" inid="73">
          <nome>FUNDAÇÃO UNIVERSIDADE FEDERAL DO TOCANTINS</nome>
        </titular>
      </titularLista>
      <criadorLista>
        <criador sequencia="1" inid="Cr">
          <nome>ANDRÉ BARCELOS SILVA</nome>
        </criador>
        <criador sequencia="2" inid="Cr">
          <nome>DAVID NADLER PRATA</nome>
        </criador>
        <criador sequencia="3" inid="Cr">
          <nome>PATRICK LETOUZE MOREIRA</nome>
        </criador>
      </criadorLista>
    </processo-programa>
  </despacho>
  <despacho>
    <codigo>730</codigo>
    <titulo>Expedição do Certificado de Registro</titulo>
    <processo-programa>
      <numero inid="Np">BR 51 2019 000453-1</numero>
      <titulo inid="54">Framework para prospecção de potencialidades de inovação para Instituto Federal</titulo>
      <dataCriacao inid="Dl">18/02/2019</dataCriacao>
      <campoAplicacaoLista>
        <campoAplicacao>
          <codigo inid="Cp">AD-02</codigo>
        </campoAplicacao>
        <campoAplicacao>
          <codigo inid="Cp">IF-02</codigo>
        </campoAplicacao>
        <campoAplicacao>
          <codigo inid="Cp">IF-09</codigo>
        </campoAplicacao>
      </campoAplicacaoLista>
      <linguagemLista>
        <linguagem inid="Lg">PYTHON</linguagem>
      </linguagemLista>
      <tipoProgramaLista>
        <tipoPrograma>
          <codigo inid="Tp">AP-02</codigo>
        </tipoPrograma>
        <tipoPrograma>
          <codigo inid="Tp">GI-01</codigo>
        </tipoPrograma>
        <tipoPrograma>
          <codigo inid="Tp">SO-04</codigo>
        </tipoPrograma>
      </tipoProgramaLista>
      <titularLista>
        <titular sequencia="1" inid="73">
          <nome>INSTITUTO FEDERAL DE EDUCACAO, CIENCIA E TECNOLOGIA FARROUPILHA</nome>
        </titular>
      </titularLista>
      <criadorLista>
        <criador sequencia="1" inid="Cr">
          <nome>CINARA EWERLING DA ROSA</nome>
        </criador>
        <criador sequencia="2" inid="Cr">
          <nome>FABIO DINIZ ROSSI</nome>
        </criador>
      </criadorLista>
    </processo-programa>
  </despacho>
  <despacho>
    <codigo>730</codigo>
    <titulo>Expedição do Certificado de Registro</titulo>
    <processo-programa>
      <numero inid="Np">BR 51 2019 000454-0</numero>
      <titulo inid="54">Dicionário Multilíngue UTFPR Pato Branco</titulo>
      <dataCriacao inid="Dl">01/06/2016</dataCriacao>
      <campoAplicacaoLista>
        <campoAplicacao>
          <codigo inid="Cp">CO-03</codigo>
        </campoAplicacao>
        <campoAplicacao>
          <codigo inid="Cp">ED-04</codigo>
        </campoAplicacao>
      </campoAplicacaoLista>
      <linguagemLista>
        <linguagem inid="Lg">CSS</linguagem>
        <linguagem inid="Lg">HTML</linguagem>
        <linguagem inid="Lg">JAVA SCRIPT</linguagem>
        <linguagem inid="Lg">MYSQL</linguagem>
        <linguagem inid="Lg">PHP</linguagem>
      </linguagemLista>
      <tipoProgramaLista>
        <tipoPrograma>
          <codigo inid="Tp">GI-05</codigo>
        </tipoPrograma>
        <tipoPrograma>
          <codigo inid="Tp">TC-01</codigo>
        </tipoPrograma>
      </tipoProgramaLista>
      <titularLista>
        <titular sequencia="1" inid="73">
          <nome>UNIVERSIDADE TECNOLOGICA FEDERAL DO PARANA</nome>
        </titular>
      </titularLista>
      <criadorLista>
        <criador sequencia="1" inid="Cr">
          <nome>CRISTINA SPOHR REIS</nome>
        </criador>
        <criador sequencia="2" inid="Cr">
          <nome>LUIZ FERNANDO PUTTOW SOUTHIER</nome>
        </criador>
        <criador sequencia="3" inid="Cr">
          <nome>MÁRCIO ALEXANDRE DE OLIVEIRA REIS</nome>
        </criador>
      </criadorLista>
    </processo-programa>
  </despacho>
  <despacho>
    <codigo>730</codigo>
    <titulo>Expedição do Certificado de Registro</titulo>
    <processo-programa>
      <numero inid="Np">BR 51 2019 000455-8</numero>
      <titulo inid="54">AGHUSE - APLICATIVOS PARA GESTÃO HOSPITALAR</titulo>
      <dataCriacao inid="Dl">Não informado</dataCriacao>
      <campoAplicacaoLista>
        <campoAplicacao>
          <codigo inid="Cp">SD-02</codigo>
        </campoAplicacao>
        <campoAplicacao>
          <codigo inid="Cp">SD-05</codigo>
        </campoAplicacao>
      </campoAplicacaoLista>
      <linguagemLista>
        <linguagem inid="Lg">JAVA</linguagem>
      </linguagemLista>
      <tipoProgramaLista>
        <tipoPrograma>
          <codigo inid="Tp">AP-01</codigo>
        </tipoPrograma>
        <tipoPrograma>
          <codigo inid="Tp">PD-04</codigo>
        </tipoPrograma>
        <tipoPrograma>
          <codigo inid="Tp">PD-05</codigo>
        </tipoPrograma>
        <tipoPrograma>
          <codigo inid="Tp">TC-03</codigo>
        </tipoPrograma>
        <tipoPrograma>
          <codigo inid="Tp">TC-04</codigo>
        </tipoPrograma>
      </tipoProgramaLista>
      <titularLista>
        <titular sequencia="1" inid="73">
          <nome>HOSPITAL DE CLÍNICAS DE PORTO ALEGRE</nome>
        </titular>
      </titularLista>
      <criadorLista>
        <criador sequencia="1" inid="Cr">
          <nome>ALAN BARONIO MENEGOTTO</nome>
        </criador>
        <criador sequencia="2" inid="Cr">
          <nome>ANA CRISTINA TROIS ENDRES</nome>
        </criador>
        <criador sequencia="3" inid="Cr">
          <nome>ANDERSON NIEDERMAYER</nome>
        </criador>
        <criador sequencia="4" inid="Cr">
          <nome>ANDRE LUIZ MACHADO</nome>
        </criador>
        <criador sequencia="5" inid="Cr">
          <nome>ANDRE MENA AVILA 51-30296746 51-99842806</nome>
        </criador>
        <criador sequencia="6" inid="Cr">
          <nome>ANTONIO LUIZ FARIAS DA CRUZ</nome>
        </criador>
        <criador sequencia="7" inid="Cr">
          <nome>BELINI FAGUNDES DE MELLO - BMELLO@HCPA.EDU.BR</nome>
        </criador>
        <criador sequencia="8" inid="Cr">
          <nome>CARMELINDA ADRIANA ALBUQUERQUE MORAES</nome>
        </criador>
        <criador sequencia="9" inid="Cr">
          <nome>CLAUDIO FERNANDO VAGHETI</nome>
        </criador>
        <criador sequencia="10" inid="Cr">
          <nome>DANIEL CERQUEIRA</nome>
        </criador>
        <criador sequencia="11" inid="Cr">
          <nome>DANILO ROSA DOS SANTOS</nome>
        </criador>
        <criador sequencia="12" inid="Cr">
          <nome>DAYHENE ZAMBIASI BOEIRA</nome>
        </criador>
        <criador sequencia="13" inid="Cr">
          <nome>DEISE SILVA DE MOURA</nome>
        </criador>
        <criador sequencia="14" inid="Cr">
          <nome>DELMO MONTEIRO SCHEMES JUNIOR</nome>
        </criador>
        <criador sequencia="15" inid="Cr">
          <nome>DIEGO WEBER</nome>
        </criador>
        <criador sequencia="16" inid="Cr">
          <nome>EDSON RODRIGUES BICCA</nome>
        </criador>
        <criador sequencia="17" inid="Cr">
          <nome>FABIO ABRAMSON   51-99714959</nome>
        </criador>
        <criador sequencia="18" inid="Cr">
          <nome>FABIO ALVES DE LIMA</nome>
        </criador>
        <criador sequencia="19" inid="Cr">
          <nome>FABIO DA SILVA SANTANA</nome>
        </criador>
        <criador sequencia="20" inid="Cr">
          <nome>FABRICIO RODRIGUES OLIVEIRA</nome>
        </criador>
        <criador sequencia="21" inid="Cr">
          <nome>FELIPE MORAES CACCIA</nome>
        </criador>
        <criador sequencia="22" inid="Cr">
          <nome>FERNANDO LUTZ</nome>
        </criador>
        <criador sequencia="23" inid="Cr">
          <nome>FLAVIO SILVA RUTKOWSKI</nome>
        </criador>
        <criador sequencia="24" inid="Cr">
          <nome>FRED FINK</nome>
        </criador>
        <criador sequencia="25" inid="Cr">
          <nome>GABRIEL ALABARSE HERNANDEZ</nome>
        </criador>
        <criador sequencia="26" inid="Cr">
          <nome>GUILHERME MENDES PEREIRA</nome>
        </criador>
        <criador sequencia="27" inid="Cr">
          <nome>ISRAEL LOPES DOS SANTOS</nome>
        </criador>
        <criador sequencia="28" inid="Cr">
          <nome>JACK FARIA ROCHA</nome>
        </criador>
        <criador sequencia="29" inid="Cr">
          <nome>JACSON ANTONIO GARDIN CRAUSS</nome>
        </criador>
        <criador sequencia="30" inid="Cr">
          <nome>JAIME DE SOUZA DOS SANTOS</nome>
        </criador>
        <criador sequencia="31" inid="Cr">
          <nome>JANAINA RIBEIRO DE ALMEIDA</nome>
        </criador>
        <criador sequencia="32" inid="Cr">
          <nome>JARDEL GUGEL</nome>
        </criador>
        <criador sequencia="33" inid="Cr">
          <nome>JORGE HOSNI PEREIRA DE PEREIRA JUNIOR</nome>
        </criador>
        <criador sequencia="34" inid="Cr">
          <nome>LIZIANI SALETE ALLEGRETTI</nome>
        </criador>
        <criador sequencia="35" inid="Cr">
          <nome>LUCIA CAYE   LCAYE@HCPA.EDU.BR</nome>
        </criador>
        <criador sequencia="36" inid="Cr">
          <nome>LUCIANO RAMOS</nome>
        </criador>
        <criador sequencia="37" inid="Cr">
          <nome>LUIS HENRIQUE DA PAIXAO MUTTO</nome>
        </criador>
        <criador sequencia="38" inid="Cr">
          <nome>LUIZ FERNANDO BOHM</nome>
        </criador>
        <criador sequencia="39" inid="Cr">
          <nome>LUIZ MARCOS ZAMBONATO</nome>
        </criador>
        <criador sequencia="40" inid="Cr">
          <nome>MAIA SILVIA DA SILVA FREDRIKSSON</nome>
        </criador>
        <criador sequencia="41" inid="Cr">
          <nome>MARCELO DIETRICH</nome>
        </criador>
        <criador sequencia="42" inid="Cr">
          <nome>MARCIA INES MARASCA LAZZERI</nome>
        </criador>
        <criador sequencia="43" inid="Cr">
          <nome>MARIA LUIZA FALSARELLA MALVEZZI</nome>
        </criador>
        <criador sequencia="44" inid="Cr">
          <nome>MARIA TEREZA PONS</nome>
        </criador>
        <criador sequencia="45" inid="Cr">
          <nome>MARILIA BAVARESCO</nome>
        </criador>
        <criador sequencia="46" inid="Cr">
          <nome>MARINA DELAZZERI</nome>
        </criador>
        <criador sequencia="47" inid="Cr">
          <nome>MARLI SILVA GOULART</nome>
        </criador>
        <criador sequencia="48" inid="Cr">
          <nome>MATHEUS LORENZONI CRUZ</nome>
        </criador>
        <criador sequencia="49" inid="Cr">
          <nome>MATHEUS STECKERT PESSOA</nome>
        </criador>
        <criador sequencia="50" inid="Cr">
          <nome>MILENA DE AVILA PERES</nome>
        </criador>
        <criador sequencia="51" inid="Cr">
          <nome>MILENA GONCALVES PACHECO</nome>
        </criador>
        <criador sequencia="52" inid="Cr">
          <nome>NARA REGINA JARDIM ROQUE</nome>
        </criador>
        <criador sequencia="53" inid="Cr">
          <nome>NEY AMARAL CORREA FILHO</nome>
        </criador>
        <criador sequencia="54" inid="Cr">
          <nome>PAULA LUISA BROENSTRUP CORREA</nome>
        </criador>
        <criador sequencia="55" inid="Cr">
          <nome>PAULO HOFFMANN</nome>
        </criador>
        <criador sequencia="56" inid="Cr">
          <nome>PAULO RENATO DOS SANTOS NUNES</nome>
        </criador>
        <criador sequencia="57" inid="Cr">
          <nome>PAULO RICARDO DE FREITAS</nome>
        </criador>
        <criador sequencia="58" inid="Cr">
          <nome>PETER TSCHERDANTZEW NETO</nome>
        </criador>
        <criador sequencia="59" inid="Cr">
          <nome>RAFAEL HOMERCHER ROSA</nome>
        </criador>
        <criador sequencia="60" inid="Cr">
          <nome>REJANE BLOMBERG AUDY</nome>
        </criador>
        <criador sequencia="61" inid="Cr">
          <nome>RENATO FALSARELLA MARTINS MALVEZZI</nome>
        </criador>
        <criador sequencia="62" inid="Cr">
          <nome>RENATO GABBARDO</nome>
        </criador>
        <criador sequencia="63" inid="Cr">
          <nome>RENATO VACARO</nome>
        </criador>
        <criador sequencia="64" inid="Cr">
          <nome>RODRIGO DA ROCHA PACEK</nome>
        </criador>
        <criador sequencia="65" inid="Cr">
          <nome>RODRIGO HICKMANN</nome>
        </criador>
        <criador sequencia="66" inid="Cr">
          <nome>ROGERIO DA SILVA VIEIRA</nome>
        </criador>
        <criador sequencia="67" inid="Cr">
          <nome>ROGERIO SILVEIRA VAUCHER</nome>
        </criador>
        <criador sequencia="68" inid="Cr">
          <nome>RONALD SCHOLZ</nome>
        </criador>
        <criador sequencia="69" inid="Cr">
          <nome>ROSANE GASPAR PETTER</nome>
        </criador>
        <criador sequencia="70" inid="Cr">
          <nome>RUBENS CRISTIANO DIDONE DE SOUZA</nome>
        </criador>
        <criador sequencia="71" inid="Cr">
          <nome>SAULO CHAVES DE AQUINO</nome>
        </criador>
        <criador sequencia="72" inid="Cr">
          <nome>SILVIA REGINA GRALHA</nome>
        </criador>
        <criador sequencia="73" inid="Cr">
          <nome>SIMONE ROBERTA ANDEGLIERI</nome>
        </criador>
        <criador sequencia="74" inid="Cr">
          <nome>TATIANA REGINA RIGO</nome>
        </criador>
        <criador sequencia="75" inid="Cr">
          <nome>TIAGO ANDRES VAZ</nome>
        </criador>
        <criador sequencia="76" inid="Cr">
          <nome>TIAGO BERGMANN FELINI</nome>
        </criador>
        <criador sequencia="77" inid="Cr">
          <nome>TONI ISMAEL WICKERT</nome>
        </criador>
        <criador sequencia="78" inid="Cr">
          <nome>VALTER FERREIRA DA SILVA</nome>
        </criador>
        <criador sequencia="79" inid="Cr">
          <nome>WAGNER WALTER LEHMANN</nome>
        </criador>
        <criador sequencia="80" inid="Cr">
          <nome>YURI SILVA DE PAIVA</nome>
        </criador>
      </criadorLista>
    </processo-programa>
  </despacho>
  <despacho>
    <codigo>730</codigo>
    <titulo>Expedição do Certificado de Registro</titulo>
    <processo-programa>
      <numero inid="Np">BR 51 2019 000456-6</numero>
      <titulo inid="54">VITALMED MOBILE</titulo>
      <dataCriacao inid="Dl">01/07/2018</dataCriacao>
      <campoAplicacaoLista>
        <campoAplicacao>
          <codigo inid="Cp">SD-05</codigo>
        </campoAplicacao>
      </campoAplicacaoLista>
      <linguagemLista>
        <linguagem inid="Lg">OUTROS</linguagem>
      </linguagemLista>
      <tipoProgramaLista>
        <tipoPrograma>
          <codigo inid="Tp">AP-01</codigo>
        </tipoPrograma>
      </tipoProgramaLista>
      <titularLista>
        <titular sequencia="1" inid="73">
          <nome>VITALMED - SERVIÇOS DE EMERGÊNCIA MÉDICA LTDA</nome>
        </titular>
      </titularLista>
      <criadorLista>
        <criador sequencia="1" inid="Cr">
          <nome>JOÃO DANIEL QUEIROZ LIMA</nome>
        </criador>
      </criadorLista>
    </processo-programa>
  </despacho>
  <despacho>
    <codigo>730</codigo>
    <titulo>Expedição do Certificado de Registro</titulo>
    <processo-programa>
      <numero inid="Np">BR 51 2019 000457-4</numero>
      <titulo inid="54">MULTIPLIK</titulo>
      <dataCriacao inid="Dl">13/12/2016</dataCriacao>
      <campoAplicacaoLista>
        <campoAplicacao>
          <codigo inid="Cp">IF-01</codigo>
        </campoAplicacao>
        <campoAplicacao>
          <codigo inid="Cp">IN-01</codigo>
        </campoAplicacao>
        <campoAplicacao>
          <codigo inid="Cp">IN-05</codigo>
        </campoAplicacao>
      </campoAplicacaoLista>
      <linguagemLista>
        <linguagem inid="Lg">JAVA</linguagem>
        <linguagem inid="Lg">XML</linguagem>
      </linguagemLista>
      <tipoProgramaLista>
        <tipoPrograma>
          <codigo inid="Tp">AT-01</codigo>
        </tipoPrograma>
        <tipoPrograma>
          <codigo inid="Tp">AT-02</codigo>
        </tipoPrograma>
        <tipoPrograma>
          <codigo inid="Tp">AT-03</codigo>
        </tipoPrograma>
        <tipoPrograma>
          <codigo inid="Tp">AT-04</codigo>
        </tipoPrograma>
        <tipoPrograma>
          <codigo inid="Tp">AT-05</codigo>
        </tipoPrograma>
        <tipoPrograma>
          <codigo inid="Tp">AT-06</codigo>
        </tipoPrograma>
      </tipoProgramaLista>
      <titularLista>
        <titular sequencia="1" inid="73">
          <nome>MULTILASER INDUSTRIAL S.A.</nome>
        </titular>
      </titularLista>
      <criadorLista>
        <criador sequencia="1" inid="Cr">
          <nome>ALEXANDRE OSTROWIECKI</nome>
        </criador>
      </criadorLista>
    </processo-programa>
  </despacho>
  <despacho>
    <codigo>730</codigo>
    <titulo>Expedição do Certificado de Registro</titulo>
    <processo-programa>
      <numero inid="Np">BR 51 2019 000459-0</numero>
      <titulo inid="54">IDEATRIZ Ideation - Programa para a Geração de Idéias de Novos Produtos e Serviços</titulo>
      <dataCriacao inid="Dl">12/03/2019</dataCriacao>
      <campoAplicacaoLista>
        <campoAplicacao>
          <codigo inid="Cp">AD-06</codigo>
        </campoAplicacao>
        <campoAplicacao>
          <codigo inid="Cp">AD-10</codigo>
        </campoAplicacao>
        <campoAplicacao>
          <codigo inid="Cp">EC-07</codigo>
        </campoAplicacao>
      </campoAplicacaoLista>
      <linguagemLista>
        <linguagem inid="Lg">JAVA</linguagem>
      </linguagemLista>
      <tipoProgramaLista>
        <tipoPrograma>
          <codigo inid="Tp">AP-01</codigo>
        </tipoPrograma>
        <tipoPrograma>
          <codigo inid="Tp">FA-01</codigo>
        </tipoPrograma>
        <tipoPrograma>
          <codigo inid="Tp">SM-04</codigo>
        </tipoPrograma>
      </tipoProgramaLista>
      <titularLista>
        <titular sequencia="1" inid="73">
          <nome>GABRIEL VIEIRA RODRIGUES</nome>
        </titular>
        <titular sequencia="2" inid="73">
          <nome>MARCO AURÉLIO DE CARVALHO</nome>
        </titular>
      </titularLista>
      <criadorLista>
        <criador sequencia="1" inid="Cr">
          <nome>GABRIEL VIEIRA RODRIGUES</nome>
        </criador>
        <criador sequencia="2" inid="Cr">
          <nome>MARCO AURÉLIO DE CARVALHO</nome>
        </criador>
      </criadorLista>
    </processo-programa>
  </despacho>
  <despacho>
    <codigo>730</codigo>
    <titulo>Expedição do Certificado de Registro</titulo>
    <processo-programa>
      <numero inid="Np">BR 51 2019 000460-4</numero>
      <titulo inid="54">Rade APP</titulo>
      <dataCriacao inid="Dl">15/07/2018</dataCriacao>
      <campoAplicacaoLista>
        <campoAplicacao>
          <codigo inid="Cp">AD-07</codigo>
        </campoAplicacao>
        <campoAplicacao>
          <codigo inid="Cp">AD-10</codigo>
        </campoAplicacao>
        <campoAplicacao>
          <codigo inid="Cp">ED-03</codigo>
        </campoAplicacao>
        <campoAplicacao>
          <codigo inid="Cp">ED-04</codigo>
        </campoAplicacao>
        <campoAplicacao>
          <codigo inid="Cp">ED-05</codigo>
        </campoAplicacao>
        <campoAplicacao>
          <codigo inid="Cp">SD-02</codigo>
        </campoAplicacao>
      </campoAplicacaoLista>
      <linguagemLista>
        <linguagem inid="Lg">RUBY</linguagem>
      </linguagemLista>
      <tipoProgramaLista>
        <tipoPrograma>
          <codigo inid="Tp">AP-01</codigo>
        </tipoPrograma>
        <tipoPrograma>
          <codigo inid="Tp">AP-02</codigo>
        </tipoPrograma>
        <tipoPrograma>
          <codigo inid="Tp">AP-03</codigo>
        </tipoPrograma>
        <tipoPrograma>
          <codigo inid="Tp">AP-04</codigo>
        </tipoPrograma>
        <tipoPrograma>
          <codigo inid="Tp">AT-01</codigo>
        </tipoPrograma>
        <tipoPrograma>
          <codigo inid="Tp">AV-01</codigo>
        </tipoPrograma>
        <tipoPrograma>
          <codigo inid="Tp">CD-01</codigo>
        </tipoPrograma>
        <tipoPrograma>
          <codigo inid="Tp">CT-02</codigo>
        </tipoPrograma>
        <tipoPrograma>
          <codigo inid="Tp">ET-01</codigo>
        </tipoPrograma>
        <tipoPrograma>
          <codigo inid="Tp">GI-01</codigo>
        </tipoPrograma>
        <tipoPrograma>
          <codigo inid="Tp">GI-02</codigo>
        </tipoPrograma>
        <tipoPrograma>
          <codigo inid="Tp">GI-04</codigo>
        </tipoPrograma>
        <tipoPrograma>
          <codigo inid="Tp">GI-06</codigo>
        </tipoPrograma>
        <tipoPrograma>
          <codigo inid="Tp">PD-02</codigo>
        </tipoPrograma>
        <tipoPrograma>
          <codigo inid="Tp">PD-03</codigo>
        </tipoPrograma>
        <tipoPrograma>
          <codigo inid="Tp">UT-06</codigo>
        </tipoPrograma>
      </tipoProgramaLista>
      <titularLista>
        <titular sequencia="1" inid="73">
          <nome>FRANCISCO DE ASSIS DA SILVA SANTOS</nome>
        </titular>
      </titularLista>
      <criadorLista>
        <criador sequencia="1" inid="Cr">
          <nome>FRANCISCO DE ASSIS DA SILVA SANTOS</nome>
        </criador>
      </criadorLista>
    </processo-programa>
  </despacho>
  <despacho>
    <codigo>734</codigo>
    <titulo>Transferência de Titularidade</titulo>
    <processo-programa>
      <numero inid="Np">BR 51 2016 000955-1</numero>
      <titulo inid="54">EZ EMS - EXECUTION MANAGEMENT SYSTEM</titulo>
      <titularLista>
        <titular sequencia="1" inid="73">
          <nome>JC BRANCO HOLDING LTDA</nome>
        </titular>
        <titular sequencia="2" inid="73">
          <nome>UOL DIVEO BROKER S.A.</nome>
        </titular>
        <titular sequencia="3" inid="73">
          <nome>UOL DIVEO TECNOLOGIA LTDA</nome>
        </titular>
      </titularLista>
    </processo-programa>
  </despacho>
  <despacho>
    <codigo>742</codigo>
    <titulo>Petição não conhecida</titulo>
    <processo-programa>
      <numero inid="Np">BR 51 2019 000364-0</numero>
      <titulo inid="54">Úlcera-app</titulo>
      <titularLista>
        <titular sequencia="1" inid="73">
          <nome>FUNDACAO DE ENSINO SUPERIOR DO VALE DO SAPUCAI</nome>
        </titular>
      </titularLista>
    </processo-programa>
    <comentario inid="co">Pagamento da GRU fora do prazo ou não realizado referente ao protocolo 870190020531</comentario>
  </despacho>
  <despacho>
    <codigo>747</codigo>
    <titulo>Correção de dados no Certificado de Registro devido à falha do interessado</titulo>
    <processo-programa>
      <numero inid="Np">BR 51 2019 000282-2</numero>
      <titulo inid="54">SISTEMA MULTIDOCUMENTOS</titulo>
      <titularLista>
        <titular sequencia="1" inid="73">
          <nome>INSTITUTO OMNI VERITAS</nome>
        </titular>
      </titularLista>
    </processo-programa>
    <comentario inid="co">Alteração realizada conforme solicitação via Fale Conosco 684231.</comentario>
  </despacho>
</revista>